#
#Feature symbol names
#
$0 edit.bl.aperture.d51
$1 edit.bl.aperture.d52
$2 edit.bl.aperture.d53
$3 edit.bl.aperture.d54
$4 oval102.953x63.5827
$5 oval68.7008x80.5118
$6 oval80.5118x68.7008
$7 oval77.3622x67.5197
$8 rect68.7008x80.5118
$9 rect80.5118x68.7008
$10 s67.5197
$11 r8.46457
$12 r79.3307
$13 r118.701
$14 r95.0787
$15 r63.5827
$16 r221.063
$17 r67.5197
$18 r24.2126
$19 r20.2756
$20 r29.5276
$21 r61.0236
$22 r15.748
$23 r61.1024


#
#Feature attribute names
#
@0 .bit
@1 .drill
@2 .silver_neckfill

#
#Feature attribute text strings
#
&0 2.3622

#
#Layer features
#
L 0.660415 0.197773 0.660415 0.171526 11 P 0
L 0.669789 0.212771 0.679162 0.184649 11 P 0
L 0.679162 0.184649 0.65479 0.184649 11 P 0
P 4.9555 3.89541 1 P 0 0
P 4.9555 3.79541 4 P 0 0
P 4.9555 3.69541 4 P 0 0
P 4.9555 3.59541 4 P 0 0
P 4.9555 3.49541 4 P 0 0
P 4.9555 3.39541 4 P 0 0
P 4.9555 3.29541 4 P 0 0
P 4.9555 3.19541 4 P 0 0
P 4.9555 3.09541 4 P 0 0
P 4.9555 2.99541 4 P 0 0
P 4.9555 2.89541 4 P 0 0
P 4.9555 2.79541 4 P 0 0
P 4.9555 2.69541 4 P 0 0
P 4.9555 2.59541 4 P 0 0
P 4.9555 2.49541 4 P 0 0
P 4.9555 2.39541 4 P 0 0
P 5.73187 2.39541 4 P 0 0
P 5.73187 2.49541 4 P 0 0
P 5.73187 2.59541 4 P 0 0
P 5.73187 2.69541 4 P 0 0
P 5.73187 2.79541 4 P 0 0
P 5.73187 2.89541 4 P 0 0
P 5.73187 2.99541 4 P 0 0
P 5.73187 3.09541 4 P 0 0
P 5.73187 3.19541 4 P 0 0
P 5.73187 3.29541 4 P 0 0
P 5.73187 3.39541 4 P 0 0
P 5.73187 3.49541 4 P 0 0
P 7.03869 2.39841 12 P 0 0
P 4.60473 3.60236 12 P 0 0
P 4.35276 1.07874 12 P 0 0
P 2.38425 3.57874 12 P 0 0
P 7.95512 0.448818 12 P 0 0
P 0.179528 0.429133 12 P 0 0
P 0.415748 4.03149 12 P 0 0
P 7.69921 4.03149 12 P 0 0
P 4.67165 3.95669 13 P 0 0
P 3.97874 2.85039 13 P 0 0
P 4.60473 1.80709 13 P 0 0
P 3.8685 2.35914 14 P 0 0
P 3.8685 2.06387 0 P 0 0
P 3.86063 1.29527 14 P 0 0
P 3.86063 1.59055 0 P 0 0
P 3.1126 2.35827 14 P 0 0
P 3.1126 2.06299 0 P 0 0
P 5.04331 0.192912 8 P 0 0
P 4.94331 0.192912 5 P 0 0
P 4.84331 0.192912 5 P 0 0
P 4.74331 0.192912 5 P 0 0
P 5.63386 0.192912 8 P 0 0
P 5.53386 0.192912 5 P 0 0
P 5.43386 0.192912 5 P 0 0
P 5.33386 0.192912 5 P 0 0
P 6.22441 0.192912 8 P 0 0
P 6.12441 0.192912 5 P 0 0
P 6.02441 0.192912 5 P 0 0
P 5.92441 0.192912 5 P 0 0
P 6.81496 0.192912 8 P 0 0
P 6.71496 0.192912 5 P 0 0
P 6.61496 0.192912 5 P 0 0
P 6.51496 0.192912 5 P 0 0
P 7.40551 0.192912 8 P 0 0
P 7.30551 0.192912 5 P 0 0
P 7.20551 0.192912 5 P 0 0
P 7.10551 0.192912 5 P 0 0
P 7.93543 1.31653 9 P 0 0
P 7.93543 1.21653 6 P 0 0
P 7.93543 1.11653 6 P 0 0
P 7.93543 1.01653 6 P 0 0
P 7.93543 1.8874 9 P 0 0
P 7.93543 1.7874 6 P 0 0
P 7.93543 1.6874 6 P 0 0
P 7.93543 1.5874 6 P 0 0
P 7.93543 2.45827 9 P 0 0
P 7.93543 2.35827 6 P 0 0
P 7.93543 2.25827 6 P 0 0
P 7.93543 2.15827 6 P 0 0
P 7.93543 3.02913 9 P 0 0
P 7.93543 2.92913 6 P 0 0
P 7.93543 2.82913 6 P 0 0
P 7.93543 2.72913 6 P 0 0
P 7.93543 3.6 9 P 0 0
P 7.93543 3.5 6 P 0 0
P 7.93543 3.4 6 P 0 0
P 7.93543 3.3 6 P 0 0
P 0.258268 3.44094 2 P 0 0
P 0.258268 3.34252 7 P 0 0
P 0.258268 3.24409 7 P 0 0
P 0.266142 2.14567 2 P 0 0
P 0.266142 2.04724 7 P 0 0
P 0.266142 1.94882 7 P 0 0
P 0.266142 1.85039 7 P 0 0
P 0.266142 1.75197 7 P 0 0
P 0.266142 1.65354 7 P 0 0
P 0.266142 1.55512 7 P 0 0
P 0.266142 1.45669 7 P 0 0
P 1.18346 1.99783 3 P 0 0
P 1.18346 2.07657 15 P 0 0
P 7.95512 0.181101 16 P 0 0
P 3.11654 1.59055 0 P 0 0
P 3.11654 1.29527 14 P 0 0
P 5.74369 3.49541 10 P 0 0
P 5.74369 3.39541 17 P 0 0
P 5.74369 3.29541 17 P 0 0
P 5.74369 3.19541 17 P 0 0
P 5.74369 3.09541 17 P 0 0
P 5.74369 2.99541 17 P 0 0
P 5.74369 2.89541 17 P 0 0
P 5.74369 2.79541 17 P 0 0
P 5.74369 2.69541 17 P 0 0
P 5.74369 2.59541 17 P 0 0
P 5.74369 2.49541 17 P 0 0
P 5.74369 2.39541 17 P 0 0
P 7.9748 4.07086 16 P 0 0
P 1.26614 1.75197 3 P 0 0
P 1.26614 1.67323 15 P 0 0
P 0.182646 0.173227 16 P 0 0
P 1.02992 1.75197 3 P 0 0
P 1.02992 1.67323 15 P 0 0
P 0.947245 1.99783 3 P 0 0
P 0.947245 2.07657 15 P 0 0
P 0.182646 4.07086 16 P 0 0
P 4.94331 3.89541 10 P 0 0
P 4.94331 3.79541 17 P 0 0
P 4.94331 3.69541 17 P 0 0
P 4.94331 3.59541 17 P 0 0
P 4.94331 3.49541 17 P 0 0
P 4.94331 3.39541 17 P 0 0
P 4.94331 3.29541 17 P 0 0
P 4.94331 3.19541 17 P 0 0
P 4.94331 3.09541 17 P 0 0
P 4.94331 2.99541 17 P 0 0
P 4.94331 2.89541 17 P 0 0
P 4.94331 2.79541 17 P 0 0
P 4.94331 2.69541 17 P 0 0
P 4.94331 2.59541 17 P 0 0
P 4.94331 2.49541 17 P 0 0
P 4.94331 2.39541 17 P 0 0
P 7.92359 4.14571 20 P 0 0
P 8.02599 4.00391 20 P 0 0
P 7.92759 3.99611 20 P 0 0
P 8.01419 4.14961 20 P 0 0
P 8.06539 4.07481 20 P 0 0
P 7.88819 4.07481 20 P 0 0
P 7.90399 0.252008 20 P 0 0
P 8.00629 0.110208 20 P 0 0
P 7.90789 0.102408 20 P 0 0
P 7.99449 0.255908 20 P 0 0
P 8.04569 0.181108 20 P 0 0
P 7.86849 0.181108 20 P 0 0
P 0.132286 0.244108 20 P 0 0
P 0.234686 0.102408 20 P 0 0
P 0.136186 0.094508 20 P 0 0
P 0.222786 0.248008 20 P 0 0
P 0.273986 0.173208 20 P 0 0
P 0.096886 0.173208 20 P 0 0
P 0.238586 4.00001 20 P 0 0
P 0.140186 3.99211 20 P 0 0
P 0.226786 4.14571 20 P 0 0
P 0.136186 4.14171 20 P 0 0
P 0.277986 4.07091 20 P 0 0
P 0.100786 4.07091 20 P 0 0
P 7.73858 3.91338 18 P 0 0
P 7.5811 3.91338 18 P 0 0
P 7.30551 3.91338 18 P 0 0
P 6.99055 3.79527 18 P 0 0
P 6.04567 2.22047 18 P 0 0
P 6.04567 2.5748 18 P 0 0
P 6.04567 2.77165 18 P 0 0
P 6.04567 2.92913 18 P 0 0
P 6.04567 3.04724 18 P 0 0
P 6.04567 3.20472 18 P 0 0
P 6.04567 3.3622 18 P 0 0
P 6.51811 3.79527 18 P 0 0
P 6.04567 3.79527 18 P 0 0
P 6.04567 3.51968 18 P 0 0
P 6.04567 2.10236 18 P 0 0
P 6.04567 1.96457 18 P 0 0
P 5.77008 1.96457 18 P 0 0
P 5.92756 1.96457 18 P 0 0
P 5.6126 1.96457 18 P 0 0
P 4.72677 1.96457 18 P 0 0
P 4.88425 1.96457 18 P 0 0
P 0.632284 1.6496 18 P 0 0
P 0.455119 1.6496 18 P 0 0
P 4.94331 0.527558 18 P 0 0
P 5.53386 0.527558 18 P 0 0
P 6.12441 0.527558 18 P 0 0
P 6.71496 0.527558 18 P 0 0
P 4.65591 0.440944 18 P 0 0
P 7.64016 1.42126 18 P 0 0
P 6.93937 0.476377 18 P 0 0
P 6.16378 1.98425 18 P 0 0
P 5.45512 1.96457 18 P 0 0
P 5.23858 1.96457 18 P 0 0
P 5.04173 1.96457 18 P 0 0
P 4.92362 1.11811 18 P 0 0
P 3.5063 3.38189 18 P 0 0
P 3.42756 3.46063 18 P 0 0
P 3.34882 3.53937 18 P 0 0
P 3.27008 3.61811 18 P 0 0
P 3.19134 3.69685 18 P 0 0
P 3.07323 3.69685 18 P 0 0
P 2.95512 3.69685 18 P 0 0
P 2.75827 3.65748 18 P 0 0
P 2.85669 2.43701 18 P 0 0
P 2.69921 2.43701 18 P 0 0
P 2.40394 2.37795 18 P 0 0
P 3.68346 2.83071 18 P 0 0
P 2.40394 2.53543 18 P 0 0
P 2.40394 2.75197 18 P 0 0
P 2.28583 2.87008 18 P 0 0
P 2.16772 2.98819 18 P 0 0
P 2.04961 3.04724 18 P 0 0
P 1.89213 3.04724 18 P 0 0
P 1.73465 3.04724 18 P 0 0
P 1.57717 3.04724 18 P 0 0
P 1.45906 2.92913 18 P 0 0
P 1.36063 2.83071 18 P 0 0
P 1.28189 2.73228 18 P 0 0
P 1.28189 2.59449 18 P 0 0
P 1.28189 2.43701 18 P 0 0
P 1.28189 2.29921 18 P 0 0
P 1.28189 2.22047 18 P 0 0
P 3.56535 2.83071 18 P 0 0
P 3.48662 2.83071 18 P 0 0
P 3.40787 2.83071 18 P 0 0
P 3.32913 2.83071 18 P 0 0
P 3.25039 2.83071 18 P 0 0
P 3.17165 2.83071 18 P 0 0
P 2.60079 3.65748 18 P 0 0
P 2.60079 3.42126 18 P 0 0
P 2.60079 3.18504 18 P 0 0
P 2.60079 3.30315 18 P 0 0
P 2.60079 3.06693 18 P 0 0
P 3.03386 2.83071 18 P 0 0
P 2.95512 2.83071 18 P 0 0
P 2.83701 2.83071 18 P 0 0
P 2.7189 2.83071 18 P 0 0
P 2.60079 2.83071 18 P 0 0
P 2.60079 2.94882 18 P 0 0
P 2.83701 3.65748 18 P 0 0
P 3.23071 3.14567 18 P 0 0
P 3.23071 3.24409 18 P 0 0
P 3.23071 3.3622 18 P 0 0
P 3.23071 3.48031 18 P 0 0
P 3.1126 3.59842 18 P 0 0
P 2.9748 3.59842 18 P 0 0
P 3.44724 3.00787 18 P 0 0
P 3.60472 3.02756 18 P 0 0
P 4.92362 1.27559 18 P 0 0
P 4.92362 1.43307 18 P 0 0
P 4.92362 1.51181 18 P 0 0
P 4.92362 1.66929 18 P 0 0
P 4.76614 1.66929 18 P 0 0
P 4.62835 1.51181 18 P 0 0
P 4.58898 1.27559 18 P 0 0
P 4.49055 1.23622 18 P 0 0
P 3.15492 2.97342 18 P 0 0
P 0.218898 2.33858 18 P 0 0
P 0.651969 2.49606 18 P 0 0
P 0.691339 2.29921 18 P 0 0
P 0.888189 2.3189 18 P 0 0
P 1.18346 2.29921 18 P 0 0
P 1.14409 2.5748 18 P 0 0
P 0.740748 3.29921 18 P 0 0
P 0.750394 3.97244 18 P 0 0
P 4.52992 3.77559 18 P 0 0
P 4.39213 3.42126 18 P 0 0
P 4.54961 2.90945 18 P 0 0
P 4.84488 2.55512 18 P 0 0
P 4.74646 2.43701 18 P 0 0
P 5.53386 2.59449 18 P 0 0
P 5.53386 2.49606 18 P 0 0
P 7.02992 2.08071 18 P 0 0
P 7.14803 1.35236 18 P 0 0
P 7.42362 1.25394 18 P 0 0
P 7.42362 1.8248 18 P 0 0
P 7.42362 2.39567 18 P 0 0
P 7.42362 2.96653 18 P 0 0
P 7.42362 3.5374 18 P 0 0
P 7.04961 3.24212 18 P 0 0
P 7.24646 2.67126 18 P 0 0
P 7.24646 2.10039 18 P 0 0
P 7.24646 1.52953 18 P 0 0
P 7.60079 1.8248 18 P 0 0
P 7.60079 2.39567 18 P 0 0
P 7.60079 2.96653 18 P 0 0
P 7.60079 3.5374 18 P 0 0
P 7.64016 3.08465 18 P 0 0
P 7.60079 2.47441 18 P 0 0
P 7.60079 1.90354 18 P 0 0
P 7.73858 3.1437 18 P 0 0
P 7.73858 2.57283 18 P 0 0
P 7.73858 1.98228 18 P 0 0
P 7.73858 1.4311 18 P 0 0
P 7.5811 1.33268 18 P 0 0
P 7.60079 1.25394 18 P 0 0
P 7.24646 0.95866 18 P 0 0
P 6.55748 0.803149 18 P 0 0
P 7.34488 0.527558 18 P 0 0
P 7.36457 0.704723 18 P 0 0
P 7.17165 0.858267 18 P 0 0
P 6.88819 0.570865 18 P 0 0
P 6.77402 0.704723 18 P 0 0
P 6.89213 0.527558 18 P 0 0
P 6.18346 0.704723 18 P 0 0
P 6.2622 0.507873 18 P 0 0
P 5.59291 0.704723 18 P 0 0
P 5.67165 0.507873 18 P 0 0
P 4.62835 0.921259 18 P 0 0
P 4.62835 0.685038 18 P 0 0
P 5.00236 0.704723 18 P 0 0
P 5.10079 0.507873 18 P 0 0
P 5.98661 0.803149 18 P 0 0
P 5.37638 0.822834 18 P 0 0
P 4.96299 0.842519 18 P 0 0
P 4.56929 1.94488 18 P 0 0
P 4.60866 1.6811 18 P 0 0
P 4.45118 1.68897 18 P 0 0
P 4.2937 1.62992 18 P 0 0
P 4.2937 1.55118 18 P 0 0
P 4.25433 1.49212 18 P 0 0
P 4.25433 1.33464 18 P 0 0
P 4.25433 1.17716 18 P 0 0
P 3.84094 2.43701 18 P 0 0
P 4.11654 2.43701 18 P 0 0
P 3.28976 2.43701 18 P 0 0
P 3.99843 2.43701 18 P 0 0
P 3.68346 2.43701 18 P 0 0
P 3.54567 2.43701 18 P 0 0
P 3.44724 2.43701 18 P 0 0
P 3.13228 2.43701 18 P 0 0
P 2.9748 2.43701 18 P 0 0
P 3.93937 1.17716 18 P 0 0
P 4.09685 1.17716 18 P 0 0
P 3.86063 1.17716 18 P 0 0
P 3.70315 1.17716 18 P 0 0
P 3.54567 1.17716 18 P 0 0
P 3.38819 1.17716 18 P 0 0
P 2.99449 1.17716 18 P 0 0
P 0.86063 2.15748 18 P 0 0
P 0.978741 2.15748 18 P 0 0
P 1.09685 2.15748 18 P 0 0
P 1.21496 2.15748 18 P 0 0
P 1.28189 2.15748 18 P 0 0
P 1.59291 1.61417 18 P 0 0
P 1.5378 1.61417 18 P 0 0
P 1.38031 1.6496 18 P 0 0
P 1.38031 1.59055 18 P 0 0
P 1.32126 1.59055 18 P 0 0
P 1.08504 1.59055 18 P 0 0
P 1.47874 1.61417 18 P 0 0
P 1.41969 1.61417 18 P 0 0
P 0.96693 1.59055 18 P 0 0
P 1.20315 1.59055 18 P 0 0
P 2.6874 1.61811 18 P 0 0
P 2.58504 1.61811 18 P 0 0
P 2.49055 1.61811 18 P 0 0
P 2.38031 1.61811 18 P 0 0
P 2.2937 1.61811 18 P 0 0
P 2.21071 1.61863 18 P 0 0
P 2.10472 1.61811 18 P 0 0
P 1.68976 1.3914 18 P 0 0
P 1.36063 1.00394 18 P 0 0
P 1.33898 1.08268 18 P 0 0
P 1.33898 1.14567 18 P 0 0
P 1.33504 1.20866 18 P 0 0
P 1.33504 1.27165 18 P 0 0
P 1.33701 1.33464 18 P 0 0
P 4.4 2.29921 18 P 0 0
P 4.84488 3.55905 18 P 0 0
P 4.84488 3.63779 18 P 0 0
P 4.84488 3.59449 18 P 0 0
P 7.30551 0.527558 18 P 0 0
P 1.15 2.30905 18 P 0 0
P 0.435434 2.0315 18 P 0 0
P 7.64016 1.9685 18 P 0 0
P 7.64016 2.55118 18 P 0 0
P 7.64016 3.12401 18 P 0 0
P 7.59882 1.21457 18 P 0 0
P 7.59882 1.78937 18 P 0 0
P 7.59882 2.3563 18 P 0 0
P 7.59783 2.92716 18 P 0 0
P 7.59882 3.5 18 P 0 0
P 7.04958 3.30311 20 P 0 0
P 4.39213 3.45275 18 P 0 0
P 3.5063 2.45669 18 P 0 0
P 2.6126 2.18504 18 P 0 0
P 2.56535 2.18504 18 P 0 0
P 2.51811 2.18504 18 P 0 0
P 2.4748 2.18504 18 P 0 0
P 4.4129 1.77559 18 P 0 0
P 4.36959 1.85433 18 P 0 0
P 4.45621 1.77559 18 P 0 0
P 4.4129 1.85433 18 P 0 0
P 4.36959 1.81496 18 P 0 0
P 4.45621 1.85433 18 P 0 0
P 4.49951 1.77559 18 P 0 0
P 4.45621 1.81496 18 P 0 0
P 4.49951 1.81496 18 P 0 0
P 4.4129 1.81496 18 P 0 0
P 4.49951 1.85433 18 P 0 0
P 4.36959 1.77559 18 P 0 0
P 4.45997 2.29921 18 P 0 0
P 4.45997 2.25984 18 P 0 0
P 4.40092 2.25984 18 P 0 0
P 1.9541 1.2018 18 P 0 0
P 2.42657 2.08268 18 P 0 0
P 6.06321 0.562991 18 P 0 0
P 5.46594 0.547243 18 P 0 0
P 5.15984 0.606298 18 P 0 0
P 7.24432 0.562991 18 P 0 0
P 7.30551 0.704723 18 P 0 0
P 4.86457 0.562991 18 P 0 0
P 5.53386 0.704723 18 P 0 0
P 6.12441 0.704723 18 P 0 0
P 6.65377 0.562991 18 P 0 0
P 4.94331 0.704723 18 P 0 0
P 6.71496 0.704723 18 P 0 0
P 6.93937 0.618109 18 P 0 0
P 4.72679 0.803108 20 P 0 0
P 4.94331 0.803149 18 P 0 0
P 6.49839 0.803108 20 P 0 0
P 5.31729 0.822808 20 P 0 0
P 4.58504 0.606298 18 P 0 0
P 6.30157 0.547243 18 P 0 0
P 5.12835 0.547243 18 P 0 0
P 4.65591 0.889763 18 P 0 0
P 5.92759 0.803108 20 P 0 0
P 5.71102 0.547243 18 P 0 0
P 7.10869 0.862208 20 P 0 0
P 1.99055 1.57086 18 P 0 0
P 1.9315 1.57086 18 P 0 0
P 1.87244 1.57086 18 P 0 0
P 1.75433 1.57086 18 P 0 0
P 1.69528 1.57086 18 P 0 0
P 1.99055 1.62992 18 P 0 0
P 1.9315 1.62992 18 P 0 0
P 1.87244 1.62992 18 P 0 0
P 1.81339 1.62992 18 P 0 0
P 1.69528 1.62992 18 P 0 0
P 2.33701 2.07086 18 P 0 0
P 2.34095 1.49212 18 P 0 0
P 2.02599 1.06691 20 P 0 0
P 2.17953 1.37598 18 P 0 0
P 2.1441 1.02756 18 P 0 0
P 2.17949 1.18901 20 P 0 0
P 2.17949 1.55901 20 P 0 0
P 1.78976 1.13779 18 P 0 0
P 1.78976 1.08661 18 P 0 0
P 1.84488 1.08661 18 P 0 0
P 1.84488 1.13779 18 P 0 0
P 1.84488 1.18504 18 P 0 0
P 1.78976 1.18504 18 P 0 0
P 2.05749 1.57871 20 P 0 0
P 1.84685 1.85433 18 P 0 0
P 2.01052 1.42098 18 P 0 0
P 2.32028 2.12598 18 P 0 0
P 1.80354 0.956692 18 P 0 0
P 1.62047 1.69291 18 P 0 0
P 1.42756 2.19291 18 P 0 0
P 1.87249 1.37011 20 P 0 0
P 1.46693 2.13423 18 P 0 0
P 2.12049 1.28351 20 P 0 0
P 2.06339 0.783464 18 P 0 0
P 1.79369 1.37011 20 P 0 0
P 7.56535 3.4406 18 P 0 0
P 1.78579 0.704708 20 P 0 0
P 2.10866 1.15748 18 P 0 0
P 7.50699 0.846456 18 P 0 0
P 4.8252 3.3248 18 P 0 0
P 0.632286 2.98821 20 P 0 0
P 4.21496 3.44291 18 P 0 0
P 4.11063 3.21063 18 P 0 0
P 1.04567 2.41732 18 P 0 0
P 1.96439 1.15452 18 P 0 0
P 7.56535 1.15534 18 P 0 0
P 4.5063 1.62598 18 P 0 0
P 0.642323 3.24409 18 P 0 0
P 7.56535 1.72621 18 P 0 0
P 7.56535 2.86794 18 P 0 0
P 2.1126 1.22047 18 P 0 0
P 2.59685 0.921259 18 P 0 0
P 0.750394 2.49606 18 P 0 0
P 1.69724 1.08268 18 P 0 0
P 7.53952 3.14862 18 P 0 0
P 4.47087 2.77559 18 P 0 0
P 4.76614 2.69291 18 P 0 0
P 0.435434 2.06693 18 P 0 0
P 7.56535 2.29707 18 P 0 0
P 4.4315 1.32086 18 P 0 0
P 7.42362 1.7874 18 P 0 0
P 7.42362 1.21653 18 P 0 0
P 7.42362 3.5 18 P 0 0
P 7.42362 2.92913 18 P 0 0
P 7.42362 2.35827 18 P 0 0
P 2.02599 0.984208 20 P 0 0
P 7.24649 1.01971 20 P 0 0
P 5.49449 2.59646 18 P 0 0
P 5.49449 2.49803 18 P 0 0
P 4.78583 2.43901 18 P 0 0
P 0.651986 2.43701 20 P 0 0
P 4.5063 1.27165 18 P 0 0
P 7.02598 2.04331 18 P 0 0
P 7.50236 1.9685 18 P 0 0
P 4.58898 2.91142 18 P 0 0
P 7.51417 3.12992 18 P 0 0
P 0.92756 2.35827 18 P 0 0
P 4.58504 1.52362 18 P 0 0
P 7.50236 1.42126 18 P 0 0
P 4.46693 1.3189 18 P 0 0
P 7.50236 2.55118 18 P 0 0
P 4.54961 3.81693 18 P 0 0
P 0.671686 3.34251 20 P 0 0
P 7.24649 2.73231 20 P 0 0
P 7.24649 1.59051 20 P 0 0
P 0.24252 2.30709 18 P 0 0
P 7.52205 1.33464 18 P 0 0
P 4.84488 2.59449 18 P 0 0
P 7.54567 2.48425 18 P 0 0
P 4.58504 1.31102 18 P 0 0
P 7.1874 1.33464 18 P 0 0
P 6.20315 1.98425 18 P 0 0
P 7.54173 1.91338 18 P 0 0
P 0.651986 2.33861 20 P 0 0
P 7.59291 3.09741 18 P 0 0
P 1.08509 2.59451 20 P 0 0
P 7.24649 2.16141 20 P 0 0
P 0.730686 3.53941 20 P 0 0
P 2.79958 1.71282 18 P 0 0
P 1.74843 0.93307 18 P 0 0
P 2.83996 2.9065 18 P 0 0
P 3.28878 3.07185 18 P 0 0
P 2.78878 2.9065 18 P 0 0
P 2.67854 2.9065 18 P 0 0
P 3.19429 2.97342 18 P 0 0
P 2.72972 2.9065 18 P 0 0
P 1.86849 0.704708 20 P 0 0
P 1.64409 1.75197 18 P 0 0
P 3.62441 2.83071 18 P 0 0
P 3.5063 2.65354 18 P 0 0
P 2.84099 0.803108 20 P 0 0
P 3.42264 2.97244 18 P 0 0
P 3.53779 2.97241 20 P 0 0
P 2.76811 1.71161 18 P 0 0
P 2.14803 2.12598 18 P 0 0
P 2.0378 1.80709 18 P 0 0
P 2.60079 3.53937 18 P 0 0
P 3.23071 1.17716 18 P 0 0
L 3.42362 2.97244 3.5378 2.97244 11 P 0
L 2.01052 1.42098 2.01839 1.42098 11 P 0
L 2.01839 1.42098 2.12047 1.3189 11 P 0
L 2.12047 1.3189 2.12047 1.28346 11 P 0
L 2.05748 1.57874 2.05748 1.64567 18 P 0
L 2.05748 1.64567 1.84882 1.85433 18 P 0
L 4.94331 0.192912 4.94331 0.527558 18 P 0
L 5.53386 0.192912 5.53386 0.527558 18 P 0
L 6.12441 0.192912 6.12441 0.527558 18 P 0
L 6.71496 0.192912 6.71496 0.527558 18 P 0
L 7.30551 0.192912 7.30551 0.527558 18 P 0
L 4.94173 3.79724 4.94331 3.79567 11 P 0
L 4.66772 3.79724 4.94173 3.79724 11 P 0
L 4.53189 3.93307 4.66772 3.79724 11 P 0
L 0.730709 3.53937 1.12441 3.93307 11 P 0
L 1.12441 3.93307 4.53189 3.93307 11 P 0
L 4.54862 3.81693 4.54961 3.81693 11 P 0
L 0.730709 3.34252 1.28189 3.8937 11 P 0
L 4.47185 3.8937 4.54862 3.81693 11 P 0
L 0.671654 3.34252 0.730709 3.34252 11 P 0
L 1.28189 3.8937 4.47185 3.8937 11 P 0
L 7.96535 1.6874 7.93543 1.6874 11 P 0
L 8.1126 1.83464 7.96535 1.6874 11 P 0
L 8.1126 3.73622 8.1126 1.83464 11 P 0
L 7.99449 3.85433 8.1126 3.73622 11 P 0
L 5.2189 3.3248 5.65197 3.75787 11 P 0
L 5.65197 3.75787 7.18937 3.75787 11 P 0
L 5.02205 2.79331 5.2189 2.99016 11 P 0
L 5.2189 2.99016 5.2189 3.3248 11 P 0
L 4.94567 2.79331 5.02205 2.79331 11 P 0
L 7.28583 3.85433 7.99449 3.85433 11 P 0
L 7.18937 3.75787 7.28583 3.85433 11 P 0
L 4.94331 2.79567 4.94567 2.79331 11 P 0
L 7.96535 3.4 7.93543 3.4 11 P 0
L 8.01417 3.44882 7.96535 3.4 11 P 0
L 8.01417 3.65748 8.01417 3.44882 11 P 0
L 7.38228 3.6752 7.99646 3.6752 11 P 0
L 7.99646 3.6752 8.01417 3.65748 11 P 0
L 7.26811 3.56102 7.38228 3.6752 11 P 0
L 7.14803 3.56102 7.26811 3.56102 11 P 0
L 7.24843 3.62008 7.12835 3.62008 11 P 0
L 7.3626 3.73425 7.24843 3.62008 11 P 0
L 7.99646 3.73425 7.3626 3.73425 11 P 0
L 8.05398 3.41388 8.05354 3.41431 11 P 0
L 8.05398 3.38612 8.05398 3.41388 11 P 0
L 8.05354 3.38569 8.05398 3.38612 11 P 0
L 8.05354 3.41431 8.05354 3.67716 11 P 0
L 8.05354 3.67716 7.99646 3.73425 11 P 0
L 7.96535 2.82913 8.05354 2.91732 11 P 0
L 7.93543 2.82913 7.96535 2.82913 11 P 0
L 8.05354 2.91732 8.05354 3.38569 11 P 0
L 7.96535 2.25827 7.93543 2.25827 11 P 0
L 7.99646 3.79331 8.09291 3.69685 11 P 0
L 7.32323 3.79331 7.99646 3.79331 11 P 0
L 7.22874 3.69882 7.32323 3.79331 11 P 0
L 7.10866 3.69882 7.22874 3.69882 11 P 0
L 8.09291 3.69685 8.09291 2.38583 11 P 0
L 8.09291 2.38583 7.96535 2.25827 11 P 0
L 6.20315 1.98425 6.20315 1.0315 11 P 0
L 5.67165 3.69882 7.10866 3.69882 11 P 0
L 5.37638 3.40354 5.67165 3.69882 11 P 0
L 5.37638 2.69488 5.37638 3.40354 11 P 0
L 4.94331 2.69567 4.94409 2.69488 11 P 0
L 4.94409 2.69488 5.37638 2.69488 11 P 0
L 5.43465 2.59567 4.94331 2.59567 11 P 0
L 5.43543 2.59646 5.43465 2.59567 11 P 0
L 5.43543 3.40354 5.43543 2.59646 11 P 0
L 5.65197 3.62008 5.43543 3.40354 11 P 0
L 7.12835 3.62008 5.65197 3.62008 11 P 0
L 5.67165 3.56102 7.14803 3.56102 11 P 0
L 5.49449 3.38386 5.67165 3.56102 11 P 0
L 5.49449 2.59646 5.49449 3.38386 11 P 0
L 4.65591 0.440944 4.6126 0.440944 19 P 0
L 7.52008 3.12401 7.51417 3.12992 11 P 0
L 7.64016 3.12401 7.52008 3.12401 11 P 0
L 7.64016 1.42126 7.50236 1.42126 11 P 0
L 7.64016 1.9685 7.50236 1.9685 11 P 0
L 7.64016 2.55118 7.50236 2.55118 11 P 0
L 6.93937 0.618109 6.93937 0.476377 11 P 0
L 4.6874 0.921259 4.65591 0.889763 11 P 0
L 6.87244 0.763779 6.71496 0.921259 11 P 0
L 6.87244 0.586613 6.87244 0.763779 11 P 0
L 6.88819 0.570865 6.87244 0.586613 11 P 0
L 6.71496 0.921259 4.6874 0.921259 11 P 0
L 4.52992 2.49606 4.63031 2.39567 11 P 0
L 2.69657 2.49606 4.52992 2.49606 11 P 0
L 2.08634 3.1063 2.69657 2.49606 11 P 0
L 1.42953 3.1063 2.08634 3.1063 11 P 0
L 1.08504 2.76181 1.42953 3.1063 11 P 0
L 4.63031 2.39567 4.94331 2.39567 11 P 0
L 1.08504 2.59449 1.08504 2.76181 11 P 0
L 2.95512 0.803149 2.84095 0.803149 11 P 0
L 3.5063 2.45669 3.5063 1.35433 11 P 0
L 3.5063 1.35433 2.95512 0.803149 11 P 0
L 3.62441 2.77165 3.62441 2.83071 11 P 0
L 3.5063 2.65354 3.62441 2.77165 11 P 0
L 2.75827 2.53543 4.68941 2.53543 11 P 0
L 2.12835 3.16535 2.75827 2.53543 11 P 0
L 4.68941 2.53543 4.78583 2.43901 11 P 0
L 1.38031 3.16535 2.12835 3.16535 11 P 0
L 0.651969 2.43701 1.38031 3.16535 11 P 0
L 5.70158 2.5374 5.74331 2.49567 11 P 0
L 4.99437 2.5374 5.70158 2.5374 11 P 0
L 4.86201 2.59449 4.91748 2.53902 11 P 0
L 2.77795 2.59449 4.86201 2.59449 11 P 0
L 4.99276 2.53902 4.99437 2.5374 11 P 0
L 0.573229 2.47638 1.32126 3.22441 11 P 0
L 1.32126 3.22441 2.14803 3.22441 11 P 0
L 2.14803 3.22441 2.77795 2.59449 11 P 0
L 0.573229 2.33858 0.573229 2.47638 11 P 0
L 4.91748 2.53902 4.99276 2.53902 11 P 0
L 5.71102 0.921259 5.71102 0.547243 11 P 0
L 5.12835 0.921259 5.12835 0.547243 11 P 0
L 6.30157 0.921259 6.30157 0.547243 11 P 0
L 6.20315 1.0315 6.20315 0.921259 11 P 0
L 4.4315 3.45275 4.39213 3.45275 11 P 0
L 4.58898 3.29527 4.4315 3.45275 11 P 0
L 4.58898 2.91142 4.58898 3.29527 11 P 0
L 2.34095 1.49212 2.02598 1.49212 18 P 0
L 2.02598 1.49212 1.9537 1.41984 18 P 0
L 1.9537 1.2022 1.9537 1.41984 18 P 0
L 2.1441 1.01575 2.1441 1.02756 11 P 0
L 2.06535 0.937007 2.1441 1.01575 11 P 0
L 2.06339 0.937007 2.06535 0.937007 11 P 0
L 2.06339 0.783464 2.06339 0.937007 11 P 0
L 1.96693 0.976377 2.0063 0.937007 11 P 0
L 1.96693 1.12205 1.96693 0.976377 11 P 0
L 2.00236 1.16535 2.00236 1.15748 11 P 0
L 2.12047 1.28346 2.00236 1.16535 11 P 0
L 2.00236 1.15748 1.96693 1.12205 11 P 0
L 2.0063 0.937007 2.06339 0.937007 11 P 0
L 4.5063 1.42913 4.5063 1.27165 11 P 0
L 4.54961 1.47244 4.5063 1.42913 11 P 0
L 5.4689 1.47244 4.54961 1.47244 11 P 0
L 5.74331 2.15945 5.74331 1.74685 11 P 0
L 5.74331 1.74685 5.4689 1.47244 11 P 0
L 4.66378 1.31102 4.94331 1.0315 11 P 0
L 4.58504 1.31102 4.66378 1.31102 11 P 0
L 4.56929 1.49212 4.49055 1.49212 11 P 0
L 4.58504 1.50787 4.56929 1.49212 11 P 0
L 4.49055 1.49212 4.46693 1.4685 11 P 0
L 4.46693 1.4685 4.46693 1.3189 11 P 0
L 4.58504 1.52362 4.58504 1.50787 11 P 0
L 4.58504 0.921259 4.46693 1.03937 11 P 0
L 4.46693 1.03937 4.46693 1.3189 11 P 0
L 1.02598 2.24016 0.92756 2.33858 19 P 0
L 0.92756 2.33858 0.92756 2.35827 19 P 0
L 1.0811 2.24016 1.02598 2.24016 19 P 0
L 1.15 2.30905 1.0811 2.24016 19 P 0
L 0.274016 2.33858 0.573229 2.33858 11 P 0
L 0.24252 2.30709 0.274016 2.33858 11 P 0
L 7.1874 1.33464 7.52205 1.33464 11 P 0
L 7.1874 1.91338 7.54173 1.91338 11 P 0
L 7.1874 2.48425 7.54567 2.48425 11 P 0
L 7.37441 3.09646 7.1874 2.90945 11 P 0
L 7.59196 3.09646 7.37441 3.09646 11 P 0
L 7.59291 3.09741 7.59196 3.09646 11 P 0
L 7.1874 2.90945 7.1874 1.33464 11 P 0
L 7.59882 1.78937 7.93543 1.78937 18 P 0
L 7.59882 2.3563 7.93543 2.3563 18 P 0
L 7.59783 2.92716 7.93445 2.92716 18 P 0
L 7.59882 3.5 7.93543 3.5 18 P 0
L 7.93228 3.30315 7.93543 3.3 11 P 0
L 7.04961 3.30315 7.93228 3.30315 11 P 0
L 1.72283 0.678457 1.72283 0.907479 11 P 0
L 2.79958 1.45796 1.97544 0.633818 11 P 0
L 1.72283 0.907479 1.74843 0.93307 11 P 0
L 2.79958 1.71282 2.79958 1.45796 11 P 0
L 1.97544 0.633818 1.76747 0.633818 11 P 0
L 1.76747 0.633818 1.72283 0.678457 11 P 0
L 2.76811 1.46457 2.76811 1.71161 11 P 0
L 2.11067 0.807125 2.76811 1.46457 11 P 0
L 2.11067 0.791377 2.11067 0.807125 11 P 0
L 1.9689 0.649605 2.11067 0.791377 11 P 0
L 1.73862 0.891771 1.73862 0.684997 11 P 0
L 1.75626 0.909408 1.73862 0.891771 11 P 0
L 1.77209 0.923269 1.75823 0.909408 11 P 0
L 1.75823 0.909408 1.75626 0.909408 11 P 0
L 1.73862 0.684997 1.77401 0.649605 11 P 0
L 1.77209 0.925235 1.77209 0.923269 11 P 0
L 1.77401 0.649605 1.9689 0.649605 11 P 0
L 1.80354 0.956692 1.77209 0.925235 11 P 0
L 2.32028 2.12598 2.14803 2.12598 18 P 0
L 6.51496 0.786613 6.49843 0.803149 11 P 0
L 6.51496 0.192912 6.51496 0.786613 11 P 0
L 4.72677 0.803149 4.72677 0.763779 11 P 0
L 4.94331 0.803149 4.72677 0.803149 11 P 0
L 4.72677 0.763779 4.74331 0.747243 11 P 0
L 4.74331 0.747243 4.74331 0.192912 11 P 0
L 5.33386 0.806298 5.31732 0.822834 11 P 0
L 5.33386 0.192912 5.33386 0.806298 11 P 0
L 4.58504 0.606298 4.58504 0.921259 11 P 0
L 4.58504 0.468503 4.58504 0.606298 19 P 0
L 5.92441 0.799999 5.92756 0.803149 11 P 0
L 5.92441 0.192912 5.92441 0.799999 11 P 0
L 4.6126 0.440944 4.58504 0.468503 19 P 0
L 7.10551 0.839369 7.10551 0.192912 11 P 0
L 7.10866 0.842519 7.10551 0.839369 11 P 0
L 7.10866 0.862204 7.10866 0.842519 11 P 0
L 1.64409 1.70275 1.64409 1.75197 11 P 0
L 1.64413 1.70271 1.64409 1.70275 11 P 0
L 1.64413 1.68311 1.64413 1.70271 11 P 0
L 1.64409 1.68307 1.64413 1.68311 11 P 0
L 1.75039 1.46721 1.64409 1.57351 11 P 0
L 1.75039 1.0748 1.75039 1.46721 11 P 0
L 1.83705 0.988149 1.75039 1.0748 11 P 0
L 1.83705 0.978977 1.83705 0.988149 11 P 0
L 1.84299 0.973032 1.83705 0.978977 11 P 0
L 1.84299 0.940352 1.84299 0.973032 11 P 0
L 1.64409 1.57351 1.64409 1.68307 11 P 0
L 1.86063 0.704723 1.83705 0.728306 11 P 0
L 1.83705 0.728306 1.83705 0.934407 11 P 0
L 1.8685 0.704723 1.86063 0.704723 11 P 0
L 1.83705 0.934407 1.84299 0.940352 11 P 0
L 1.62047 1.5748 1.62047 1.69291 11 P 0
L 1.73461 1.46067 1.62047 1.5748 11 P 0
L 1.73461 1.06826 1.73461 1.46067 11 P 0
L 1.8272 0.966493 1.82126 0.972438 11 P 0
L 1.8272 0.946891 1.8272 0.966493 11 P 0
L 1.82126 0.940946 1.8272 0.946891 11 P 0
L 1.82126 0.740157 1.82126 0.940946 11 P 0
L 1.82126 0.981609 1.73461 1.06826 11 P 0
L 1.78583 0.704723 1.82126 0.740157 11 P 0
L 1.82126 0.972438 1.82126 0.981609 11 P 0
L 2.41181 1.99606 2.33701 2.07086 18 P 0
L 2.41181 1.35433 2.41181 1.99606 18 P 0
L 2.02598 0.984251 2.04173 0.984251 18 P 0
L 2.04173 0.984251 2.41181 1.35433 18 P 0
L 1.79764 1.44488 1.87244 1.37008 18 P 0
L 1.79764 1.59055 1.79764 1.44488 18 P 0
L 1.45387 2.10269 1.45479 2.10269 18 P 0
L 1.7189 1.83858 1.7189 1.66929 18 P 0
L 1.7189 1.66929 1.79764 1.59055 18 P 0
L 1.42756 2.19291 1.42756 2.129 18 P 0
L 1.45479 2.10269 1.7189 1.83858 18 P 0
L 7.26929 1.01653 7.93543 1.01653 11 P 0
L 7.26614 1.01968 7.26929 1.01653 11 P 0
L 7.24646 1.01968 7.26614 1.01968 11 P 0
L 4.94331 2.49567 5.49213 2.49567 11 P 0
L 5.49213 2.49567 5.49449 2.49803 11 P 0
L 4.78583 2.43901 5.69996 2.43901 11 P 0
L 5.69996 2.43901 5.74331 2.39567 11 P 0
L 7.02598 2.04331 5.74724 2.04331 11 P 0
L 5.74331 2.39567 5.74331 2.15945 11 P 0
L 7.24646 2.73228 7.93228 2.73228 11 P 0
L 7.93228 2.73228 7.93543 2.72913 11 P 0
L 7.26929 1.5874 7.93543 1.5874 11 P 0
L 7.24646 1.59055 7.26614 1.59055 11 P 0
L 7.26614 1.59055 7.26929 1.5874 11 P 0
L 0.573229 2.33858 0.632284 2.33858 11 P 0
L 6.20315 1.98425 7.1874 1.98425 11 P 0
L 4.94331 1.0315 6.20315 1.0315 11 P 0
L 0.632284 2.33858 0.651969 2.33858 11 P 0
L 4.94331 2.39567 4.93937 2.3996 11 P 0
L 7.24646 2.16142 7.93228 2.16142 11 P 0
L 7.93228 2.16142 7.93543 2.15827 11 P 0
L 2.76811 1.71161 2.76811 1.71555 11 P 0
L 1.42756 2.129 1.45387 2.10269 18 P 0
L 7.59882 1.21457 7.93543 1.21457 18 P 0
L 2.0378 1.74016 2.0378 1.80709 18 P 0
L 2.17953 1.59842 2.0378 1.74016 18 P 0
L 2.17953 1.55905 2.17953 1.59842 18 P 0
S P 0
OB 4.7528600000 2.4190410000 I
OS 4.7527290000 2.4190150000
OS 4.6421750000 2.4190150000
OS 4.6417910000 2.4190910000
OS 4.6417070000 2.4191260000
OS 4.6414950000 2.4191680000
OS 4.6413300000 2.4192360000
OS 4.6411920000 2.4192770000
OS 4.6409650000 2.4193220000
OS 4.6407850000 2.4193970000
OS 4.6402860000 2.4195430000
OS 4.6400740000 2.4195850000
OS 4.6399070000 2.4196540000
OS 4.6398200000 2.4196800000
OS 4.6397120000 2.4197010000
OS 4.6393480000 2.4198520000
OS 4.6390260000 2.4200670000
OS 4.6389610000 2.4201310000
OS 4.6388730000 2.4202020000
OS 4.6386910000 2.4203240000
OS 4.6386560000 2.4203590000
OS 4.6386050000 2.4203930000
OS 4.5557870000 2.5032130000
OS 4.5555680000 2.5035400000
OS 4.5555340000 2.5036220000
OS 4.5554130000 2.5038040000
OS 4.5553450000 2.5039680000
OS 4.5549900000 2.5046170000
OS 4.5548710000 2.5047960000
OS 4.5548040000 2.5049570000
OS 4.5546680000 2.5052080000
OS 4.5546060000 2.5053000000
OS 4.5544550000 2.5056640000
OS 4.5543780000 2.5060500000
OS 4.5543780000 2.5064370000
OS 4.5543920000 2.5065110000
OS 4.5544160000 2.5068440000
OS 4.5544160000 2.5070840000
OS 4.5544430000 2.5072200000
OS 4.5544570000 2.5074100000
OS 4.5544570000 2.5076590000
OS 4.5544840000 2.5077960000
OS 4.5545040000 2.5080720000
OS 4.5545040000 2.5081970000
OS 4.5545800000 2.5085780000
OS 4.5547280000 2.5089360000
OS 4.5549430000 2.5092580000
OS 4.5549870000 2.5093040000
OS 4.5551900000 2.5095750000
OS 4.5553500000 2.5098150000
OS 4.5554270000 2.5098920000
OS 4.5555290000 2.5100280000
OS 4.5556930000 2.5102740000
OS 4.5557720000 2.5103530000
OS 4.5559240000 2.5105560000
OS 4.5560040000 2.5106750000
OS 4.5562790000 2.5109500000
OS 4.5566010000 2.5111650000
OS 4.5569690000 2.5113170000
OS 4.5570030000 2.5113240000
OS 4.5573490000 2.5114530000
OS 4.5576340000 2.5115710000
OS 4.5577030000 2.5115850000
OS 4.5583150000 2.5118130000
OS 4.5586000000 2.5119310000
OS 4.5586690000 2.5119450000
OS 4.5588170000 2.5120060000
OS 4.5592010000 2.5120830000
OS 4.5592430000 2.5120830000
OS 4.5592530000 2.5120850000
OS 4.6775460000 2.5120850000
OS 4.6779330000 2.5120080000
OS 4.6780170000 2.5119730000
OS 4.6782290000 2.5119310000
OS 4.6783940000 2.5118620000
OS 4.6785270000 2.5118230000
OS 4.6787600000 2.5117770000
OS 4.6789420000 2.5117020000
OS 4.6794370000 2.5115560000
OS 4.6796500000 2.5115140000
OS 4.6798150000 2.5114460000
OS 4.6799040000 2.5114190000
OS 4.6800120000 2.5113980000
OS 4.6803770000 2.5112470000
OS 4.6806990000 2.5110320000
OS 4.6807630000 2.5109680000
OS 4.6808580000 2.5108920000
OS 4.6810330000 2.5107750000
OS 4.6810710000 2.5107370000
OS 4.6811250000 2.5107010000
OS 4.7531460000 2.4386790000
OS 4.7533610000 2.4383570000
OS 4.7533950000 2.4382740000
OS 4.7535170000 2.4380910000
OS 4.7535850000 2.4379280000
OS 4.7538290000 2.4375610000
OS 4.7539110000 2.4373630000
OS 4.7540500000 2.4371550000
OS 4.7541900000 2.4368180000
OS 4.7543090000 2.4366400000
OS 4.7543790000 2.4364700000
OS 4.7544400000 2.4363800000
OS 4.7545910000 2.4360160000
OS 4.7558050000 2.4299200000
OS 4.7558150000 2.4298890000
OS 4.7573350000 2.4262190000
OS 4.7574120000 2.4258320000
OS 4.7574120000 2.4257390000
OS 4.7574540000 2.4255270000
OS 4.7574540000 2.4253500000
OS 4.7575330000 2.4246160000
OS 4.7575750000 2.4244030000
OS 4.7575750000 2.4242200000
OS 4.7576060000 2.4239340000
OS 4.7576260000 2.4238340000
OS 4.7576270000 2.4234400000
OS 4.7575510000 2.4230590000
OS 4.7573980000 2.4226900000
OS 4.7573560000 2.4226270000
OS 4.7572080000 2.4223300000
OS 4.7571190000 2.4221150000
OS 4.7570430000 2.4220020000
OS 4.7569580000 2.4218320000
OS 4.7568630000 2.4216020000
OS 4.7567870000 2.4214880000
OS 4.7566640000 2.4212440000
OS 4.7566160000 2.4211280000
OS 4.7563970000 2.4207980000
OS 4.7561220000 2.4205230000
OS 4.7558000000 2.4203080000
OS 4.7557440000 2.4202840000
OS 4.7554390000 2.4201030000
OS 4.7552130000 2.4199520000
OS 4.7551180000 2.4199130000
OS 4.7546750000 2.4196500000
OS 4.7544450000 2.4194970000
OS 4.7543540000 2.4194590000
OS 4.7542750000 2.4194120000
OS 4.7541610000 2.4193360000
OS 4.7537970000 2.4191850000
OS 4.7534170000 2.4191100000
OS 4.7533420000 2.4191090000
OS 4.7531890000 2.4190900000
OS 4.7529440000 2.4190410000
OS 4.7528600000 2.4190410000
OE
SE
S P 0
OB 5.6779620000 2.4624380000 I
OS 5.6775750000 2.4623620000
OS 5.5144130000 2.4623620000
OS 5.5140290000 2.4624380000
OS 5.5139450000 2.4624730000
OS 5.5137340000 2.4625150000
OS 5.5135700000 2.4625830000
OS 5.5128610000 2.4627910000
OS 5.5126490000 2.4628330000
OS 5.5124820000 2.4629020000
OS 5.5122100000 2.4629820000
OS 5.5121050000 2.4630030000
OS 5.5117390000 2.4631540000
OS 5.5114170000 2.4633690000
OS 5.5111420000 2.4636440000
OS 5.5110980000 2.4637070000
OS 5.5108840000 2.4639540000
OS 5.5107080000 2.4641300000
OS 5.5106300000 2.4642470000
OS 5.5104980000 2.4643990000
OS 5.5103310000 2.4645660000
OS 5.5102570000 2.4646770000
OS 5.5100730000 2.4648890000
OS 5.5099890000 2.4649730000
OS 5.5097680000 2.4653030000
OS 5.5096190000 2.4656640000
OS 5.5095440000 2.4660420000
OS 5.5095430000 2.4660990000
OS 5.5094940000 2.4664440000
OS 5.5094390000 2.4667220000
OS 5.5094390000 2.4668220000
OS 5.5094120000 2.4670090000
OS 5.5093570000 2.4672890000
OS 5.5093570000 2.4673910000
OS 5.5093200000 2.4676480000
OS 5.5092920000 2.4677890000
OS 5.5092920000 2.4681760000
OS 5.5093680000 2.4685570000
OS 5.5095210000 2.4689280000
OS 5.5095400000 2.4689570000
OS 5.5096950000 2.4692960000
OS 5.5098120000 2.4695770000
OS 5.5098490000 2.4696330000
OS 5.5100510000 2.4700740000
OS 5.5101750000 2.4703720000
OS 5.5102130000 2.4704290000
OS 5.5102430000 2.4704950000
OS 5.5103050000 2.4706440000
OS 5.5105240000 2.4709710000
OS 5.5108030000 2.4712500000
OS 5.5108580000 2.4712870000
OS 5.5109750000 2.4713900000
OS 5.5111700000 2.4715850000
OS 5.5112390000 2.4716310000
OS 5.5113670000 2.4717590000
OS 5.5143920000 2.4737830000
OS 5.5187410000 2.4781320000
OS 5.5221560000 2.4832440000
OS 5.5245080000 2.4889280000
OS 5.5257080000 2.4949580000
OS 5.5257090000 2.5010820000
OS 5.5257070000 2.5011040000
OS 5.5244910000 2.5072230000
OS 5.5244910000 2.5076100000
OS 5.5245100000 2.5077050000
OS 5.5244270000 2.5084650000
OS 5.5243880000 2.5086640000
OS 5.5243880000 2.5088270000
OS 5.5243550000 2.5091270000
OS 5.5243340000 2.5092370000
OS 5.5243340000 2.5096240000
OS 5.5244100000 2.5100050000
OS 5.5245580000 2.5103630000
OS 5.5245960000 2.5104190000
OS 5.5247490000 2.5107260000
OS 5.5248430000 2.5109520000
OS 5.5249180000 2.5110640000
OS 5.5250050000 2.5112390000
OS 5.5250990000 2.5114650000
OS 5.5251750000 2.5115790000
OS 5.5252970000 2.5118240000
OS 5.5253470000 2.5119430000
OS 5.5255620000 2.5122650000
OS 5.5258370000 2.5125400000
OS 5.5261590000 2.5127550000
OS 5.5262150000 2.5127800000
OS 5.5265130000 2.5129580000
OS 5.5267490000 2.5131150000
OS 5.5268430000 2.5131540000
OS 5.5272740000 2.5134100000
OS 5.5275130000 2.5135700000
OS 5.5276080000 2.5136100000
OS 5.5276850000 2.5136550000
OS 5.5278030000 2.5137340000
OS 5.5281610000 2.5138820000
OS 5.5285420000 2.5139580000
OS 5.5286190000 2.5139590000
OS 5.5287860000 2.5139800000
OS 5.5290140000 2.5140250000
OS 5.5290880000 2.5140250000
OS 5.5292340000 2.5140540000
OS 5.6697990000 2.5140540000
OS 5.6701860000 2.5139770000
OS 5.6702700000 2.5139420000
OS 5.6704820000 2.5139000000
OS 5.6706470000 2.5138310000
OS 5.6711210000 2.5136920000
OS 5.6712850000 2.5136500000
OS 5.6715530000 2.5135970000
OS 5.6716520000 2.5135560000
OS 5.6719260000 2.5134860000
OS 5.6720720000 2.5134570000
OS 5.6724380000 2.5133060000
OS 5.6727600000 2.5130910000
OS 5.6730350000 2.5128160000
OS 5.6730800000 2.5127510000
OS 5.6733180000 2.5124760000
OS 5.6734940000 2.5123000000
OS 5.6735660000 2.5121920000
OS 5.6736640000 2.5120870000
OS 5.6738800000 2.5118710000
OS 5.6739190000 2.5118130000
OS 5.6741190000 2.5115980000
OS 5.6742240000 2.5114930000
OS 5.6744390000 2.5111710000
OS 5.6745870000 2.5108130000
OS 5.6746650000 2.5104210000
OS 5.6746650000 2.5103630000
OS 5.6747230000 2.5099640000
OS 5.6747730000 2.5097150000
OS 5.6747730000 2.5096270000
OS 5.6748580000 2.5091610000
OS 5.6749180000 2.5088580000
OS 5.6749180000 2.5088270000
OS 5.6749670000 2.5085730000
OS 5.6749670000 2.5081800000
OS 5.6748900000 2.5077930000
OS 5.6748600000 2.5077210000
OS 5.6748160000 2.5075590000
OS 5.6747640000 2.5072980000
OS 5.6747260000 2.5072050000
OS 5.6746940000 2.5070470000
OS 5.6746020000 2.5068230000
OS 5.6730950000 2.4992540000
OS 5.6730960000 2.4915570000
OS 5.6745960000 2.4840150000
OS 5.6746050000 2.4839880000
OS 5.6775440000 2.4768920000
OS 5.6818450000 2.4704530000
OS 5.6819930000 2.4700950000
OS 5.6820100000 2.4700100000
OS 5.6820960000 2.4698020000
OS 5.6821320000 2.4696220000
OS 5.6823520000 2.4689200000
OS 5.6824340000 2.4687220000
OS 5.6824690000 2.4685450000
OS 5.6825580000 2.4682630000
OS 5.6825940000 2.4681760000
OS 5.6826730000 2.4677860000
OS 5.6826730000 2.4673990000
OS 5.6825970000 2.4670180000
OS 5.6825680000 2.4669470000
OS 5.6824840000 2.4666390000
OS 5.6824340000 2.4663890000
OS 5.6823790000 2.4662560000
OS 5.6823310000 2.4660830000
OS 5.6822820000 2.4658360000
OS 5.6822260000 2.4657000000
OS 5.6821550000 2.4654440000
OS 5.6821310000 2.4653220000
OS 5.6819810000 2.4649570000
OS 5.6817660000 2.4646350000
OS 5.6814910000 2.4643600000
OS 5.6814400000 2.4643240000
OS 5.6811840000 2.4640940000
OS 5.6809850000 2.4638950000
OS 5.6808960000 2.4638360000
OS 5.6806680000 2.4636310000
OS 5.6804640000 2.4634270000
OS 5.6803740000 2.4633670000
OS 5.6802370000 2.4632440000
OS 5.6801340000 2.4631410000
OS 5.6798120000 2.4629260000
OS 5.6794470000 2.4627750000
OS 5.6792740000 2.4627410000
OS 5.6791300000 2.4627080000
OS 5.6790810000 2.4626880000
OS 5.6787680000 2.4626260000
OS 5.6783650000 2.4625350000
OS 5.6783180000 2.4625150000
OS 5.6779880000 2.4624490000
OS 5.6779620000 2.4624380000
OE
SE
S P 0
OB 2.7748800000 2.5711400000 I
OS 4.8220080000 2.5711410000
OS 4.8223950000 2.5710640000
OS 4.8224770000 2.5710300000
OS 4.8226910000 2.5709870000
OS 4.8228550000 2.5709190000
OS 4.8232810000 2.5708330000
OS 4.8234750000 2.5707530000
OS 4.8237290000 2.5707020000
OS 4.8240570000 2.5705660000
OS 4.8242750000 2.5705220000
OS 4.8244370000 2.5704550000
OS 4.8245490000 2.5704320000
OS 4.8249110000 2.5702820000
OS 4.8300970000 2.5668180000
OS 4.8357770000 2.5644680000
OS 4.8417960000 2.5632700000
OS 4.8418250000 2.5632670000
OS 4.8479370000 2.5632660000
OS 4.8479680000 2.5632690000
OS 4.8539780000 2.5644660000
OS 4.8540080000 2.5644760000
OS 4.8542950000 2.5645940000
OS 4.8546800000 2.5646710000
OS 4.8547680000 2.5646710000
OS 4.8549840000 2.5647140000
OS 4.8551640000 2.5647140000
OS 4.8559020000 2.5647930000
OS 4.8561120000 2.5648350000
OS 4.8562930000 2.5648350000
OS 4.8565750000 2.5648650000
OS 4.8566790000 2.5648860000
OS 4.8570750000 2.5648870000
OS 4.8574560000 2.5648110000
OS 4.8578140000 2.5646630000
OS 4.8578800000 2.5646200000
OS 4.8581770000 2.5644720000
OS 4.8584000000 2.5643790000
OS 4.8585140000 2.5643030000
OS 4.8591350000 2.5639930000
OS 4.8593580000 2.5639000000
OS 4.8594720000 2.5638240000
OS 4.8594870000 2.5638160000
OS 4.8595970000 2.5637710000
OS 4.8599190000 2.5635560000
OS 4.9014860000 2.5219900000
OS 4.9017010000 2.5216680000
OS 4.9017390000 2.5215800000
OS 4.9018590000 2.5214000000
OS 4.9019270000 2.5212360000
OS 4.9022830000 2.5205840000
OS 4.9024010000 2.5204080000
OS 4.9024680000 2.5202470000
OS 4.9026040000 2.5199960000
OS 4.9026660000 2.5199040000
OS 4.9028170000 2.5195400000
OS 4.9028940000 2.5191540000
OS 4.9028940000 2.5187600000
OS 4.9028800000 2.5186890000
OS 4.9028570000 2.5183680000
OS 4.9028570000 2.5181200000
OS 4.9028280000 2.5179760000
OS 4.9027910000 2.5174550000
OS 4.9027910000 2.5172130000
OS 4.9027630000 2.5170700000
OS 4.9027570000 2.5169810000
OS 4.9027570000 2.5168560000
OS 4.9026810000 2.5164750000
OS 4.9025330000 2.5161170000
OS 4.9024850000 2.5160440000
OS 4.9024190000 2.5159140000
OS 4.9023350000 2.5157120000
OS 4.9023000000 2.5156590000
OS 4.9022630000 2.5155700000
OS 4.9013450000 2.5141930000
OS 4.9013230000 2.5141390000
OS 4.9011430000 2.5138700000
OS 4.8982240000 2.5068190000
OS 4.8967170000 2.4992540000
OS 4.8967180000 2.4915570000
OS 4.8982180000 2.4840150000
OS 4.8982270000 2.4839880000
OS 4.9011660000 2.4768920000
OS 4.9054670000 2.4704530000
OS 4.9056150000 2.4700950000
OS 4.9056340000 2.4700040000
OS 4.9057180000 2.4698020000
OS 4.9057540000 2.4696220000
OS 4.9059740000 2.4689190000
OS 4.9060560000 2.4687220000
OS 4.9060910000 2.4685450000
OS 4.9061790000 2.4682650000
OS 4.9062160000 2.4681760000
OS 4.9062950000 2.4677860000
OS 4.9062950000 2.4673990000
OS 4.9062190000 2.4670180000
OS 4.9061900000 2.4669470000
OS 4.9061060000 2.4666390000
OS 4.9060560000 2.4663890000
OS 4.9060010000 2.4662560000
OS 4.9059530000 2.4660830000
OS 4.9059040000 2.4658360000
OS 4.9058480000 2.4657000000
OS 4.9057770000 2.4654440000
OS 4.9057530000 2.4653220000
OS 4.9056030000 2.4649570000
OS 4.9053880000 2.4646350000
OS 4.9051130000 2.4643600000
OS 4.9050620000 2.4643240000
OS 4.9048060000 2.4640940000
OS 4.9046070000 2.4638950000
OS 4.9045180000 2.4638360000
OS 4.9042900000 2.4636310000
OS 4.9040860000 2.4634270000
OS 4.9039960000 2.4633670000
OS 4.9038590000 2.4632440000
OS 4.9037560000 2.4631410000
OS 4.9034340000 2.4629260000
OS 4.9030690000 2.4627750000
OS 4.9028960000 2.4627410000
OS 4.9027520000 2.4627080000
OS 4.9027030000 2.4626880000
OS 4.9023900000 2.4626260000
OS 4.9019870000 2.4625350000
OS 4.9019400000 2.4625150000
OS 4.9016100000 2.4624490000
OS 4.9015840000 2.4624380000
OS 4.9011970000 2.4623620000
OS 4.8086980000 2.4623620000
OS 4.8083140000 2.4624380000
OS 4.8082300000 2.4624730000
OS 4.8080190000 2.4625150000
OS 4.8078550000 2.4625830000
OS 4.8074260000 2.4626690000
OS 4.8072280000 2.4627510000
OS 4.8069760000 2.4628010000
OS 4.8066450000 2.4629380000
OS 4.8066290000 2.4629430000
OS 4.8064260000 2.4629830000
OS 4.8062660000 2.4630490000
OS 4.8061550000 2.4630720000
OS 4.8057890000 2.4632230000
OS 4.8006200000 2.4666780000
OS 4.7949330000 2.4690330000
OS 4.7888940000 2.4702360000
OS 4.7885300000 2.4703870000
OS 4.7884570000 2.4704360000
OS 4.7882550000 2.4705210000
OS 4.7881130000 2.4706160000
OS 4.7877030000 2.4707870000
OS 4.7875300000 2.4709030000
OS 4.7872930000 2.4710010000
OS 4.7869890000 2.4712040000
OS 4.7867890000 2.4712870000
OS 4.7866440000 2.4713840000
OS 4.7865390000 2.4714280000
OS 4.7862150000 2.4716440000
OS 4.7037420000 2.5541130000
OS 4.7005610000 2.5559500000
OS 4.7003180000 2.5560510000
OS 4.6998810000 2.5563430000
OS 4.6984210000 2.5571860000
OS 4.6924770000 2.5587780000
OS 2.7701280000 2.5587790000
OS 2.7697440000 2.5588550000
OS 2.7696600000 2.5588900000
OS 2.7694480000 2.5589320000
OS 2.7692830000 2.5590000000
OS 2.7682390000 2.5593070000
OS 2.7680270000 2.5593490000
OS 2.7678600000 2.5594180000
OS 2.7677730000 2.5594440000
OS 2.7676650000 2.5594650000
OS 2.7673010000 2.5596160000
OS 2.7669790000 2.5598310000
OS 2.7669140000 2.5598950000
OS 2.7668260000 2.5599660000
OS 2.7666440000 2.5600880000
OS 2.7666090000 2.5601230000
OS 2.7665580000 2.5601570000
OS 2.7613940000 2.5653220000
OS 2.7611750000 2.5656490000
OS 2.7611390000 2.5657370000
OS 2.7610230000 2.5659100000
OS 2.7609570000 2.5660700000
OS 2.7605950000 2.5667320000
OS 2.7604800000 2.5669050000
OS 2.7604140000 2.5670640000
OS 2.7602760000 2.5673170000
OS 2.7602150000 2.5674080000
OS 2.7600620000 2.5677760000
OS 2.7599860000 2.5681570000
OS 2.7599860000 2.5685440000
OS 2.7600000000 2.5686140000
OS 2.7600250000 2.5689620000
OS 2.7600250000 2.5691930000
OS 2.7600510000 2.5693260000
OS 2.7600660000 2.5695290000
OS 2.7600660000 2.5697670000
OS 2.7600930000 2.5699030000
OS 2.7601130000 2.5701820000
OS 2.7601130000 2.5703060000
OS 2.7601890000 2.5706870000
OS 2.7603370000 2.5710450000
OS 2.7605520000 2.5713670000
OS 2.7605950000 2.5714120000
OS 2.7607980000 2.5716840000
OS 2.7609580000 2.5719230000
OS 2.7610350000 2.5720000000
OS 2.7611410000 2.5721410000
OS 2.7613020000 2.5723820000
OS 2.7613770000 2.5724570000
OS 2.7615290000 2.5726600000
OS 2.7616120000 2.5727830000
OS 2.7618870000 2.5730580000
OS 2.7622090000 2.5732730000
OS 2.7625770000 2.5734250000
OS 2.7626140000 2.5734320000
OS 2.7629610000 2.5735620000
OS 2.7632430000 2.5736790000
OS 2.7633100000 2.5736920000
OS 2.7634930000 2.5737610000
OS 2.7637830000 2.5738810000
OS 2.7638520000 2.5738950000
OS 2.7640700000 2.5739760000
OS 2.7642220000 2.5740390000
OS 2.7646030000 2.5741150000
OS 2.7649900000 2.5741150000
OS 2.7653850000 2.5740370000
OS 2.7654010000 2.5740300000
OS 2.7657780000 2.5739480000
OS 2.7661160000 2.5738810000
OS 2.7661470000 2.5738680000
OS 2.7668950000 2.5737060000
OS 2.7671840000 2.5736480000
OS 2.7672040000 2.5736400000
OS 2.7673280000 2.5736150000
OS 2.7676920000 2.5734640000
OS 2.7677970000 2.5733940000
OS 2.7679120000 2.5733460000
OS 2.7681270000 2.5732030000
OS 2.7689440000 2.5727320000
OS 2.7748800000 2.5711400000
OE
SE
S P 0
OB 7.8824500000 2.3875880000 I
OS 7.8821040000 2.3875190000
OS 7.5957670000 2.3875190000
OS 7.5957460000 2.3875170000
OS 7.5897250000 2.3863200000
OS 7.5896950000 2.3863100000
OS 7.5840370000 2.3839670000
OS 7.5789240000 2.3805520000
OS 7.5745650000 2.3761940000
OS 7.5711590000 2.3710960000
OS 7.5711490000 2.3710780000
OS 7.5688020000 2.3654080000
OS 7.5676000000 2.3593740000
OS 7.5676000000 2.3532220000
OS 7.5687710000 2.3473350000
OS 7.5687870000 2.3472970000
OS 7.5688140000 2.3471630000
OS 7.5711490000 2.3415160000
OS 7.5745620000 2.3364050000
OS 7.5789180000 2.3320480000
OS 7.5840350000 2.3286300000
OS 7.5896560000 2.3263030000
OS 7.5897860000 2.3262770000
OS 7.5898390000 2.3262550000
OS 7.5957500000 2.3250780000
OS 7.8849100000 2.3250780000
OS 7.8852970000 2.3250010000
OS 7.8853790000 2.3249670000
OS 7.8855940000 2.3249240000
OS 7.8857590000 2.3248550000
OS 7.8868150000 2.3245460000
OS 7.8870190000 2.3245060000
OS 7.8871770000 2.3244400000
OS 7.8872740000 2.3244120000
OS 7.8873790000 2.3243910000
OS 7.8877430000 2.3242400000
OS 7.8880670000 2.3240240000
OS 7.8881320000 2.3239590000
OS 7.8882220000 2.3238870000
OS 7.8884020000 2.3237670000
OS 7.8884360000 2.3237330000
OS 7.8884840000 2.3237010000
OS 7.8945410000 2.3176440000
OS 7.8945500000 2.3176380000
OS 7.8947040000 2.3174840000
OS 7.9011530000 2.3127970000
OS 7.9013890000 2.3126390000
OS 7.9014320000 2.3125960000
OS 7.9015220000 2.3125360000
OS 7.9017970000 2.3122610000
OS 7.9018580000 2.3121700000
OS 7.9019470000 2.3120810000
OS 7.9020880000 2.3118700000
OS 7.9025380000 2.3112860000
OS 7.9026370000 2.3111870000
OS 7.9027820000 2.3109690000
OS 7.9029790000 2.3107140000
OS 7.9030250000 2.3106680000
OS 7.9032470000 2.3103370000
OS 7.9033950000 2.3099790000
OS 7.9034710000 2.3095980000
OS 7.9034720000 2.3094720000
OS 7.9034950000 2.3092060000
OS 7.9035300000 2.3090310000
OS 7.9035300000 2.3088030000
OS 7.9035450000 2.3086270000
OS 7.9035790000 2.3084580000
OS 7.9035790000 2.3082340000
OS 7.9036060000 2.3079210000
OS 7.9036210000 2.3078470000
OS 7.9036220000 2.3074510000
OS 7.9035460000 2.3070700000
OS 7.9033980000 2.3067120000
OS 7.9033430000 2.3066280000
OS 7.9032020000 2.3063610000
OS 7.9031230000 2.3061700000
OS 7.9030240000 2.3060220000
OS 7.9027510000 2.3055030000
OS 7.9026740000 2.3053180000
OS 7.9025770000 2.3051720000
OS 7.9025340000 2.3050920000
OS 7.9024940000 2.3049950000
OS 7.9022770000 2.3046700000
OS 7.9019960000 2.3043890000
OS 7.9019340000 2.3043470000
OS 7.9018370000 2.3042630000
OS 7.9016790000 2.3041050000
OS 7.9014380000 2.3039440000
OS 7.9009290000 2.3035740000
OS 7.9008780000 2.3035230000
OS 7.9006450000 2.3033680000
OS 7.8946960000 2.2990430000
OS 7.8887520000 2.2931000000
OS 7.8854350000 2.2885350000
OS 7.8852650000 2.2882810000
OS 7.8852100000 2.2882260000
OS 7.8838000000 2.2862860000
OS 7.8812280000 2.2812380000
OS 7.8811440000 2.2810360000
OS 7.8810630000 2.2809150000
OS 7.8799820000 2.2787930000
OS 7.8784280000 2.2740080000
OS 7.8783990000 2.2738640000
OS 7.8783160000 2.2736630000
OS 7.8773830000 2.2707920000
OS 7.8767520000 2.2668170000
OS 7.8767520000 2.2667370000
OS 7.8766900000 2.2664250000
OS 7.8760630000 2.2624760000
OS 7.8760630000 2.2540700000
OS 7.8763900000 2.2520050000
OS 7.8764460000 2.2517240000
OS 7.8764460000 2.2516510000
OS 7.8773810000 2.2457470000
OS 7.8776870000 2.2448030000
OS 7.8777730000 2.2445970000
OS 7.8778030000 2.2444490000
OS 7.8799790000 2.2377460000
OS 7.8800760000 2.2375550000
OS 7.8801630000 2.2374250000
OS 7.8802530000 2.2372080000
OS 7.8837980000 2.2302480000
OS 7.8838060000 2.2302370000
OS 7.8838630000 2.2301800000
OS 7.8840380000 2.2299180000
OS 7.8887360000 2.2234530000
OS 7.8887570000 2.2234280000
OS 7.8946960000 2.2174890000
OS 7.8979840000 2.2151000000
OS 7.8982260000 2.2149380000
OS 7.8982790000 2.2148850000
OS 7.9011260000 2.2128160000
OS 7.9013880000 2.2126410000
OS 7.9014350000 2.2125940000
OS 7.9015200000 2.2125370000
OS 7.9017990000 2.2122590000
OS 7.9018570000 2.2121720000
OS 7.9019460000 2.2120830000
OS 7.9020890000 2.2118690000
OS 7.9025410000 2.2112830000
OS 7.9026370000 2.2111870000
OS 7.9027820000 2.2109690000
OS 7.9029790000 2.2107140000
OS 7.9030250000 2.2106680000
OS 7.9032470000 2.2103370000
OS 7.9033950000 2.2099790000
OS 7.9034710000 2.2095980000
OS 7.9034720000 2.2094720000
OS 7.9034960000 2.2092000000
OS 7.9035300000 2.2090310000
OS 7.9035300000 2.2088050000
OS 7.9035450000 2.2086300000
OS 7.9035790000 2.2084580000
OS 7.9035790000 2.2082340000
OS 7.9036060000 2.2079210000
OS 7.9036210000 2.2078470000
OS 7.9036220000 2.2074510000
OS 7.9035460000 2.2070700000
OS 7.9033980000 2.2067120000
OS 7.9033430000 2.2066290000
OS 7.9032020000 2.2063600000
OS 7.9031230000 2.2061700000
OS 7.9030230000 2.2060200000
OS 7.9027500000 2.2055010000
OS 7.9026740000 2.2053180000
OS 7.9025780000 2.2051740000
OS 7.9025320000 2.2050870000
OS 7.9024940000 2.2049950000
OS 7.9022770000 2.2046700000
OS 7.9019960000 2.2043890000
OS 7.9019350000 2.2043480000
OS 7.9018340000 2.2042600000
OS 7.9016790000 2.2041050000
OS 7.9014350000 2.2039420000
OS 7.8972160000 2.2008750000
OS 7.8971640000 2.2008230000
OS 7.8969270000 2.2006650000
OS 7.8946960000 2.1990430000
OS 7.8887520000 2.1931000000
OS 7.8846010000 2.1873880000
OS 7.8844300000 2.1871320000
OS 7.8843810000 2.1870830000
OS 7.8843230000 2.1869960000
OS 7.8840480000 2.1867210000
OS 7.8839610000 2.1866630000
OS 7.8838720000 2.1865740000
OS 7.8836630000 2.1864350000
OS 7.8829130000 2.1858560000
OS 7.8828180000 2.1857610000
OS 7.8826090000 2.1856220000
OS 7.8824320000 2.1854850000
OS 7.8823860000 2.1854390000
OS 7.8820570000 2.1852180000
OS 7.8816990000 2.1850700000
OS 7.8813180000 2.1849940000
OS 7.8806620000 2.1848690000
OS 7.8806470000 2.1848690000
OS 7.8804390000 2.1848300000
OS 7.8801020000 2.1847630000
OS 7.2693310000 2.1847630000
OS 7.2689460000 2.1848390000
OS 7.2688620000 2.1848740000
OS 7.2686530000 2.1849160000
OS 7.2684960000 2.1849810000
OS 7.2672590000 2.1853430000
OS 7.2670650000 2.1853810000
OS 7.2669140000 2.1854440000
OS 7.2667940000 2.1854690000
OS 7.2664300000 2.1856200000
OS 7.2612440000 2.1890840000
OS 7.2555670000 2.1914330000
OS 7.2495320000 2.1926350000
OS 7.2434140000 2.1926370000
OS 7.2433840000 2.1926350000
OS 7.2373630000 2.1914380000
OS 7.2373330000 2.1914280000
OS 7.2316750000 2.1890850000
OS 7.2265620000 2.1856700000
OS 7.2222080000 2.1813180000
OS 7.2202580000 2.1784010000
OS 7.2199790000 2.1781230000
OS 7.2199040000 2.1780730000
OS 7.2197510000 2.1779200000
OS 7.2196080000 2.1778250000
OS 7.2190360000 2.1773470000
OS 7.2188840000 2.1771950000
OS 7.2187330000 2.1770940000
OS 7.2185130000 2.1769100000
OS 7.2184410000 2.1768380000
OS 7.2181140000 2.1766190000
OS 7.2177500000 2.1764680000
OS 7.2173630000 2.1763910000
OS 7.2172880000 2.1763910000
OS 7.2169720000 2.1763510000
OS 7.2167280000 2.1763030000
OS 7.2165880000 2.1763030000
OS 7.2164010000 2.1762790000
OS 7.2161560000 2.1762310000
OS 7.2160150000 2.1762310000
OS 7.2157450000 2.1761970000
OS 7.2156250000 2.1761730000
OS 7.2152310000 2.1761720000
OS 7.2148500000 2.1762480000
OS 7.2144810000 2.1764000000
OS 7.2144360000 2.1764300000
OS 7.2141140000 2.1765840000
OS 7.2138680000 2.1766860000
OS 7.2137860000 2.1767410000
OS 7.2135960000 2.1768310000
OS 7.2133490000 2.1769340000
OS 7.2132660000 2.1769890000
OS 7.2130470000 2.1770940000
OS 7.2129040000 2.1771530000
OS 7.2125740000 2.1773730000
OS 7.2122990000 2.1776480000
OS 7.2120840000 2.1779700000
OS 7.2120640000 2.1780130000
OS 7.2118640000 2.1783360000
OS 7.2116990000 2.1785840000
OS 7.2116750000 2.1786420000
OS 7.2114140000 2.1790640000
OS 7.2112390000 2.1793270000
OS 7.2112140000 2.1793870000
OS 7.2111770000 2.1794470000
OS 7.2110840000 2.1795870000
OS 7.2109360000 2.1799450000
OS 7.2108600000 2.1803260000
OS 7.2108590000 2.1803970000
OS 7.2108370000 2.1805620000
OS 7.2107840000 2.1808280000
OS 7.2107840000 2.1809130000
OS 7.2107490000 2.1810900000
OS 7.2107490000 2.4556780000
OS 7.2108250000 2.4560620000
OS 7.2108600000 2.4561460000
OS 7.2109020000 2.4563580000
OS 7.2109690000 2.4565190000
OS 7.2111800000 2.4572380000
OS 7.2112210000 2.4574450000
OS 7.2112870000 2.4576030000
OS 7.2113700000 2.4578840000
OS 7.2113900000 2.4579880000
OS 7.2115420000 2.4583550000
OS 7.2117570000 2.4586770000
OS 7.2120320000 2.4589520000
OS 7.2120960000 2.4589960000
OS 7.2123350000 2.4592030000
OS 7.2125180000 2.4593860000
OS 7.2126350000 2.4594640000
OS 7.2128550000 2.4596550000
OS 7.2130380000 2.4598380000
OS 7.2130580000 2.4598550000
OS 7.2131810000 2.4599370000
OS 7.2133250000 2.4600620000
OS 7.2134140000 2.4601510000
OS 7.2137360000 2.4603660000
OS 7.2140940000 2.4605140000
OS 7.2144020000 2.4605780000
OS 7.2144410000 2.4605940000
OS 7.2147960000 2.4606650000
OS 7.2151250000 2.4607360000
OS 7.2151580000 2.4607500000
OS 7.2155080000 2.4608200000
OS 7.2155250000 2.4608270000
OS 7.2159120000 2.4609040000
OS 7.5227940000 2.4609040000
OS 7.5231810000 2.4608270000
OS 7.5232630000 2.4607930000
OS 7.5234750000 2.4607500000
OS 7.5236310000 2.4606850000
OS 7.5238640000 2.4606170000
OS 7.5240650000 2.4605770000
OS 7.5242190000 2.4605130000
OS 7.5248720000 2.4603220000
OS 7.5250690000 2.4602830000
OS 7.5252380000 2.4602150000
OS 7.5253390000 2.4601950000
OS 7.5257030000 2.4600440000
OS 7.5308820000 2.4565830000
OS 7.5365590000 2.4542330000
OS 7.5425940000 2.4530310000
OS 7.5487320000 2.4530300000
OS 7.5547640000 2.4542280000
OS 7.5547910000 2.4542370000
OS 7.5604490000 2.4565800000
OS 7.5655640000 2.4599960000
OS 7.5699190000 2.4643490000
OS 7.5733370000 2.4694650000
OS 7.5756830000 2.4751340000
OS 7.5768900000 2.4811770000
OS 7.5768910000 2.4872840000
OS 7.5768870000 2.4873350000
OS 7.5756990000 2.4933090000
OS 7.5756870000 2.4933570000
OS 7.5733410000 2.4990280000
OS 7.5699260000 2.5041430000
OS 7.5655670000 2.5085030000
OS 7.5604530000 2.5119200000
OS 7.5547800000 2.5142680000
OS 7.5487450000 2.5154700000
OS 7.5426270000 2.5154720000
OS 7.5425970000 2.5154700000
OS 7.5365970000 2.5142780000
OS 7.5365450000 2.5142630000
OS 7.5308910000 2.5119210000
OS 7.5257630000 2.5084980000
OS 7.5254050000 2.5083500000
OS 7.5253190000 2.5083320000
OS 7.5252950000 2.5083240000
OS 7.5251130000 2.5082490000
OS 7.5250170000 2.5082300000
OS 7.5249060000 2.5081840000
OS 7.5247440000 2.5081520000
OS 7.5237230000 2.5078320000
OS 7.5235320000 2.5077530000
OS 7.5233630000 2.5077200000
OS 7.5232570000 2.5076760000
OS 7.5228730000 2.5076000000
OS 7.2159800000 2.5075970000
OS 7.2155930000 2.5076740000
OS 7.2155110000 2.5077080000
OS 7.2152950000 2.5077510000
OS 7.2151280000 2.5078200000
OS 7.2144190000 2.5080280000
OS 7.2142080000 2.5080700000
OS 7.2140420000 2.5081390000
OS 7.2137630000 2.5082200000
OS 7.2136630000 2.5082400000
OS 7.2132970000 2.5083910000
OS 7.2129750000 2.5086060000
OS 7.2127000000 2.5088810000
OS 7.2126540000 2.5089470000
OS 7.2124410000 2.5091930000
OS 7.2122670000 2.5093670000
OS 7.2122370000 2.5094120000
OS 7.2121680000 2.5094810000
OS 7.2120910000 2.5095970000
OS 7.2119700000 2.5097360000
OS 7.2117960000 2.5099100000
OS 7.2117200000 2.5100250000
OS 7.2115890000 2.5101750000
OS 7.2115050000 2.5102590000
OS 7.2112860000 2.5105860000
OS 7.2111350000 2.5109500000
OS 7.2111110000 2.5110740000
OS 7.2110710000 2.5112600000
OS 7.2110570000 2.5112930000
OS 7.2109910000 2.5116240000
OS 7.2109160000 2.5119730000
OS 7.2109020000 2.5120060000
OS 7.2108320000 2.5123570000
OS 7.2108250000 2.5123740000
OS 7.2107490000 2.5127570000
OS 7.2107490000 2.7124130000
OS 7.2108250000 2.7127970000
OS 7.2108600000 2.7128820000
OS 7.2109020000 2.7130930000
OS 7.2109710000 2.7132590000
OS 7.2111800000 2.7139710000
OS 7.2112210000 2.7141790000
OS 7.2112870000 2.7143370000
OS 7.2113690000 2.7146140000
OS 7.2113900000 2.7147230000
OS 7.2115420000 2.7150890000
OS 7.2117570000 2.7154110000
OS 7.2120390000 2.7156930000
OS 7.2120940000 2.7157300000
OS 7.2123480000 2.7159500000
OS 7.2125180000 2.7161200000
OS 7.2126310000 2.7161950000
OS 7.2127770000 2.7163220000
OS 7.2129520000 2.7164970000
OS 7.2130670000 2.7165740000
OS 7.2132700000 2.7167500000
OS 7.2133580000 2.7168380000
OS 7.2136880000 2.7170600000
OS 7.2140460000 2.7172080000
OS 7.2144270000 2.7172840000
OS 7.2144820000 2.7172840000
OS 7.2148180000 2.7173320000
OS 7.2151080000 2.7173900000
OS 7.2152150000 2.7173900000
OS 7.2154000000 2.7174170000
OS 7.2156780000 2.7174720000
OS 7.2157870000 2.7174720000
OS 7.2160320000 2.7175070000
OS 7.2161710000 2.7175350000
OS 7.2165650000 2.7175360000
OS 7.2169460000 2.7174600000
OS 7.2173040000 2.7173120000
OS 7.2173450000 2.7172870000
OS 7.2176780000 2.7171360000
OS 7.2179660000 2.7170160000
OS 7.2180210000 2.7169790000
OS 7.2184800000 2.7167710000
OS 7.2187560000 2.7166560000
OS 7.2188080000 2.7166210000
OS 7.2188920000 2.7165830000
OS 7.2190300000 2.7165260000
OS 7.2193520000 2.7163110000
OS 7.2196270000 2.7160360000
OS 7.2196660000 2.7159800000
OS 7.2197840000 2.7158460000
OS 7.2199690000 2.7156610000
OS 7.2200150000 2.7155920000
OS 7.2201440000 2.7154630000
OS 7.2221920000 2.7123990000
OS 7.2222130000 2.7123740000
OS 7.2265570000 2.7080320000
OS 7.2316720000 2.7046140000
OS 7.2373460000 2.7022650000
OS 7.2433860000 2.7010620000
OS 7.2495190000 2.7010620000
OS 7.2555420000 2.7022580000
OS 7.2555810000 2.7022700000
OS 7.2612350000 2.7046120000
OS 7.2663630000 2.7080350000
OS 7.2667210000 2.7081830000
OS 7.2668110000 2.7082020000
OS 7.2670140000 2.7082850000
OS 7.2671840000 2.7083190000
OS 7.2684050000 2.7087020000
OS 7.2685940000 2.7087800000
OS 7.2687710000 2.7088160000
OS 7.2688690000 2.7088570000
OS 7.2692560000 2.7089340000
OS 7.8765870000 2.7089360000
OS 7.8769740000 2.7088590000
OS 7.8770560000 2.7088250000
OS 7.8772720000 2.7087820000
OS 7.8774380000 2.7087130000
OS 7.8781830000 2.7084950000
OS 7.8783980000 2.7084520000
OS 7.8785630000 2.7083840000
OS 7.8788110000 2.7083110000
OS 7.8789200000 2.7082890000
OS 7.8792870000 2.7081370000
OS 7.8796090000 2.7079220000
OS 7.8798840000 2.7076470000
OS 7.8799170000 2.7076000000
OS 7.8801360000 2.7073580000
OS 7.8803390000 2.7071550000
OS 7.8803930000 2.7070730000
OS 7.8808100000 2.7066130000
OS 7.8810160000 2.7064070000
OS 7.8810600000 2.7063410000
OS 7.8811250000 2.7062760000
OS 7.8813400000 2.7059540000
OS 7.8813780000 2.7058660000
OS 7.8814530000 2.7057520000
OS 7.8815370000 2.7055480000
OS 7.8825020000 2.7036550000
OS 7.8825890000 2.7035250000
OS 7.8826780000 2.7033100000
OS 7.8837970000 2.7011160000
OS 7.8872730000 2.6963330000
OS 7.8873260000 2.6962800000
OS 7.8874940000 2.6960290000
OS 7.8887360000 2.6943190000
OS 7.8887570000 2.6942940000
OS 7.8946960000 2.6883550000
OS 7.9015040000 2.6834070000
OS 7.9051210000 2.6815640000
OS 7.9053350000 2.6814750000
OS 7.9054640000 2.6813890000
OS 7.9089980000 2.6795880000
OS 7.9169990000 2.6769890000
OS 7.9253230000 2.6756680000
OS 7.9455390000 2.6756680000
OS 7.9538590000 2.6769870000
OS 7.9618660000 2.6795880000
OS 7.9654070000 2.6813910000
OS 7.9655320000 2.6814750000
OS 7.9657420000 2.6815620000
OS 7.9693560000 2.6834030000
OS 7.9761520000 2.6883410000
OS 7.9761770000 2.6883620000
OS 7.9821160000 2.6943010000
OS 7.9833790000 2.6960380000
OS 7.9835400000 2.6962800000
OS 7.9835930000 2.6963330000
OS 7.9870620000 2.7011070000
OS 7.9881890000 2.7033180000
OS 7.9882750000 2.7035250000
OS 7.9883580000 2.7036500000
OS 7.9908830000 2.7086030000
OS 7.9915160000 2.7105530000
OS 7.9915450000 2.7106970000
OS 7.9916290000 2.7109000000
OS 7.9934830000 2.7166060000
OS 7.9936660000 2.7177590000
OS 7.9936660000 2.7178240000
OS 7.9937150000 2.7180700000
OS 7.9948030000 2.7249230000
OS 7.9948030000 2.7333290000
OS 7.9936740000 2.7404550000
OS 7.9936180000 2.7407370000
OS 7.9936180000 2.7408070000
OS 7.9934840000 2.7416530000
OS 7.9915340000 2.7476590000
OS 7.9914490000 2.7478640000
OS 7.9914200000 2.7480100000
OS 7.9908870000 2.7496520000
OS 7.9882080000 2.7549110000
OS 7.9881250000 2.7550360000
OS 7.9880380000 2.7552450000
OS 7.9870680000 2.7571500000
OS 7.9833800000 2.7622260000
OS 7.9833250000 2.7622810000
OS 7.9831560000 2.7625340000
OS 7.9821330000 2.7639430000
OS 7.9821090000 2.7639710000
OS 7.9761700000 2.7699100000
OS 7.9697450000 2.7745790000
OS 7.9694780000 2.7747570000
OS 7.9694310000 2.7748040000
OS 7.9693470000 2.7748600000
OS 7.9690670000 2.7751390000
OS 7.9690090000 2.7752260000
OS 7.9689200000 2.7753150000
OS 7.9687760000 2.7755300000
OS 7.9683250000 2.7761150000
OS 7.9682290000 2.7762110000
OS 7.9680840000 2.7764290000
OS 7.9678870000 2.7766840000
OS 7.9678410000 2.7767300000
OS 7.9676190000 2.7770610000
OS 7.9674710000 2.7774190000
OS 7.9673950000 2.7778000000
OS 7.9673950000 2.7779110000
OS 7.9673710000 2.7781940000
OS 7.9673370000 2.7783670000
OS 7.9673370000 2.7785870000
OS 7.9673210000 2.7787730000
OS 7.9672880000 2.7789400000
OS 7.9672880000 2.7791580000
OS 7.9672600000 2.7794770000
OS 7.9672440000 2.7795600000
OS 7.9672440000 2.7799470000
OS 7.9673200000 2.7803280000
OS 7.9674680000 2.7806860000
OS 7.9675230000 2.7807700000
OS 7.9676640000 2.7810370000
OS 7.9677430000 2.7812280000
OS 7.9678450000 2.7813810000
OS 7.9681080000 2.7818800000
OS 7.9681910000 2.7820800000
OS 7.9682980000 2.7822400000
OS 7.9683320000 2.7823050000
OS 7.9683740000 2.7824060000
OS 7.9685890000 2.7827280000
OS 7.9688640000 2.7830030000
OS 7.9689280000 2.7830470000
OS 7.9690200000 2.7831270000
OS 7.9691860000 2.7832930000
OS 7.9694320000 2.7834570000
OS 7.9697430000 2.7836830000
OS 7.9697980000 2.7837380000
OS 7.9700500000 2.7839060000
OS 7.9761520000 2.7883410000
OS 7.9761770000 2.7883620000
OS 7.9821170000 2.7943020000
OS 7.9853240000 2.7987150000
OS 7.9855010000 2.7989800000
OS 7.9855580000 2.7990370000
OS 7.9870560000 2.8010980000
OS 7.9895660000 2.8060200000
OS 7.9896510000 2.8062250000
OS 7.9897340000 2.8063490000
OS 7.9902860000 2.8074320000
OS 7.9903770000 2.8076510000
OS 7.9904560000 2.8077690000
OS 7.9904970000 2.8078670000
OS 7.9907150000 2.8081940000
OS 7.9907880000 2.8082670000
OS 7.9908140000 2.8083060000
OS 7.9910500000 2.8085420000
OS 7.9913610000 2.8088720000
OS 7.9913920000 2.8089180000
OS 7.9916190000 2.8091450000
OS 7.9920830000 2.8096370000
OS 7.9920960000 2.8096560000
OS 7.9923780000 2.8099400000
OS 7.9927000000 2.8101550000
OS 7.9930580000 2.8103030000
OS 7.9931970000 2.8103310000
OS 7.9945060000 2.8106540000
OS 7.9945500000 2.8106720000
OS 7.9949510000 2.8107530000
OS 7.9953380000 2.8107530000
OS 7.9957190000 2.8106770000
OS 7.9960770000 2.8105290000
OS 7.9963990000 2.8103140000
OS 7.9966740000 2.8100390000
OS 7.9966870000 2.8100230000
OS 7.9967430000 2.8099400000
OS 7.9974690000 2.8090560000
OS 7.9976070000 2.8089180000
OS 7.9977130000 2.8087580000
OS 7.9978510000 2.8085910000
OS 7.9999520000 2.8064890000
OS 8.0022910000 2.8045680000
OS 8.0047670000 2.8029130000
OS 8.0074350000 2.8014870000
OS 8.0101950000 2.8003430000
OS 8.0102820000 2.8003170000
OS 8.0104810000 2.8002770000
OS 8.0106670000 2.8002000000
OS 8.0130540000 2.7994760000
OS 8.0159980000 2.7988900000
OS 8.0189940000 2.7985950000
OS 8.0219680000 2.7985950000
OS 8.0249760000 2.7988910000
OS 8.0279000000 2.7994720000
OS 8.0303030000 2.8002000000
OS 8.0304890000 2.8002770000
OS 8.0306890000 2.8003170000
OS 8.0307530000 2.8003360000
OS 8.0335400000 2.8014890000
OS 8.0361910000 2.8029060000
OS 8.0386730000 2.8045630000
OS 8.0410010000 2.8064730000
OS 8.0431150000 2.8085870000
OS 8.0450240000 2.8109130000
OS 8.0466820000 2.8133930000
OS 8.0469820000 2.8139540000
OS 8.0470530000 2.8141250000
OS 8.0471560000 2.8142800000
OS 8.0480400000 2.8159320000
OS 8.0481050000 2.8160570000
OS 8.0492490000 2.8188170000
OS 8.0499410000 2.8211000000
OS 8.0499800000 2.8212970000
OS 8.0500570000 2.8214820000
OS 8.0501160000 2.8216760000
OS 8.0507000000 2.8246090000
OS 8.0509970000 2.8276090000
OS 8.0509980000 2.8305560000
OS 8.0509960000 2.8306060000
OS 8.0507070000 2.8335530000
OS 8.0507010000 2.8335970000
OS 8.0501250000 2.8364990000
OS 8.0501170000 2.8365310000
OS 8.0492490000 2.8393950000
OS 8.0481990000 2.8419300000
OS 8.0480950000 2.8421770000
OS 8.0466890000 2.8448080000
OS 8.0450300000 2.8472930000
OS 8.0436010000 2.8490370000
OS 8.0434570000 2.8491810000
OS 8.0433440000 2.8493500000
OS 8.0431370000 2.8496030000
OS 8.0410050000 2.8517370000
OS 8.0386790000 2.8536460000
OS 8.0361990000 2.8553040000
OS 8.0348720000 2.8560140000
OS 8.0346970000 2.8560860000
OS 8.0345390000 2.8561910000
OS 8.0337540000 2.8566110000
OS 8.0335740000 2.8566860000
OS 8.0334780000 2.8567500000
OS 8.0325840000 2.8571210000
OS 8.0322620000 2.8573360000
OS 8.0319870000 2.8576110000
OS 8.0317720000 2.8579330000
OS 8.0316180000 2.8583060000
OS 8.0316040000 2.8583770000
OS 8.0313960000 2.8590000000
OS 8.0313470000 2.8591190000
OS 8.0312690000 2.8595080000
OS 8.0312690000 2.8598950000
OS 8.0313470000 2.8602860000
OS 8.0313670000 2.8603350000
OS 8.0315620000 2.8610960000
OS 8.0316220000 2.8613970000
OS 8.0316650000 2.8615010000
OS 8.0316730000 2.8615330000
OS 8.0317280000 2.8618090000
OS 8.0317700000 2.8619110000
OS 8.0317910000 2.8619940000
OS 8.0318180000 2.8621270000
OS 8.0319660000 2.8624850000
OS 8.0321810000 2.8628070000
OS 8.0322350000 2.8628620000
OS 8.0323210000 2.8629730000
OS 8.0324670000 2.8631920000
OS 8.0325210000 2.8632460000
OS 8.0325970000 2.8633600000
OS 8.0606960000 2.8914580000
OS 8.0610180000 2.8916730000
OS 8.0611060000 2.8917100000
OS 8.0612820000 2.8918270000
OS 8.0614460000 2.8918950000
OS 8.0621060000 2.8922550000
OS 8.0622780000 2.8923700000
OS 8.0624380000 2.8924360000
OS 8.0626920000 2.8925750000
OS 8.0627830000 2.8926360000
OS 8.0631420000 2.8927850000
OS 8.0635310000 2.8928640000
OS 8.0639270000 2.8928640000
OS 8.0639990000 2.8928500000
OS 8.0643250000 2.8928260000
OS 8.0645660000 2.8928260000
OS 8.0647050000 2.8927980000
OS 8.0648880000 2.8927850000
OS 8.0651370000 2.8927850000
OS 8.0652790000 2.8927570000
OS 8.0655380000 2.8927380000
OS 8.0656680000 2.8927380000
OS 8.0660560000 2.8926610000
OS 8.0664140000 2.8925130000
OS 8.0667460000 2.8922910000
OS 8.0667840000 2.8922530000
OS 8.0670530000 2.8920520000
OS 8.0672930000 2.8918920000
OS 8.0673670000 2.8918180000
OS 8.0675150000 2.8917080000
OS 8.0677560000 2.8915470000
OS 8.0678310000 2.8914720000
OS 8.0680350000 2.8913200000
OS 8.0681480000 2.8912440000
OS 8.0684280000 2.8909650000
OS 8.0686430000 2.8906430000
OS 8.0687970000 2.8902740000
OS 8.0688050000 2.8902350000
OS 8.0689180000 2.8899320000
OS 8.0690530000 2.8896060000
OS 8.0690670000 2.8895380000
OS 8.0692950000 2.8889270000
OS 8.0694130000 2.8886430000
OS 8.0694260000 2.8885760000
OS 8.0694890000 2.8884250000
OS 8.0695660000 2.8880380000
OS 8.0695670000 2.8870830000
OS 8.0695650000 2.8870730000
OS 8.0695650000 2.8837340000
OS 8.0695670000 2.8837240000
OS 8.0695670000 2.8829370000
OS 8.0695650000 2.8829270000
OS 8.0695650000 2.8758340000
OS 8.0695670000 2.8758240000
OS 8.0695670000 2.8750370000
OS 8.0695650000 2.8750270000
OS 8.0695650000 2.8679340000
OS 8.0695670000 2.8679240000
OS 8.0695670000 2.8671370000
OS 8.0695650000 2.8671270000
OS 8.0695650000 2.8600330000
OS 8.0695670000 2.8600240000
OS 8.0695670000 2.8592370000
OS 8.0695650000 2.8592280000
OS 8.0695650000 2.8521330000
OS 8.0695670000 2.8521240000
OS 8.0695670000 2.8513370000
OS 8.0695650000 2.8513280000
OS 8.0695650000 2.8442330000
OS 8.0695670000 2.8442240000
OS 8.0695670000 2.8434370000
OS 8.0695650000 2.8434280000
OS 8.0695650000 2.8363330000
OS 8.0695670000 2.8363240000
OS 8.0695670000 2.8355370000
OS 8.0695650000 2.8355280000
OS 8.0695650000 2.8284330000
OS 8.0695670000 2.8284240000
OS 8.0695670000 2.8276370000
OS 8.0695650000 2.8276280000
OS 8.0695650000 2.8205330000
OS 8.0695670000 2.8205240000
OS 8.0695670000 2.8197370000
OS 8.0695650000 2.8197280000
OS 8.0695650000 2.8126320000
OS 8.0695670000 2.8126240000
OS 8.0695670000 2.8118370000
OS 8.0695650000 2.8118290000
OS 8.0695650000 2.8047320000
OS 8.0695670000 2.8047240000
OS 8.0695670000 2.8039370000
OS 8.0695650000 2.8039290000
OS 8.0695650000 2.7968320000
OS 8.0695670000 2.7968240000
OS 8.0695670000 2.7960370000
OS 8.0695650000 2.7960290000
OS 8.0695650000 2.7889320000
OS 8.0695670000 2.7889240000
OS 8.0695670000 2.7881370000
OS 8.0695650000 2.7881290000
OS 8.0695650000 2.7810320000
OS 8.0695670000 2.7810240000
OS 8.0695670000 2.7802370000
OS 8.0695650000 2.7802290000
OS 8.0695650000 2.7731320000
OS 8.0695670000 2.7731240000
OS 8.0695670000 2.7723370000
OS 8.0695650000 2.7723290000
OS 8.0695670000 2.3976920000
OS 8.0694900000 2.3973050000
OS 8.0694560000 2.3972220000
OS 8.0694130000 2.3970110000
OS 8.0693480000 2.3968540000
OS 8.0690330000 2.3957780000
OS 8.0689940000 2.3955830000
OS 8.0689320000 2.3954330000
OS 8.0689010000 2.3953280000
OS 8.0688800000 2.3952220000
OS 8.0687290000 2.3948580000
OS 8.0685130000 2.3945340000
OS 8.0684490000 2.3944700000
OS 8.0683690000 2.3943710000
OS 8.0682550000 2.3942000000
OS 8.0682210000 2.3941660000
OS 8.0681870000 2.3941150000
OS 7.9775630000 2.3034910000
OS 7.9772410000 2.3032760000
OS 7.9771520000 2.3032380000
OS 7.9769760000 2.3031210000
OS 7.9769460000 2.3031080000
OS 7.9769120000 2.3030860000
OS 7.9767530000 2.3030200000
OS 7.9761560000 2.3026940000
OS 7.9759790000 2.3025760000
OS 7.9758180000 2.3025090000
OS 7.9755660000 2.3023720000
OS 7.9754750000 2.3023110000
OS 7.9751110000 2.3021600000
OS 7.9747270000 2.3020830000
OS 7.9743400000 2.3020830000
OS 7.9742610000 2.3020980000
OS 7.9739400000 2.3021210000
OS 7.9736910000 2.3021210000
OS 7.9735500000 2.3021490000
OS 7.9730590000 2.3021840000
OS 7.9728230000 2.3021840000
OS 7.9726890000 2.3022100000
OS 7.9725700000 2.3022190000
OS 7.9724450000 2.3022190000
OS 7.9720630000 2.3022950000
OS 7.9716990000 2.3024460000
OS 7.9716140000 2.3025030000
OS 7.9714920000 2.3025680000
OS 7.9713220000 2.3026390000
OS 7.9712040000 2.3027180000
OS 7.9710730000 2.3027720000
OS 7.9709770000 2.3028360000
OS 7.9709580000 2.3028440000
OS 7.9706270000 2.3030650000
OS 7.9706140000 2.3030780000
OS 7.9704180000 2.3032090000
OS 7.9703630000 2.3032640000
OS 7.9702530000 2.3033440000
OS 7.9699850000 2.3035230000
OS 7.9699290000 2.3035790000
OS 7.9697370000 2.3037180000
OS 7.9694770000 2.3038920000
OS 7.9694320000 2.3039370000
OS 7.9693470000 2.3039940000
OS 7.9690670000 2.3042730000
OS 7.9690090000 2.3043600000
OS 7.9689190000 2.3044500000
OS 7.9687740000 2.3046670000
OS 7.9683280000 2.3052460000
OS 7.9682290000 2.3053450000
OS 7.9680830000 2.3055630000
OS 7.9678870000 2.3058180000
OS 7.9678410000 2.3058640000
OS 7.9676190000 2.3061950000
OS 7.9674710000 2.3065530000
OS 7.9673950000 2.3069340000
OS 7.9673950000 2.3070480000
OS 7.9673700000 2.3073320000
OS 7.9673370000 2.3075010000
OS 7.9673370000 2.3077200000
OS 7.9673210000 2.3079090000
OS 7.9672880000 2.3080740000
OS 7.9672880000 2.3082870000
OS 7.9672600000 2.3086110000
OS 7.9672440000 2.3086940000
OS 7.9672440000 2.3090810000
OS 7.9673200000 2.3094620000
OS 7.9674680000 2.3098200000
OS 7.9675230000 2.3099040000
OS 7.9676630000 2.3101700000
OS 7.9677430000 2.3103620000
OS 7.9678450000 2.3105150000
OS 7.9681080000 2.3110150000
OS 7.9681910000 2.3112140000
OS 7.9682910000 2.3113630000
OS 7.9683310000 2.3114380000
OS 7.9683740000 2.3115400000
OS 7.9685890000 2.3118620000
OS 7.9688640000 2.3121370000
OS 7.9689280000 2.3121810000
OS 7.9690200000 2.3122610000
OS 7.9691860000 2.3124270000
OS 7.9694330000 2.3125920000
OS 7.9761520000 2.3174750000
OS 7.9763160000 2.3176380000
OS 7.9763250000 2.3176440000
OS 7.9821160000 2.3234350000
OS 7.9830590000 2.3247320000
OS 7.9832240000 2.3249800000
OS 7.9832780000 2.3250340000
OS 7.9870640000 2.3302440000
OS 7.9879680000 2.3320180000
OS 7.9880540000 2.3322250000
OS 7.9881370000 2.3323500000
OS 7.9908830000 2.3377370000
OS 7.9913760000 2.3392560000
OS 7.9914040000 2.3393970000
OS 7.9914870000 2.3395960000
OS 7.9934840000 2.3457430000
OS 7.9935970000 2.3464550000
OS 7.9935970000 2.3465240000
OS 7.9936520000 2.3468010000
OS 7.9948030000 2.3540580000
OS 7.9948030000 2.3624580000
OS 7.9937410000 2.3691640000
OS 7.9936870000 2.3694370000
OS 7.9936870000 2.3695050000
OS 7.9934840000 2.3707870000
OS 7.9916760000 2.3763540000
OS 7.9915890000 2.3765640000
OS 7.9915590000 2.3767130000
OS 7.9908860000 2.3787870000
OS 7.9884260000 2.3836160000
OS 7.9883460000 2.3837360000
OS 7.9882630000 2.3839370000
OS 7.9870660000 2.3862860000
OS 7.9836930000 2.3909290000
OS 7.9836410000 2.3909810000
OS 7.9834800000 2.3912220000
OS 7.9821300000 2.3930800000
OS 7.9821090000 2.3931050000
OS 7.9784320000 2.3967830000
OS 7.9782130000 2.3971100000
OS 7.9781780000 2.3971940000
OS 7.9780610000 2.3973710000
OS 7.9779960000 2.3975280000
OS 7.9776430000 2.3981750000
OS 7.9775190000 2.3983640000
OS 7.9774560000 2.3985160000
OS 7.9773140000 2.3987760000
OS 7.9772530000 2.3988680000
OS 7.9771020000 2.3992320000
OS 7.9770250000 2.3996170000
OS 7.9770250000 2.4000040000
OS 7.9770390000 2.4000810000
OS 7.9770640000 2.4004260000
OS 7.9770640000 2.4006520000
OS 7.9770900000 2.4007830000
OS 7.9771050000 2.4009910000
OS 7.9771050000 2.4012250000
OS 7.9771320000 2.4013600000
OS 7.9771520000 2.4016390000
OS 7.9771520000 2.4017630000
OS 7.9772280000 2.4021440000
OS 7.9773760000 2.4025020000
OS 7.9775980000 2.4028340000
OS 7.9776340000 2.4028700000
OS 7.9778380000 2.4031420000
OS 7.9779970000 2.4033810000
OS 7.9780720000 2.4034560000
OS 7.9782930000 2.4037520000
OS 7.9784450000 2.4039800000
OS 7.9784650000 2.4040000000
OS 7.9785110000 2.4040690000
OS 7.9785840000 2.4041420000
OS 7.9786460000 2.4042250000
OS 7.9787240000 2.4043410000
OS 7.9790030000 2.4046210000
OS 7.9793250000 2.4048360000
OS 7.9794080000 2.4048710000
OS 7.9795560000 2.4049520000
OS 7.9797240000 2.4050640000
OS 7.9798550000 2.4051180000
OS 7.9800030000 2.4052170000
OS 7.9800960000 2.4052550000
OS 7.9801160000 2.4052690000
OS 7.9804800000 2.4054200000
OS 7.9805010000 2.4054240000
OS 7.9807310000 2.4055190000
OS 7.9807980000 2.4055320000
OS 7.9847670000 2.4070140000
OS 7.9847820000 2.4070220000
OS 7.9892370000 2.4103540000
OS 7.9892470000 2.4103640000
OS 7.9902150000 2.4116560000
OS 7.9903640000 2.4118800000
OS 7.9904370000 2.4119530000
OS 7.9925780000 2.4148120000
OS 7.9938930000 2.4183330000
OS 7.9939060000 2.4183970000
OS 7.9940200000 2.4186710000
OS 7.9945300000 2.4200370000
OS 7.9945360000 2.4200620000
OS 7.9947830000 2.4223540000
OS 7.9947820000 2.4481250000
OS 7.9555680000 2.4481290000
OS 7.9551870000 2.4482050000
OS 7.9548290000 2.4483530000
OS 7.9545070000 2.4485680000
OS 7.9542320000 2.4488430000
OS 7.9540170000 2.4491650000
OS 7.9538690000 2.4495230000
OS 7.9537930000 2.4499040000
OS 7.9537930000 2.4502910000
OS 7.9538690000 2.4506720000
OS 7.9538750000 2.4506860000
OS 7.9538800000 2.4507120000
OS 7.9539030000 2.4507660000
OS 7.9545160000 2.4530500000
OS 7.9545640000 2.4532950000
OS 7.9546120000 2.4534100000
OS 7.9552130000 2.4556510000
OS 7.9552160000 2.4556940000
OS 7.9552170000 2.4608360000
OS 7.9552140000 2.4608750000
OS 7.9546120000 2.4631210000
OS 7.9545650000 2.4632350000
OS 7.9545180000 2.4634740000
OS 7.9539040000 2.4657660000
OS 7.9538820000 2.4658180000
OS 7.9538770000 2.4658430000
OS 7.9538710000 2.4658580000
OS 7.9537950000 2.4662390000
OS 7.9537950000 2.4666260000
OS 7.9538710000 2.4670070000
OS 7.9540190000 2.4673650000
OS 7.9542340000 2.4676870000
OS 7.9545090000 2.4679620000
OS 7.9548310000 2.4681770000
OS 7.9551890000 2.4683250000
OS 7.9555700000 2.4684010000
OS 7.9947810000 2.4684050000
OS 7.9947840000 2.4941700000
OS 7.9946250000 2.4956490000
OS 7.9945880000 2.4958370000
OS 7.9945880000 2.4959940000
OS 7.9945370000 2.4964710000
OS 7.9925970000 2.5016780000
OS 7.9925150000 2.5018010000
OS 7.9892510000 2.5061640000
OS 7.9892410000 2.5061740000
OS 7.9857770000 2.5087690000
OS 7.9855460000 2.5089230000
OS 7.9854710000 2.5089980000
OS 7.9847890000 2.5095090000
OS 7.9795640000 2.5114590000
OS 7.9772470000 2.5117110000
OS 7.9455900000 2.5117110000
OS 7.9455740000 2.5117090000
OS 7.9455700000 2.4784010000
OS 7.9454940000 2.4780200000
OS 7.9453460000 2.4776620000
OS 7.9451310000 2.4773400000
OS 7.9448560000 2.4770650000
OS 7.9445340000 2.4768500000
OS 7.9441760000 2.4767020000
OS 7.9437950000 2.4766260000
OS 7.9434080000 2.4766260000
OS 7.9430270000 2.4767020000
OS 7.9430120000 2.4767080000
OS 7.9429870000 2.4767130000
OS 7.9429340000 2.4767350000
OS 7.9406460000 2.4773490000
OS 7.9404040000 2.4773970000
OS 7.9402870000 2.4774450000
OS 7.9380460000 2.4780470000
OS 7.9379800000 2.4780500000
OS 7.9328370000 2.4780500000
OS 7.9328100000 2.4780450000
OS 7.9305780000 2.4774460000
OS 7.9304640000 2.4773990000
OS 7.9302270000 2.4773520000
OS 7.9279340000 2.4767370000
OS 7.9278810000 2.4767150000
OS 7.9278560000 2.4767100000
OS 7.9278410000 2.4767040000
OS 7.9274600000 2.4766280000
OS 7.9270730000 2.4766280000
OS 7.9266920000 2.4767040000
OS 7.9263340000 2.4768520000
OS 7.9260120000 2.4770670000
OS 7.9257370000 2.4773420000
OS 7.9255220000 2.4776640000
OS 7.9253740000 2.4780220000
OS 7.9252980000 2.4784030000
OS 7.9252960000 2.5116340000
OS 7.9252940000 2.5117080000
OS 7.8936310000 2.5117120000
OS 7.8913210000 2.5114640000
OS 7.8860970000 2.5095180000
OS 7.8860840000 2.5095110000
OS 7.8853900000 2.5089920000
OS 7.8853210000 2.5089230000
OS 7.8851060000 2.5087790000
OS 7.8816260000 2.5061770000
OS 7.8783590000 2.5018150000
OS 7.8782750000 2.5016890000
OS 7.8763340000 2.4964900000
OS 7.8762810000 2.4960020000
OS 7.8762810000 2.4958370000
OS 7.8762420000 2.4956390000
OS 7.8760830000 2.4941790000
OS 7.8760840000 2.4684080000
OS 7.9152970000 2.4684030000
OS 7.9156780000 2.4683270000
OS 7.9160360000 2.4681790000
OS 7.9163580000 2.4679640000
OS 7.9166330000 2.4676890000
OS 7.9168480000 2.4673670000
OS 7.9169960000 2.4670090000
OS 7.9170720000 2.4666280000
OS 7.9170720000 2.4662410000
OS 7.9169960000 2.4658600000
OS 7.9169900000 2.4658460000
OS 7.9169850000 2.4658200000
OS 7.9169620000 2.4657660000
OS 7.9163520000 2.4634900000
OS 7.9163020000 2.4632370000
OS 7.9162530000 2.4631190000
OS 7.9156520000 2.4608750000
OS 7.9156490000 2.4556950000
OS 7.9156530000 2.4556540000
OS 7.9162540000 2.4534100000
OS 7.9163010000 2.4532970000
OS 7.9163490000 2.4530560000
OS 7.9169630000 2.4507650000
OS 7.9169840000 2.4507140000
OS 7.9169890000 2.4506880000
OS 7.9169950000 2.4506740000
OS 7.9170710000 2.4502930000
OS 7.9170710000 2.4499060000
OS 7.9169950000 2.4495250000
OS 7.9168470000 2.4491670000
OS 7.9166320000 2.4488450000
OS 7.9163570000 2.4485700000
OS 7.9160350000 2.4483550000
OS 7.9156770000 2.4482070000
OS 7.9152960000 2.4481310000
OS 7.8761080000 2.4481290000
OS 7.8760850000 2.4481270000
OS 7.8760820000 2.4223680000
OS 7.8763290000 2.4200600000
OS 7.8768500000 2.4186630000
OS 7.8769600000 2.4183970000
OS 7.8769730000 2.4183320000
OS 7.8782760000 2.4148360000
OS 7.8782830000 2.4148230000
OS 7.8804300000 2.4119520000
OS 7.8805020000 2.4118800000
OS 7.8806520000 2.4116550000
OS 7.8816190000 2.4103620000
OS 7.8860780000 2.4070240000
OS 7.8898170000 2.4056270000
OS 7.8898820000 2.4056140000
OS 7.8901430000 2.4055050000
OS 7.8902290000 2.4054730000
OS 7.8902650000 2.4054660000
OS 7.8906280000 2.4053160000
OS 7.8909500000 2.4051010000
OS 7.8909930000 2.4050590000
OS 7.8910240000 2.4050360000
OS 7.8912650000 2.4048750000
OS 7.8913440000 2.4047960000
OS 7.8914720000 2.4047000000
OS 7.8917150000 2.4045380000
OS 7.8917940000 2.4044590000
OS 7.8919300000 2.4043570000
OS 7.8921700000 2.4041970000
OS 7.8922480000 2.4041190000
OS 7.8924530000 2.4039650000
OS 7.8925640000 2.4038910000
OS 7.8928450000 2.4036120000
OS 7.8930600000 2.4032900000
OS 7.8932130000 2.4029210000
OS 7.8932200000 2.4028860000
OS 7.8933520000 2.4025340000
OS 7.8934670000 2.4022560000
OS 7.8934810000 2.4021870000
OS 7.8935510000 2.4019990000
OS 7.8936700000 2.4017130000
OS 7.8936840000 2.4016440000
OS 7.8937600000 2.4014430000
OS 7.8938270000 2.4012800000
OS 7.8939040000 2.4008930000
OS 7.8939040000 2.4005000000
OS 7.8938270000 2.4001130000
OS 7.8938200000 2.4000980000
OS 7.8937320000 2.3996920000
OS 7.8936700000 2.3993800000
OS 7.8936580000 2.3993510000
OS 7.8935560000 2.3988810000
OS 7.8934900000 2.3985490000
OS 7.8934780000 2.3985200000
OS 7.8934290000 2.3982820000
OS 7.8932790000 2.3979190000
OS 7.8930640000 2.3975970000
OS 7.8930240000 2.3975560000
OS 7.8929020000 2.3973920000
OS 7.8927510000 2.3971660000
OS 7.8926870000 2.3971020000
OS 7.8925530000 2.3969010000
OS 7.8887480000 2.3930950000
OS 7.8873870000 2.3912220000
OS 7.8872260000 2.3909810000
OS 7.8871730000 2.3909280000
OS 7.8866010000 2.3901410000
OS 7.8864320000 2.3898870000
OS 7.8863860000 2.3898410000
OS 7.8863270000 2.3897530000
OS 7.8860480000 2.3894740000
OS 7.8859600000 2.3894150000
OS 7.8858740000 2.3893290000
OS 7.8856630000 2.3891880000
OS 7.8849180000 2.3886140000
OS 7.8848210000 2.3885170000
OS 7.8846060000 2.3883740000
OS 7.8844340000 2.3882410000
OS 7.8843880000 2.3881950000
OS 7.8840590000 2.3879740000
OS 7.8837010000 2.3878260000
OS 7.8833200000 2.3877500000
OS 7.8830650000 2.3877040000
OS 7.8826650000 2.3876240000
OS 7.8826430000 2.3876240000
OS 7.8824500000 2.3875880000
OE
OB 7.52516200 2.52783200 H
OS 7.61728000 2.52783300
OS 7.61766700 2.52775600
OS 7.61774900 2.52772200
OS 7.61796100 2.52767900
OS 7.61811900 2.52761400
OS 7.61934800 2.52725400
OS 7.61955800 2.52721200
OS 7.61971900 2.52714500
OS 7.61982700 2.52712400
OS 7.62019100 2.52697300
OS 7.62533600 2.52353400
OS 7.62547900 2.52347500
OS 7.62549900 2.52346200
OS 7.63104200 2.52116500
OS 7.63707900 2.51996000
OS 7.64322800 2.51995900
OS 7.64926000 2.52116000
OS 7.65480500 2.52345500
OS 7.65483500 2.52347500
OS 7.65497300 2.52353300
OS 7.66005700 2.52692900
OS 7.66440800 2.53127900
OS 7.66782300 2.53639000
OS 7.67015800 2.54202600
OS 7.67017500 2.54207100
OS 7.67137700 2.54810100
OS 7.67137800 2.55424300
OS 7.67017800 2.56028200
OS 7.66782900 2.56595600
OS 7.66440800 2.57107900
OS 7.66005800 2.57542900
OS 7.65496000 2.57883800
OS 7.65491700 2.57885900
OS 7.64926600 2.58119700
OS 7.64323300 2.58239900
OS 7.63708900 2.58240000
OS 7.63105500 2.58120000
OS 7.62537900 2.57885100
OS 7.62025100 2.57542700
OS 7.61989300 2.57527900
OS 7.61980400 2.57526100
OS 7.61960100 2.57517800
OS 7.61943400 2.57514500
OS 7.61821000 2.57476100
OS 7.61802000 2.57468200
OS 7.61785300 2.57464900
OS 7.61774500 2.57460500
OS 7.61736200 2.57452900
OS 7.52523800 2.57452700
OS 7.52485300 2.57460300
OS 7.52476900 2.57463800
OS 7.52455900 2.57468000
OS 7.52439900 2.57474700
OS 7.52317400 2.57510500
OS 7.52297200 2.57514500
OS 7.52281500 2.57521000
OS 7.52270000 2.57523400
OS 7.52233700 2.57538400
OS 7.51718900 2.57882200
OS 7.51714700 2.57884800
OS 7.51147100 2.58119700
OS 7.50543800 2.58239900
OS 7.49929400 2.58240000
OS 7.49326000 2.58120000
OS 7.48758300 2.57885000
OS 7.48246300 2.57543000
OS 7.47811100 2.57107900
OS 7.47469600 2.56596900
OS 7.47234500 2.56028800
OS 7.47114300 2.55425600
OS 7.47114200 2.54810800
OS 7.47234300 2.54207500
OS 7.47469100 2.53640200
OS 7.47811200 2.53128000
OS 7.48244900 2.52694000
OS 7.48248400 2.52691400
OS 7.48754600 2.52353200
OS 7.48768200 2.52347500
OS 7.48770900 2.52345700
OS 7.49324600 2.52116600
OS 7.49929400 2.51995900
OS 7.50543200 2.51995900
OS 7.51147000 2.52116200
OS 7.51699900 2.52345000
OS 7.51703900 2.52347500
OS 7.51717600 2.52353200
OS 7.52226900 2.52693300
OS 7.52262700 2.52708100
OS 7.52271000 2.52709800
OS 7.52273700 2.52710600
OS 7.52291900 2.52718200
OS 7.52308100 2.52721400
OS 7.52431100 2.52760000
OS 7.52450000 2.52767800
OS 7.52468000 2.52771500
OS 7.52477500 2.52775500
OS 7.52516200 2.52783200
OE
OB 7.42055200 2.32704600 H
OS 7.42669400 2.32704600
OS 7.43273000 2.32824800
OS 7.43840100 2.33059600
OS 7.44352100 2.33401500
OS 7.44786600 2.33836000
OS 7.45128400 2.34347000
OS 7.45363900 2.34915700
OS 7.45484100 2.35518800
OS 7.45484300 2.35523000
OS 7.45484200 2.36133200
OS 7.45364200 2.36736800
OS 7.45129600 2.37303900
OS 7.44787300 2.37816500
OS 7.44358400 2.38245700
OS 7.44348500 2.38252300
OS 7.44342900 2.38257900
OS 7.43841700 2.38593000
OS 7.43274200 2.38827900
OS 7.42669700 2.38948600
OS 7.42665700 2.38948800
OS 7.42055300 2.38948700
OS 7.41452000 2.38828600
OS 7.40884100 2.38593700
OS 7.40381100 2.38257600
OS 7.40375800 2.38252300
OS 7.40366800 2.38246300
OS 7.39937400 2.37816900
OS 7.39596200 2.37306400
OS 7.39594400 2.37302500
OS 7.39361700 2.36740700
OS 7.39360500 2.36737400
OS 7.39240300 2.36134600
OS 7.39240200 2.35519500
OS 7.39360300 2.34916200
OS 7.39595100 2.34348800
OS 7.39597100 2.34345500
OS 7.39937100 2.33836800
OS 7.40371500 2.33402200
OS 7.40374800 2.33399800
OS 7.40882400 2.33060600
OS 7.40886100 2.33058800
OS 7.41451100 2.32825000
OS 7.42055200 2.32704600
OE
SE
S P 0
OB 2.0408050000 1.4608910000 I
OS 2.0408700000 1.4609040000
OS 2.3440070000 1.4609040000
OS 2.3500400000 1.4621030000
OS 2.3500690000 1.4621120000
OS 2.3557250000 1.4644540000
OS 2.3608370000 1.4678680000
OS 2.3651970000 1.4722270000
OS 2.3686000000 1.4773190000
OS 2.3686120000 1.4773400000
OS 2.3706120000 1.4821640000
OS 2.3708270000 1.4824860000
OS 2.3708930000 1.4825520000
OS 2.3710120000 1.4827300000
OS 2.3711380000 1.4828560000
OS 2.3716110000 1.4834440000
OS 2.3717250000 1.4836140000
OS 2.3718460000 1.4837350000
OS 2.3720350000 1.4839690000
OS 2.3720940000 1.4840580000
OS 2.3723690000 1.4843330000
OS 2.3726910000 1.4845480000
OS 2.3730490000 1.4846960000
OS 2.3731240000 1.4847120000
OS 2.3734410000 1.4848180000
OS 2.3736660000 1.4849110000
OS 2.3738030000 1.4849380000
OS 2.3739870000 1.4850000000
OS 2.3742120000 1.4850930000
OS 2.3743490000 1.4851200000
OS 2.3745970000 1.4852030000
OS 2.3747200000 1.4852540000
OS 2.3751100000 1.4853320000
OS 2.3754970000 1.4853320000
OS 2.3758780000 1.4852560000
OS 2.3759350000 1.4852340000
OS 2.3762830000 1.4851450000
OS 2.3765450000 1.4850930000
OS 2.3766380000 1.4850540000
OS 2.3768220000 1.4850070000
OS 2.3771000000 1.4849520000
OS 2.3771990000 1.4849110000
OS 2.3774460000 1.4848480000
OS 2.3775810000 1.4848210000
OS 2.3779460000 1.4846710000
OS 2.3782680000 1.4844560000
OS 2.3785430000 1.4841810000
OS 2.3785700000 1.4841430000
OS 2.3787990000 1.4838970000
OS 2.3790410000 1.4836550000
OS 2.3790820000 1.4835930000
OS 2.3792710000 1.4833910000
OS 2.3795050000 1.4831560000
OS 2.3795460000 1.4830940000
OS 2.3796610000 1.4829710000
OS 2.3797750000 1.4828570000
OS 2.3799950000 1.4825290000
OS 2.3801430000 1.4821710000
OS 2.3801800000 1.4819920000
OS 2.3802150000 1.4818420000
OS 2.3802440000 1.4817730000
OS 2.3803080000 1.4814530000
OS 2.3804080000 1.4810330000
OS 2.3804360000 1.4809650000
OS 2.3804980000 1.4806530000
OS 2.3805130000 1.4806160000
OS 2.3805890000 1.4802330000
OS 2.3805910000 1.3694580000
OS 2.3805140000 1.3690710000
OS 2.3804800000 1.3689890000
OS 2.3804370000 1.3687770000
OS 2.3803720000 1.3686210000
OS 2.3803290000 1.3684740000
OS 2.3802830000 1.3682410000
OS 2.3802080000 1.3680590000
OS 2.3800580000 1.3675480000
OS 2.3800180000 1.3673470000
OS 2.3799540000 1.3671930000
OS 2.3799260000 1.3670970000
OS 2.3799040000 1.3669880000
OS 2.3797530000 1.3666230000
OS 2.3795380000 1.3663010000
OS 2.3794750000 1.3662380000
OS 2.3794000000 1.3661450000
OS 2.3792790000 1.3659640000
OS 2.3792460000 1.3659310000
OS 2.3792140000 1.3658830000
OS 2.2156090000 1.2022800000
OS 2.2152840000 1.2020620000
OS 2.2151980000 1.2020260000
OS 2.2150180000 1.2019060000
OS 2.2148540000 1.2018380000
OS 2.2141980000 1.2014790000
OS 2.2140240000 1.2013630000
OS 2.2138650000 1.2012970000
OS 2.2135980000 1.2011510000
OS 2.2135190000 1.2010980000
OS 2.2131530000 1.2009450000
OS 2.2127720000 1.2008690000
OS 2.2123850000 1.2008690000
OS 2.2123130000 1.2008830000
OS 2.2119670000 1.2009080000
OS 2.2117360000 1.2009080000
OS 2.2116030000 1.2009340000
OS 2.2113870000 1.2009500000
OS 2.2111630000 1.2009500000
OS 2.2110340000 1.2009750000
OS 2.2107500000 1.2009960000
OS 2.2106260000 1.2009960000
OS 2.2102450000 1.2010720000
OS 2.2098870000 1.2012200000
OS 2.2095650000 1.2014350000
OS 2.2095210000 1.2014770000
OS 2.2092410000 1.2016860000
OS 2.2090070000 1.2018420000
OS 2.2089340000 1.2019150000
OS 2.2085270000 1.2022190000
OS 2.2082910000 1.2023760000
OS 2.2082180000 1.2024490000
OS 2.2081510000 1.2024990000
OS 2.2080320000 1.2025790000
OS 2.2077570000 1.2028540000
OS 2.2075380000 1.2031820000
OS 2.2075130000 1.2032430000
OS 2.2074540000 1.2033450000
OS 2.2072480000 1.2036530000
OS 2.2072170000 1.2037270000
OS 2.2037900000 1.2088590000
OS 2.2037740000 1.2088790000
OS 2.1994500000 1.2132030000
OS 2.1994140000 1.2132340000
OS 2.1943220000 1.2166380000
OS 2.1886380000 1.2189920000
OS 2.1826030000 1.2201940000
OS 2.1764850000 1.2201960000
OS 2.1764550000 1.2201940000
OS 2.1704340000 1.2189970000
OS 2.1704040000 1.2189870000
OS 2.1647460000 1.2166440000
OS 2.1596320000 1.2132280000
OS 2.1552750000 1.2088730000
OS 2.1518700000 1.2037790000
OS 2.1518590000 1.2037590000
OS 2.1495100000 1.1980850000
OS 2.1483080000 1.1920510000
OS 2.1483080000 1.1858990000
OS 2.1495070000 1.1798730000
OS 2.1518580000 1.1741930000
OS 2.1552730000 1.1690810000
OS 2.1596040000 1.1647480000
OS 2.1596400000 1.1647170000
OS 2.1648750000 1.1612170000
OS 2.1651510000 1.1609410000
OS 2.1651620000 1.1609250000
OS 2.1658150000 1.1603960000
OS 2.1659830000 1.1602840000
OS 2.1661090000 1.1601580000
OS 2.1663350000 1.1599750000
OS 2.1664270000 1.1599130000
OS 2.1667020000 1.1596380000
OS 2.1669170000 1.1593160000
OS 2.1670690000 1.1589480000
OS 2.1670820000 1.1588810000
OS 2.1671860000 1.1585690000
OS 2.1672800000 1.1583430000
OS 2.1673070000 1.1582070000
OS 2.1673690000 1.1580230000
OS 2.1674640000 1.1577930000
OS 2.1674910000 1.1576550000
OS 2.1675800000 1.1573900000
OS 2.1676240000 1.1572850000
OS 2.1677030000 1.1568950000
OS 2.1677030000 1.1565080000
OS 2.1676270000 1.1561270000
OS 2.1676070000 1.1560770000
OS 2.1675170000 1.1557240000
OS 2.1674640000 1.1554600000
OS 2.1674250000 1.1553660000
OS 2.1672960000 1.1548620000
OS 2.1672430000 1.1545950000
OS 2.1672020000 1.1544950000
OS 2.1671860000 1.1544310000
OS 2.1671560000 1.1542820000
OS 2.1670050000 1.1539180000
OS 2.1667910000 1.1535980000
OS 2.1667340000 1.1535390000
OS 2.1666530000 1.1534340000
OS 2.1665040000 1.1532120000
OS 2.1664460000 1.1531540000
OS 2.1663690000 1.1530380000
OS 2.0637330000 1.0504040000
OS 2.0634110000 1.0501890000
OS 2.0633280000 1.0501550000
OS 2.0631450000 1.0500330000
OS 2.0629810000 1.0499650000
OS 2.0623250000 1.0496060000
OS 2.0621510000 1.0494900000
OS 2.0619930000 1.0494240000
OS 2.0617270000 1.0492790000
OS 2.0616460000 1.0492250000
OS 2.0612800000 1.0490720000
OS 2.0608990000 1.0489960000
OS 2.0605120000 1.0489960000
OS 2.0604400000 1.0490100000
OS 2.0600930000 1.0490350000
OS 2.0598630000 1.0490350000
OS 2.0597310000 1.0490610000
OS 2.0595100000 1.0490770000
OS 2.0592900000 1.0490770000
OS 2.0591640000 1.0491020000
OS 2.0588720000 1.0491230000
OS 2.0587520000 1.0491230000
OS 2.0583710000 1.0491990000
OS 2.0580130000 1.0493470000
OS 2.0576910000 1.0495620000
OS 2.0576450000 1.0496060000
OS 2.0573750000 1.0498080000
OS 2.0571340000 1.0499690000
OS 2.0570600000 1.0500430000
OS 2.0569130000 1.0501520000
OS 2.0566740000 1.0503120000
OS 2.0565940000 1.0503920000
OS 2.0564000000 1.0505370000
OS 2.0562820000 1.0506160000
OS 2.0560000000 1.0508960000
OS 2.0557850000 1.0512180000
OS 2.0556330000 1.0515860000
OS 2.0556260000 1.0516210000
OS 2.0555060000 1.0519410000
OS 2.0553770000 1.0522530000
OS 2.0553630000 1.0523230000
OS 2.0552600000 1.0525980000
OS 2.0551380000 1.0528930000
OS 2.0551240000 1.0529620000
OS 2.0550670000 1.0531170000
OS 2.0550000000 1.0532800000
OS 2.0549240000 1.0536610000
OS 2.0549240000 1.0540480000
OS 2.0549550000 1.0542010000
OS 2.0549850000 1.0543870000
OS 2.0549850000 1.0544530000
OS 2.0550420000 1.0547420000
OS 2.0551180000 1.0552120000
OS 2.0551180000 1.0552780000
OS 2.0551800000 1.0555970000
OS 2.0551800000 1.0556330000
OS 2.0552560000 1.0560140000
OS 2.0559790000 1.0577610000
OS 2.0560010000 1.0578190000
OS 2.0571750000 1.0637090000
OS 2.0571750000 1.0639470000
OS 2.0572040000 1.0640930000
OS 2.0572040000 1.0699940000
OS 2.0560860000 1.0756220000
OS 2.0559450000 1.0759610000
OS 2.0558640000 1.0763710000
OS 2.0536550000 1.0817070000
OS 2.0502390000 1.0868220000
OS 2.0458820000 1.0911800000
OS 2.0407680000 1.0945970000
OS 2.0350980000 1.0969440000
OS 2.0290530000 1.0981480000
OS 2.0229220000 1.0981480000
OS 2.0168850000 1.0969480000
OS 2.0168550000 1.0969380000
OS 2.0112020000 1.0945970000
OS 2.0060900000 1.0911820000
OS 2.0017340000 1.0868270000
OS 1.9997840000 1.0839110000
OS 1.9995090000 1.0836360000
OS 1.9994320000 1.0835840000
OS 1.9992770000 1.0834300000
OS 1.9991310000 1.0833320000
OS 1.9985650000 1.0828600000
OS 1.9984120000 1.0827070000
OS 1.9982650000 1.0826100000
OS 1.9980410000 1.0824220000
OS 1.9979690000 1.0823500000
OS 1.9976400000 1.0821290000
OS 1.9972820000 1.0819810000
OS 1.9968910000 1.0819030000
OS 1.9968180000 1.0819030000
OS 1.9964920000 1.0818620000
OS 1.9962560000 1.0818150000
OS 1.9961230000 1.0818150000
OS 1.9959130000 1.0817880000
OS 1.9956840000 1.0817430000
OS 1.9955550000 1.0817430000
OS 1.9952790000 1.0817080000
OS 1.9951540000 1.0816840000
OS 1.9947590000 1.0816830000
OS 1.9943780000 1.0817590000
OS 1.9940100000 1.0819110000
OS 1.9939660000 1.0819410000
OS 1.9936380000 1.0820980000
OS 1.9933960000 1.0821980000
OS 1.9933150000 1.0822520000
OS 1.9931200000 1.0823450000
OS 1.9928770000 1.0824460000
OS 1.9927960000 1.0825000000
OS 1.9925660000 1.0826100000
OS 1.9924320000 1.0826660000
OS 1.9921030000 1.0828850000
OS 1.9918280000 1.0831600000
OS 1.9916070000 1.0834910000
OS 1.9915940000 1.0835230000
OS 1.9914070000 1.0838260000
OS 1.9912270000 1.0840960000
OS 1.9912010000 1.0841580000
OS 1.9909430000 1.0845760000
OS 1.9907660000 1.0848410000
OS 1.9907400000 1.0849040000
OS 1.9907090000 1.0849540000
OS 1.9906130000 1.0850970000
OS 1.9904620000 1.0854610000
OS 1.9903870000 1.0858400000
OS 1.9903860000 1.0859090000
OS 1.9903630000 1.0860780000
OS 1.9903110000 1.0863420000
OS 1.9903110000 1.0864250000
OS 1.9902760000 1.0866020000
OS 1.9902760000 1.1101820000
OS 1.9903520000 1.1105660000
OS 1.9903870000 1.1106510000
OS 1.9904290000 1.1108630000
OS 1.9904980000 1.1110290000
OS 1.9905360000 1.1111590000
OS 1.9905830000 1.1113950000
OS 1.9906580000 1.1115760000
OS 1.9908040000 1.1120740000
OS 1.9908460000 1.1122860000
OS 1.9909150000 1.1124520000
OS 1.9909430000 1.1125480000
OS 1.9909630000 1.1126480000
OS 1.9911140000 1.1130140000
OS 1.9913290000 1.1133360000
OS 1.9913950000 1.1134020000
OS 1.9914630000 1.1134860000
OS 1.9915850000 1.1136690000
OS 1.9916240000 1.1137080000
OS 1.9916570000 1.1137580000
OS 2.0210360000 1.1431380000
OS 2.0210570000 1.1431710000
OS 2.0240750000 1.1483960000
OS 2.0242140000 1.1490960000
OS 2.0244120000 1.1495720000
OS 2.0249320000 1.1515110000
OS 2.0251350000 1.1525340000
OS 2.0253360000 1.1530200000
OS 2.0254750000 1.1535370000
OS 2.0255760000 1.1540430000
OS 2.0256750000 1.1542820000
OS 2.0256810000 1.1543030000
OS 2.0257310000 1.1545550000
OS 2.0257360000 1.1545670000
OS 2.0257680000 1.1547260000
OS 2.0257790000 1.1547520000
OS 2.0257850000 1.1547810000
OS 2.0259360000 1.1551450000
OS 2.0261550000 1.1554720000
OS 2.0261610000 1.1554780000
OS 2.0263650000 1.1557800000
OS 2.0264520000 1.1559910000
OS 2.0265420000 1.1561260000
OS 2.0266650000 1.1564220000
OS 2.0266900000 1.1564600000
OS 2.0267540000 1.1566140000
OS 2.0269730000 1.1569410000
OS 2.0270260000 1.1569940000
OS 2.0270380000 1.1570120000
OS 2.1208060000 1.2507800000
OS 2.1211330000 1.2509990000
OS 2.1212120000 1.2510320000
OS 2.1213980000 1.2511550000
OS 2.1215650000 1.2512250000
OS 2.1219250000 1.2514640000
OS 2.1221190000 1.2515440000
OS 2.1223310000 1.2516860000
OS 2.1226520000 1.2518190000
OS 2.1228420000 1.2519440000
OS 2.1230040000 1.2520110000
OS 2.1231020000 1.2520750000
OS 2.1234660000 1.2522260000
OS 2.1295670000 1.2534410000
OS 2.1296030000 1.2534540000
OS 2.1352500000 1.2557930000
OS 2.1403670000 1.2592090000
OS 2.1447230000 1.2635630000
OS 2.1481380000 1.2686730000
OS 2.1504890000 1.2743510000
OS 2.1516920000 1.2803860000
OS 2.1516930000 1.2865280000
OS 2.1505000000 1.2925350000
OS 2.1504850000 1.2925870000
OS 2.1481430000 1.2982430000
OS 2.1447180000 1.3033710000
OS 2.1445700000 1.3037290000
OS 2.1445520000 1.3038190000
OS 2.1444680000 1.3040220000
OS 2.1444330000 1.3041980000
OS 2.1442670000 1.3046000000
OS 2.1442260000 1.3048090000
OS 2.1441280000 1.3050440000
OS 2.1440590000 1.3053900000
OS 2.1440530000 1.3054100000
OS 2.1439740000 1.3055990000
OS 2.1439360000 1.3057810000
OS 2.1438970000 1.3058750000
OS 2.1438210000 1.3062590000
OS 2.1438190000 1.3219570000
OS 2.1422290000 1.3278990000
OS 2.1391570000 1.3332240000
OS 2.0399980000 1.4323870000
OS 2.0389050000 1.4340220000
OS 2.0381880000 1.4357540000
OS 2.0347640000 1.4408810000
OS 2.0305260000 1.4451210000
OS 2.0303150000 1.4454360000
OS 2.0303040000 1.4454470000
OS 2.0302500000 1.4455280000
OS 2.0301200000 1.4456580000
OS 2.0299050000 1.4459800000
OS 2.0297440000 1.4463700000
OS 2.0297370000 1.4464040000
OS 2.0297010000 1.4465020000
OS 2.0296180000 1.4467030000
OS 2.0295710000 1.4467730000
OS 2.0295030000 1.4469370000
OS 2.0294050000 1.4471160000
OS 2.0293460000 1.4472050000
OS 2.0293410000 1.4472180000
OS 2.0293300000 1.4472350000
OS 2.0291820000 1.4475930000
OS 2.0291060000 1.4479740000
OS 2.0291060000 1.4480850000
OS 2.0290480000 1.4483760000
OS 2.0290480000 1.4487630000
OS 2.0291310000 1.4491780000
OS 2.0291370000 1.4491930000
OS 2.0292080000 1.4495240000
OS 2.0292140000 1.4496040000
OS 2.0292140000 1.4498330000
OS 2.0292410000 1.4499710000
OS 2.0292470000 1.4500470000
OS 2.0292470000 1.4501730000
OS 2.0293230000 1.4505540000
OS 2.0294710000 1.4509120000
OS 2.0295150000 1.4509780000
OS 2.0295200000 1.4510020000
OS 2.0296680000 1.4513600000
OS 2.0298950000 1.4516980000
OS 2.0299290000 1.4517320000
OS 2.0299580000 1.4517700000
OS 2.0301100000 1.4519980000
OS 2.0301800000 1.4520680000
OS 2.0302470000 1.4521580000
OS 2.0304050000 1.4523940000
OS 2.0373650000 1.4593530000
OS 2.0376920000 1.4595720000
OS 2.0377740000 1.4596060000
OS 2.0379570000 1.4597280000
OS 2.0381220000 1.4597960000
OS 2.0382530000 1.4598670000
OS 2.0384400000 1.4599930000
OS 2.0386160000 1.4600660000
OS 2.0390740000 1.4603160000
OS 2.0392520000 1.4604350000
OS 2.0394170000 1.4605030000
OS 2.0395000000 1.4605490000
OS 2.0395920000 1.4606100000
OS 2.0399560000 1.4607610000
OS 2.0403430000 1.4608380000
OS 2.0404370000 1.4608380000
OS 2.0405470000 1.4608500000
OS 2.0407530000 1.4608910000
OS 2.0408050000 1.4608910000
OE
OB 2.17645700 1.34476300 H
OS 2.18259900 1.34476300
OS 2.18863100 1.34596300
OS 2.19430500 1.34831200
OS 2.19433200 1.34832800
OS 2.19942100 1.35172800
OS 2.20377800 1.35608300
OS 2.20719700 1.36120100
OS 2.20954500 1.36687400
OS 2.21074700 1.37290600
OS 2.21074900 1.37295200
OS 2.21074800 1.37904900
OS 2.20954800 1.38508500
OS 2.20720000 1.39075800
OS 2.20377800 1.39588200
OS 2.19942400 1.40023600
OS 2.19432700 1.40364300
OS 2.19429200 1.40366000
OS 2.18863600 1.40600000
OS 2.18259100 1.40720300
OS 2.17645900 1.40720300
OS 2.17042300 1.40600200
OS 2.16474600 1.40365200
OS 2.15963500 1.40023800
OS 2.15528400 1.39589100
OS 2.15186500 1.39077700
OS 2.15184800 1.39074000
OS 2.14951000 1.38509300
OS 2.14830800 1.37906000
OS 2.14830700 1.37291100
OS 2.14950800 1.36687700
OS 2.15185600 1.36120500
OS 2.15527700 1.35608300
OS 2.15962100 1.35173900
OS 2.16425400 1.34864000
OS 2.16444200 1.34856200
OS 2.16492600 1.34823900
OS 2.17041800 1.34596600
OS 2.17645700 1.34476300
OE
SE
S P 0
OB 7.8852180000 1.8206030000 I
OS 7.8851520000 1.8205900000
OS 7.5957670000 1.8205900000
OS 7.5957460000 1.8205880000
OS 7.5897250000 1.8193910000
OS 7.5896950000 1.8193810000
OS 7.5840370000 1.8170380000
OS 7.5789300000 1.8136260000
OS 7.5789070000 1.8136080000
OS 7.5745680000 1.8092670000
OS 7.5711520000 1.8041560000
OS 7.5688020000 1.7984790000
OS 7.5675990000 1.7924410000
OS 7.5676000000 1.7862930000
OS 7.5688020000 1.7802590000
OS 7.5711490000 1.7745870000
OS 7.5745620000 1.7694760000
OS 7.5789210000 1.7651160000
OS 7.5840340000 1.7617000000
OS 7.5896900000 1.7593590000
OS 7.5957490000 1.7581480000
OS 7.8820050000 1.7581480000
OS 7.8823920000 1.7580710000
OS 7.8824740000 1.7580370000
OS 7.8826880000 1.7579940000
OS 7.8828530000 1.7579250000
OS 7.8837540000 1.7576610000
OS 7.8839670000 1.7576190000
OS 7.8841330000 1.7575500000
OS 7.8843040000 1.7575000000
OS 7.8844070000 1.7574800000
OS 7.8847730000 1.7573290000
OS 7.8850950000 1.7571140000
OS 7.8852120000 1.7569970000
OS 7.8853020000 1.7569120000
OS 7.8853500000 1.7568800000
OS 7.8855850000 1.7566450000
OS 7.8857140000 1.7565240000
OS 7.8857610000 1.7564920000
OS 7.8859760000 1.7562770000
OS 7.8859970000 1.7562630000
OS 7.8862760000 1.7559840000
OS 7.8862900000 1.7559630000
OS 7.8863190000 1.7559340000
OS 7.8864760000 1.7556970000
OS 7.8867200000 1.7553610000
OS 7.8868340000 1.7552470000
OS 7.8871900000 1.7547140000
OS 7.8885730000 1.7528100000
OS 7.8890360000 1.7523470000
OS 7.8891650000 1.7521540000
OS 7.8946930000 1.7466260000
OS 7.8983700000 1.7439540000
OS 7.8988770000 1.7436150000
OS 7.8989860000 1.7435060000
OS 7.9011530000 1.7419310000
OS 7.9013890000 1.7417730000
OS 7.9014320000 1.7417300000
OS 7.9015220000 1.7416700000
OS 7.9017970000 1.7413950000
OS 7.9018580000 1.7413040000
OS 7.9019470000 1.7412150000
OS 7.9020890000 1.7410020000
OS 7.9025380000 1.7404200000
OS 7.9026370000 1.7403210000
OS 7.9027820000 1.7401040000
OS 7.9029800000 1.7398470000
OS 7.9030250000 1.7398020000
OS 7.9032470000 1.7394710000
OS 7.9033950000 1.7391130000
OS 7.9034710000 1.7387320000
OS 7.9034720000 1.7386060000
OS 7.9034950000 1.7383400000
OS 7.9035300000 1.7381650000
OS 7.9035300000 1.7379350000
OS 7.9035450000 1.7377640000
OS 7.9035790000 1.7375920000
OS 7.9035790000 1.7373680000
OS 7.9036060000 1.7370550000
OS 7.9036210000 1.7369810000
OS 7.9036220000 1.7365850000
OS 7.9035460000 1.7362040000
OS 7.9033980000 1.7358460000
OS 7.9033430000 1.7357620000
OS 7.9032010000 1.7354930000
OS 7.9031230000 1.7353040000
OS 7.9030230000 1.7351550000
OS 7.9027490000 1.7346330000
OS 7.9026740000 1.7344520000
OS 7.9025770000 1.7343070000
OS 7.9025330000 1.7342230000
OS 7.9024940000 1.7341290000
OS 7.9022770000 1.7338040000
OS 7.9019960000 1.7335230000
OS 7.9019370000 1.7334840000
OS 7.9018340000 1.7333940000
OS 7.9016790000 1.7332390000
OS 7.9014420000 1.7330810000
OS 7.8989890000 1.7312980000
OS 7.8988770000 1.7311860000
OS 7.8983610000 1.7308410000
OS 7.8946960000 1.7281770000
OS 7.8887520000 1.7222340000
OS 7.8838000000 1.7154200000
OS 7.8824300000 1.7127300000
OS 7.8823130000 1.7124490000
OS 7.8817370000 1.7113710000
OS 7.8799820000 1.7079270000
OS 7.8773830000 1.6999260000
OS 7.8760630000 1.6916100000
OS 7.8760630000 1.6832040000
OS 7.8773810000 1.6748800000
OS 7.8799790000 1.6668800000
OS 7.8836890000 1.6595960000
OS 7.8839410000 1.6592190000
OS 7.8840090000 1.6590910000
OS 7.8887430000 1.6525760000
OS 7.8946930000 1.6466260000
OS 7.8983540000 1.6439640000
OS 7.8988770000 1.6436150000
OS 7.8989900000 1.6435020000
OS 7.9011480000 1.6419330000
OS 7.9013890000 1.6417730000
OS 7.9014330000 1.6417290000
OS 7.9015220000 1.6416700000
OS 7.9017970000 1.6413950000
OS 7.9018570000 1.6413050000
OS 7.9019470000 1.6412150000
OS 7.9020870000 1.6410050000
OS 7.9025390000 1.6404190000
OS 7.9026370000 1.6403210000
OS 7.9027800000 1.6401060000
OS 7.9029810000 1.6398460000
OS 7.9030250000 1.6398020000
OS 7.9032470000 1.6394710000
OS 7.9033950000 1.6391130000
OS 7.9034710000 1.6387320000
OS 7.9034720000 1.6386070000
OS 7.9034960000 1.6383340000
OS 7.9035300000 1.6381650000
OS 7.9035300000 1.6379390000
OS 7.9035450000 1.6377640000
OS 7.9035790000 1.6375920000
OS 7.9035790000 1.6373680000
OS 7.9036060000 1.6370550000
OS 7.9036210000 1.6369810000
OS 7.9036220000 1.6365850000
OS 7.9035460000 1.6362040000
OS 7.9033980000 1.6358460000
OS 7.9033430000 1.6357620000
OS 7.9032010000 1.6354930000
OS 7.9031230000 1.6353040000
OS 7.9030230000 1.6351550000
OS 7.9027500000 1.6346360000
OS 7.9026740000 1.6344520000
OS 7.9025770000 1.6343070000
OS 7.9025330000 1.6342230000
OS 7.9024940000 1.6341290000
OS 7.9022770000 1.6338040000
OS 7.9019960000 1.6335230000
OS 7.9019370000 1.6334840000
OS 7.9018340000 1.6333940000
OS 7.9016790000 1.6332390000
OS 7.9014380000 1.6330780000
OS 7.8989880000 1.6312970000
OS 7.8988770000 1.6311860000
OS 7.8983630000 1.6308430000
OS 7.8946960000 1.6281770000
OS 7.8887520000 1.6222340000
OS 7.8853660000 1.6175760000
OS 7.8846800000 1.6165480000
OS 7.8844590000 1.6163270000
OS 7.8838210000 1.6154490000
OS 7.8837990000 1.6154160000
OS 7.8837760000 1.6153710000
OS 7.8836050000 1.6149580000
OS 7.8834390000 1.6147090000
OS 7.8831680000 1.6141780000
OS 7.8830830000 1.6139730000
OS 7.8830030000 1.6138530000
OS 7.8829620000 1.6137550000
OS 7.8827470000 1.6134330000
OS 7.8826740000 1.6133600000
OS 7.8826460000 1.6133180000
OS 7.8823980000 1.6130700000
OS 7.8818670000 1.6125080000
OS 7.8818360000 1.6124620000
OS 7.8815990000 1.6122250000
OS 7.8813600000 1.6119720000
OS 7.8813470000 1.6119530000
OS 7.8810650000 1.6116700000
OS 7.8807430000 1.6114550000
OS 7.8803850000 1.6113070000
OS 7.8802490000 1.6112790000
OS 7.8800190000 1.6112160000
OS 7.8798950000 1.6111650000
OS 7.8796540000 1.6111170000
OS 7.8790440000 1.6109520000
OS 7.8789220000 1.6109010000
OS 7.8786720000 1.6108510000
OS 7.8786070000 1.6108240000
OS 7.8782200000 1.6107470000
OS 7.2792680000 1.6107470000
OS 7.2788840000 1.6108230000
OS 7.2788230000 1.6108480000
OS 7.2785620000 1.6109000000
OS 7.2784420000 1.6109500000
OS 7.2779230000 1.6110540000
OS 7.2777680000 1.6111180000
OS 7.2774380000 1.6111840000
OS 7.2772430000 1.6112650000
OS 7.2770650000 1.6113000000
OS 7.2769610000 1.6113430000
OS 7.2768750000 1.6113600000
OS 7.2765110000 1.6115110000
OS 7.2764390000 1.6115590000
OS 7.2763370000 1.6116020000
OS 7.2761870000 1.6117020000
OS 7.2759820000 1.6117870000
OS 7.2755550000 1.6120720000
OS 7.2751550000 1.6123030000
OS 7.2728010000 1.6129340000
OS 7.2723090000 1.6130320000
OS 7.2713430000 1.6133250000
OS 7.2701930000 1.6136340000
OS 7.2699990000 1.6136720000
OS 7.2695400000 1.6138070000
OS 7.2687030000 1.6139740000
OS 7.2680480000 1.6142450000
OS 7.2680290000 1.6142510000
OS 7.2676140000 1.6143330000
OS 7.2672760000 1.6144730000
OS 7.2670670000 1.6145140000
OS 7.2668990000 1.6145840000
OS 7.2667940000 1.6146040000
OS 7.2664300000 1.6147540000
OS 7.2612450000 1.6182170000
OS 7.2555670000 1.6205670000
OS 7.2495250000 1.6217700000
OS 7.2434140000 1.6217710000
OS 7.2433840000 1.6217690000
OS 7.2373630000 1.6205720000
OS 7.2373330000 1.6205620000
OS 7.2316750000 1.6182190000
OS 7.2265620000 1.6148040000
OS 7.2222070000 1.6104510000
OS 7.2202580000 1.6075350000
OS 7.2199790000 1.6072560000
OS 7.2199030000 1.6072050000
OS 7.2197500000 1.6070520000
OS 7.2196030000 1.6069550000
OS 7.2190410000 1.6064840000
OS 7.2188860000 1.6063290000
OS 7.2187260000 1.6062220000
OS 7.2185130000 1.6060440000
OS 7.2184410000 1.6059720000
OS 7.2181120000 1.6057510000
OS 7.2177540000 1.6056030000
OS 7.2173630000 1.6055250000
OS 7.2172900000 1.6055250000
OS 7.2169840000 1.6054870000
OS 7.2167300000 1.6054370000
OS 7.2165930000 1.6054370000
OS 7.2163880000 1.6054110000
OS 7.2161550000 1.6053650000
OS 7.2160220000 1.6053650000
OS 7.2157540000 1.6053310000
OS 7.2156260000 1.6053060000
OS 7.2152310000 1.6053050000
OS 7.2148500000 1.6053810000
OS 7.2144820000 1.6055330000
OS 7.2144380000 1.6055630000
OS 7.2141140000 1.6057180000
OS 7.2138670000 1.6058200000
OS 7.2137850000 1.6058750000
OS 7.2135900000 1.6059680000
OS 7.2133490000 1.6060680000
OS 7.2132680000 1.6061220000
OS 7.2130380000 1.6062320000
OS 7.2129040000 1.6062870000
OS 7.2125740000 1.6065070000
OS 7.2122990000 1.6067820000
OS 7.2120790000 1.6071120000
OS 7.2120640000 1.6071480000
OS 7.2118690000 1.6074630000
OS 7.2116990000 1.6077180000
OS 7.2116740000 1.6077790000
OS 7.2114140000 1.6081980000
OS 7.2112390000 1.6084610000
OS 7.2112130000 1.6085230000
OS 7.2111780000 1.6085800000
OS 7.2110840000 1.6087210000
OS 7.2109360000 1.6090790000
OS 7.2108600000 1.6094600000
OS 7.2108590000 1.6095310000
OS 7.2108370000 1.6096920000
OS 7.2107840000 1.6099620000
OS 7.2107840000 1.6100470000
OS 7.2107490000 1.6102240000
OS 7.2107490000 1.8848120000
OS 7.2108250000 1.8851960000
OS 7.2108590000 1.8852770000
OS 7.2109020000 1.8854920000
OS 7.2109710000 1.8856570000
OS 7.2111780000 1.8863630000
OS 7.2112210000 1.8865790000
OS 7.2112900000 1.8867460000
OS 7.2113690000 1.8870130000
OS 7.2113900000 1.8871220000
OS 7.2115420000 1.8874890000
OS 7.2117570000 1.8878110000
OS 7.2120320000 1.8880860000
OS 7.2121000000 1.8881330000
OS 7.2123350000 1.8883370000
OS 7.2125180000 1.8885200000
OS 7.2126350000 1.8885980000
OS 7.2128750000 1.8888060000
OS 7.2130580000 1.8889890000
OS 7.2131800000 1.8890710000
OS 7.2133250000 1.8891960000
OS 7.2134140000 1.8892850000
OS 7.2137360000 1.8895000000
OS 7.2140940000 1.8896480000
OS 7.2144010000 1.8897120000
OS 7.2144410000 1.8897280000
OS 7.2147730000 1.8897940000
OS 7.2151250000 1.8898700000
OS 7.2151580000 1.8898840000
OS 7.2155080000 1.8899540000
OS 7.2155250000 1.8899610000
OS 7.2159120000 1.8900380000
OS 7.5188560000 1.8900380000
OS 7.5192430000 1.8899610000
OS 7.5193240000 1.8899270000
OS 7.5195360000 1.8898840000
OS 7.5196920000 1.8898190000
OS 7.5197090000 1.8898140000
OS 7.5201310000 1.8897300000
OS 7.5203260000 1.8896490000
OS 7.5205770000 1.8895990000
OS 7.5208970000 1.8894660000
OS 7.5209230000 1.8894590000
OS 7.5211230000 1.8894190000
OS 7.5212760000 1.8893550000
OS 7.5213950000 1.8893310000
OS 7.5217590000 1.8891800000
OS 7.5269500000 1.8857150000
OS 7.5326260000 1.8833670000
OS 7.5386580000 1.8821650000
OS 7.5447950000 1.8821640000
OS 7.5508280000 1.8833630000
OS 7.5508600000 1.8833730000
OS 7.5565140000 1.8857150000
OS 7.5616250000 1.8891280000
OS 7.5659850000 1.8934870000
OS 7.5694000000 1.8985990000
OS 7.5717460000 1.9042670000
OS 7.5729520000 1.9103130000
OS 7.5729530000 1.9164260000
OS 7.5729510000 1.9164560000
OS 7.5717500000 1.9224930000
OS 7.5694030000 1.9281630000
OS 7.5659870000 1.9332780000
OS 7.5629850000 1.9362830000
OS 7.5627680000 1.9366080000
OS 7.5627340000 1.9366910000
OS 7.5626130000 1.9368730000
OS 7.5625450000 1.9370380000
OS 7.5621850000 1.9376960000
OS 7.5620710000 1.9378670000
OS 7.5620050000 1.9380250000
OS 7.5618670000 1.9382780000
OS 7.5618050000 1.9383710000
OS 7.5616530000 1.9387380000
OS 7.5615770000 1.9391190000
OS 7.5615770000 1.9395060000
OS 7.5615910000 1.9395830000
OS 7.5616160000 1.9399250000
OS 7.5616160000 1.9401550000
OS 7.5616420000 1.9402870000
OS 7.5616570000 1.9404920000
OS 7.5616570000 1.9407250000
OS 7.5616840000 1.9408600000
OS 7.5617040000 1.9411400000
OS 7.5617040000 1.9412640000
OS 7.5617800000 1.9416450000
OS 7.5619280000 1.9420030000
OS 7.5621500000 1.9423350000
OS 7.5621870000 1.9423720000
OS 7.5623980000 1.9426550000
OS 7.5625490000 1.9428810000
OS 7.5626190000 1.9429510000
OS 7.5627390000 1.9431120000
OS 7.5628950000 1.9433450000
OS 7.5629670000 1.9434170000
OS 7.5631200000 1.9436220000
OS 7.5632020000 1.9437440000
OS 7.5634770000 1.9440190000
OS 7.5637990000 1.9442340000
OS 7.5641680000 1.9443870000
OS 7.5642010000 1.9443940000
OS 7.5645640000 1.9445290000
OS 7.5648360000 1.9446420000
OS 7.5649010000 1.9446550000
OS 7.5655330000 1.9448910000
OS 7.5658000000 1.9450020000
OS 7.5658630000 1.9450150000
OS 7.5660150000 1.9450780000
OS 7.5664020000 1.9451550000
OS 7.6172810000 1.9451560000
OS 7.6176680000 1.9450790000
OS 7.6177500000 1.9450450000
OS 7.6179660000 1.9450020000
OS 7.6181330000 1.9449330000
OS 7.6185560000 1.9448480000
OS 7.6187510000 1.9447670000
OS 7.6190020000 1.9447170000
OS 7.6193210000 1.9445850000
OS 7.6195450000 1.9445390000
OS 7.6197100000 1.9444710000
OS 7.6198210000 1.9444480000
OS 7.6201850000 1.9442970000
OS 7.6253640000 1.9408390000
OS 7.6310470000 1.9384850000
OS 7.6370820000 1.9372830000
OS 7.6432200000 1.9372820000
OS 7.6492460000 1.9384790000
OS 7.6492890000 1.9384930000
OS 7.6549350000 1.9408310000
OS 7.6600440000 1.9442420000
OS 7.6600690000 1.9442630000
OS 7.6644100000 1.9486050000
OS 7.6678170000 1.9537030000
OS 7.6701740000 1.9593890000
OS 7.6713780000 1.9654310000
OS 7.6713790000 1.9715500000
OS 7.6713770000 1.9715760000
OS 7.6701850000 1.9775730000
OS 7.6701700000 1.9776270000
OS 7.6678290000 1.9832790000
OS 7.6644120000 1.9883970000
OS 7.6600560000 1.9927540000
OS 7.6549530000 1.9961650000
OS 7.6492810000 1.9985150000
OS 7.6432330000 1.9997220000
OS 7.6371160000 1.9997240000
OS 7.6370860000 1.9997220000
OS 7.6310700000 1.9985260000
OS 7.6310290000 1.9985130000
OS 7.6253770000 1.9961740000
OS 7.6202480000 1.9927480000
OS 7.6198900000 1.9926000000
OS 7.6198100000 1.9925840000
OS 7.6196000000 1.9924990000
OS 7.6194310000 1.9924650000
OS 7.6194020000 1.9924560000
OS 7.6190230000 1.9922990000
OS 7.6188150000 1.9922570000
OS 7.6185770000 1.9921590000
OS 7.6182330000 1.9920900000
OS 7.6182100000 1.9920830000
OS 7.6180220000 1.9920050000
OS 7.6178540000 1.9919720000
OS 7.6177440000 1.9919280000
OS 7.6173630000 1.9918520000
OS 7.5252380000 1.9918500000
OS 7.5248530000 1.9919260000
OS 7.5247760000 1.9919580000
OS 7.5245590000 1.9920030000
OS 7.5244020000 1.9920680000
OS 7.5243820000 1.9920740000
OS 7.5239650000 1.9921570000
OS 7.5237690000 1.9922380000
OS 7.5235090000 1.9922900000
OS 7.5231840000 1.9924250000
OS 7.5229620000 1.9924700000
OS 7.5228010000 1.9925370000
OS 7.5226930000 1.9925580000
OS 7.5223270000 1.9927100000
OS 7.5171490000 1.9961700000
OS 7.5114740000 1.9985190000
OS 7.5054310000 1.9997230000
OS 7.4993200000 1.9997240000
OS 7.4992890000 1.9997220000
OS 7.4932830000 1.9985280000
OS 7.4932380000 1.9985150000
OS 7.4875790000 1.9961720000
OS 7.4824690000 1.9927570000
OS 7.4824510000 1.9927420000
OS 7.4781130000 1.9884040000
OS 7.4746930000 1.9832860000
OS 7.4723450000 1.9776130000
OS 7.4711420000 1.9715750000
OS 7.4711430000 1.9654270000
OS 7.4723410000 1.9594080000
OS 7.4723510000 1.9593780000
OS 7.4746920000 1.9537220000
OS 7.4781080000 1.9486080000
OS 7.4811110000 1.9456020000
OS 7.4813260000 1.9452800000
OS 7.4813620000 1.9451950000
OS 7.4814820000 1.9450140000
OS 7.4815510000 1.9448480000
OS 7.4819030000 1.9442040000
OS 7.4820240000 1.9440220000
OS 7.4820970000 1.9438470000
OS 7.4822280000 1.9436070000
OS 7.4822890000 1.9435160000
OS 7.4824410000 1.9431490000
OS 7.4825170000 1.9427680000
OS 7.4825170000 1.9423720000
OS 7.4825030000 1.9423010000
OS 7.4824800000 1.9419840000
OS 7.4824800000 1.9417340000
OS 7.4824510000 1.9415900000
OS 7.4824380000 1.9414060000
OS 7.4824380000 1.9411590000
OS 7.4824100000 1.9410170000
OS 7.4823910000 1.9407590000
OS 7.4823910000 1.9406290000
OS 7.4823140000 1.9402410000
OS 7.4821660000 1.9398830000
OS 7.4819440000 1.9395510000
OS 7.4819060000 1.9395130000
OS 7.4817080000 1.9392470000
OS 7.4815450000 1.9390030000
OS 7.4814690000 1.9389270000
OS 7.4813580000 1.9387780000
OS 7.4812010000 1.9385420000
OS 7.4811220000 1.9384630000
OS 7.4809750000 1.9382660000
OS 7.4808970000 1.9381490000
OS 7.4806180000 1.9378690000
OS 7.4802960000 1.9376540000
OS 7.4799270000 1.9375000000
OS 7.4798960000 1.9374940000
OS 7.4795390000 1.9373610000
OS 7.4792600000 1.9372450000
OS 7.4791930000 1.9372320000
OS 7.4785590000 1.9369950000
OS 7.4782950000 1.9368850000
OS 7.4782330000 1.9368730000
OS 7.4780790000 1.9368090000
OS 7.4776920000 1.9367330000
OS 7.4718740000 1.9367330000
OS 7.4718640000 1.9367310000
OS 7.4702890000 1.9367310000
OS 7.4702790000 1.9367330000
OS 7.4593700000 1.9367330000
OS 7.4593600000 1.9367310000
OS 7.2159770000 1.9367310000
OS 7.2155900000 1.9368080000
OS 7.2155070000 1.9368430000
OS 7.2152940000 1.9368850000
OS 7.2151300000 1.9369530000
OS 7.2144160000 1.9371630000
OS 7.2142080000 1.9372040000
OS 7.2140450000 1.9372720000
OS 7.2137750000 1.9373510000
OS 7.2136640000 1.9373730000
OS 7.2132970000 1.9375250000
OS 7.2129750000 1.9377400000
OS 7.2127000000 1.9380150000
OS 7.2126580000 1.9380760000
OS 7.2124360000 1.9383320000
OS 7.2122670000 1.9385010000
OS 7.2121920000 1.9386140000
OS 7.2119670000 1.9388730000
OS 7.2117960000 1.9390440000
OS 7.2117200000 1.9391580000
OS 7.2115890000 1.9393090000
OS 7.2115050000 1.9393930000
OS 7.2112850000 1.9397220000
OS 7.2111350000 1.9400840000
OS 7.2110710000 1.9403940000
OS 7.2110570000 1.9404270000
OS 7.2109940000 1.9407450000
OS 7.2109150000 1.9411070000
OS 7.2109020000 1.9411390000
OS 7.2108320000 1.9414900000
OS 7.2108250000 1.9415070000
OS 7.2107490000 1.9418900000
OS 7.2107490000 2.1415470000
OS 7.2108250000 2.1419310000
OS 7.2108600000 2.1420160000
OS 7.2109020000 2.1422270000
OS 7.2109710000 2.1423930000
OS 7.2111780000 2.1430980000
OS 7.2112210000 2.1433130000
OS 7.2112870000 2.1434710000
OS 7.2113690000 2.1437480000
OS 7.2113900000 2.1438570000
OS 7.2115420000 2.1442230000
OS 7.2117570000 2.1445450000
OS 7.2120390000 2.1448270000
OS 7.2120940000 2.1448640000
OS 7.2123480000 2.1450840000
OS 7.2125180000 2.1452540000
OS 7.2126310000 2.1453290000
OS 7.2127770000 2.1454560000
OS 7.2129520000 2.1456310000
OS 7.2130670000 2.1457080000
OS 7.2132680000 2.1458820000
OS 7.2133580000 2.1459720000
OS 7.2136880000 2.1461940000
OS 7.2140460000 2.1463420000
OS 7.2144270000 2.1464180000
OS 7.2144820000 2.1464180000
OS 7.2148220000 2.1464670000
OS 7.2151080000 2.1465240000
OS 7.2152170000 2.1465240000
OS 7.2153930000 2.1465490000
OS 7.2156770000 2.1466060000
OS 7.2157850000 2.1466060000
OS 7.2160330000 2.1466420000
OS 7.2161700000 2.1466690000
OS 7.2165640000 2.1466700000
OS 7.2169450000 2.1465940000
OS 7.2173030000 2.1464460000
OS 7.2173440000 2.1464210000
OS 7.2176750000 2.1462700000
OS 7.2179650000 2.1461500000
OS 7.2180200000 2.1461130000
OS 7.2184940000 2.1458970000
OS 7.2187580000 2.1457880000
OS 7.2188080000 2.1457550000
OS 7.2188910000 2.1457170000
OS 7.2190280000 2.1456600000
OS 7.2193550000 2.1454430000
OS 7.2196300000 2.1451680000
OS 7.2196640000 2.1451170000
OS 7.2197920000 2.1449720000
OS 7.2199710000 2.1447930000
OS 7.2200150000 2.1447270000
OS 7.2201450000 2.1445970000
OS 7.2221950000 2.1415310000
OS 7.2222190000 2.1415010000
OS 7.2265570000 2.1371660000
OS 7.2316690000 2.1337500000
OS 7.2373460000 2.1313990000
OS 7.2433860000 2.1301960000
OS 7.2495190000 2.1301960000
OS 7.2555530000 2.1313950000
OS 7.2555810000 2.1314040000
OS 7.2612370000 2.1337460000
OS 7.2663630000 2.1371690000
OS 7.2667210000 2.1373170000
OS 7.2668280000 2.1373410000
OS 7.2670130000 2.1374180000
OS 7.2671770000 2.1374510000
OS 7.2671960000 2.1374570000
OS 7.2675930000 2.1376210000
OS 7.2678020000 2.1376630000
OS 7.2680370000 2.1377600000
OS 7.2683830000 2.1378290000
OS 7.2684050000 2.1378360000
OS 7.2685940000 2.1379140000
OS 7.2687710000 2.1379500000
OS 7.2688690000 2.1379910000
OS 7.2692560000 2.1380680000
OS 7.8765870000 2.1380700000
OS 7.8769740000 2.1379930000
OS 7.8770560000 2.1379590000
OS 7.8772720000 2.1379160000
OS 7.8774380000 2.1378470000
OS 7.8781830000 2.1376290000
OS 7.8783980000 2.1375860000
OS 7.8785630000 2.1375180000
OS 7.8788110000 2.1374450000
OS 7.8789200000 2.1374230000
OS 7.8792870000 2.1372710000
OS 7.8796090000 2.1370560000
OS 7.8798840000 2.1367810000
OS 7.8799170000 2.1367340000
OS 7.8801330000 2.1364950000
OS 7.8803390000 2.1362890000
OS 7.8803940000 2.1362070000
OS 7.8808090000 2.1357480000
OS 7.8810160000 2.1355410000
OS 7.8810600000 2.1354750000
OS 7.8811250000 2.1354100000
OS 7.8813400000 2.1350880000
OS 7.8813780000 2.1350000000
OS 7.8814530000 2.1348860000
OS 7.8815400000 2.1346750000
OS 7.8818180000 2.1341300000
OS 7.8819990000 2.1338590000
OS 7.8821830000 2.1334140000
OS 7.8837220000 2.1303970000
OS 7.8840850000 2.1298550000
OS 7.8871550000 2.1256290000
OS 7.8875440000 2.1251550000
OS 7.8880560000 2.1243890000
OS 7.8887360000 2.1234530000
OS 7.8887570000 2.1234280000
OS 7.8946960000 2.1174890000
OS 7.8963450000 2.1162910000
OS 7.8971090000 2.1157800000
OS 7.8975850000 2.1153890000
OS 7.9015030000 2.1125420000
OS 7.9089980000 2.1087220000
OS 7.9169990000 2.1061230000
OS 7.9253230000 2.1048020000
OS 7.9455390000 2.1048020000
OS 7.9538430000 2.1061180000
OS 7.9618660000 2.1087220000
OS 7.9693580000 2.1125380000
OS 7.9732760000 2.1153850000
OS 7.9737570000 2.1157800000
OS 7.9745330000 2.1162990000
OS 7.9761520000 2.1174750000
OS 7.9761770000 2.1174960000
OS 7.9821160000 2.1234350000
OS 7.9870630000 2.1302420000
OS 7.9908830000 2.1377370000
OS 7.9934830000 2.1457400000
OS 7.9948030000 2.1540570000
OS 7.9948030000 2.1624630000
OS 7.9934840000 2.1707870000
OS 7.9908880000 2.1787840000
OS 7.9897750000 2.1809700000
OS 7.9891720000 2.1820990000
OS 7.9890520000 2.1823890000
OS 7.9870680000 2.1862830000
OS 7.9821240000 2.1930890000
OS 7.9761730000 2.1990400000
OS 7.9725020000 2.2017090000
OS 7.9719890000 2.2020510000
OS 7.9718780000 2.2021620000
OS 7.9697130000 2.2037350000
OS 7.9694770000 2.2038930000
OS 7.9694340000 2.2039360000
OS 7.9693440000 2.2039960000
OS 7.9690690000 2.2042710000
OS 7.9690090000 2.2043610000
OS 7.9689190000 2.2044510000
OS 7.9687790000 2.2046610000
OS 7.9683280000 2.2052460000
OS 7.9682290000 2.2053450000
OS 7.9680840000 2.2055630000
OS 7.9678870000 2.2058180000
OS 7.9678410000 2.2058640000
OS 7.9676190000 2.2061950000
OS 7.9674710000 2.2065530000
OS 7.9673950000 2.2069340000
OS 7.9673950000 2.2070480000
OS 7.9673710000 2.2073280000
OS 7.9673370000 2.2075010000
OS 7.9673370000 2.2077200000
OS 7.9673210000 2.2079090000
OS 7.9672880000 2.2080740000
OS 7.9672880000 2.2082870000
OS 7.9672600000 2.2086110000
OS 7.9672440000 2.2086940000
OS 7.9672440000 2.2090810000
OS 7.9673200000 2.2094620000
OS 7.9674680000 2.2098200000
OS 7.9675230000 2.2099040000
OS 7.9676620000 2.2101670000
OS 7.9677430000 2.2103620000
OS 7.9678440000 2.2105130000
OS 7.9681080000 2.2110150000
OS 7.9681910000 2.2112140000
OS 7.9682910000 2.2113630000
OS 7.9683320000 2.2114390000
OS 7.9683740000 2.2115400000
OS 7.9685890000 2.2118620000
OS 7.9688640000 2.2121370000
OS 7.9689280000 2.2121810000
OS 7.9690200000 2.2122610000
OS 7.9691860000 2.2124270000
OS 7.9694290000 2.2125890000
OS 7.9718770000 2.2143680000
OS 7.9719890000 2.2144800000
OS 7.9725040000 2.2148240000
OS 7.9761520000 2.2174750000
OS 7.9761770000 2.2174960000
OS 7.9821160000 2.2234350000
OS 7.9846150000 2.2268730000
OS 7.9853160000 2.2279220000
OS 7.9855390000 2.2281450000
OS 7.9870630000 2.2302420000
OS 7.9881650000 2.2324040000
OS 7.9883430000 2.2328350000
OS 7.9885160000 2.2330940000
OS 7.9902900000 2.2365760000
OS 7.9903770000 2.2367850000
OS 7.9904550000 2.2369020000
OS 7.9904970000 2.2370020000
OS 7.9907140000 2.2373270000
OS 7.9907880000 2.2374010000
OS 7.9908140000 2.2374400000
OS 7.9910400000 2.2376660000
OS 7.9913900000 2.2380370000
OS 7.9914210000 2.2380830000
OS 7.9916530000 2.2383150000
OS 7.9920840000 2.2387710000
OS 7.9920960000 2.2387900000
OS 7.9923780000 2.2390740000
OS 7.9927000000 2.2392890000
OS 7.9930580000 2.2394370000
OS 7.9931670000 2.2394590000
OS 7.9945500000 2.2397980000
OS 7.9945950000 2.2398170000
OS 7.9949960000 2.2398980000
OS 7.9953830000 2.2398980000
OS 7.9957640000 2.2398220000
OS 7.9961220000 2.2396740000
OS 7.9964440000 2.2394590000
OS 7.9967190000 2.2391840000
OS 7.9967320000 2.2391680000
OS 7.9967860000 2.2390870000
OS 7.9974910000 2.2382280000
OS 7.9976360000 2.2380830000
OS 7.9977500000 2.2379130000
OS 7.9978510000 2.2377910000
OS 7.9999650000 2.2356770000
OS 8.0002160000 2.2354710000
OS 8.0005320000 2.2352600000
OS 8.0008020000 2.2349900000
OS 8.0022910000 2.2337680000
OS 8.0046910000 2.2321640000
OS 8.0053230000 2.2319020000
OS 8.0059710000 2.2314690000
OS 8.0074350000 2.2306870000
OS 8.0101950000 2.2295430000
OS 8.0130580000 2.2286750000
OS 8.0159980000 2.2280900000
OS 8.0189630000 2.2277980000
OS 8.0197070000 2.2277980000
OS 8.0197370000 2.2277950000
OS 8.0219680000 2.2277950000
OS 8.0249760000 2.2280910000
OS 8.0279010000 2.2286730000
OS 8.0307780000 2.2295450000
OS 8.0335400000 2.2306890000
OS 8.0361710000 2.2320940000
OS 8.0381030000 2.2333830000
OS 8.0381660000 2.2334350000
OS 8.0387510000 2.2338260000
OS 8.0409860000 2.2356600000
OS 8.0431150000 2.2377870000
OS 8.0450240000 2.2401130000
OS 8.0466850000 2.2425990000
OS 8.0480400000 2.2451320000
OS 8.0481050000 2.2452570000
OS 8.0492480000 2.2480140000
OS 8.0501160000 2.2508760000
OS 8.0507000000 2.2538090000
OS 8.0509970000 2.2568090000
OS 8.0509980000 2.2597560000
OS 8.0509960000 2.2598060000
OS 8.0507080000 2.2627490000
OS 8.0507010000 2.2627980000
OS 8.0501250000 2.2656990000
OS 8.0501170000 2.2657310000
OS 8.0492490000 2.2685950000
OS 8.0481030000 2.2713620000
OS 8.0466890000 2.2740080000
OS 8.0450300000 2.2764930000
OS 8.0431190000 2.2788230000
OS 8.0410050000 2.2809370000
OS 8.0386790000 2.2828460000
OS 8.0361990000 2.2845040000
OS 8.0337690000 2.2858030000
OS 8.0335890000 2.2858780000
OS 8.0334840000 2.2859480000
OS 8.0325580000 2.2863320000
OS 8.0322360000 2.2865470000
OS 8.0319610000 2.2868220000
OS 8.0317460000 2.2871440000
OS 8.0315920000 2.2875170000
OS 8.0315780000 2.2875860000
OS 8.0313910000 2.2881460000
OS 8.0313440000 2.2882610000
OS 8.0312680000 2.2886420000
OS 8.0312680000 2.2890290000
OS 8.0313440000 2.2894100000
OS 8.0313640000 2.2894600000
OS 8.0315790000 2.2902990000
OS 8.0316370000 2.2905890000
OS 8.0316760000 2.2906850000
OS 8.0317270000 2.2909410000
OS 8.0317700000 2.2910450000
OS 8.0317930000 2.2911330000
OS 8.0318180000 2.2912600000
OS 8.0319660000 2.2916180000
OS 8.0321810000 2.2919400000
OS 8.0322340000 2.2919950000
OS 8.0323240000 2.2921110000
OS 8.0324660000 2.2923240000
OS 8.0325230000 2.2923810000
OS 8.0325990000 2.2924950000
OS 8.0803790000 2.3402750000
OS 8.0807050000 2.3404930000
OS 8.0807910000 2.3405290000
OS 8.0809670000 2.3406460000
OS 8.0811290000 2.3407130000
OS 8.0817910000 2.3410750000
OS 8.0819620000 2.3411890000
OS 8.0821190000 2.3412540000
OS 8.0823750000 2.3413940000
OS 8.0824670000 2.3414550000
OS 8.0828310000 2.3416060000
OS 8.0832160000 2.3416830000
OS 8.0836110000 2.3416830000
OS 8.0836820000 2.3416690000
OS 8.0840120000 2.3416450000
OS 8.0842500000 2.3416450000
OS 8.0843870000 2.3416180000
OS 8.0845760000 2.3416040000
OS 8.0848220000 2.3416040000
OS 8.0849630000 2.3415760000
OS 8.0852230000 2.3415570000
OS 8.0853530000 2.3415570000
OS 8.0857410000 2.3414800000
OS 8.0860990000 2.3413320000
OS 8.0864310000 2.3411100000
OS 8.0864690000 2.3410720000
OS 8.0867410000 2.3408690000
OS 8.0869780000 2.3407110000
OS 8.0870510000 2.3406380000
OS 8.0872000000 2.3405270000
OS 8.0874410000 2.3403660000
OS 8.0875150000 2.3402920000
OS 8.0877200000 2.3401390000
OS 8.0878330000 2.3400630000
OS 8.0881130000 2.3397840000
OS 8.0883280000 2.3394620000
OS 8.0884820000 2.3390930000
OS 8.0884900000 2.3390540000
OS 8.0886050000 2.3387470000
OS 8.0887380000 2.3384250000
OS 8.0887520000 2.3383570000
OS 8.0889800000 2.3377460000
OS 8.0890980000 2.3374620000
OS 8.0891110000 2.3373950000
OS 8.0891740000 2.3372440000
OS 8.0892510000 2.3368570000
OS 8.0892520000 2.3359020000
OS 8.0892500000 2.3358920000
OS 8.0892500000 2.3306310000
OS 8.0892520000 2.3306210000
OS 8.0892520000 2.3290460000
OS 8.0892500000 2.3290360000
OS 8.0892500000 2.3121050000
OS 8.0892520000 2.3120950000
OS 8.0892520000 2.3089440000
OS 8.0892500000 2.3089350000
OS 8.0892520000 1.8465110000
OS 8.0891750000 1.8461240000
OS 8.0891410000 1.8460410000
OS 8.0890980000 1.8458300000
OS 8.0890330000 1.8456730000
OS 8.0889900000 1.8455280000
OS 8.0889440000 1.8452950000
OS 8.0888700000 1.8451150000
OS 8.0887180000 1.8445970000
OS 8.0886790000 1.8444020000
OS 8.0886170000 1.8442520000
OS 8.0885860000 1.8441470000
OS 8.0885650000 1.8440410000
OS 8.0884140000 1.8436770000
OS 8.0881980000 1.8433530000
OS 8.0881340000 1.8432890000
OS 8.0880540000 1.8431900000
OS 8.0879400000 1.8430190000
OS 8.0879060000 1.8429850000
OS 8.0878720000 1.8429340000
OS 7.9775630000 1.7326250000
OS 7.9772410000 1.7324100000
OS 7.9771520000 1.7323720000
OS 7.9769760000 1.7322550000
OS 7.9768170000 1.7321890000
OS 7.9761560000 1.7318280000
OS 7.9759790000 1.7317100000
OS 7.9758150000 1.7316420000
OS 7.9755660000 1.7315060000
OS 7.9754750000 1.7314450000
OS 7.9751110000 1.7312940000
OS 7.9747270000 1.7312170000
OS 7.9743400000 1.7312170000
OS 7.9742610000 1.7312320000
OS 7.9739360000 1.7312550000
OS 7.9736910000 1.7312550000
OS 7.9735520000 1.7312830000
OS 7.9730610000 1.7313180000
OS 7.9728230000 1.7313180000
OS 7.9726890000 1.7313450000
OS 7.9725840000 1.7313520000
OS 7.9724500000 1.7313520000
OS 7.9720630000 1.7314290000
OS 7.9716990000 1.7315800000
OS 7.9716140000 1.7316370000
OS 7.9714910000 1.7317030000
OS 7.9713220000 1.7317730000
OS 7.9712050000 1.7318510000
OS 7.9710730000 1.7319060000
OS 7.9709760000 1.7319700000
OS 7.9709580000 1.7319780000
OS 7.9706270000 1.7321990000
OS 7.9706140000 1.7322120000
OS 7.9704180000 1.7323430000
OS 7.9703630000 1.7323980000
OS 7.9697550000 1.7328400000
OS 7.9694780000 1.7330250000
OS 7.9694290000 1.7330740000
OS 7.9693450000 1.7331300000
OS 7.9690660000 1.7334090000
OS 7.9690070000 1.7334970000
OS 7.9689200000 1.7335830000
OS 7.9687840000 1.7337880000
OS 7.9683240000 1.7343850000
OS 7.9682290000 1.7344800000
OS 7.9680930000 1.7346840000
OS 7.9678890000 1.7349480000
OS 7.9678410000 1.7349960000
OS 7.9676190000 1.7353270000
OS 7.9674710000 1.7356850000
OS 7.9673950000 1.7360660000
OS 7.9673950000 1.7361810000
OS 7.9673700000 1.7364670000
OS 7.9673370000 1.7366360000
OS 7.9673370000 1.7368570000
OS 7.9673210000 1.7370440000
OS 7.9672880000 1.7372080000
OS 7.9672880000 1.7374210000
OS 7.9672600000 1.7377450000
OS 7.9672440000 1.7378280000
OS 7.9672440000 1.7382150000
OS 7.9673200000 1.7385960000
OS 7.9674680000 1.7389540000
OS 7.9675210000 1.7390330000
OS 7.9676620000 1.7393010000
OS 7.9677430000 1.7394960000
OS 7.9678450000 1.7396480000
OS 7.9681080000 1.7401480000
OS 7.9681910000 1.7403480000
OS 7.9682960000 1.7405050000
OS 7.9683310000 1.7405720000
OS 7.9683740000 1.7406740000
OS 7.9685890000 1.7409960000
OS 7.9688640000 1.7412710000
OS 7.9689260000 1.7413130000
OS 7.9690170000 1.7413920000
OS 7.9691860000 1.7415610000
OS 7.9694440000 1.7417330000
OS 7.9761690000 1.7466220000
OS 7.9821140000 1.7525660000
OS 7.9870580000 1.7593680000
OS 7.9908770000 1.7668580000
OS 7.9909670000 1.7671350000
OS 7.9910250000 1.7674270000
OS 7.9911970000 1.7678410000
OS 7.9934830000 1.7748760000
OS 7.9948030000 1.7831910000
OS 7.9948030000 1.7916010000
OS 7.9934860000 1.7999140000
OS 7.9908870000 1.8079200000
OS 7.9898210000 1.8100140000
OS 7.9892470000 1.8110870000
OS 7.9891300000 1.8113700000
OS 7.9870670000 1.8154200000
OS 7.9865200000 1.8161730000
OS 7.9862920000 1.8164010000
OS 7.9855820000 1.8174640000
OS 7.9821320000 1.8222120000
OS 7.9821090000 1.8222390000
OS 7.9784320000 1.8259170000
OS 7.9782130000 1.8262440000
OS 7.9781770000 1.8263300000
OS 7.9780610000 1.8265050000
OS 7.9779950000 1.8266640000
OS 7.9776320000 1.8273290000
OS 7.9775190000 1.8274980000
OS 7.9774560000 1.8276510000
OS 7.9773160000 1.8279070000
OS 7.9772530000 1.8280020000
OS 7.9771020000 1.8283660000
OS 7.9770250000 1.8287510000
OS 7.9770250000 1.8291380000
OS 7.9770390000 1.8292150000
OS 7.9770640000 1.8295480000
OS 7.9770640000 1.8297860000
OS 7.9770900000 1.8299180000
OS 7.9771050000 1.8301230000
OS 7.9771050000 1.8303590000
OS 7.9771320000 1.8304950000
OS 7.9771520000 1.8307730000
OS 7.9771520000 1.8308970000
OS 7.9772280000 1.8312780000
OS 7.9773760000 1.8316360000
OS 7.9775980000 1.8319680000
OS 7.9776340000 1.8320040000
OS 7.9778410000 1.8322810000
OS 7.9779970000 1.8325150000
OS 7.9780710000 1.8325890000
OS 7.9783560000 1.8329710000
OS 7.9785110000 1.8332030000
OS 7.9785840000 1.8332760000
OS 7.9786460000 1.8333590000
OS 7.9787240000 1.8334750000
OS 7.9790030000 1.8337550000
OS 7.9793250000 1.8339700000
OS 7.9794140000 1.8340080000
OS 7.9795530000 1.8340840000
OS 7.9797240000 1.8341980000
OS 7.9798550000 1.8342520000
OS 7.9800030000 1.8343510000
OS 7.9800970000 1.8343900000
OS 7.9801160000 1.8344030000
OS 7.9804800000 1.8345540000
OS 7.9805010000 1.8345580000
OS 7.9807310000 1.8346530000
OS 7.9808010000 1.8346670000
OS 7.9842050000 1.8359380000
OS 7.9848270000 1.8361950000
OS 7.9848380000 1.8361970000
OS 7.9882170000 1.8387250000
OS 7.9885210000 1.8390290000
OS 7.9892700000 1.8395290000
OS 7.9920940000 1.8432990000
OS 7.9924760000 1.8438710000
OS 7.9926150000 1.8440410000
OS 7.9928670000 1.8447160000
OS 7.9930260000 1.8452400000
OS 7.9933980000 1.8461390000
OS 7.9945310000 1.8491730000
OS 7.9945360000 1.8491950000
OS 7.9947830000 1.8514890000
OS 7.9947820000 1.8772570000
OS 7.9947770000 1.8772600000
OS 7.9555680000 1.8772630000
OS 7.9551870000 1.8773390000
OS 7.9548290000 1.8774870000
OS 7.9545070000 1.8777020000
OS 7.9542320000 1.8779770000
OS 7.9540170000 1.8782990000
OS 7.9538690000 1.8786570000
OS 7.9537930000 1.8790380000
OS 7.9537930000 1.8794250000
OS 7.9538690000 1.8798060000
OS 7.9538750000 1.8798210000
OS 7.9538800000 1.8798460000
OS 7.9539020000 1.8798990000
OS 7.9545150000 1.8821820000
OS 7.9545640000 1.8824290000
OS 7.9546120000 1.8825440000
OS 7.9552130000 1.8847850000
OS 7.9552150000 1.8848050000
OS 7.9552170000 1.8899700000
OS 7.9552140000 1.8900090000
OS 7.9546130000 1.8922530000
OS 7.9545650000 1.8923690000
OS 7.9545160000 1.8926140000
OS 7.9539050000 1.8948980000
OS 7.9538820000 1.8949520000
OS 7.9538770000 1.8949780000
OS 7.9538710000 1.8949920000
OS 7.9537950000 1.8953730000
OS 7.9537950000 1.8957600000
OS 7.9538710000 1.8961410000
OS 7.9540190000 1.8964990000
OS 7.9542340000 1.8968210000
OS 7.9545090000 1.8970960000
OS 7.9548310000 1.8973110000
OS 7.9551890000 1.8974590000
OS 7.9555700000 1.8975350000
OS 7.9947790000 1.8975380000
OS 7.9947810000 1.8975530000
OS 7.9947840000 1.9233030000
OS 7.9945380000 1.9256030000
OS 7.9925890000 1.9308330000
OS 7.9925830000 1.9308440000
OS 7.9892520000 1.9352970000
OS 7.9892410000 1.9353080000
OS 7.9881520000 1.9361240000
OS 7.9875700000 1.9365130000
OS 7.9869170000 1.9370490000
OS 7.9847890000 1.9386430000
OS 7.9795640000 1.9405930000
OS 7.9795500000 1.9405960000
OS 7.9772510000 1.9408450000
OS 7.9455870000 1.9408450000
OS 7.9455740000 1.9408430000
OS 7.9455700000 1.9075360000
OS 7.9454940000 1.9071550000
OS 7.9453460000 1.9067970000
OS 7.9451310000 1.9064750000
OS 7.9448560000 1.9062000000
OS 7.9445340000 1.9059850000
OS 7.9441760000 1.9058370000
OS 7.9437950000 1.9057610000
OS 7.9434080000 1.9057610000
OS 7.9430270000 1.9058370000
OS 7.9430130000 1.9058430000
OS 7.9429870000 1.9058480000
OS 7.9429330000 1.9058710000
OS 7.9406500000 1.9064820000
OS 7.9404040000 1.9065310000
OS 7.9402870000 1.9065800000
OS 7.9380430000 1.9071810000
OS 7.9328510000 1.9071830000
OS 7.9328220000 1.9071800000
OS 7.9305770000 1.9065790000
OS 7.9304640000 1.9065320000
OS 7.9302260000 1.9064850000
OS 7.9279350000 1.9058720000
OS 7.9278810000 1.9058490000
OS 7.9278550000 1.9058440000
OS 7.9278410000 1.9058380000
OS 7.9274600000 1.9057620000
OS 7.9270730000 1.9057620000
OS 7.9266920000 1.9058380000
OS 7.9263340000 1.9059860000
OS 7.9260120000 1.9062010000
OS 7.9257370000 1.9064760000
OS 7.9255220000 1.9067980000
OS 7.9253740000 1.9071560000
OS 7.9252980000 1.9075370000
OS 7.9252940000 1.9408420000
OS 7.8936270000 1.9408460000
OS 7.8913250000 1.9405990000
OS 7.8860970000 1.9386520000
OS 7.8860840000 1.9386450000
OS 7.8839320000 1.9370350000
OS 7.8832960000 1.9365130000
OS 7.8827200000 1.9361280000
OS 7.8816280000 1.9353110000
OS 7.8816190000 1.9353020000
OS 7.8782850000 1.9308500000
OS 7.8763350000 1.9256240000
OS 7.8763310000 1.9256050000
OS 7.8760830000 1.9233120000
OS 7.8760840000 1.8975420000
OS 7.8760870000 1.8975400000
OS 7.9152970000 1.8975370000
OS 7.9156780000 1.8974610000
OS 7.9160360000 1.8973130000
OS 7.9163580000 1.8970980000
OS 7.9166330000 1.8968230000
OS 7.9168480000 1.8965010000
OS 7.9169960000 1.8961430000
OS 7.9170720000 1.8957620000
OS 7.9170720000 1.8953750000
OS 7.9169960000 1.8949940000
OS 7.9169900000 1.8949790000
OS 7.9169850000 1.8949540000
OS 7.9169620000 1.8949000000
OS 7.9163520000 1.8926240000
OS 7.9163020000 1.8923710000
OS 7.9162530000 1.8922530000
OS 7.9156520000 1.8900090000
OS 7.9156500000 1.8848190000
OS 7.9156530000 1.8847880000
OS 7.9162530000 1.8825470000
OS 7.9163010000 1.8824310000
OS 7.9163510000 1.8821820000
OS 7.9169610000 1.8799020000
OS 7.9169840000 1.8798480000
OS 7.9169890000 1.8798220000
OS 7.9169950000 1.8798080000
OS 7.9170710000 1.8794270000
OS 7.9170710000 1.8790400000
OS 7.9169950000 1.8786590000
OS 7.9168470000 1.8783010000
OS 7.9166320000 1.8779790000
OS 7.9163570000 1.8777040000
OS 7.9160350000 1.8774890000
OS 7.9156770000 1.8773410000
OS 7.9152960000 1.8772650000
OS 7.8761080000 1.8772630000
OS 7.8760850000 1.8772610000
OS 7.8760830000 1.8514880000
OS 7.8763290000 1.8491920000
OS 7.8781380000 1.8443400000
OS 7.8782530000 1.8441680000
OS 7.8784120000 1.8437850000
OS 7.8816190000 1.8394960000
OS 7.8860440000 1.8361830000
OS 7.8863580000 1.8360530000
OS 7.8898170000 1.8347610000
OS 7.8898820000 1.8347480000
OS 7.8901570000 1.8346340000
OS 7.8902290000 1.8346070000
OS 7.8902650000 1.8346000000
OS 7.8906280000 1.8344500000
OS 7.8909500000 1.8342350000
OS 7.8909930000 1.8341930000
OS 7.8910240000 1.8341700000
OS 7.8912650000 1.8340090000
OS 7.8913440000 1.8339300000
OS 7.8919310000 1.8334900000
OS 7.8921700000 1.8333310000
OS 7.8922500000 1.8332510000
OS 7.8924490000 1.8331020000
OS 7.8925640000 1.8330250000
OS 7.8928450000 1.8327460000
OS 7.8930600000 1.8324240000
OS 7.8932130000 1.8320550000
OS 7.8932190000 1.8320240000
OS 7.8933520000 1.8316680000
OS 7.8934670000 1.8313900000
OS 7.8934800000 1.8313240000
OS 7.8935630000 1.8311040000
OS 7.8936700000 1.8308470000
OS 7.8936830000 1.8307840000
OS 7.8937600000 1.8305770000
OS 7.8938270000 1.8304140000
OS 7.8939040000 1.8300270000
OS 7.8939040000 1.8296340000
OS 7.8938270000 1.8292470000
OS 7.8938230000 1.8292380000
OS 7.8937200000 1.8287670000
OS 7.8936700000 1.8285140000
OS 7.8936600000 1.8284890000
OS 7.8935540000 1.8280060000
OS 7.8934900000 1.8276830000
OS 7.8934770000 1.8276510000
OS 7.8934290000 1.8274160000
OS 7.8932790000 1.8270530000
OS 7.8930640000 1.8267310000
OS 7.8930250000 1.8266910000
OS 7.8929010000 1.8265250000
OS 7.8927510000 1.8263000000
OS 7.8926870000 1.8262360000
OS 7.8925530000 1.8260350000
OS 7.8886560000 1.8221390000
OS 7.8883300000 1.8219210000
OS 7.8882490000 1.8218870000
OS 7.8880650000 1.8217650000
OS 7.8879020000 1.8216970000
OS 7.8869480000 1.8211770000
OS 7.8867700000 1.8210580000
OS 7.8866020000 1.8209880000
OS 7.8865220000 1.8209440000
OS 7.8864300000 1.8208830000
OS 7.8860660000 1.8207320000
OS 7.8856850000 1.8206570000
OS 7.8855910000 1.8206560000
OS 7.8854710000 1.8206430000
OS 7.8852690000 1.8206030000
OS 7.8852180000 1.8206030000
OE
OB 7.42054800 1.75618100 H
OS 7.42669100 1.75618000
OS 7.43272800 1.75738100
OS 7.43839800 1.75972900
OS 7.43842700 1.75974600
OS 7.44352200 1.76315000
OS 7.44786600 1.76749400
OS 7.45128500 1.77260700
OS 7.45363800 1.77828600
OS 7.45484200 1.78432800
OS 7.45484200 1.79047000
OS 7.45364100 1.79650600
OS 7.45129400 1.80217600
OS 7.45128300 1.80219600
OS 7.44787900 1.80729100
OS 7.44352600 1.81164700
OS 7.43841700 1.81506200
OS 7.43837800 1.81508000
OS 7.43273500 1.81741600
OS 7.42670100 1.81861800
OS 7.42668200 1.81862000
OS 7.42055100 1.81862000
OS 7.41452100 1.81742000
OS 7.40884600 1.81507300
OS 7.40372300 1.81165200
OS 7.39937700 1.80730600
OS 7.39596400 1.80220100
OS 7.39594500 1.80216100
OS 7.39360500 1.79650800
OS 7.39240300 1.79047600
OS 7.39240200 1.78433100
OS 7.39360100 1.77830300
OS 7.39361700 1.77825900
OS 7.39595000 1.77262400
OS 7.39937000 1.76750300
OS 7.40371400 1.76315700
OS 7.40375000 1.76313100
OS 7.40882800 1.75973800
OS 7.40886000 1.75972300
OS 7.41451200 1.75738300
OS 7.42054800 1.75618100
OE
SE
S P 0
OB 7.3859700000 3.0730970000 I
OS 7.3860300000 3.0731090000
OS 7.5714670000 3.0731090000
OS 7.5718540000 3.0730320000
OS 7.5719350000 3.0729980000
OS 7.5721470000 3.0729550000
OS 7.5723200000 3.0728850000
OS 7.5727420000 3.0728010000
OS 7.5729080000 3.0727320000
OS 7.5731200000 3.0726900000
OS 7.5731500000 3.0726770000
OS 7.5731880000 3.0726700000
OS 7.5735080000 3.0725370000
OS 7.5735370000 3.0725290000
OS 7.5737340000 3.0724900000
OS 7.5738890000 3.0724260000
OS 7.5740080000 3.0724010000
OS 7.5743720000 3.0722500000
OS 7.5781280000 3.0697430000
OS 7.5838040000 3.0673930000
OS 7.5898420000 3.0661900000
OS 7.5959860000 3.0661910000
OS 7.6020080000 3.0673880000
OS 7.6020380000 3.0673980000
OS 7.6076930000 3.0697400000
OS 7.6128010000 3.0731510000
OS 7.6171660000 3.0775130000
OS 7.6205550000 3.0825830000
OS 7.6205790000 3.0826230000
OS 7.6228470000 3.0881000000
OS 7.6228800000 3.0882670000
OS 7.6229640000 3.0884690000
OS 7.6233560000 3.0904280000
OS 7.6235040000 3.0907850000
OS 7.6235510000 3.0908560000
OS 7.6235600000 3.0908730000
OS 7.6236400000 3.0910660000
OS 7.6237370000 3.0912110000
OS 7.6240810000 3.0918690000
OS 7.6241660000 3.0920730000
OS 7.6242680000 3.0922260000
OS 7.6243940000 3.0924660000
OS 7.6244380000 3.0925730000
OS 7.6246580000 3.0929030000
OS 7.6249330000 3.0931780000
OS 7.6252550000 3.0933930000
OS 7.6253340000 3.0934280000
OS 7.6256060000 3.0935830000
OS 7.6258160000 3.0937230000
OS 7.6259490000 3.0937780000
OS 7.6261100000 3.0938700000
OS 7.6263140000 3.0940060000
OS 7.6264430000 3.0940600000
OS 7.6266810000 3.0941950000
OS 7.6267810000 3.0942620000
OS 7.6271460000 3.0944140000
OS 7.6275270000 3.0944900000
OS 7.6279250000 3.0944900000
OS 7.6279800000 3.0944790000
OS 7.6283070000 3.0944620000
OS 7.6286020000 3.0944620000
OS 7.6287080000 3.0944410000
OS 7.6293590000 3.0944070000
OS 7.6296550000 3.0944070000
OS 7.6297650000 3.0943850000
OS 7.6299090000 3.0943850000
OS 7.6302960000 3.0943080000
OS 7.6310440000 3.0939980000
OS 7.6370890000 3.0927940000
OS 7.6432300000 3.0927950000
OS 7.6492520000 3.0939920000
OS 7.6492820000 3.0940020000
OS 7.6549370000 3.0963440000
OS 7.6600500000 3.0997580000
OS 7.6644130000 3.1041200000
OS 7.6678240000 3.1092260000
OS 7.6701230000 3.1147780000
OS 7.6701730000 3.1150310000
OS 7.6702260000 3.1151580000
OS 7.6713770000 3.1209370000
OS 7.6713790000 3.1270660000
OS 7.6713770000 3.1270870000
OS 7.6701800000 3.1331080000
OS 7.6701700000 3.1331370000
OS 7.6678280000 3.1387940000
OS 7.6644140000 3.1439070000
OS 7.6600550000 3.1482670000
OS 7.6549710000 3.1516650000
OS 7.6549430000 3.1516820000
OS 7.6492840000 3.1540250000
OS 7.6432270000 3.1552350000
OS 7.6371230000 3.1552360000
OS 7.6370730000 3.1552320000
OS 7.6310760000 3.1540390000
OS 7.6310470000 3.1540310000
OS 7.6253780000 3.1516850000
OS 7.6202520000 3.1482620000
OS 7.6198880000 3.1481110000
OS 7.6197990000 3.1480930000
OS 7.6196000000 3.1480120000
OS 7.6194360000 3.1479800000
OS 7.6190200000 3.1478090000
OS 7.6188130000 3.1477680000
OS 7.6185770000 3.1476700000
OS 7.6182360000 3.1476030000
OS 7.6180200000 3.1475160000
OS 7.6178510000 3.1474830000
OS 7.6177450000 3.1474390000
OS 7.6173620000 3.1473630000
OS 7.5428860000 3.1473620000
OS 7.5425010000 3.1474380000
OS 7.5424170000 3.1474730000
OS 7.5422070000 3.1475150000
OS 7.5420490000 3.1475810000
OS 7.5411630000 3.1478400000
OS 7.5409650000 3.1478790000
OS 7.5408120000 3.1479420000
OS 7.5406100000 3.1480020000
OS 7.5405060000 3.1480220000
OS 7.5401410000 3.1481730000
OS 7.5398190000 3.1483880000
OS 7.5395920000 3.1486110000
OS 7.5395820000 3.1486180000
OS 7.5391150000 3.1490810000
OS 7.5390990000 3.1490910000
OS 7.5388820000 3.1493090000
OS 7.5388260000 3.1493610000
OS 7.5385460000 3.1496410000
OS 7.5384400000 3.1497990000
OS 7.5384170000 3.1498280000
OS 7.5341850000 3.1540580000
OS 7.5339980000 3.1541830000
OS 7.5338860000 3.1542950000
OS 7.5289670000 3.1575830000
OS 7.5232840000 3.1599370000
OS 7.5172470000 3.1611390000
OS 7.5172170000 3.1611410000
OS 7.5111310000 3.1611410000
OS 7.5111010000 3.1611390000
OS 7.5050790000 3.1599420000
OS 7.5050490000 3.1599320000
OS 7.4993930000 3.1575900000
OS 7.4944590000 3.1542930000
OS 7.4943490000 3.1541830000
OS 7.4941590000 3.1540560000
OS 7.4899210000 3.1498180000
OS 7.4865220000 3.1447320000
OS 7.4865050000 3.1447040000
OS 7.4841560000 3.1390300000
OS 7.4829540000 3.1329960000
OS 7.4829530000 3.1268740000
OS 7.4829570000 3.1268300000
OS 7.4831140000 3.1260390000
OS 7.4831140000 3.1256460000
OS 7.4830960000 3.1255560000
OS 7.4830960000 3.1253410000
OS 7.4830610000 3.1251650000
OS 7.4829950000 3.1244330000
OS 7.4829950000 3.1242130000
OS 7.4829590000 3.1240320000
OS 7.4829340000 3.1237560000
OS 7.4829340000 3.1236450000
OS 7.4828570000 3.1232580000
OS 7.4827080000 3.1228970000
OS 7.4824930000 3.1225750000
OS 7.4824390000 3.1225190000
OS 7.4822360000 3.1222580000
OS 7.4821020000 3.1220570000
OS 7.4820010000 3.1219560000
OS 7.4818850000 3.1218060000
OS 7.4817490000 3.1216030000
OS 7.4816480000 3.1215020000
OS 7.4814890000 3.1212970000
OS 7.4814160000 3.1211890000
OS 7.4811350000 3.1209070000
OS 7.4808130000 3.1206920000
OS 7.4804460000 3.1205400000
OS 7.4803920000 3.1205290000
OS 7.4800840000 3.1204200000
OS 7.4798080000 3.1203060000
OS 7.4797100000 3.1202870000
OS 7.4790860000 3.1200660000
OS 7.4788190000 3.1199550000
OS 7.4787190000 3.1199360000
OS 7.4785790000 3.1198780000
OS 7.4781960000 3.1198020000
OS 7.3713460000 3.1198010000
OS 7.3654010000 3.1182100000
OS 7.3600820000 3.1151400000
OS 7.1687290000 2.9237900000
OS 7.1687000000 2.9237460000
OS 7.1656480000 2.9184590000
OS 7.1640560000 2.9125250000
OS 7.1640550000 2.0128290000
OS 7.1639780000 2.0124420000
OS 7.1639440000 2.0123600000
OS 7.1639010000 2.0121440000
OS 7.1638320000 2.0119770000
OS 7.1636240000 2.0112690000
OS 7.1635820000 2.0110560000
OS 7.1635140000 2.0108910000
OS 7.1634340000 2.0106190000
OS 7.1634130000 2.0105130000
OS 7.1632610000 2.0101450000
OS 7.1630460000 2.0098230000
OS 7.1627710000 2.0095480000
OS 7.1627100000 2.0095070000
OS 7.1624600000 2.0092900000
OS 7.1622850000 2.0091150000
OS 7.1621690000 2.0090370000
OS 7.1619250000 2.0088260000
OS 7.1617450000 2.0086460000
OS 7.1616250000 2.0085660000
OS 7.1614740000 2.0084350000
OS 7.1613890000 2.0083500000
OS 7.1610670000 2.0081350000
OS 7.1607090000 2.0079870000
OS 7.1604000000 2.0079230000
OS 7.1603620000 2.0079070000
OS 7.1600300000 2.0078410000
OS 7.1596760000 2.0077640000
OS 7.1596450000 2.0077510000
OS 7.1593160000 2.0076860000
OS 7.1592780000 2.0076740000
OS 7.1588940000 2.0075980000
OS 7.0458560000 2.0075970000
OS 7.0454690000 2.0076740000
OS 7.0453840000 2.0077090000
OS 7.0451730000 2.0077510000
OS 7.0450070000 2.0078200000
OS 7.0442950000 2.0080290000
OS 7.0440870000 2.0080700000
OS 7.0439230000 2.0081380000
OS 7.0436510000 2.0082180000
OS 7.0435430000 2.0082390000
OS 7.0431790000 2.0083900000
OS 7.0428550000 2.0086060000
OS 7.0425730000 2.0088880000
OS 7.0425370000 2.0089430000
OS 7.0423160000 2.0091970000
OS 7.0421460000 2.0093670000
OS 7.0420710000 2.0094800000
OS 7.0419440000 2.0096260000
OS 7.0417690000 2.0098010000
OS 7.0416920000 2.0099170000
OS 7.0415160000 2.0101190000
OS 7.0414280000 2.0102070000
OS 7.0412060000 2.0105370000
OS 7.0410580000 2.0108950000
OS 7.0409820000 2.0112760000
OS 7.0409820000 2.0113320000
OS 7.0409330000 2.0116740000
OS 7.0408770000 2.0119570000
OS 7.0408770000 2.0120610000
OS 7.0408510000 2.0122400000
OS 7.0407950000 2.0125240000
OS 7.0407950000 2.0126300000
OS 7.0407580000 2.0128870000
OS 7.0407310000 2.0130240000
OS 7.0407310000 2.0134110000
OS 7.0408070000 2.0137920000
OS 7.0409600000 2.0141630000
OS 7.0409790000 2.0141920000
OS 7.0411260000 2.0145130000
OS 7.0412500000 2.0148120000
OS 7.0412900000 2.0148720000
OS 7.0414970000 2.0153260000
OS 7.0416160000 2.0156120000
OS 7.0416540000 2.0156690000
OS 7.0416860000 2.0157390000
OS 7.0417460000 2.0158840000
OS 7.0419650000 2.0162120000
OS 7.0422400000 2.0164870000
OS 7.0422930000 2.0165230000
OS 7.0424280000 2.0166420000
OS 7.0426110000 2.0168250000
OS 7.0426770000 2.0168690000
OS 7.0428060000 2.0169980000
OS 7.0458770000 2.0190490000
OS 7.0502090000 2.0233780000
OS 7.0502360000 2.0234070000
OS 7.0536520000 2.0285190000
OS 7.0560010000 2.0341940000
OS 7.0572030000 2.0402280000
OS 7.0572040000 2.0463030000
OS 7.0571430000 2.0466100000
OS 7.0571430000 2.0466810000
OS 7.0560060000 2.0524000000
OS 7.0559960000 2.0524300000
OS 7.0536540000 2.0580860000
OS 7.0502410000 2.0631980000
OS 7.0458820000 2.0675580000
OS 7.0407680000 2.0709750000
OS 7.0350950000 2.0733230000
OS 7.0290600000 2.0745250000
OS 7.0229420000 2.0745270000
OS 7.0229120000 2.0745250000
OS 7.0169050000 2.0733310000
OS 7.0168600000 2.0733180000
OS 7.0112030000 2.0709760000
OS 7.0060780000 2.0675530000
OS 7.0057200000 2.0674050000
OS 7.0056310000 2.0673870000
OS 7.0054280000 2.0673040000
OS 7.0052630000 2.0672710000
OS 7.0052380000 2.0672630000
OS 7.0048490000 2.0671020000
OS 7.0046380000 2.0670600000
OS 7.0044010000 2.0669620000
OS 7.0040600000 2.0668940000
OS 7.0038470000 2.0668080000
OS 7.0036780000 2.0667740000
OS 7.0035720000 2.0667310000
OS 7.0031880000 2.0666550000
OS 5.7718820000 2.0666530000
OS 5.7714980000 2.0667290000
OS 5.7714150000 2.0667640000
OS 5.7712020000 2.0668060000
OS 5.7710370000 2.0668740000
OS 5.7703180000 2.0670850000
OS 5.7701120000 2.0671260000
OS 5.7699510000 2.0671930000
OS 5.7696800000 2.0672720000
OS 5.7695700000 2.0672940000
OS 5.7692020000 2.0674460000
OS 5.7688800000 2.0676610000
OS 5.7686050000 2.0679360000
OS 5.7685640000 2.0679970000
OS 5.7683470000 2.0682470000
OS 5.7681710000 2.0684230000
OS 5.7680930000 2.0685390000
OS 5.7678820000 2.0687830000
OS 5.7677020000 2.0689630000
OS 5.7676240000 2.0690800000
OS 5.7674900000 2.0692350000
OS 5.7674050000 2.0693200000
OS 5.7671900000 2.0696420000
OS 5.7670400000 2.0700060000
OS 5.7670120000 2.0701510000
OS 5.7669760000 2.0703140000
OS 5.7669630000 2.0703460000
OS 5.7669020000 2.0706550000
OS 5.7668210000 2.0710280000
OS 5.7668070000 2.0710610000
OS 5.7667370000 2.0714110000
OS 5.7667300000 2.0714290000
OS 5.7666540000 2.0718120000
OS 5.7666540000 2.3558370000
OS 5.7667300000 2.3562210000
OS 5.7667650000 2.3563050000
OS 5.7668070000 2.3565170000
OS 5.7668760000 2.3566830000
OS 5.7670820000 2.3573860000
OS 5.7671250000 2.3576020000
OS 5.7671970000 2.3577760000
OS 5.7672740000 2.3580360000
OS 5.7672950000 2.3581450000
OS 5.7674470000 2.3585130000
OS 5.7676620000 2.3588350000
OS 5.7679370000 2.3591100000
OS 5.7679970000 2.3591510000
OS 5.7682420000 2.3593630000
OS 5.7684220000 2.3595430000
OS 5.7685410000 2.3596220000
OS 5.7690510000 2.3600650000
OS 5.7692330000 2.3602470000
OS 5.7693530000 2.3603270000
OS 5.7694460000 2.3604200000
OS 5.7697680000 2.3606350000
OS 5.7700690000 2.3607600000
OS 5.7764710000 2.3650350000
OS 5.7817810000 2.3703430000
OS 5.7818840000 2.3704970000
OS 5.7820290000 2.3706420000
OS 5.7862060000 2.3768950000
OS 5.7891480000 2.3840010000
OS 5.7906530000 2.3915600000
OS 5.7906540000 2.3992350000
OS 5.7906520000 2.3992560000
OS 5.7891570000 2.4067820000
OS 5.7891430000 2.4068280000
OS 5.7862110000 2.4139090000
OS 5.7819290000 2.4203240000
OS 5.7765010000 2.4257520000
OS 5.7764660000 2.4257820000
OS 5.7700800000 2.4300510000
OS 5.7629630000 2.4329970000
OS 5.7553470000 2.4345150000
OS 5.7549930000 2.4346610000
OS 5.7536280000 2.4350750000
OS 5.7496980000 2.4358570000
OS 5.7456830000 2.4362530000
OS 5.7417200000 2.4362540000
OS 5.7416780000 2.4362520000
OS 5.7404070000 2.4361270000
OS 5.7400390000 2.4360540000
OS 5.7396630000 2.4360540000
OS 5.7383300000 2.4359230000
OS 5.7381540000 2.4358880000
OS 5.7379760000 2.4358880000
OS 5.7376710000 2.4358580000
OS 5.7372300000 2.4357700000
OS 5.7368430000 2.4357700000
OS 5.7364620000 2.4358460000
OS 5.7361040000 2.4359940000
OS 5.7357820000 2.4362090000
OS 5.7245500000 2.4474420000
OS 5.7243340000 2.4477660000
OS 5.7243000000 2.4478480000
OS 5.7241790000 2.4480310000
OS 5.7241140000 2.4481890000
OS 5.7237490000 2.4488550000
OS 5.7236360000 2.4490250000
OS 5.7235740000 2.4491740000
OS 5.7234290000 2.4494390000
OS 5.7233700000 2.4495280000
OS 5.7232180000 2.4498950000
OS 5.7231420000 2.4502760000
OS 5.7231420000 2.4506630000
OS 5.7231570000 2.4507420000
OS 5.7231810000 2.4510840000
OS 5.7231810000 2.4513130000
OS 5.7232060000 2.4514390000
OS 5.7232220000 2.4516600000
OS 5.7232220000 2.4518840000
OS 5.7232470000 2.4520130000
OS 5.7232680000 2.4522970000
OS 5.7232680000 2.4524220000
OS 5.7233440000 2.4528030000
OS 5.7234920000 2.4531610000
OS 5.7237070000 2.4534830000
OS 5.7237510000 2.4535290000
OS 5.7239570000 2.4538050000
OS 5.7241140000 2.4540400000
OS 5.7241880000 2.4541140000
OS 5.7243050000 2.4542710000
OS 5.7244590000 2.4545010000
OS 5.7245340000 2.4545760000
OS 5.7246770000 2.4547670000
OS 5.7247670000 2.4549010000
OS 5.7250420000 2.4551760000
OS 5.7253640000 2.4553910000
OS 5.7257330000 2.4555440000
OS 5.7257700000 2.4555510000
OS 5.7261230000 2.4556830000
OS 5.7264000000 2.4557980000
OS 5.7264640000 2.4558110000
OS 5.7270980000 2.4560480000
OS 5.7273680000 2.4561600000
OS 5.7274310000 2.4561730000
OS 5.7275820000 2.4562350000
OS 5.7279690000 2.4563120000
OS 5.7280000000 2.4563120000
OS 5.7280100000 2.4563140000
OS 5.7317460000 2.4563140000
OS 5.7321330000 2.4562370000
OS 5.7322230000 2.4561990000
OS 5.7324190000 2.4561600000
OS 5.7326030000 2.4560840000
OS 5.7337310000 2.4557420000
OS 5.7376900000 2.4549540000
OS 5.7416270000 2.4545660000
OS 5.7417090000 2.4545610000
OS 5.7456710000 2.4545610000
OS 5.7496670000 2.4549520000
OS 5.7536160000 2.4557360000
OS 5.7550040000 2.4561560000
OS 5.7553640000 2.4563050000
OS 5.7629450000 2.4578130000
OS 5.7629810000 2.4578250000
OS 5.7700690000 2.4607600000
OS 5.7764710000 2.4650350000
OS 5.7819270000 2.4704900000
OS 5.7861940000 2.4768740000
OS 5.7862060000 2.4768970000
OS 5.7891480000 2.4840010000
OS 5.7906530000 2.4915600000
OS 5.7906540000 2.4992260000
OS 5.7906520000 2.4992560000
OS 5.7891550000 2.5067910000
OS 5.7891420000 2.5068300000
OS 5.7862090000 2.5139120000
OS 5.7819290000 2.5203240000
OS 5.7764860000 2.5257660000
OS 5.7764650000 2.5257830000
OS 5.7700850000 2.5300480000
OS 5.7629720000 2.5329940000
OS 5.7553470000 2.5345150000
OS 5.7549930000 2.5346620000
OS 5.7536460000 2.5350700000
OS 5.7496980000 2.5358570000
OS 5.7456840000 2.5362530000
OS 5.7417210000 2.5362540000
OS 5.7416780000 2.5362520000
OS 5.7404060000 2.5361270000
OS 5.7400390000 2.5360540000
OS 5.7396640000 2.5360540000
OS 5.7383300000 2.5359230000
OS 5.7381540000 2.5358880000
OS 5.7379760000 2.5358880000
OS 5.7376710000 2.5358580000
OS 5.7372300000 2.5357700000
OS 5.7368430000 2.5357700000
OS 5.7364620000 2.5358460000
OS 5.7361040000 2.5359940000
OS 5.7357820000 2.5362090000
OS 5.7245500000 2.5474420000
OS 5.7243350000 2.5477640000
OS 5.7243010000 2.5478460000
OS 5.7241790000 2.5480310000
OS 5.7241150000 2.5481860000
OS 5.7237450000 2.5488610000
OS 5.7236360000 2.5490250000
OS 5.7235750000 2.5491730000
OS 5.7234290000 2.5494390000
OS 5.7233700000 2.5495280000
OS 5.7232180000 2.5498950000
OS 5.7231420000 2.5502760000
OS 5.7231420000 2.5506630000
OS 5.7231570000 2.5507420000
OS 5.7231810000 2.5510780000
OS 5.7231810000 2.5513130000
OS 5.7232070000 2.5514450000
OS 5.7232220000 2.5516550000
OS 5.7232220000 2.5518840000
OS 5.7232480000 2.5520140000
OS 5.7232680000 2.5522970000
OS 5.7232680000 2.5524220000
OS 5.7233440000 2.5528030000
OS 5.7234920000 2.5531610000
OS 5.7237070000 2.5534830000
OS 5.7237510000 2.5535290000
OS 5.7239490000 2.5537930000
OS 5.7241140000 2.5540400000
OS 5.7241910000 2.5541170000
OS 5.7243040000 2.5542680000
OS 5.7244590000 2.5545010000
OS 5.7245340000 2.5545760000
OS 5.7246810000 2.5547720000
OS 5.7247670000 2.5549010000
OS 5.7250420000 2.5551760000
OS 5.7253640000 2.5553910000
OS 5.7257330000 2.5555440000
OS 5.7257690000 2.5555510000
OS 5.7261330000 2.5556870000
OS 5.7264000000 2.5557980000
OS 5.7264620000 2.5558100000
OS 5.7270890000 2.5560450000
OS 5.7273680000 2.5561600000
OS 5.7274330000 2.5561730000
OS 5.7275820000 2.5562350000
OS 5.7279690000 2.5563120000
OS 5.7280000000 2.5563120000
OS 5.7280100000 2.5563140000
OS 5.7317460000 2.5563140000
OS 5.7321330000 2.5562370000
OS 5.7322190000 2.5562010000
OS 5.7324190000 2.5561600000
OS 5.7325990000 2.5560850000
OS 5.7337410000 2.5557390000
OS 5.7376750000 2.5549560000
OS 5.7416860000 2.5545610000
OS 5.7456760000 2.5545610000
OS 5.7496930000 2.5549560000
OS 5.7536120000 2.5557350000
OS 5.7550070000 2.5561570000
OS 5.7553640000 2.5563050000
OS 5.7629550000 2.5578160000
OS 5.7629790000 2.5578240000
OS 5.7700690000 2.5607600000
OS 5.7764730000 2.5650370000
OS 5.7819280000 2.5704910000
OS 5.7862010000 2.5768870000
OS 5.7891460000 2.5839970000
OS 5.7891530000 2.5840240000
OS 5.7906530000 2.5915600000
OS 5.7906540000 2.5992260000
OS 5.7906520000 2.5992560000
OS 5.7891550000 2.6067910000
OS 5.7891430000 2.6068280000
OS 5.7862080000 2.6139140000
OS 5.7819280000 2.6203250000
OS 5.7765010000 2.6257520000
OS 5.7764650000 2.6257830000
OS 5.7700830000 2.6300490000
OS 5.7629680000 2.6329950000
OS 5.7553470000 2.6345150000
OS 5.7549900000 2.6346630000
OS 5.7536390000 2.6350720000
OS 5.7535800000 2.6350860000
OS 5.7496960000 2.6358580000
OS 5.7456830000 2.6362530000
OS 5.7417200000 2.6362540000
OS 5.7416780000 2.6362520000
OS 5.7377210000 2.6358640000
OS 5.7376690000 2.6358570000
OS 5.7337650000 2.6350810000
OS 5.7333480000 2.6349550000
OS 5.7329980000 2.6348100000
OS 5.7326200000 2.6347350000
OS 5.7324260000 2.6346560000
OS 5.7322320000 2.6346180000
OS 5.7321400000 2.6345790000
OS 5.7317550000 2.6345030000
OS 5.7083620000 2.6345030000
OS 5.7083410000 2.6345010000
OS 5.7008290000 2.6330080000
OS 5.7007680000 2.6329920000
OS 5.6936780000 2.6300550000
OS 5.6872810000 2.6257830000
OS 5.6818190000 2.6203240000
OS 5.6775460000 2.6139280000
OS 5.6746000000 2.6068140000
OS 5.6730950000 2.5992550000
OS 5.6730950000 2.5915640000
OS 5.6745920000 2.5840340000
OS 5.6746050000 2.5839870000
OS 5.6775420000 2.5768980000
OS 5.6818180000 2.5704940000
OS 5.6826920000 2.5696170000
OS 5.6829110000 2.5692900000
OS 5.6829490000 2.5691990000
OS 5.6830630000 2.5690290000
OS 5.6831300000 2.5688680000
OS 5.6834910000 2.5682060000
OS 5.6836040000 2.5680370000
OS 5.6836710000 2.5678760000
OS 5.6838080000 2.5676270000
OS 5.6838700000 2.5675330000
OS 5.6840210000 2.5671690000
OS 5.6840980000 2.5667840000
OS 5.6840980000 2.5663890000
OS 5.6840840000 2.5663190000
OS 5.6840600000 2.5659870000
OS 5.6840600000 2.5657490000
OS 5.6840330000 2.5656130000
OS 5.6840190000 2.5654210000
OS 5.6840190000 2.5651750000
OS 5.6839910000 2.5650320000
OS 5.6839720000 2.5647730000
OS 5.6839720000 2.5646450000
OS 5.6838950000 2.5642570000
OS 5.6837470000 2.5638990000
OS 5.6835250000 2.5635670000
OS 5.6834870000 2.5635290000
OS 5.6832950000 2.5632720000
OS 5.6831260000 2.5630190000
OS 5.6830500000 2.5629430000
OS 5.6829460000 2.5628040000
OS 5.6827820000 2.5625580000
OS 5.6827040000 2.5624800000
OS 5.6825560000 2.5622820000
OS 5.6824780000 2.5621650000
OS 5.6821990000 2.5618850000
OS 5.6818770000 2.5616700000
OS 5.6815080000 2.5615160000
OS 5.6814710000 2.5615080000
OS 5.6811350000 2.5613830000
OS 5.6808410000 2.5612610000
OS 5.6807720000 2.5612470000
OS 5.6801630000 2.5610200000
OS 5.6798740000 2.5609000000
OS 5.6798060000 2.5608870000
OS 5.6796580000 2.5608250000
OS 5.6792740000 2.5607490000
OS 5.6792400000 2.5607490000
OS 5.6792300000 2.5607470000
OS 5.5143570000 2.5607470000
OS 5.5139730000 2.5608230000
OS 5.5138900000 2.5608580000
OS 5.5136770000 2.5609000000
OS 5.5135110000 2.5609690000
OS 5.5128200000 2.5611720000
OS 5.5125910000 2.5612190000
OS 5.5124250000 2.5612880000
OS 5.5121590000 2.5613660000
OS 5.5120470000 2.5613880000
OS 5.5116830000 2.5615390000
OS 5.5113590000 2.5617550000
OS 5.5110770000 2.5620370000
OS 5.5110420000 2.5620890000
OS 5.5108150000 2.5623510000
OS 5.5106500000 2.5625160000
OS 5.5105760000 2.5626270000
OS 5.5104450000 2.5627780000
OS 5.5102730000 2.5629500000
OS 5.5101960000 2.5630660000
OS 5.5100240000 2.5632640000
OS 5.5099320000 2.5633560000
OS 5.5097110000 2.5636860000
OS 5.5095630000 2.5640440000
OS 5.5094870000 2.5644250000
OS 5.5094860000 2.5644820000
OS 5.5094370000 2.5648230000
OS 5.5093810000 2.5651060000
OS 5.5093810000 2.5652090000
OS 5.5093540000 2.5653970000
OS 5.5092990000 2.5656740000
OS 5.5092990000 2.5657770000
OS 5.5092620000 2.5660330000
OS 5.5092340000 2.5661750000
OS 5.5092340000 2.5665620000
OS 5.5093100000 2.5669430000
OS 5.5094580000 2.5673010000
OS 5.5094790000 2.5673350000
OS 5.5096270000 2.5676570000
OS 5.5097540000 2.5679620000
OS 5.5097930000 2.5680210000
OS 5.5099990000 2.5684690000
OS 5.5101200000 2.5687610000
OS 5.5101590000 2.5688200000
OS 5.5101850000 2.5688760000
OS 5.5102520000 2.5690380000
OS 5.5104670000 2.5693600000
OS 5.5107420000 2.5696350000
OS 5.5107980000 2.5696720000
OS 5.5109290000 2.5697880000
OS 5.5111150000 2.5699740000
OS 5.5111810000 2.5700180000
OS 5.5113070000 2.5701440000
OS 5.5143830000 2.5722010000
OS 5.5187430000 2.5765600000
OS 5.5221530000 2.5816630000
OS 5.5245050000 2.5873460000
OS 5.5257070000 2.5933760000
OS 5.5257080000 2.5995270000
OS 5.5245100000 2.6055500000
OS 5.5245000000 2.6055800000
OS 5.5221590000 2.6112340000
OS 5.5187340000 2.6163630000
OS 5.5185840000 2.6167270000
OS 5.5185640000 2.6168220000
OS 5.5184840000 2.6170140000
OS 5.5184500000 2.6171850000
OS 5.5182830000 2.6175920000
OS 5.5182410000 2.6178020000
OS 5.5181440000 2.6180360000
OS 5.5180760000 2.6183800000
OS 5.5179900000 2.6185910000
OS 5.5179560000 2.6187610000
OS 5.5179130000 2.6188660000
OS 5.5178370000 2.6192530000
OS 5.5178350000 3.3719890000
OS 5.5179110000 3.3723760000
OS 5.5179450000 3.3724580000
OS 5.5179880000 3.3726700000
OS 5.5180520000 3.3728250000
OS 5.5180950000 3.3729720000
OS 5.5181420000 3.3732060000
OS 5.5182170000 3.3733880000
OS 5.5183680000 3.3739030000
OS 5.5184070000 3.3740990000
OS 5.5184710000 3.3742540000
OS 5.5185010000 3.3743550000
OS 5.5185210000 3.3744590000
OS 5.5186720000 3.3748250000
OS 5.5188870000 3.3751470000
OS 5.5189510000 3.3752110000
OS 5.5190350000 3.3753150000
OS 5.5191460000 3.3754820000
OS 5.5191820000 3.3755180000
OS 5.5192160000 3.3755690000
OS 5.6797750000 3.5361270000
OS 5.6800970000 3.5363420000
OS 5.6801810000 3.5363770000
OS 5.6803630000 3.5364980000
OS 5.6805310000 3.5365680000
OS 5.6814870000 3.5370900000
OS 5.6816640000 3.5372080000
OS 5.6818310000 3.5372770000
OS 5.6819120000 3.5373210000
OS 5.6820010000 3.5373810000
OS 5.6823650000 3.5375320000
OS 5.6827520000 3.5376090000
OS 5.6828430000 3.5376090000
OS 5.6829500000 3.5376210000
OS 5.6831650000 3.5376640000
OS 5.6832140000 3.5376640000
OS 5.6832740000 3.5376760000
OS 5.6879600000 3.5376760000
OS 5.6883470000 3.5375990000
OS 5.6884280000 3.5375650000
OS 5.6886430000 3.5375220000
OS 5.6888100000 3.5374530000
OS 5.6895130000 3.5372460000
OS 5.6897310000 3.5372030000
OS 5.6899030000 3.5371320000
OS 5.6901640000 3.5370550000
OS 5.6902730000 3.5370340000
OS 5.6906400000 3.5368820000
OS 5.6909620000 3.5366670000
OS 5.6912370000 3.5363920000
OS 5.6912790000 3.5363310000
OS 5.6914880000 3.5360900000
OS 5.6916720000 3.5359060000
OS 5.6917520000 3.5357870000
OS 5.6918640000 3.5356570000
OS 5.6920470000 3.5354740000
OS 5.6921290000 3.5353500000
OS 5.6923050000 3.5351480000
OS 5.6923950000 3.5350580000
OS 5.6926100000 3.5347360000
OS 5.6927580000 3.5343780000
OS 5.6928360000 3.5339860000
OS 5.6928360000 3.5339280000
OS 5.6928840000 3.5335990000
OS 5.6929400000 3.5333180000
OS 5.6929400000 3.5332090000
OS 5.6929680000 3.5330140000
OS 5.6930220000 3.5327460000
OS 5.6930220000 3.5326440000
OS 5.6930570000 3.5324040000
OS 5.6930860000 3.5322550000
OS 5.6930860000 3.5318590000
OS 5.6930100000 3.5314780000
OS 5.6928620000 3.5311200000
OS 5.6928380000 3.5310810000
OS 5.6926870000 3.5307490000
OS 5.6925660000 3.5304580000
OS 5.6925290000 3.5304020000
OS 5.6923290000 3.5299640000
OS 5.6922050000 3.5296650000
OS 5.6921660000 3.5296070000
OS 5.6921340000 3.5295360000
OS 5.6920750000 3.5293940000
OS 5.6918580000 3.5290680000
OS 5.6915830000 3.5287930000
OS 5.6915270000 3.5287540000
OS 5.6914030000 3.5286450000
OS 5.6912100000 3.5284520000
OS 5.6911400000 3.5284050000
OS 5.6910140000 3.5282790000
OS 5.6872750000 3.5257790000
OS 5.6818180000 3.5203230000
OS 5.6775550000 3.5139420000
OS 5.6775410000 3.5139180000
OS 5.6746000000 3.5068130000
OS 5.6730950000 3.4992550000
OS 5.6730950000 3.4915740000
OS 5.6730970000 3.4915540000
OS 5.6745970000 3.4840110000
OS 5.6746060000 3.4839850000
OS 5.6775430000 3.4768970000
OS 5.6818200000 3.4704910000
OS 5.6872700000 3.4650420000
OS 5.6936610000 3.4607690000
OS 5.7007840000 3.4578190000
OS 5.7083430000 3.4563140000
OS 5.7553970000 3.4563140000
OS 5.7629380000 3.4578120000
OS 5.7629800000 3.4578240000
OS 5.7700680000 3.4607600000
OS 5.7764710000 3.4650350000
OS 5.7819280000 3.4704910000
OS 5.7862040000 3.4768920000
OS 5.7891480000 3.4840010000
OS 5.7906530000 3.4915610000
OS 5.7906540000 3.4992310000
OS 5.7906520000 3.4992550000
OS 5.7891570000 3.5067820000
OS 5.7891430000 3.5068280000
OS 5.7862080000 3.5139150000
OS 5.7819250000 3.5203290000
OS 5.7764780000 3.5257740000
OS 5.7729000000 3.5281660000
OS 5.7726220000 3.5284450000
OS 5.7725740000 3.5285160000
OS 5.7724190000 3.5286730000
OS 5.7723250000 3.5288140000
OS 5.7718500000 3.5293840000
OS 5.7716940000 3.5295400000
OS 5.7715980000 3.5296840000
OS 5.7714090000 3.5299110000
OS 5.7713370000 3.5299830000
OS 5.7711180000 3.5303100000
OS 5.7709670000 3.5306740000
OS 5.7708910000 3.5310610000
OS 5.7708910000 3.5311260000
OS 5.7708500000 3.5314550000
OS 5.7708020000 3.5316960000
OS 5.7708020000 3.5318350000
OS 5.7707800000 3.5320120000
OS 5.7707300000 3.5322670000
OS 5.7707300000 3.5324090000
OS 5.7706970000 3.5326720000
OS 5.7706720000 3.5327970000
OS 5.7706710000 3.5331920000
OS 5.7707470000 3.5335730000
OS 5.7708990000 3.5339410000
OS 5.7709290000 3.5339860000
OS 5.7710770000 3.5342950000
OS 5.7711850000 3.5345550000
OS 5.7712430000 3.5346420000
OS 5.7713280000 3.5348190000
OS 5.7714330000 3.5350730000
OS 5.7714900000 3.5351580000
OS 5.7716020000 3.5353930000
OS 5.7716540000 3.5355190000
OS 5.7718730000 3.5358490000
OS 5.7721480000 3.5361240000
OS 5.7724700000 3.5363390000
OS 5.7725080000 3.5363560000
OS 5.7728490000 3.5365670000
OS 5.7730830000 3.5367230000
OS 5.7731390000 3.5367460000
OS 5.7735820000 3.5370200000
OS 5.7738290000 3.5371850000
OS 5.7738880000 3.5372100000
OS 5.7739520000 3.5372490000
OS 5.7740850000 3.5373380000
OS 5.7744490000 3.5374890000
OS 5.7748360000 3.5375660000
OS 5.7749020000 3.5375660000
OS 5.7750640000 3.5375880000
OS 5.7753300000 3.5376410000
OS 5.7754130000 3.5376410000
OS 5.7755890000 3.5376760000
OS 7.2711730000 3.5376760000
OS 7.2771180000 3.5392670000
OS 7.2824380000 3.5423380000
OS 7.3904040000 3.6502990000
OS 7.3907260000 3.6505140000
OS 7.3908120000 3.6505500000
OS 7.3909920000 3.6506700000
OS 7.3911510000 3.6507360000
OS 7.3912830000 3.6508080000
OS 7.3914780000 3.6509380000
OS 7.3916550000 3.6510120000
OS 7.3921140000 3.6512620000
OS 7.3922920000 3.6513810000
OS 7.3924540000 3.6514480000
OS 7.3925450000 3.6514980000
OS 7.3926300000 3.6515550000
OS 7.3929920000 3.6517050000
OS 7.3933810000 3.6517830000
OS 7.3934750000 3.6517830000
OS 7.3935780000 3.6517940000
OS 7.3937930000 3.6518370000
OS 7.3938480000 3.6518370000
OS 7.3939080000 3.6518490000
OS 7.8741790000 3.6518490000
OS 7.8745660000 3.6517720000
OS 7.8746480000 3.6517380000
OS 7.8748620000 3.6516950000
OS 7.8750260000 3.6516270000
OS 7.8757350000 3.6514190000
OS 7.8759490000 3.6513760000
OS 7.8761190000 3.6513050000
OS 7.8763780000 3.6512290000
OS 7.8764900000 3.6512070000
OS 7.8768580000 3.6510550000
OS 7.8771800000 3.6508400000
OS 7.8774550000 3.6505650000
OS 7.8774940000 3.6505070000
OS 7.8777010000 3.6502680000
OS 7.8778900000 3.6500790000
OS 7.8779700000 3.6499600000
OS 7.8780820000 3.6498300000
OS 7.8782650000 3.6496470000
OS 7.8783490000 3.6495220000
OS 7.8785210000 3.6493230000
OS 7.8786130000 3.6492310000
OS 7.8788280000 3.6489090000
OS 7.8789760000 3.6485510000
OS 7.8790540000 3.6481590000
OS 7.8790540000 3.6481010000
OS 7.8791030000 3.6477660000
OS 7.8791580000 3.6474910000
OS 7.8791580000 3.6473840000
OS 7.8791970000 3.6471160000
OS 7.8792500000 3.6468490000
OS 7.8792500000 3.6467490000
OS 7.8792810000 3.6465370000
OS 7.8793090000 3.6463950000
OS 7.8793090000 3.6460020000
OS 7.8792330000 3.6456200000
OS 7.8784180000 3.6436480000
OS 7.8782850000 3.6434480000
OS 7.8776120000 3.6416460000
OS 7.8775860000 3.6415150000
OS 7.8773550000 3.6409580000
OS 7.8763360000 3.6382280000
OS 7.8763310000 3.6382060000
OS 7.8761960000 3.6369550000
OS 7.8761960000 3.6366100000
OS 7.8761150000 3.6362020000
OS 7.8760830000 3.6359080000
OS 7.8760840000 3.6101410000
OS 7.8760870000 3.6101390000
OS 7.9152970000 3.6101360000
OS 7.9156780000 3.6100600000
OS 7.9160360000 3.6099120000
OS 7.9163580000 3.6096970000
OS 7.9166330000 3.6094220000
OS 7.9168480000 3.6091000000
OS 7.9169960000 3.6087420000
OS 7.9170720000 3.6083610000
OS 7.9170720000 3.6079740000
OS 7.9169960000 3.6075930000
OS 7.9169920000 3.6075830000
OS 7.9169860000 3.6075530000
OS 7.9169610000 3.6074930000
OS 7.9163510000 3.6052170000
OS 7.9163020000 3.6049700000
OS 7.9162550000 3.6048580000
OS 7.9156520000 3.6026080000
OS 7.9156500000 3.5974160000
OS 7.9156530000 3.5973870000
OS 7.9162530000 3.5951460000
OS 7.9163010000 3.5950300000
OS 7.9163490000 3.5947880000
OS 7.9169620000 3.5925000000
OS 7.9169840000 3.5924470000
OS 7.9169890000 3.5924210000
OS 7.9169950000 3.5924070000
OS 7.9170710000 3.5920260000
OS 7.9170710000 3.5916390000
OS 7.9169950000 3.5912580000
OS 7.9168470000 3.5909000000
OS 7.9166320000 3.5905780000
OS 7.9163570000 3.5903030000
OS 7.9160350000 3.5900880000
OS 7.9156770000 3.5899400000
OS 7.9152960000 3.5898640000
OS 7.8760870000 3.5898610000
OS 7.8760850000 3.5898590000
OS 7.8760820000 3.5640940000
OS 7.8763300000 3.5617880000
OS 7.8766980000 3.5608010000
OS 7.8769340000 3.5602310000
OS 7.8769610000 3.5600950000
OS 7.8782760000 3.5565680000
OS 7.8782830000 3.5565550000
OS 7.8816190000 3.5520940000
OS 7.8860250000 3.5487960000
OS 7.8860390000 3.5487930000
OS 7.8866140000 3.5485550000
OS 7.8898100000 3.5473610000
OS 7.8898800000 3.5473470000
OS 7.8901770000 3.5472240000
OS 7.8902300000 3.5472040000
OS 7.8902660000 3.5471970000
OS 7.8906290000 3.5470470000
OS 7.8909510000 3.5468320000
OS 7.8909910000 3.5467930000
OS 7.8910380000 3.5467580000
OS 7.8912630000 3.5466080000
OS 7.8913330000 3.5465380000
OS 7.8916820000 3.5462780000
OS 7.8919190000 3.5461150000
OS 7.8921640000 3.5459520000
OS 7.8921770000 3.5459390000
OS 7.8925450000 3.5456900000
OS 7.8928200000 3.5454150000
OS 7.8930350000 3.5450930000
OS 7.8931890000 3.5447230000
OS 7.8931970000 3.5446850000
OS 7.8933520000 3.5442750000
OS 7.8934610000 3.5440110000
OS 7.8934690000 3.5439700000
OS 7.8938420000 3.5430820000
OS 7.8939200000 3.5426960000
OS 7.8939200000 3.5423090000
OS 7.8938420000 3.5419150000
OS 7.8938350000 3.5418990000
OS 7.8937380000 3.5414490000
OS 7.8936710000 3.5411070000
OS 7.8936710000 3.5410620000
OS 7.8936100000 3.5407560000
OS 7.8935650000 3.5404970000
OS 7.8935650000 3.5404720000
OS 7.8934880000 3.5400850000
OS 7.8933390000 3.5397230000
OS 7.8931240000 3.5394010000
OS 7.8931020000 3.5393780000
OS 7.8929590000 3.5391770000
OS 7.8927780000 3.5389060000
OS 7.8927560000 3.5388840000
OS 7.8926600000 3.5387400000
OS 7.8887430000 3.5348220000
OS 7.8885930000 3.5346160000
OS 7.8882620000 3.5341200000
OS 7.8881560000 3.5340140000
OS 7.8878710000 3.5336210000
OS 7.8877070000 3.5333750000
OS 7.8876510000 3.5333190000
OS 7.8875330000 3.5331460000
OS 7.8872580000 3.5328710000
OS 7.8869290000 3.5326510000
OS 7.8868870000 3.5326340000
OS 7.8867440000 3.5325470000
OS 7.8864940000 3.5323800000
OS 7.8864150000 3.5323470000
OS 7.8863270000 3.5322940000
OS 7.8862480000 3.5322150000
OS 7.8860370000 3.5320740000
OS 7.8858640000 3.5319410000
OS 7.8858160000 3.5318930000
OS 7.8854830000 3.5316700000
OS 7.8851250000 3.5315220000
OS 7.8850270000 3.5315030000
OS 7.8849410000 3.5314670000
OS 7.8845520000 3.5313880000
OS 7.8844250000 3.5313880000
OS 7.8840920000 3.5313220000
OS 7.8840690000 3.5313220000
OS 7.8838160000 3.5312750000
OS 7.8835370000 3.5312200000
OS 7.5957670000 3.5312200000
OS 7.5957460000 3.5312180000
OS 7.5897500000 3.5300260000
OS 7.5896950000 3.5300110000
OS 7.5840390000 3.5276690000
OS 7.5789270000 3.5242540000
OS 7.5789070000 3.5242380000
OS 7.5745680000 3.5198970000
OS 7.5711510000 3.5147830000
OS 7.5688040000 3.5091140000
OS 7.5676000000 3.5030750000
OS 7.5675990000 3.4969300000
OS 7.5688010000 3.4908900000
OS 7.5711490000 3.4852170000
OS 7.5745620000 3.4801060000
OS 7.5789190000 3.4757480000
OS 7.5840350000 3.4723300000
OS 7.5896980000 3.4699860000
OS 7.5957490000 3.4687780000
OS 7.8834350000 3.4687780000
OS 7.8838220000 3.4687010000
OS 7.8839050000 3.4686660000
OS 7.8841180000 3.4686240000
OS 7.8842830000 3.4685550000
OS 7.8851840000 3.4682910000
OS 7.8853970000 3.4682490000
OS 7.8855610000 3.4681810000
OS 7.8857330000 3.4681300000
OS 7.8858360000 3.4681100000
OS 7.8862020000 3.4679590000
OS 7.8865240000 3.4677440000
OS 7.8866400000 3.4676280000
OS 7.8867290000 3.4675440000
OS 7.8867800000 3.4675100000
OS 7.8870250000 3.4672650000
OS 7.8871410000 3.4671560000
OS 7.8871890000 3.4671240000
OS 7.8874070000 3.4669060000
OS 7.8874260000 3.4668930000
OS 7.8877060000 3.4666140000
OS 7.8877200000 3.4665930000
OS 7.8877470000 3.4665660000
OS 7.8879070000 3.4663260000
OS 7.8881550000 3.4659850000
OS 7.8882630000 3.4658770000
OS 7.8886070000 3.4653620000
OS 7.8887340000 3.4651870000
OS 7.8887540000 3.4651630000
OS 7.8946960000 3.4592210000
OS 7.8983660000 3.4565550000
OS 7.8988760000 3.4562140000
OS 7.8989850000 3.4561050000
OS 7.9011480000 3.4545330000
OS 7.9013870000 3.4543740000
OS 7.9014320000 3.4543290000
OS 7.9015200000 3.4542700000
OS 7.9017990000 3.4539910000
OS 7.9018590000 3.4539020000
OS 7.9019450000 3.4538160000
OS 7.9020820000 3.4536100000
OS 7.9025420000 3.4530140000
OS 7.9026370000 3.4529190000
OS 7.9027770000 3.4527090000
OS 7.9029790000 3.4524470000
OS 7.9030250000 3.4524010000
OS 7.9032470000 3.4520700000
OS 7.9033950000 3.4517120000
OS 7.9034710000 3.4513310000
OS 7.9034720000 3.4512050000
OS 7.9034950000 3.4509390000
OS 7.9035300000 3.4507630000
OS 7.9035300000 3.4505340000
OS 7.9035450000 3.4503630000
OS 7.9035790000 3.4501910000
OS 7.9035790000 3.4499670000
OS 7.9036060000 3.4496540000
OS 7.9036210000 3.4495800000
OS 7.9036220000 3.4491840000
OS 7.9035460000 3.4488030000
OS 7.9033980000 3.4484450000
OS 7.9033430000 3.4483610000
OS 7.9032020000 3.4480950000
OS 7.9031230000 3.4479030000
OS 7.9030220000 3.4477510000
OS 7.9027510000 3.4472360000
OS 7.9026740000 3.4470510000
OS 7.9025770000 3.4469050000
OS 7.9025320000 3.4468200000
OS 7.9024940000 3.4467280000
OS 7.9022770000 3.4464030000
OS 7.9019960000 3.4461220000
OS 7.9019350000 3.4460810000
OS 7.9018340000 3.4459930000
OS 7.9016790000 3.4458380000
OS 7.9014380000 3.4456770000
OS 7.8989860000 3.4438950000
OS 7.8988760000 3.4437850000
OS 7.8983650000 3.4434440000
OS 7.8947130000 3.4407890000
OS 7.8946880000 3.4407680000
OS 7.8887490000 3.4348290000
OS 7.8837990000 3.4280180000
OS 7.8834550000 3.4273440000
OS 7.8832750000 3.4269080000
OS 7.8831000000 3.4266460000
OS 7.8799810000 3.4205240000
OS 7.8774600000 3.4127600000
OS 7.8774010000 3.4124640000
OS 7.8773570000 3.4123570000
OS 7.8760630000 3.4042080000
OS 7.8760630000 3.3957980000
OS 7.8773820000 3.3874780000
OS 7.8779410000 3.3857550000
OS 7.8781170000 3.3853310000
OS 7.8781770000 3.3850290000
OS 7.8799790000 3.3794790000
OS 7.8837430000 3.3720900000
OS 7.8840120000 3.3716870000
OS 7.8887360000 3.3651850000
OS 7.8887570000 3.3651600000
OS 7.8946960000 3.3592210000
OS 7.8967070000 3.3577590000
OS 7.8972270000 3.3574120000
OS 7.8973400000 3.3572990000
OS 7.8983530000 3.3565630000
OS 7.8988760000 3.3562140000
OS 7.8989890000 3.3561010000
OS 7.9011330000 3.3545430000
OS 7.9013870000 3.3543740000
OS 7.9014320000 3.3543290000
OS 7.9015200000 3.3542700000
OS 7.9017980000 3.3539920000
OS 7.9018580000 3.3539030000
OS 7.9019450000 3.3538160000
OS 7.9020790000 3.3536150000
OS 7.9025420000 3.3530140000
OS 7.9026370000 3.3529190000
OS 7.9027800000 3.3527050000
OS 7.9029790000 3.3524470000
OS 7.9030250000 3.3524010000
OS 7.9032470000 3.3520700000
OS 7.9033950000 3.3517120000
OS 7.9034710000 3.3513310000
OS 7.9034720000 3.3512050000
OS 7.9034960000 3.3509320000
OS 7.9035300000 3.3507630000
OS 7.9035300000 3.3505380000
OS 7.9035450000 3.3503600000
OS 7.9035790000 3.3501910000
OS 7.9035790000 3.3499670000
OS 7.9036060000 3.3496540000
OS 7.9036210000 3.3495800000
OS 7.9036220000 3.3491840000
OS 7.9035460000 3.3488030000
OS 7.9033980000 3.3484450000
OS 7.9033430000 3.3483620000
OS 7.9032020000 3.3480930000
OS 7.9031230000 3.3479030000
OS 7.9030230000 3.3477530000
OS 7.9027500000 3.3472350000
OS 7.9026740000 3.3470510000
OS 7.9025770000 3.3469060000
OS 7.9025330000 3.3468220000
OS 7.9024940000 3.3467280000
OS 7.9022770000 3.3464030000
OS 7.9019960000 3.3461220000
OS 7.9019370000 3.3460830000
OS 7.9018360000 3.3459950000
OS 7.9016790000 3.3458380000
OS 7.9014420000 3.3456800000
OS 7.8989860000 3.3438950000
OS 7.8988760000 3.3437850000
OS 7.8983670000 3.3434450000
OS 7.8947130000 3.3407890000
OS 7.8946880000 3.3407680000
OS 7.8887490000 3.3348290000
OS 7.8857600000 3.3307170000
OS 7.8854140000 3.3301980000
OS 7.8853020000 3.3300860000
OS 7.8851820000 3.3299210000
OS 7.8848310000 3.3293950000
OS 7.8847170000 3.3292810000
OS 7.8845950000 3.3291130000
OS 7.8844290000 3.3288640000
OS 7.8843830000 3.3288180000
OS 7.8843230000 3.3287280000
OS 7.8840480000 3.3284530000
OS 7.8839570000 3.3283920000
OS 7.8838710000 3.3283060000
OS 7.8836670000 3.3281700000
OS 7.8829150000 3.3275900000
OS 7.8828180000 3.3274930000
OS 7.8826040000 3.3273500000
OS 7.8824260000 3.3272130000
OS 7.8823780000 3.3271650000
OS 7.8820560000 3.3269500000
OS 7.8816980000 3.3268020000
OS 7.8813170000 3.3267260000
OS 7.8806620000 3.3266010000
OS 7.8806470000 3.3266010000
OS 7.8801020000 3.3264950000
OS 7.0724800000 3.3264950000
OS 7.0720960000 3.3265710000
OS 7.0720130000 3.3266050000
OS 7.0717980000 3.3266480000
OS 7.0716310000 3.3267170000
OS 7.0712080000 3.3268020000
OS 7.0710110000 3.3268840000
OS 7.0707620000 3.3269330000
OS 7.0704370000 3.3270680000
OS 7.0702190000 3.3271110000
OS 7.0700510000 3.3271810000
OS 7.0699430000 3.3272020000
OS 7.0695790000 3.3273530000
OS 7.0643900000 3.3308170000
OS 7.0587170000 3.3331650000
OS 7.0526820000 3.3343670000
OS 7.0465640000 3.3343690000
OS 7.0465340000 3.3343670000
OS 7.0405210000 3.3331720000
OS 7.0404960000 3.3331650000
OS 7.0348260000 3.3308190000
OS 7.0297150000 3.3274050000
OS 7.0253530000 3.3230450000
OS 7.0219480000 3.3179490000
OS 7.0219360000 3.3179280000
OS 7.0195890000 3.3122590000
OS 7.0183870000 3.3062240000
OS 7.0183870000 3.3000720000
OS 7.0195850000 3.2940530000
OS 7.0195940000 3.2940240000
OS 7.0219370000 3.2883670000
OS 7.0253590000 3.2832450000
OS 7.0297060000 3.2788980000
OS 7.0348190000 3.2754810000
OS 7.0404960000 3.2731310000
OS 7.0465360000 3.2719280000
OS 7.0526690000 3.2719280000
OS 7.0586920000 3.2731240000
OS 7.0587310000 3.2731360000
OS 7.0643850000 3.2754780000
OS 7.0695130000 3.2789010000
OS 7.0698710000 3.2790490000
OS 7.0699610000 3.2790680000
OS 7.0701640000 3.2791510000
OS 7.0703340000 3.2791850000
OS 7.0707430000 3.2793530000
OS 7.0707980000 3.2793640000
OS 7.0708610000 3.2793900000
OS 7.0710160000 3.2794210000
OS 7.0711870000 3.2794920000
OS 7.0715290000 3.2795600000
OS 7.0715550000 3.2795680000
OS 7.0717440000 3.2796460000
OS 7.0719210000 3.2796820000
OS 7.0720190000 3.2797230000
OS 7.0724060000 3.2798000000
OS 7.8765870000 3.2798020000
OS 7.8769740000 3.2797250000
OS 7.8770560000 3.2796910000
OS 7.8772720000 3.2796480000
OS 7.8774380000 3.2795790000
OS 7.8781830000 3.2793610000
OS 7.8783980000 3.2793180000
OS 7.8785630000 3.2792490000
OS 7.8788140000 3.2791760000
OS 7.8789200000 3.2791550000
OS 7.8792870000 3.2790030000
OS 7.8796090000 3.2787880000
OS 7.8798840000 3.2785130000
OS 7.8799150000 3.2784690000
OS 7.8801330000 3.2782270000
OS 7.8803390000 3.2780210000
OS 7.8803940000 3.2779390000
OS 7.8808110000 3.2774780000
OS 7.8810160000 3.2772730000
OS 7.8810600000 3.2772070000
OS 7.8811250000 3.2771420000
OS 7.8813400000 3.2768200000
OS 7.8813770000 3.2767310000
OS 7.8814530000 3.2766180000
OS 7.8815410000 3.2764060000
OS 7.8818200000 3.2758600000
OS 7.8819990000 3.2755910000
OS 7.8820260000 3.2755260000
OS 7.8820520000 3.2754870000
OS 7.8822360000 3.2750430000
OS 7.8837960000 3.2719830000
OS 7.8887360000 3.2651850000
OS 7.8887570000 3.2651600000
OS 7.8946960000 3.2592210000
OS 7.9015020000 3.2542760000
OS 7.9089980000 3.2504540000
OS 7.9168660000 3.2478980000
OS 7.9168770000 3.2478980000
OS 7.9174650000 3.2477810000
OS 7.9253230000 3.2465340000
OS 7.9455350000 3.2465340000
OS 7.9533950000 3.2477800000
OS 7.9539900000 3.2478980000
OS 7.9539980000 3.2478980000
OS 7.9618630000 3.2504530000
OS 7.9693460000 3.2542650000
OS 7.9761530000 3.2592070000
OS 7.9761770000 3.2592280000
OS 7.9821160000 3.2651670000
OS 7.9870630000 3.2719740000
OS 7.9886320000 3.2750530000
OS 7.9888120000 3.2754870000
OS 7.9889870000 3.2757490000
OS 7.9908830000 3.2794690000
OS 7.9934830000 3.2874720000
OS 7.9936050000 3.2882410000
OS 7.9936050000 3.2883850000
OS 7.9937190000 3.2889600000
OS 7.9948030000 3.2957890000
OS 7.9948030000 3.3041950000
OS 7.9934860000 3.3125150000
OS 7.9921430000 3.3166480000
OS 7.9919710000 3.3170640000
OS 7.9919130000 3.3173580000
OS 7.9908840000 3.3205240000
OS 7.9870680000 3.3280160000
OS 7.9855640000 3.3300860000
OS 7.9854520000 3.3301980000
OS 7.9851020000 3.3307230000
OS 7.9821560000 3.3347770000
OS 7.9821090000 3.3348370000
OS 7.9761720000 3.3407740000
OS 7.9725040000 3.3434410000
OS 7.9719900000 3.3437840000
OS 7.9718800000 3.3438940000
OS 7.9697350000 3.3454520000
OS 7.9694790000 3.3456230000
OS 7.9694290000 3.3456730000
OS 7.9693440000 3.3457300000
OS 7.9690650000 3.3460090000
OS 7.9690080000 3.3460940000
OS 7.9689210000 3.3461810000
OS 7.9687800000 3.3463930000
OS 7.9683210000 3.3469870000
OS 7.9682290000 3.3470790000
OS 7.9680950000 3.3472790000
OS 7.9678890000 3.3475470000
OS 7.9678410000 3.3475950000
OS 7.9676190000 3.3479260000
OS 7.9674710000 3.3482840000
OS 7.9673950000 3.3486650000
OS 7.9673950000 3.3487750000
OS 7.9673700000 3.3490660000
OS 7.9673370000 3.3492350000
OS 7.9673370000 3.3494530000
OS 7.9673210000 3.3496360000
OS 7.9672870000 3.3498080000
OS 7.9672870000 3.3500320000
OS 7.9672610000 3.3503360000
OS 7.9672450000 3.3504190000
OS 7.9672440000 3.3508150000
OS 7.9673200000 3.3511960000
OS 7.9674720000 3.3515630000
OS 7.9675220000 3.3516380000
OS 7.9676570000 3.3518940000
OS 7.9677420000 3.3520960000
OS 7.9678430000 3.3522480000
OS 7.9681150000 3.3527620000
OS 7.9681920000 3.3529480000
OS 7.9682940000 3.3531010000
OS 7.9683290000 3.3531670000
OS 7.9683710000 3.3532670000
OS 7.9685890000 3.3535940000
OS 7.9688640000 3.3538690000
OS 7.9689240000 3.3539100000
OS 7.9690160000 3.3539900000
OS 7.9691870000 3.3541610000
OS 7.9694530000 3.3543380000
OS 7.9718760000 3.3560990000
OS 7.9719900000 3.3562130000
OS 7.9725140000 3.3565630000
OS 7.9735270000 3.3572990000
OS 7.9736400000 3.3574120000
OS 7.9741600000 3.3577590000
OS 7.9761520000 3.3592070000
OS 7.9761770000 3.3592280000
OS 7.9821140000 3.3651650000
OS 7.9868560000 3.3716890000
OS 7.9871140000 3.3720750000
OS 7.9881510000 3.3741090000
OS 7.9883310000 3.3745450000
OS 7.9885060000 3.3748070000
OS 7.9902880000 3.3783020000
OS 7.9903770000 3.3785170000
OS 7.9904580000 3.3786380000
OS 7.9904970000 3.3787330000
OS 7.9907150000 3.3790600000
OS 7.9907880000 3.3791330000
OS 7.9908140000 3.3791720000
OS 7.9910520000 3.3794100000
OS 7.9913760000 3.3797530000
OS 7.9914070000 3.3798000000
OS 7.9916350000 3.3800280000
OS 7.9920830000 3.3805030000
OS 7.9920960000 3.3805220000
OS 7.9923780000 3.3808060000
OS 7.9927000000 3.3810210000
OS 7.9930580000 3.3811690000
OS 7.9932060000 3.3811990000
OS 7.9945280000 3.3815250000
OS 7.9945730000 3.3815440000
OS 7.9949740000 3.3816240000
OS 7.9953610000 3.3816240000
OS 7.9957420000 3.3815480000
OS 7.9961000000 3.3814000000
OS 7.9964220000 3.3811850000
OS 7.9967100000 3.3808950000
OS 7.9967700000 3.3808060000
OS 7.9974770000 3.3799450000
OS 7.9976220000 3.3798000000
OS 7.9977350000 3.3796310000
OS 7.9978390000 3.3795040000
OS 7.9999650000 3.3773770000
OS 8.0002030000 3.3771820000
OS 8.0005200000 3.3769700000
OS 8.0007900000 3.3767000000
OS 8.0022910000 3.3754680000
OS 8.0047730000 3.3738090000
OS 8.0074350000 3.3723870000
OS 8.0101950000 3.3712430000
OS 8.0130560000 3.3703760000
OS 8.0160040000 3.3697890000
OS 8.0189950000 3.3694950000
OS 8.0219840000 3.3694960000
OS 8.0249770000 3.3697910000
OS 8.0266910000 3.3701310000
OS 8.0270780000 3.3701310000
OS 8.0274590000 3.3700550000
OS 8.0278170000 3.3699070000
OS 8.0281390000 3.3696920000
OS 8.0281940000 3.3696380000
OS 8.0287180000 3.3692310000
OS 8.0288110000 3.3691690000
OS 8.0290930000 3.3688890000
OS 8.0293080000 3.3685670000
OS 8.0294600000 3.3681990000
OS 8.0294700000 3.3681460000
OS 8.0297530000 3.3673480000
OS 8.0298620000 3.3670850000
OS 8.0298830000 3.3669810000
OS 8.0299360000 3.3668310000
OS 8.0300430000 3.3665730000
OS 8.0300630000 3.3664720000
OS 8.0300700000 3.3664510000
OS 8.0301200000 3.3663320000
OS 8.0301970000 3.3659450000
OS 8.0301970000 2.9291880000
OS 8.0301200000 2.9288010000
OS 8.0300860000 2.9287200000
OS 8.0300430000 2.9285070000
OS 8.0299780000 2.9283510000
OS 8.0299350000 2.9282030000
OS 8.0298890000 2.9279720000
OS 8.0298140000 2.9277920000
OS 8.0296630000 2.9272740000
OS 8.0296240000 2.9270790000
OS 8.0295620000 2.9269290000
OS 8.0295310000 2.9268240000
OS 8.0295100000 2.9267180000
OS 8.0293590000 2.9263540000
OS 8.0291430000 2.9260300000
OS 8.0290790000 2.9259660000
OS 8.0290000000 2.9258690000
OS 8.0288850000 2.9256960000
OS 8.0288510000 2.9256620000
OS 8.0288170000 2.9256110000
OS 7.9775610000 2.8743560000
OS 7.9772390000 2.8741410000
OS 7.9771510000 2.8741040000
OS 7.9769740000 2.8739860000
OS 7.9768150000 2.8739200000
OS 7.9761550000 2.8735590000
OS 7.9759790000 2.8734420000
OS 7.9758170000 2.8733750000
OS 7.9755640000 2.8732360000
OS 7.9754750000 2.8731770000
OS 7.9751110000 2.8730260000
OS 7.9747270000 2.8729490000
OS 7.9743400000 2.8729490000
OS 7.9742630000 2.8729630000
OS 7.9739340000 2.8729870000
OS 7.9736910000 2.8729870000
OS 7.9735530000 2.8730140000
OS 7.9730550000 2.8730500000
OS 7.9728230000 2.8730500000
OS 7.9726900000 2.8730760000
OS 7.9725700000 2.8730850000
OS 7.9724450000 2.8730850000
OS 7.9720630000 2.8731610000
OS 7.9716990000 2.8733120000
OS 7.9716140000 2.8733690000
OS 7.9714910000 2.8734350000
OS 7.9713220000 2.8735050000
OS 7.9712050000 2.8735830000
OS 7.9710730000 2.8736380000
OS 7.9709770000 2.8737020000
OS 7.9709580000 2.8737100000
OS 7.9706270000 2.8739310000
OS 7.9706140000 2.8739440000
OS 7.9704180000 2.8740750000
OS 7.9703640000 2.8741290000
OS 7.9697370000 2.8745850000
OS 7.9694770000 2.8747580000
OS 7.9694320000 2.8748030000
OS 7.9693470000 2.8748600000
OS 7.9690670000 2.8751390000
OS 7.9690110000 2.8752240000
OS 7.9689190000 2.8753160000
OS 7.9687750000 2.8755310000
OS 7.9683300000 2.8761100000
OS 7.9682290000 2.8762110000
OS 7.9680860000 2.8764260000
OS 7.9678870000 2.8766840000
OS 7.9678410000 2.8767300000
OS 7.9676190000 2.8770610000
OS 7.9674710000 2.8774190000
OS 7.9673950000 2.8778000000
OS 7.9673950000 2.8779110000
OS 7.9673700000 2.8781980000
OS 7.9673370000 2.8783670000
OS 7.9673370000 2.8785870000
OS 7.9673210000 2.8787730000
OS 7.9672880000 2.8789400000
OS 7.9672880000 2.8791580000
OS 7.9672600000 2.8794770000
OS 7.9672440000 2.8795600000
OS 7.9672440000 2.8799470000
OS 7.9673200000 2.8803280000
OS 7.9674680000 2.8806860000
OS 7.9675230000 2.8807700000
OS 7.9676600000 2.8810290000
OS 7.9677430000 2.8812280000
OS 7.9678450000 2.8813810000
OS 7.9681080000 2.8818800000
OS 7.9681910000 2.8820800000
OS 7.9682980000 2.8822400000
OS 7.9683320000 2.8823050000
OS 7.9683720000 2.8824020000
OS 7.9685890000 2.8827280000
OS 7.9688640000 2.8830030000
OS 7.9689270000 2.8830460000
OS 7.9690200000 2.8831270000
OS 7.9691860000 2.8832930000
OS 7.9694290000 2.8834550000
OS 7.9761520000 2.8883410000
OS 7.9761770000 2.8883620000
OS 7.9821160000 2.8943010000
OS 7.9870560000 2.9010980000
OS 7.9908770000 2.9085910000
OS 7.9909640000 2.9088520000
OS 7.9910250000 2.9091600000
OS 7.9912040000 2.9095920000
OS 7.9934820000 2.9166030000
OS 7.9944240000 2.9225360000
OS 7.9944240000 2.9226850000
OS 7.9945420000 2.9232800000
OS 7.9948030000 2.9249230000
OS 7.9948030000 2.9333330000
OS 7.9943120000 2.9364300000
OS 7.9941970000 2.9370100000
OS 7.9941970000 2.9371570000
OS 7.9934850000 2.9416490000
OS 7.9908880000 2.9496480000
OS 7.9907150000 2.9499080000
OS 7.9905370000 2.9503380000
OS 7.9870690000 2.9571490000
OS 7.9821330000 2.9639430000
OS 7.9821040000 2.9639770000
OS 7.9784320000 2.9676490000
OS 7.9782130000 2.9679760000
OS 7.9781790000 2.9680580000
OS 7.9780610000 2.9682370000
OS 7.9779950000 2.9683960000
OS 7.9776320000 2.9690600000
OS 7.9775190000 2.9692300000
OS 7.9774540000 2.9693870000
OS 7.9773150000 2.9696420000
OS 7.9772530000 2.9697340000
OS 7.9771020000 2.9700980000
OS 7.9770250000 2.9704830000
OS 7.9770250000 2.9708700000
OS 7.9770390000 2.9709440000
OS 7.9770640000 2.9712890000
OS 7.9770640000 2.9715180000
OS 7.9770900000 2.9716500000
OS 7.9771050000 2.9718560000
OS 7.9771050000 2.9720910000
OS 7.9771320000 2.9722270000
OS 7.9771520000 2.9725050000
OS 7.9771520000 2.9726290000
OS 7.9772280000 2.9730100000
OS 7.9773760000 2.9733680000
OS 7.9775980000 2.9737000000
OS 7.9776360000 2.9737380000
OS 7.9778380000 2.9740080000
OS 7.9779970000 2.9742470000
OS 7.9780720000 2.9743220000
OS 7.9783520000 2.9746970000
OS 7.9785110000 2.9749350000
OS 7.9785830000 2.9750070000
OS 7.9786510000 2.9750980000
OS 7.9787240000 2.9752070000
OS 7.9790030000 2.9754870000
OS 7.9793250000 2.9757020000
OS 7.9794130000 2.9757390000
OS 7.9795510000 2.9758150000
OS 7.9797240000 2.9759300000
OS 7.9798550000 2.9759840000
OS 7.9800030000 2.9760830000
OS 7.9800950000 2.9761210000
OS 7.9801160000 2.9761350000
OS 7.9804800000 2.9762860000
OS 7.9805020000 2.9762900000
OS 7.9807310000 2.9763850000
OS 7.9807990000 2.9763980000
OS 7.9842070000 2.9776700000
OS 7.9848270000 2.9779270000
OS 7.9848370000 2.9779290000
OS 7.9892390000 2.9812210000
OS 7.9925820000 2.9856840000
OS 7.9933340000 2.9877000000
OS 7.9933600000 2.9878310000
OS 7.9935900000 2.9883870000
OS 7.9945310000 2.9909090000
OS 7.9945350000 2.9909250000
OS 7.9947830000 2.9932200000
OS 7.9947820000 3.0189900000
OS 7.9947790000 3.0189920000
OS 7.9555680000 3.0189950000
OS 7.9551870000 3.0190710000
OS 7.9548290000 3.0192190000
OS 7.9545070000 3.0194340000
OS 7.9542320000 3.0197090000
OS 7.9540170000 3.0200310000
OS 7.9538690000 3.0203890000
OS 7.9537930000 3.0207700000
OS 7.9537930000 3.0211570000
OS 7.9538690000 3.0215380000
OS 7.9538750000 3.0215520000
OS 7.9538800000 3.0215780000
OS 7.9539020000 3.0216310000
OS 7.9545160000 3.0239200000
OS 7.9545640000 3.0241610000
OS 7.9546120000 3.0242770000
OS 7.9552130000 3.0265180000
OS 7.9552150000 3.0265360000
OS 7.9552160000 3.0317280000
OS 7.9552140000 3.0317410000
OS 7.9546130000 3.0339850000
OS 7.9545650000 3.0341010000
OS 7.9545180000 3.0343390000
OS 7.9539040000 3.0366310000
OS 7.9538820000 3.0366840000
OS 7.9538770000 3.0367100000
OS 7.9538710000 3.0367240000
OS 7.9537950000 3.0371050000
OS 7.9537950000 3.0374920000
OS 7.9538710000 3.0378730000
OS 7.9540190000 3.0382310000
OS 7.9542340000 3.0385530000
OS 7.9545090000 3.0388280000
OS 7.9548310000 3.0390430000
OS 7.9551890000 3.0391910000
OS 7.9555700000 3.0392670000
OS 7.9947810000 3.0392710000
OS 7.9947840000 3.0650350000
OS 7.9945370000 3.0673350000
OS 7.9925900000 3.0725630000
OS 7.9925830000 3.0725760000
OS 7.9902850000 3.0756490000
OS 7.9901360000 3.0757980000
OS 7.9898220000 3.0762680000
OS 7.9892470000 3.0770370000
OS 7.9847880000 3.0803750000
OS 7.9795640000 3.0823250000
OS 7.9795500000 3.0823280000
OS 7.9772470000 3.0825770000
OS 7.9455870000 3.0825770000
OS 7.9455740000 3.0825750000
OS 7.9455700000 3.0492670000
OS 7.9454940000 3.0488860000
OS 7.9453460000 3.0485280000
OS 7.9451310000 3.0482060000
OS 7.9448560000 3.0479310000
OS 7.9445340000 3.0477160000
OS 7.9441760000 3.0475680000
OS 7.9437950000 3.0474920000
OS 7.9434080000 3.0474920000
OS 7.9430270000 3.0475680000
OS 7.9430120000 3.0475740000
OS 7.9429870000 3.0475790000
OS 7.9429340000 3.0476010000
OS 7.9406460000 3.0482150000
OS 7.9404040000 3.0482630000
OS 7.9402880000 3.0483110000
OS 7.9380460000 3.0489130000
OS 7.9380270000 3.0489150000
OS 7.9328370000 3.0489160000
OS 7.9328100000 3.0489110000
OS 7.9305780000 3.0483120000
OS 7.9304640000 3.0482650000
OS 7.9302270000 3.0482180000
OS 7.9279340000 3.0476030000
OS 7.9278810000 3.0475810000
OS 7.9278550000 3.0475760000
OS 7.9278410000 3.0475700000
OS 7.9274600000 3.0474940000
OS 7.9270730000 3.0474940000
OS 7.9266920000 3.0475700000
OS 7.9263340000 3.0477180000
OS 7.9260120000 3.0479330000
OS 7.9257370000 3.0482080000
OS 7.9255220000 3.0485300000
OS 7.9253740000 3.0488880000
OS 7.9252980000 3.0492690000
OS 7.9252960000 3.0825390000
OS 7.9252940000 3.0825740000
OS 7.9252650000 3.0825760000
OS 7.8936310000 3.0825780000
OS 7.8913220000 3.0823300000
OS 7.8860980000 3.0803850000
OS 7.8860840000 3.0803770000
OS 7.8816230000 3.0770400000
OS 7.8810360000 3.0762560000
OS 7.8807300000 3.0757980000
OS 7.8805830000 3.0756510000
OS 7.8782840000 3.0725810000
OS 7.8763340000 3.0673550000
OS 7.8760830000 3.0650450000
OS 7.8760840000 3.0392740000
OS 7.8761110000 3.0392720000
OS 7.9152970000 3.0392690000
OS 7.9156780000 3.0391930000
OS 7.9160360000 3.0390450000
OS 7.9163580000 3.0388300000
OS 7.9166330000 3.0385550000
OS 7.9168480000 3.0382330000
OS 7.9169960000 3.0378750000
OS 7.9170720000 3.0374940000
OS 7.9170720000 3.0371070000
OS 7.9169960000 3.0367260000
OS 7.9169900000 3.0367120000
OS 7.9169850000 3.0366860000
OS 7.9169630000 3.0366330000
OS 7.9163510000 3.0343500000
OS 7.9163020000 3.0341030000
OS 7.9162530000 3.0339840000
OS 7.9156520000 3.0317410000
OS 7.9156500000 3.0265510000
OS 7.9156530000 3.0265200000
OS 7.9162550000 3.0242740000
OS 7.9163010000 3.0241630000
OS 7.9163490000 3.0239200000
OS 7.9169630000 3.0216310000
OS 7.9169840000 3.0215800000
OS 7.9169890000 3.0215540000
OS 7.9169950000 3.0215400000
OS 7.9170710000 3.0211590000
OS 7.9170710000 3.0207720000
OS 7.9169950000 3.0203910000
OS 7.9168470000 3.0200330000
OS 7.9166320000 3.0197110000
OS 7.9163570000 3.0194360000
OS 7.9160350000 3.0192210000
OS 7.9156770000 3.0190730000
OS 7.9152960000 3.0189970000
OS 7.8760870000 3.0189940000
OS 7.8760820000 2.9932350000
OS 7.8763290000 2.9909260000
OS 7.8772700000 2.9884020000
OS 7.8775060000 2.9878310000
OS 7.8775330000 2.9876940000
OS 7.8782760000 2.9857010000
OS 7.8816190000 2.9812280000
OS 7.8860240000 2.9779300000
OS 7.8860390000 2.9779270000
OS 7.8866070000 2.9776920000
OS 7.8898150000 2.9764930000
OS 7.8898820000 2.9764800000
OS 7.8901640000 2.9763630000
OS 7.8902310000 2.9763380000
OS 7.8902670000 2.9763310000
OS 7.8906300000 2.9761810000
OS 7.8909520000 2.9759660000
OS 7.8909940000 2.9759250000
OS 7.8910270000 2.9759000000
OS 7.8912650000 2.9757410000
OS 7.8913400000 2.9756660000
OS 7.8919400000 2.9752170000
OS 7.8921710000 2.9750630000
OS 7.8922450000 2.9749890000
OS 7.8924520000 2.9748340000
OS 7.8925700000 2.9747550000
OS 7.8928450000 2.9744800000
OS 7.8930600000 2.9741580000
OS 7.8932130000 2.9737890000
OS 7.8932200000 2.9737540000
OS 7.8933480000 2.9734110000
OS 7.8934680000 2.9731220000
OS 7.8934820000 2.9730530000
OS 7.8935520000 2.9728660000
OS 7.8936710000 2.9725800000
OS 7.8936860000 2.9725070000
OS 7.8937580000 2.9723130000
OS 7.8938270000 2.9721470000
OS 7.8939040000 2.9717600000
OS 7.8939040000 2.9713670000
OS 7.8938270000 2.9709800000
OS 7.8938200000 2.9709630000
OS 7.8937410000 2.9705980000
OS 7.8936710000 2.9702470000
OS 7.8936580000 2.9702150000
OS 7.8935640000 2.9697830000
OS 7.8934900000 2.9694150000
OS 7.8934760000 2.9693820000
OS 7.8934290000 2.9691480000
OS 7.8932790000 2.9687850000
OS 7.8930640000 2.9684630000
OS 7.8930240000 2.9684220000
OS 7.8929020000 2.9682590000
OS 7.8927510000 2.9680320000
OS 7.8926870000 2.9679680000
OS 7.8925530000 2.9677670000
OS 7.8887430000 2.9639560000
OS 7.8871770000 2.9618010000
OS 7.8868330000 2.9612850000
OS 7.8867230000 2.9611750000
OS 7.8865990000 2.9610040000
OS 7.8864340000 2.9607560000
OS 7.8863880000 2.9607100000
OS 7.8863290000 2.9606220000
OS 7.8860510000 2.9603430000
OS 7.8859600000 2.9602820000
OS 7.8858760000 2.9601980000
OS 7.8856760000 2.9600650000
OS 7.8849100000 2.9594740000
OS 7.8848190000 2.9593830000
OS 7.8846200000 2.9592500000
OS 7.8844330000 2.9591060000
OS 7.8843880000 2.9590610000
OS 7.8840590000 2.9588400000
OS 7.8837010000 2.9586920000
OS 7.8833200000 2.9586160000
OS 7.8826630000 2.9584910000
OS 7.8826540000 2.9584910000
OS 7.8821040000 2.9583850000
OS 7.5947830000 2.9583850000
OS 7.5947620000 2.9583830000
OS 7.5887660000 2.9571910000
OS 7.5887040000 2.9571730000
OS 7.5830530000 2.9548330000
OS 7.5779360000 2.9514150000
OS 7.5735820000 2.9470620000
OS 7.5701680000 2.9419520000
OS 7.5678200000 2.9362780000
OS 7.5666140000 2.9302360000
OS 7.5666150000 2.9240880000
OS 7.5678120000 2.9180750000
OS 7.5678230000 2.9180360000
OS 7.5701650000 2.9123820000
OS 7.5735800000 2.9072700000
OS 7.5735920000 2.9072550000
OS 7.5779360000 2.9029130000
OS 7.5830510000 2.8994960000
OS 7.5887240000 2.8971470000
OS 7.5947650000 2.8959440000
OS 7.8849100000 2.8959440000
OS 7.8852970000 2.8958670000
OS 7.8853750000 2.8958350000
OS 7.8855940000 2.8957900000
OS 7.8857590000 2.8957220000
OS 7.8858970000 2.8956820000
OS 7.8861260000 2.8956360000
OS 7.8863030000 2.8955630000
OS 7.8868140000 2.8954130000
OS 7.8870190000 2.8953720000
OS 7.8871790000 2.8953060000
OS 7.8872740000 2.8952780000
OS 7.8873790000 2.8952570000
OS 7.8877430000 2.8951060000
OS 7.8880670000 2.8948900000
OS 7.8881320000 2.8948250000
OS 7.8882210000 2.8947540000
OS 7.8884020000 2.8946330000
OS 7.8884360000 2.8945990000
OS 7.8884840000 2.8945670000
OS 7.8946930000 2.8883580000
OS 7.8983810000 2.8856780000
OS 7.8988760000 2.8853470000
OS 7.8989830000 2.8852400000
OS 7.9011530000 2.8836630000
OS 7.9013890000 2.8835050000
OS 7.9014320000 2.8834620000
OS 7.9015220000 2.8834020000
OS 7.9017970000 2.8831270000
OS 7.9018580000 2.8830360000
OS 7.9019470000 2.8829470000
OS 7.9020880000 2.8827360000
OS 7.9025380000 2.8821520000
OS 7.9026370000 2.8820530000
OS 7.9027830000 2.8818350000
OS 7.9029790000 2.8815800000
OS 7.9030250000 2.8815340000
OS 7.9032470000 2.8812030000
OS 7.9033950000 2.8808450000
OS 7.9034710000 2.8804640000
OS 7.9034720000 2.8803380000
OS 7.9034950000 2.8800730000
OS 7.9035300000 2.8798970000
OS 7.9035300000 2.8796710000
OS 7.9035450000 2.8794940000
OS 7.9035790000 2.8793240000
OS 7.9035790000 2.8790950000
OS 7.9036040000 2.8787980000
OS 7.9036210000 2.8787130000
OS 7.9036220000 2.8783170000
OS 7.9035460000 2.8779360000
OS 7.9033980000 2.8775780000
OS 7.9033430000 2.8774940000
OS 7.9032020000 2.8772260000
OS 7.9031230000 2.8770360000
OS 7.9030210000 2.8768840000
OS 7.9027530000 2.8763730000
OS 7.9026740000 2.8761830000
OS 7.9025740000 2.8760330000
OS 7.9025330000 2.8759550000
OS 7.9024950000 2.8758630000
OS 7.9022770000 2.8755360000
OS 7.9020020000 2.8752610000
OS 7.9019410000 2.8752190000
OS 7.9018450000 2.8751360000
OS 7.9016790000 2.8749700000
OS 7.9014180000 2.8747960000
OS 7.8989880000 2.8730300000
OS 7.8988760000 2.8729180000
OS 7.8983570000 2.8725710000
OS 7.8947130000 2.8699230000
OS 7.8946880000 2.8699020000
OS 7.8887490000 2.8639630000
OS 7.8838010000 2.8571540000
OS 7.8826740000 2.8549420000
OS 7.8824940000 2.8545080000
OS 7.8823190000 2.8542460000
OS 7.8799810000 2.8496580000
OS 7.8774000000 2.8417100000
OS 7.8774000000 2.8416100000
OS 7.8772790000 2.8410020000
OS 7.8760630000 2.8333420000
OS 7.8760630000 2.8249360000
OS 7.8773810000 2.8166140000
OS 7.8784400000 2.8133540000
OS 7.8786150000 2.8129310000
OS 7.8786750000 2.8126300000
OS 7.8799820000 2.8086070000
OS 7.8837980000 2.8011150000
OS 7.8846750000 2.7999080000
OS 7.8847860000 2.7997970000
OS 7.8851310000 2.7992800000
OS 7.8887360000 2.7943190000
OS 7.8887570000 2.7942940000
OS 7.8946960000 2.7883550000
OS 7.8983640000 2.7856890000
OS 7.8988760000 2.7853470000
OS 7.8989860000 2.7852370000
OS 7.9011300000 2.7836790000
OS 7.9013880000 2.7835070000
OS 7.9014350000 2.7834600000
OS 7.9015200000 2.7834030000
OS 7.9017990000 2.7831250000
OS 7.9018570000 2.7830380000
OS 7.9019460000 2.7829490000
OS 7.9020880000 2.7827360000
OS 7.9025410000 2.7821490000
OS 7.9026370000 2.7820530000
OS 7.9027820000 2.7818350000
OS 7.9029790000 2.7815800000
OS 7.9030250000 2.7815340000
OS 7.9032470000 2.7812030000
OS 7.9033950000 2.7808450000
OS 7.9034710000 2.7804640000
OS 7.9034720000 2.7803410000
OS 7.9034950000 2.7800720000
OS 7.9035300000 2.7798970000
OS 7.9035300000 2.7796710000
OS 7.9035450000 2.7794930000
OS 7.9035790000 2.7793240000
OS 7.9035790000 2.7790950000
OS 7.9036050000 2.7787940000
OS 7.9036210000 2.7787130000
OS 7.9036220000 2.7783170000
OS 7.9035460000 2.7779360000
OS 7.9033980000 2.7775780000
OS 7.9033430000 2.7774940000
OS 7.9032030000 2.7772280000
OS 7.9031230000 2.7770360000
OS 7.9030230000 2.7768860000
OS 7.9027520000 2.7763710000
OS 7.9026740000 2.7761830000
OS 7.9025750000 2.7760340000
OS 7.9025340000 2.7759570000
OS 7.9024950000 2.7758630000
OS 7.9022770000 2.7755360000
OS 7.9020020000 2.7752610000
OS 7.9019410000 2.7752190000
OS 7.9018450000 2.7751360000
OS 7.9016790000 2.7749700000
OS 7.9014190000 2.7747970000
OS 7.8989890000 2.7730310000
OS 7.8988760000 2.7729180000
OS 7.8984970000 2.7726650000
OS 7.8984150000 2.7725830000
OS 7.8978920000 2.7722340000
OS 7.8947130000 2.7699230000
OS 7.8946880000 2.7699020000
OS 7.8887490000 2.7639630000
OS 7.8851840000 2.7590570000
OS 7.8848310000 2.7585290000
OS 7.8847170000 2.7584150000
OS 7.8845950000 2.7582470000
OS 7.8844290000 2.7579980000
OS 7.8843830000 2.7579520000
OS 7.8843230000 2.7578620000
OS 7.8840480000 2.7575870000
OS 7.8839570000 2.7575260000
OS 7.8838710000 2.7574400000
OS 7.8836650000 2.7573020000
OS 7.8829160000 2.7567250000
OS 7.8828180000 2.7566270000
OS 7.8826030000 2.7564840000
OS 7.8824260000 2.7563470000
OS 7.8823780000 2.7562990000
OS 7.8820560000 2.7560840000
OS 7.8816980000 2.7559360000
OS 7.8806620000 2.7557350000
OS 7.8806470000 2.7557350000
OS 7.8801020000 2.7556290000
OS 7.2693310000 2.7556290000
OS 7.2689460000 2.7557050000
OS 7.2688620000 2.7557400000
OS 7.2686530000 2.7557820000
OS 7.2684970000 2.7558470000
OS 7.2680580000 2.7559360000
OS 7.2678610000 2.7560180000
OS 7.2676120000 2.7560670000
OS 7.2672950000 2.7561980000
OS 7.2672630000 2.7562080000
OS 7.2670650000 2.7562470000
OS 7.2669010000 2.7563140000
OS 7.2667940000 2.7563350000
OS 7.2664300000 2.7564860000
OS 7.2612430000 2.7599500000
OS 7.2555690000 2.7622980000
OS 7.2495280000 2.7635020000
OS 7.2434140000 2.7635030000
OS 7.2433840000 2.7635010000
OS 7.2373470000 2.7622990000
OS 7.2316750000 2.7599520000
OS 7.2268370000 2.7567200000
OS 7.2268000000 2.7566830000
OS 7.2265200000 2.7564960000
OS 7.2222080000 2.7521840000
OS 7.2202580000 2.7492670000
OS 7.2199790000 2.7489890000
OS 7.2199040000 2.7489390000
OS 7.2197510000 2.7487860000
OS 7.2196040000 2.7486880000
OS 7.2190360000 2.7482130000
OS 7.2188840000 2.7480610000
OS 7.2187350000 2.7479620000
OS 7.2185130000 2.7477760000
OS 7.2184410000 2.7477040000
OS 7.2181140000 2.7474850000
OS 7.2177500000 2.7473340000
OS 7.2173630000 2.7472570000
OS 7.2172880000 2.7472570000
OS 7.2169710000 2.7472170000
OS 7.2167280000 2.7471690000
OS 7.2165880000 2.7471690000
OS 7.2164010000 2.7471450000
OS 7.2161560000 2.7470970000
OS 7.2160160000 2.7470970000
OS 7.2157480000 2.7470630000
OS 7.2156250000 2.7470390000
OS 7.2152310000 2.7470380000
OS 7.2148500000 2.7471140000
OS 7.2144810000 2.7472660000
OS 7.2144360000 2.7472960000
OS 7.2141130000 2.7474500000
OS 7.2138680000 2.7475520000
OS 7.2137870000 2.7476060000
OS 7.2135930000 2.7476990000
OS 7.2133490000 2.7478000000
OS 7.2132680000 2.7478540000
OS 7.2130470000 2.7479600000
OS 7.2129040000 2.7480190000
OS 7.2125740000 2.7482390000
OS 7.2122990000 2.7485140000
OS 7.2120840000 2.7488360000
OS 7.2120640000 2.7488790000
OS 7.2118700000 2.7491940000
OS 7.2116990000 2.7494500000
OS 7.2116740000 2.7495110000
OS 7.2114140000 2.7499300000
OS 7.2112390000 2.7501930000
OS 7.2112130000 2.7502550000
OS 7.2111770000 2.7503130000
OS 7.2110840000 2.7504530000
OS 7.2109360000 2.7508110000
OS 7.2108600000 2.7511920000
OS 7.2108590000 2.7512630000
OS 7.2108370000 2.7514260000
OS 7.2107840000 2.7516940000
OS 7.2107840000 2.7517790000
OS 7.2107490000 2.7519560000
OS 7.2107490000 2.8975840000
OS 7.2108250000 2.8979680000
OS 7.2108600000 2.8980530000
OS 7.2109020000 2.8982640000
OS 7.2109710000 2.8984320000
OS 7.2110080000 2.8985570000
OS 7.2110560000 2.8987970000
OS 7.2111330000 2.8989820000
OS 7.2112780000 2.8994790000
OS 7.2113200000 2.8996890000
OS 7.2113890000 2.8998540000
OS 7.2114140000 2.8999410000
OS 7.2114360000 2.9000510000
OS 7.2115870000 2.9004150000
OS 7.2118060000 2.9007420000
OS 7.2118660000 2.9008020000
OS 7.2119410000 2.9008950000
OS 7.2120590000 2.9010720000
OS 7.2120950000 2.9011080000
OS 7.2121290000 2.9011590000
OS 7.3825310000 3.0715600000
OS 7.3828530000 3.0717750000
OS 7.3829400000 3.0718120000
OS 7.3831190000 3.0719310000
OS 7.3832850000 3.0720000000
OS 7.3834070000 3.0720670000
OS 7.3836040000 3.0721980000
OS 7.3837860000 3.0722730000
OS 7.3842430000 3.0725230000
OS 7.3844200000 3.0726410000
OS 7.3845870000 3.0727100000
OS 7.3846670000 3.0727540000
OS 7.3847570000 3.0728140000
OS 7.3851210000 3.0729650000
OS 7.3855080000 3.0730420000
OS 7.3855990000 3.0730420000
OS 7.3857040000 3.0730540000
OS 7.3859210000 3.0730970000
OS 7.3859700000 3.0730970000
OE
OB 7.42054700 3.46877900 H
OS 7.42669100 3.46877800
OS 7.43272800 3.46997900
OS 7.43840000 3.47232700
OS 7.44352200 3.47574800
OS 7.44787000 3.48009600
OS 7.45127600 3.48519000
OS 7.45129800 3.48523500
OS 7.45363900 3.49089000
OS 7.45484100 3.49692000
OS 7.45484200 3.50306400
OS 7.45364200 3.50910100
OS 7.45129600 3.51477100
OS 7.44787900 3.51988900
OS 7.44353800 3.52423500
OS 7.44351700 3.52425200
OS 7.43841700 3.52766200
OS 7.43273000 3.53001600
OS 7.42669700 3.53121800
OS 7.42055300 3.53121900
OS 7.41451700 3.53001800
OS 7.40884200 3.52766900
OS 7.40372200 3.52424900
OS 7.39937200 3.51989900
OS 7.39596100 3.51479600
OS 7.39360500 3.50910700
OS 7.39240300 3.50307500
OS 7.39240200 3.49693000
OS 7.39360300 3.49089400
OS 7.39595200 3.48521900
OS 7.39597100 3.48518700
OS 7.39936600 3.48010700
OS 7.40371400 3.47575500
OS 7.40374400 3.47573300
OS 7.40882400 3.47233800
OS 7.40885800 3.47232200
OS 7.41450600 3.46998500
OS 7.42054700 3.46877900
OE
OB 5.74168100 3.35456100 H
OS 5.74569200 3.35456100
OS 5.74968300 3.35495400
OS 5.75357600 3.35572800
OS 5.75365600 3.35574800
OS 5.75500300 3.35615500
OS 5.75536400 3.35630500
OS 5.76295800 3.35781600
OS 5.77006700 3.36075900
OS 5.77647800 3.36504100
OS 5.78192300 3.37048600
OS 5.78620300 3.37688900
OS 5.78914700 3.38400000
OS 5.79065200 3.39155900
OS 5.79065300 3.39924900
OS 5.78915100 3.40680700
OS 5.78620900 3.41391300
OS 5.78192600 3.42032700
OS 5.77648500 3.42576800
OS 5.77008400 3.43004900
OS 5.76296500 3.43299600
OS 5.75534700 3.43451500
OS 5.75499700 3.43466000
OS 5.75359300 3.43508400
OS 5.74969600 3.43585800
OS 5.74568700 3.43625300
OS 5.74167800 3.43625300
OS 5.73768300 3.43585900
OS 5.73380100 3.43508800
OS 5.73371000 3.43506500
OS 5.73335200 3.43495700
OS 5.73299800 3.43481000
OS 5.73261800 3.43473500
OS 5.73242600 3.43465600
OS 5.73223200 3.43461800
OS 5.73214000 3.43457900
OS 5.73175500 3.43450300
OS 5.70834500 3.43450200
OS 5.70078800 3.43299900
OS 5.69368400 3.43005800
OS 5.68726900 3.42577400
OS 5.68182400 3.42033000
OS 5.67754400 3.41392500
OS 5.67460100 3.40681600
OS 5.67309500 3.39925600
OS 5.67309500 3.39156100
OS 5.67459800 3.38400700
OS 5.67460700 3.38398100
OS 5.67753900 3.37690400
OS 5.67756500 3.37686200
OS 5.68182200 3.37048900
OS 5.68727100 3.36504100
OS 5.69366400 3.36076800
OS 5.70077800 3.35782100
OS 5.70834100 3.35631500
OS 5.73174600 3.35631400
OS 5.73213300 3.35623700
OS 5.73222700 3.35619800
OS 5.73241900 3.35616000
OS 5.73260200 3.35608400
OS 5.73299500 3.35600600
OS 5.73336000 3.35585500
OS 5.73374600 3.35573800
OS 5.73767500 3.35495600
OS 5.74168100 3.35456100
OE
OB 5.74168100 3.25456100 H
OS 5.74569200 3.25456100
OS 5.74967100 3.25495300
OS 5.75358600 3.25573000
OS 5.75365300 3.25574700
OS 5.75500500 3.25615600
OS 5.75536400 3.25630500
OS 5.76295700 3.25781600
OS 5.76299500 3.25783000
OS 5.77006400 3.26075800
OS 5.77009300 3.26077500
OS 5.77647800 3.26504100
OS 5.78192600 3.27048800
OS 5.78620300 3.27688900
OS 5.78914700 3.28400000
OS 5.79065300 3.29156400
OS 5.79065300 3.29925400
OS 5.78915300 3.30680000
OS 5.78621100 3.31390800
OS 5.78192600 3.32032700
OS 5.77648600 3.32576700
OS 5.77008700 3.33004700
OS 5.77005700 3.33006100
OS 5.76296400 3.33299600
OS 5.75534700 3.33451500
OS 5.75498900 3.33466300
OS 5.75362900 3.33507500
OS 5.75358600 3.33508500
OS 5.74969200 3.33585800
OS 5.74568400 3.33625300
OS 5.74167800 3.33625300
OS 5.73768300 3.33585900
OS 5.73379700 3.33508700
OS 5.73370400 3.33506400
OS 5.73335100 3.33495700
OS 5.73299800 3.33481000
OS 5.73262000 3.33473500
OS 5.73242600 3.33465600
OS 5.73223200 3.33461800
OS 5.73214000 3.33457900
OS 5.73175500 3.33450300
OS 5.70834300 3.33450200
OS 5.70078900 3.33300000
OS 5.69368700 3.33005900
OS 5.69365400 3.33004000
OS 5.68726900 3.32577400
OS 5.68182700 3.32033300
OS 5.68180900 3.32031000
OS 5.67754400 3.31392500
OS 5.67460100 3.30681600
OS 5.67309600 3.29926100
OS 5.67309500 3.29156300
OS 5.67459600 3.28401700
OS 5.67461400 3.28396400
OS 5.67753900 3.27690400
OS 5.67756400 3.27686300
OS 5.68182200 3.27048900
OS 5.68726900 3.26504300
OS 5.69366300 3.26076800
OS 5.70076000 3.25782700
OS 5.70078100 3.25782000
OS 5.70834400 3.25631400
OS 5.73174600 3.25631400
OS 5.73213300 3.25623700
OS 5.73222300 3.25620000
OS 5.73241900 3.25616000
OS 5.73260300 3.25608400
OS 5.73299500 3.25600600
OS 5.73335500 3.25585700
OS 5.73375200 3.25573700
OS 5.73767000 3.25495700
OS 5.74168100 3.25456100
OE
OB 5.74168100 3.15456100 H
OS 5.74569200 3.15456100
OS 5.74968400 3.15495400
OS 5.75358000 3.15572900
OS 5.75365700 3.15574800
OS 5.75500600 3.15615700
OS 5.75536400 3.15630500
OS 5.76295800 3.15781600
OS 5.77006500 3.16075900
OS 5.77647800 3.16504100
OS 5.78192600 3.17048800
OS 5.78620300 3.17688900
OS 5.78914700 3.18400000
OS 5.78915400 3.18402700
OS 5.79065300 3.19156000
OS 5.79065300 3.19925400
OS 5.78915100 3.20680800
OS 5.78621000 3.21391000
OS 5.78192600 3.22032700
OS 5.77648500 3.22576800
OS 5.77008400 3.23004900
OS 5.76296400 3.23299600
OS 5.75534700 3.23451500
OS 5.75499000 3.23466300
OS 5.75363500 3.23507300
OS 5.75358900 3.23508400
OS 5.74969400 3.23585800
OS 5.74568900 3.23625300
OS 5.74167800 3.23625300
OS 5.73768200 3.23585900
OS 5.73379400 3.23508700
OS 5.73371300 3.23506600
OS 5.73335200 3.23495700
OS 5.73299800 3.23481000
OS 5.73262100 3.23473500
OS 5.73260400 3.23473000
OS 5.73242600 3.23465600
OS 5.73223400 3.23461800
OS 5.73214000 3.23457900
OS 5.73175500 3.23450300
OS 5.70834500 3.23450200
OS 5.70079000 3.23300000
OS 5.69368100 3.23005700
OS 5.68726900 3.22577400
OS 5.68182300 3.22032900
OS 5.67754400 3.21392500
OS 5.67460100 3.20681600
OS 5.67309500 3.19925600
OS 5.67309500 3.19156200
OS 5.67459700 3.18401000
OS 5.67754000 3.17690200
OS 5.67756100 3.17686800
OS 5.68182200 3.17048900
OS 5.68726600 3.16504500
OS 5.69366200 3.16076900
OS 5.70078100 3.15782100
OS 5.70834000 3.15631500
OS 5.73174600 3.15631400
OS 5.73213300 3.15623700
OS 5.73222400 3.15619900
OS 5.73241900 3.15616000
OS 5.73260100 3.15608500
OS 5.73299500 3.15600600
OS 5.73335700 3.15585600
OS 5.73374600 3.15573800
OS 5.73767100 3.15495700
OS 5.74168100 3.15456100
OE
OB 5.74168400 3.05456100 H
OS 5.74569200 3.05456100
OS 5.74967700 3.05495300
OS 5.75358500 3.05573000
OS 5.75366400 3.05575000
OS 5.75500500 3.05615600
OS 5.75536400 3.05630500
OS 5.76295800 3.05781600
OS 5.77006700 3.06075900
OS 5.77647800 3.06504100
OS 5.78192600 3.07048800
OS 5.78620200 3.07688800
OS 5.78914800 3.08400300
OS 5.79065000 3.09154400
OS 5.79065400 3.09161000
OS 5.79065300 3.09925400
OS 5.78915300 3.10679900
OS 5.78621000 3.11391000
OS 5.78618500 3.11395100
OS 5.78192600 3.12032700
OS 5.77648500 3.12576800
OS 5.77008400 3.13004900
OS 5.76296400 3.13299600
OS 5.75534700 3.13451500
OS 5.75499000 3.13466300
OS 5.75362100 3.13507700
OS 5.74969200 3.13585900
OS 5.74568900 3.13625300
OS 5.74167800 3.13625300
OS 5.73768300 3.13585900
OS 5.73379700 3.13508700
OS 5.73371100 3.13506600
OS 5.73335400 3.13495700
OS 5.73299800 3.13481000
OS 5.73261700 3.13473400
OS 5.73242600 3.13465600
OS 5.73223300 3.13461800
OS 5.73214000 3.13457900
OS 5.73175500 3.13450300
OS 5.70834500 3.13450200
OS 5.70079700 3.13300200
OS 5.69368200 3.13005700
OS 5.68726900 3.12577400
OS 5.68182100 3.12032700
OS 5.67754600 3.11392800
OS 5.67479900 3.10729700
OS 5.67460100 3.10681500
OS 5.67309600 3.09925700
OS 5.67309500 3.09156200
OS 5.67459900 3.08400300
OS 5.67754000 3.07690100
OS 5.68182200 3.07048900
OS 5.68726900 3.06504300
OS 5.69366300 3.06076800
OS 5.70078300 3.05782000
OS 5.70834400 3.05631400
OS 5.73174600 3.05631400
OS 5.73213300 3.05623700
OS 5.73222400 3.05619900
OS 5.73241900 3.05616000
OS 5.73260300 3.05608400
OS 5.73299500 3.05600600
OS 5.73335700 3.05585600
OS 5.73375100 3.05573700
OS 5.73768000 3.05495500
OS 5.74168400 3.05456100
OE
OB 5.74167700 2.95456200 H
OS 5.74569200 2.95456100
OS 5.74968700 2.95495500
OS 5.75359500 2.95573200
OS 5.75365700 2.95574800
OS 5.75500300 2.95615600
OS 5.75536400 2.95630500
OS 5.76295800 2.95781600
OS 5.76988600 2.96068500
OS 5.77003900 2.96078700
OS 5.77021800 2.96086100
OS 5.77647800 2.96504100
OS 5.78192500 2.97048800
OS 5.78620300 2.97688900
OS 5.78914600 2.98399600
OS 5.79065200 2.99155600
OS 5.79065300 2.99925100
OS 5.78915100 3.00680700
OS 5.78620900 3.01391200
OS 5.78619100 3.01394200
OS 5.78192600 3.02032700
OS 5.77648500 3.02576800
OS 5.77008700 3.03004700
OS 5.77006000 3.03006000
OS 5.76296600 3.03299600
OS 5.75534700 3.03451500
OS 5.75499200 3.03466200
OS 5.75362100 3.03507700
OS 5.74971500 3.03585400
OS 5.74568300 3.03625300
OS 5.74170100 3.03625400
OS 5.73771000 3.03586300
OS 5.73379400 3.03508700
OS 5.73371300 3.03506600
OS 5.73335200 3.03495600
OS 5.73299800 3.03481000
OS 5.73262300 3.03473600
OS 5.73242600 3.03465600
OS 5.73223200 3.03461700
OS 5.73214000 3.03457900
OS 5.73175500 3.03450300
OS 5.70833800 3.03450100
OS 5.70078800 3.03299900
OS 5.69368200 3.03005700
OS 5.68726900 3.02577400
OS 5.68182200 3.02032700
OS 5.67754400 3.01392500
OS 5.67460100 3.00681600
OS 5.67309600 2.99925700
OS 5.67309500 2.99156100
OS 5.67459800 2.98400600
OS 5.67754100 2.97690000
OS 5.68182300 2.97048800
OS 5.68726800 2.96504300
OS 5.69351400 2.96086700
OS 5.69370700 2.96078700
OS 5.69385500 2.96068800
OS 5.70077800 2.95782100
OS 5.70833800 2.95631500
OS 5.73174600 2.95631400
OS 5.73213300 2.95623700
OS 5.73222400 2.95619900
OS 5.73241900 2.95616000
OS 5.73260300 2.95608400
OS 5.73299500 2.95600600
OS 5.73336000 2.95585500
OS 5.73374600 2.95573800
OS 5.73767700 2.95495600
OS 5.74167700 2.95456200
OE
OB 7.42054600 2.89791300 H
OS 7.42669300 2.89791200
OS 7.43272400 2.89911200
OS 7.43839800 2.90146100
OS 7.44352200 2.90488200
OS 7.44787100 2.90923100
OS 7.45128500 2.91433800
OS 7.45363900 2.92002400
OS 7.45484100 2.92605400
OS 7.45484200 2.93220200
OS 7.45364200 2.93823700
OS 7.45129600 2.94390500
OS 7.44787900 2.94902300
OS 7.44354300 2.95336400
OS 7.44351800 2.95338500
OS 7.43842000 2.95679400
OS 7.43274200 2.95914500
OS 7.42668700 2.96035300
OS 7.42055100 2.96035300
OS 7.41451700 2.95915200
OS 7.40884200 2.95680300
OS 7.40372500 2.95338500
OS 7.39937200 2.94903300
OS 7.39596200 2.94393000
OS 7.39594400 2.94389200
OS 7.39360500 2.93824000
OS 7.39240300 2.93220900
OS 7.39240200 2.92606100
OS 7.39360200 2.92003200
OS 7.39361500 2.91999500
OS 7.39595100 2.91435400
OS 7.39936600 2.90924000
OS 7.40371400 2.90488900
OS 7.40374400 2.90486700
OS 7.40882400 2.90147200
OS 7.40886000 2.90145500
OS 7.41451100 2.89911600
OS 7.42054600 2.89791300
OE
OB 5.74168100 2.85456100 H
OS 5.74568600 2.85456100
OS 5.74968000 2.85495400
OS 5.75358500 2.85573000
OS 5.75365500 2.85574700
OS 5.75500500 2.85615600
OS 5.75536400 2.85630500
OS 5.76295800 2.85781600
OS 5.77006200 2.86075700
OS 5.77647800 2.86504100
OS 5.78192500 2.87048800
OS 5.78620300 2.87688900
OS 5.78914800 2.88400300
OS 5.79065300 2.89156100
OS 5.79065300 2.89925400
OS 5.78916500 2.90674400
OS 5.78915200 2.90680200
OS 5.78620900 2.91391300
OS 5.78192600 2.92032700
OS 5.77648400 2.92576900
OS 5.77008100 2.93005000
OS 5.76296100 2.93299700
OS 5.75553700 2.93447600
OS 5.75553100 2.93447900
OS 5.75534700 2.93451500
OS 5.75499200 2.93466200
OS 5.75362300 2.93507600
OS 5.74969400 2.93585800
OS 5.74568900 2.93625300
OS 5.74167800 2.93625300
OS 5.73767900 2.93585900
OS 5.73379700 2.93508700
OS 5.73370300 2.93506300
OS 5.73335200 2.93495700
OS 5.73299800 2.93481000
OS 5.73262100 2.93473500
OS 5.73260400 2.93473000
OS 5.73242600 2.93465600
OS 5.73223800 2.93461900
OS 5.73214000 2.93457900
OS 5.73175500 2.93450300
OS 5.70834300 2.93450200
OS 5.70080300 2.93300300
OS 5.70076000 2.93298900
OS 5.69368600 2.93005900
OS 5.69365400 2.93004000
OS 5.68727500 2.92577800
OS 5.68182100 2.92032700
OS 5.67754400 2.91392400
OS 5.67460100 2.90681700
OS 5.67309600 2.89925700
OS 5.67309500 2.89156200
OS 5.67459800 2.88400700
OS 5.67753900 2.87690300
OS 5.68182200 2.87048900
OS 5.68726400 2.86504700
OS 5.69367000 2.86076500
OS 5.70078100 2.85782000
OS 5.70834300 2.85631400
OS 5.73174600 2.85631400
OS 5.73213300 2.85623700
OS 5.73222400 2.85619900
OS 5.73241900 2.85616000
OS 5.73260000 2.85608500
OS 5.73299500 2.85600600
OS 5.73335800 2.85585600
OS 5.73374700 2.85573800
OS 5.73767500 2.85495600
OS 5.74168100 2.85456100
OE
OB 5.74168100 2.75456100 H
OS 5.74569100 2.75456100
OS 5.74934800 2.75492100
OS 5.74973500 2.75499800
OS 5.74989800 2.75499800
OS 5.75357900 2.75572900
OS 5.75365500 2.75574700
OS 5.75500500 2.75615600
OS 5.75536400 2.75630500
OS 5.76295700 2.75781600
OS 5.77005600 2.76075500
OS 5.77009900 2.76078000
OS 5.77647800 2.76504100
OS 5.78192400 2.77048600
OS 5.78620300 2.77688900
OS 5.78914600 2.78399600
OS 5.79065200 2.79155900
OS 5.79065300 2.79925400
OS 5.78915200 2.80680300
OS 5.78620900 2.81391200
OS 5.78618500 2.81395100
OS 5.78192600 2.82032700
OS 5.77648500 2.82576800
OS 5.77008200 2.83005000
OS 5.76296400 2.83299600
OS 5.75564100 2.83445500
OS 5.75563500 2.83445800
OS 5.75534700 2.83451500
OS 5.75504400 2.83464000
OS 5.75471800 2.83470500
OS 5.75436000 2.83485300
OS 5.75362200 2.83507700
OS 5.74969400 2.83585800
OS 5.74568900 2.83625300
OS 5.74167800 2.83625300
OS 5.73768400 2.83586000
OS 5.73379400 2.83508700
OS 5.73371100 2.83506600
OS 5.73335500 2.83495800
OS 5.73299800 2.83481000
OS 5.73262400 2.83473600
OS 5.73260200 2.83472900
OS 5.73242600 2.83465600
OS 5.73224100 2.83461900
OS 5.73214000 2.83457900
OS 5.73175500 2.83450300
OS 5.70834500 2.83450200
OS 5.70079000 2.83300000
OS 5.69368400 2.83005800
OS 5.68727500 2.82577800
OS 5.68182300 2.82032800
OS 5.67754400 2.81392500
OS 5.67460100 2.80681600
OS 5.67309500 2.79925500
OS 5.67309500 2.79156200
OS 5.67459800 2.78400700
OS 5.67461400 2.78396400
OS 5.67754000 2.77690300
OS 5.67755700 2.77687400
OS 5.68182300 2.77048800
OS 5.68726800 2.76504300
OS 5.69364900 2.76077700
OS 5.69369200 2.76075500
OS 5.70076000 2.75782700
OS 5.70078400 2.75781900
OS 5.70834400 2.75631400
OS 5.73174600 2.75631400
OS 5.73213300 2.75623700
OS 5.73222300 2.75619900
OS 5.73241900 2.75616000
OS 5.73259900 2.75608500
OS 5.73299500 2.75600600
OS 5.73336000 2.75585500
OS 5.73374300 2.75573900
OS 5.73746400 2.75499800
OS 5.73763500 2.75499800
OS 5.73801300 2.75492300
OS 5.74168100 2.75456100
OE
OB 5.74170800 2.65456100 H
OS 5.74569200 2.65456100
OS 5.74967300 2.65495300
OS 5.75359400 2.65573200
OS 5.75364600 2.65574500
OS 5.75500600 2.65615700
OS 5.75536400 2.65630500
OS 5.76295800 2.65781600
OS 5.77005900 2.66075600
OS 5.77009100 2.66077400
OS 5.77647800 2.66504100
OS 5.78192300 2.67048500
OS 5.78620100 2.67688600
OS 5.78914700 2.68400000
OS 5.79065200 2.69155500
OS 5.79065400 2.69159600
OS 5.79065300 2.69925400
OS 5.78915700 2.70678200
OS 5.78913900 2.70684000
OS 5.78620700 2.71391500
OS 5.78192700 2.72032600
OS 5.77648400 2.72576900
OS 5.77008400 2.73004900
OS 5.76296500 2.73299600
OS 5.75534700 2.73451500
OS 5.75499100 2.73466200
OS 5.75362100 2.73507700
OS 5.74969500 2.73585800
OS 5.74568900 2.73625300
OS 5.74167800 2.73625300
OS 5.73770900 2.73586300
OS 5.73379700 2.73508700
OS 5.73371000 2.73506500
OS 5.73335100 2.73495600
OS 5.73299800 2.73481000
OS 5.73262400 2.73473600
OS 5.73260500 2.73473000
OS 5.73242600 2.73465600
OS 5.73224100 2.73461900
OS 5.73214000 2.73457900
OS 5.73175500 2.73450300
OS 5.70834500 2.73450200
OS 5.70080600 2.73300400
OS 5.70074900 2.73298400
OS 5.69368400 2.73005800
OS 5.68726900 2.72577400
OS 5.68182100 2.72032600
OS 5.67754400 2.71392500
OS 5.67460100 2.70681600
OS 5.67309500 2.69925600
OS 5.67309500 2.69156300
OS 5.67459800 2.68400600
OS 5.67753900 2.67690400
OS 5.67756400 2.67686300
OS 5.68182200 2.67048900
OS 5.68726600 2.66504500
OS 5.69366300 2.66076800
OS 5.70078100 2.65782100
OS 5.70833800 2.65631500
OS 5.73174600 2.65631400
OS 5.73213300 2.65623700
OS 5.73222600 2.65619800
OS 5.73241900 2.65616000
OS 5.73260000 2.65608500
OS 5.73299500 2.65600600
OS 5.73335800 2.65585600
OS 5.73374700 2.65573800
OS 5.73768100 2.65495500
OS 5.74166900 2.65456300
OS 5.74170800 2.65456100
OE
OB 7.08678700 2.43216500 H
OS 7.08675400 2.43213700
OS 7.05979700 2.40518200
OS 7.05947500 2.40496700
OS 7.05911700 2.40481900
OS 7.05873600 2.40474300
OS 7.05834900 2.40474300
OS 7.05796800 2.40481900
OS 7.05761000 2.40496700
OS 7.05728800 2.40518200
OS 7.05701300 2.40545700
OS 7.05679800 2.40577900
OS 7.05675700 2.40587900
OS 7.05673800 2.40591600
OS 7.05558100 2.40792000
OS 7.05544000 2.40813100
OS 7.05539200 2.40824700
OS 7.05420100 2.41030900
OS 7.05059400 2.41391800
OS 7.04852500 2.41511500
OS 7.04840800 2.41516300
OS 7.04819700 2.41530400
OS 7.04618300 2.41646700
OS 7.04605600 2.41652100
OS 7.04573400 2.41673600
OS 7.04545900 2.41701100
OS 7.04524400 2.41733300
OS 7.04509600 2.41769100
OS 7.04502000 2.41807200
OS 7.04502000 2.41845900
OS 7.04509600 2.41884000
OS 7.04524400 2.41919800
OS 7.04545900 2.41952000
OS 7.07244200 2.44650600
OS 7.07240800 2.44653500
OS 7.06949100 2.44865700
OS 7.06124800 2.45285900
OS 7.06067500 2.45304500
OS 7.06037400 2.45310500
OS 7.05994800 2.45328200
OS 7.05245000 2.45571800
OS 7.04330400 2.45716800
OS 7.03406600 2.45716800
OS 7.02492100 2.45571800
OS 7.01742800 2.45328400
OS 7.01699500 2.45310500
OS 7.01668900 2.45304400
OS 7.01613700 2.45286500
OS 7.00790500 2.44867300
OS 7.00492700 2.44650900
OS 7.03191100 2.41952000
OS 7.03212600 2.41919800
OS 7.03227400 2.41884000
OS 7.03235000 2.41845900
OS 7.03235000 2.41807200
OS 7.03227400 2.41769100
OS 7.03212600 2.41733300
OS 7.03191100 2.41701100
OS 7.03163600 2.41673600
OS 7.03131400 2.41652100
OS 7.03121400 2.41648000
OS 7.03116600 2.41645500
OS 7.02917400 2.41530400
OS 7.02896200 2.41516300
OS 7.02884500 2.41511500
OS 7.02678400 2.41392400
OS 7.02317500 2.41031700
OS 7.02197900 2.40824900
OS 7.02193000 2.40813100
OS 7.02178400 2.40791200
OS 7.02062500 2.40590500
OS 7.02057200 2.40577900
OS 7.02035700 2.40545700
OS 7.02008200 2.40518200
OS 7.01976000 2.40496700
OS 7.01940200 2.40481900
OS 7.01902100 2.40474300
OS 7.01863400 2.40474300
OS 7.01825300 2.40481900
OS 7.01789500 2.40496700
OS 7.01757300 2.40518200
OS 6.99058700 2.43216500
OS 6.99055100 2.43212100
OS 6.98843700 2.42921600
OS 6.98660400 2.42562000
OS 6.98643300 2.42520800
OS 6.98626600 2.42495900
OS 6.98424000 2.42098400
OS 6.98142100 2.41231400
OS 6.98129900 2.41169700
OS 6.97992500 2.40303300
OS 6.97992500 2.39379600
OS 6.98137200 2.38465500
OS 6.98156900 2.38405000
OS 6.98174200 2.38363100
OS 6.98180200 2.38333200
OS 6.98423200 2.37584900
OS 6.98749300 2.36944700
OS 6.98766700 2.36918700
OS 6.98784600 2.36875400
OS 6.98842300 2.36762200
OS 6.99058500 2.36465000
OS 7.01757300 2.39163400
OS 7.01789500 2.39184900
OS 7.01825300 2.39199700
OS 7.01863400 2.39207300
OS 7.01902100 2.39207300
OS 7.01940200 2.39199700
OS 7.01976000 2.39184900
OS 7.02008200 2.39163400
OS 7.02035700 2.39135900
OS 7.02057200 2.39103700
OS 7.02061300 2.39093700
OS 7.02064300 2.39088000
OS 7.02178900 2.38889600
OS 7.02193000 2.38868500
OS 7.02197900 2.38856800
OS 7.02316900 2.38650700
OS 7.02677600 2.38289800
OS 7.02884500 2.38170100
OS 7.02896200 2.38165300
OS 7.02917300 2.38151200
OS 7.03118900 2.38034700
OS 7.03131400 2.38029500
OS 7.03163600 2.38008000
OS 7.03191100 2.37980500
OS 7.03212600 2.37948300
OS 7.03227400 2.37912500
OS 7.03235000 2.37874400
OS 7.03235000 2.37835700
OS 7.03227400 2.37797600
OS 7.03212600 2.37761800
OS 7.03191100 2.37729600
OS 7.00495500 2.35033700
OS 7.00496500 2.35027900
OS 7.00788100 2.34815700
OS 7.01612200 2.34395700
OS 7.02414600 2.34135000
OS 7.02444800 2.34129000
OS 7.02487300 2.34111400
OS 7.02491600 2.34110000
OS 7.03406600 2.33964800
OS 7.04330500 2.33964800
OS 7.05243600 2.34109600
OS 7.05251300 2.34112100
OS 7.05292100 2.34129000
OS 7.05321300 2.34134800
OS 7.06123200 2.34395100
OS 7.06947600 2.34814900
OS 7.07240700 2.35028200
OS 7.07241700 2.35033400
OS 7.04545900 2.37729600
OS 7.04524400 2.37761800
OS 7.04509600 2.37797600
OS 7.04502000 2.37835700
OS 7.04502000 2.37874400
OS 7.04509600 2.37912500
OS 7.04524400 2.37948300
OS 7.04545900 2.37980500
OS 7.04573400 2.38008000
OS 7.04605600 2.38029500
OS 7.04615600 2.38033600
OS 7.04620500 2.38036200
OS 7.04819600 2.38151200
OS 7.04840800 2.38165300
OS 7.04852400 2.38170100
OS 7.05058600 2.38289200
OS 7.05419600 2.38650000
OS 7.05539200 2.38856800
OS 7.05544000 2.38868500
OS 7.05558100 2.38889600
OS 7.05674500 2.39091100
OS 7.05679800 2.39103700
OS 7.05701300 2.39135900
OS 7.05728800 2.39163400
OS 7.05761000 2.39184900
OS 7.05796800 2.39199700
OS 7.05834900 2.39207300
OS 7.05873600 2.39207300
OS 7.05911700 2.39199700
OS 7.05947500 2.39184900
OS 7.05979700 2.39163400
OS 7.08678400 2.36465100
OS 7.08893300 2.36760000
OS 7.08952900 2.36876900
OS 7.08970200 2.36918700
OS 7.08987100 2.36944000
OS 7.09313600 2.37584500
OS 7.09556900 2.38333200
OS 7.09562800 2.38363100
OS 7.09580400 2.38405500
OS 7.09599400 2.38464100
OS 7.09744500 2.39378600
OS 7.09744500 2.40302400
OS 7.09607100 2.41169700
OS 7.09594900 2.41231000
OS 7.09314200 2.42095700
OS 7.09111000 2.42494700
OS 7.09093600 2.42520800
OS 7.09075600 2.42564300
OS 7.08894600 2.42919600
OS 7.08678700 2.43216500
OE
SE
S P 0
OB 7.9859900000 1.6169020000 I
OS 7.9821250000 1.6222220000
OS 7.9761730000 1.6281740000
OS 7.9712630000 1.6317430000
OS 7.9710260000 1.6319010000
OS 7.9709740000 1.6319530000
OS 7.9697170000 1.6328670000
OS 7.9694780000 1.6330260000
OS 7.9694340000 1.6330700000
OS 7.9693440000 1.6331300000
OS 7.9690690000 1.6334050000
OS 7.9690060000 1.6334980000
OS 7.9689200000 1.6335840000
OS 7.9687810000 1.6337920000
OS 7.9683210000 1.6343880000
OS 7.9682290000 1.6344800000
OS 7.9680950000 1.6346800000
OS 7.9678880000 1.6349490000
OS 7.9678410000 1.6349960000
OS 7.9676190000 1.6353270000
OS 7.9674710000 1.6356850000
OS 7.9673950000 1.6360660000
OS 7.9673950000 1.6361750000
OS 7.9673710000 1.6364620000
OS 7.9673370000 1.6366360000
OS 7.9673370000 1.6368540000
OS 7.9673210000 1.6370410000
OS 7.9672880000 1.6372080000
OS 7.9672880000 1.6374230000
OS 7.9672600000 1.6377450000
OS 7.9672440000 1.6378280000
OS 7.9672440000 1.6382150000
OS 7.9673200000 1.6385960000
OS 7.9674680000 1.6389540000
OS 7.9675230000 1.6390380000
OS 7.9676620000 1.6393010000
OS 7.9677430000 1.6394960000
OS 7.9678450000 1.6396480000
OS 7.9681090000 1.6401510000
OS 7.9681910000 1.6403480000
OS 7.9682930000 1.6405000000
OS 7.9683310000 1.6405720000
OS 7.9683720000 1.6406700000
OS 7.9685890000 1.6409960000
OS 7.9688640000 1.6412710000
OS 7.9689270000 1.6413140000
OS 7.9690200000 1.6413950000
OS 7.9691860000 1.6415610000
OS 7.9694290000 1.6417230000
OS 7.9752620000 1.6459620000
OS 7.9753160000 1.6460160000
OS 7.9755630000 1.6461810000
OS 7.9761690000 1.6466220000
OS 7.9821130000 1.6525650000
OS 7.9825130000 1.6531150000
OS 7.9826750000 1.6533580000
OS 7.9827280000 1.6534110000
OS 7.9870620000 1.6593740000
OS 7.9875830000 1.6603960000
OS 7.9876690000 1.6606030000
OS 7.9877510000 1.6607260000
OS 7.9902900000 1.6657090000
OS 7.9903770000 1.6659190000
OS 7.9904560000 1.6660380000
OS 7.9904970000 1.6661360000
OS 7.9907140000 1.6664610000
OS 7.9907880000 1.6665350000
OS 7.9908140000 1.6665740000
OS 7.9910390000 1.6667990000
OS 7.9913750000 1.6671550000
OS 7.9914060000 1.6672010000
OS 7.9916350000 1.6674300000
OS 7.9920840000 1.6679050000
OS 7.9920960000 1.6679240000
OS 7.9923780000 1.6682080000
OS 7.9927000000 1.6684230000
OS 7.9930580000 1.6685710000
OS 7.9932050000 1.6686010000
OS 7.9945310000 1.6689280000
OS 7.9945720000 1.6689450000
OS 7.9949730000 1.6690260000
OS 7.9953600000 1.6690260000
OS 7.9957410000 1.6689500000
OS 7.9960990000 1.6688020000
OS 7.9964210000 1.6685870000
OS 7.9966960000 1.6683120000
OS 7.9967090000 1.6682960000
OS 7.9967630000 1.6682150000
OS 7.9974770000 1.6673450000
OS 7.9976210000 1.6672010000
OS 7.9977310000 1.6670360000
OS 7.9978510000 1.6668910000
OS 7.9999650000 1.6647770000
OS 8.0022910000 1.6628680000
OS 8.0047710000 1.6612100000
OS 8.0074350000 1.6597870000
OS 8.0101950000 1.6586430000
OS 8.0130540000 1.6577760000
OS 8.0160040000 1.6571890000
OS 8.0189940000 1.6568950000
OS 8.0219680000 1.6568950000
OS 8.0249760000 1.6571910000
OS 8.0278990000 1.6577720000
OS 8.0307780000 1.6586450000
OS 8.0335400000 1.6597890000
OS 8.0361910000 1.6612060000
OS 8.0386730000 1.6628630000
OS 8.0409810000 1.6647550000
OS 8.0431150000 1.6668870000
OS 8.0448510000 1.6690010000
OS 8.0449550000 1.6691580000
OS 8.0450550000 1.6692580000
OS 8.0466820000 1.6716930000
OS 8.0480400000 1.6742320000
OS 8.0481050000 1.6743570000
OS 8.0492490000 1.6771170000
OS 8.0501160000 1.6799760000
OS 8.0506710000 1.6827630000
OS 8.0506710000 1.6828020000
OS 8.0507080000 1.6829880000
OS 8.0509970000 1.6859090000
OS 8.0509980000 1.6888560000
OS 8.0509960000 1.6889060000
OS 8.0509150000 1.6897340000
OS 8.0508790000 1.6899150000
OS 8.0508790000 1.6900990000
OS 8.0507070000 1.6918530000
OS 8.0507010000 1.6918970000
OS 8.0501250000 1.6947990000
OS 8.0501170000 1.6948310000
OS 8.0495010000 1.6968640000
OS 8.0494270000 1.6970420000
OS 8.0493900000 1.6972310000
OS 8.0492490000 1.6976950000
OS 8.0481030000 1.7004620000
OS 8.0466890000 1.7031080000
OS 8.0450300000 1.7055930000
OS 8.0431370000 1.7079030000
OS 8.0410050000 1.7100370000
OS 8.0400790000 1.7107970000
OS 8.0399230000 1.7109010000
OS 8.0397890000 1.7110350000
OS 8.0386790000 1.7119460000
OS 8.0361990000 1.7136040000
OS 8.0337600000 1.7149080000
OS 8.0335820000 1.7149820000
OS 8.0334820000 1.7150490000
OS 8.0325710000 1.7154260000
OS 8.0322490000 1.7156410000
OS 8.0319740000 1.7159160000
OS 8.0317590000 1.7162380000
OS 8.0316050000 1.7166120000
OS 8.0315920000 1.7166800000
OS 8.0313930000 1.7172740000
OS 8.0313470000 1.7173860000
OS 8.0312680000 1.7177760000
OS 8.0312680000 1.7181630000
OS 8.0313440000 1.7185440000
OS 8.0313640000 1.7185950000
OS 8.0315770000 1.7194240000
OS 8.0316300000 1.7196930000
OS 8.0316710000 1.7197920000
OS 8.0317270000 1.7200750000
OS 8.0317700000 1.7201790000
OS 8.0317930000 1.7202670000
OS 8.0318180000 1.7203940000
OS 8.0319660000 1.7207520000
OS 8.0321810000 1.7210740000
OS 8.0322340000 1.7211290000
OS 8.0323240000 1.7212450000
OS 8.0324660000 1.7214580000
OS 8.0325230000 1.7215150000
OS 8.0325990000 1.7216290000
OS 8.1213240000 1.8103540000
OS 8.1216490000 1.8105710000
OS 8.1217320000 1.8106050000
OS 8.1219110000 1.8107240000
OS 8.1220700000 1.8107900000
OS 8.1227390000 1.8111550000
OS 8.1229080000 1.8112680000
OS 8.1230640000 1.8113330000
OS 8.1233210000 1.8114730000
OS 8.1234120000 1.8115340000
OS 8.1237760000 1.8116850000
OS 8.1241600000 1.8117620000
OS 8.1245470000 1.8117620000
OS 8.1246210000 1.8117480000
OS 8.1249540000 1.8117240000
OS 8.1251960000 1.8117240000
OS 8.1253350000 1.8116960000
OS 8.1255180000 1.8116830000
OS 8.1257670000 1.8116830000
OS 8.1259090000 1.8116550000
OS 8.1261680000 1.8116360000
OS 8.1262980000 1.8116360000
OS 8.1266860000 1.8115590000
OS 8.1270440000 1.8114110000
OS 8.1273760000 1.8111890000
OS 8.1274140000 1.8111510000
OS 8.1276860000 1.8109480000
OS 8.1279230000 1.8107900000
OS 8.1279970000 1.8107160000
OS 8.1281460000 1.8106050000
OS 8.1283860000 1.8104450000
OS 8.1284610000 1.8103700000
OS 8.1286650000 1.8102180000
OS 8.1287780000 1.8101420000
OS 8.1290580000 1.8098630000
OS 8.1292730000 1.8095410000
OS 8.1294270000 1.8091720000
OS 8.1294350000 1.8091330000
OS 8.1295480000 1.8088300000
OS 8.1296830000 1.8085040000
OS 8.1296970000 1.8084360000
OS 8.1299250000 1.8078250000
OS 8.1300430000 1.8075410000
OS 8.1300560000 1.8074740000
OS 8.1301190000 1.8073230000
OS 8.1301960000 1.8069360000
OS 8.1301970000 1.8059810000
OS 8.1301950000 1.8059710000
OS 8.1301950000 1.8013120000
OS 8.1301970000 1.8013020000
OS 8.1301970000 1.8005150000
OS 8.1301950000 1.8005050000
OS 8.1301950000 1.7934120000
OS 8.1301970000 1.7934020000
OS 8.1301970000 1.7926150000
OS 8.1301950000 1.7926050000
OS 8.1301950000 1.7855120000
OS 8.1301970000 1.7855020000
OS 8.1301970000 1.7847150000
OS 8.1301950000 1.7847050000
OS 8.1301950000 1.7776120000
OS 8.1301970000 1.7776020000
OS 8.1301970000 1.7768150000
OS 8.1301950000 1.7768050000
OS 8.1301950000 1.7697120000
OS 8.1301970000 1.7697020000
OS 8.1301970000 1.7689150000
OS 8.1301950000 1.7689050000
OS 8.1301950000 1.7618120000
OS 8.1301970000 1.7618020000
OS 8.1301970000 1.7610150000
OS 8.1301950000 1.7610050000
OS 8.1301950000 1.7539120000
OS 8.1301970000 1.7539020000
OS 8.1301970000 1.7531150000
OS 8.1301950000 1.7531050000
OS 8.1301950000 1.7460120000
OS 8.1301970000 1.7460020000
OS 8.1301970000 1.7452150000
OS 8.1301950000 1.7452050000
OS 8.1301950000 1.7381120000
OS 8.1301970000 1.7381020000
OS 8.1301970000 1.7373150000
OS 8.1301950000 1.7373050000
OS 8.1301950000 1.7302120000
OS 8.1301970000 1.7302020000
OS 8.1301970000 1.7294150000
OS 8.1301950000 1.7294050000
OS 8.1301950000 1.7223120000
OS 8.1301970000 1.7223020000
OS 8.1301970000 1.7215150000
OS 8.1301950000 1.7215050000
OS 8.1301950000 1.7144120000
OS 8.1301970000 1.7144020000
OS 8.1301970000 1.7136150000
OS 8.1301950000 1.7136040000
OS 8.1301950000 1.7065110000
OS 8.1301970000 1.7065020000
OS 8.1301970000 1.7057150000
OS 8.1301950000 1.7057060000
OS 8.1301950000 1.6986110000
OS 8.1301970000 1.6986020000
OS 8.1301970000 1.6978150000
OS 8.1301950000 1.6978060000
OS 8.1301950000 1.6907110000
OS 8.1301970000 1.6907020000
OS 8.1301970000 1.6899150000
OS 8.1301950000 1.6899060000
OS 8.1301950000 1.6828110000
OS 8.1301970000 1.6828020000
OS 8.1301970000 1.6820150000
OS 8.1301950000 1.6820060000
OS 8.1301950000 1.6749110000
OS 8.1301970000 1.6749020000
OS 8.1301970000 1.6741150000
OS 8.1301950000 1.6741060000
OS 8.1301950000 1.6670110000
OS 8.1301970000 1.6670020000
OS 8.1301970000 1.6662150000
OS 8.1301950000 1.6662060000
OS 8.1301950000 1.6591110000
OS 8.1301970000 1.6591020000
OS 8.1301970000 1.6583150000
OS 8.1301950000 1.6583050000
OS 8.1301950000 1.6512110000
OS 8.1301970000 1.6512020000
OS 8.1301970000 1.6504150000
OS 8.1301950000 1.6504060000
OS 8.1301950000 1.6433110000
OS 8.1301970000 1.6433020000
OS 8.1301970000 1.6425150000
OS 8.1301950000 1.6425060000
OS 8.1301950000 1.6354110000
OS 8.1301970000 1.6354020000
OS 8.1301970000 1.6346150000
OS 8.1301950000 1.6346060000
OS 8.1301950000 1.6275110000
OS 8.1301970000 1.6275020000
OS 8.1301970000 1.6267150000
OS 8.1301950000 1.6267060000
OS 8.1301950000 1.6196110000
OS 8.1301970000 1.6196020000
OS 8.1301970000 1.6188150000
OS 8.1301950000 1.6188060000
OS 8.1301950000 1.6117110000
OS 8.1301970000 1.6117020000
OS 8.1301970000 1.6109150000
OS 8.1301950000 1.6109060000
OS 8.1301950000 1.6038110000
OS 8.1301970000 1.6038020000
OS 8.1301970000 1.6030150000
OS 8.1301950000 1.6030060000
OS 8.1301950000 1.5959110000
OS 8.1301970000 1.5959020000
OS 8.1301970000 1.5951150000
OS 8.1301950000 1.5951060000
OS 8.1301950000 1.5880110000
OS 8.1301970000 1.5880020000
OS 8.1301970000 1.5872150000
OS 8.1301950000 1.5872060000
OS 8.1301950000 1.5801110000
OS 8.1301970000 1.5801020000
OS 8.1301970000 1.5793150000
OS 8.1301950000 1.5793060000
OS 8.1301950000 1.5722110000
OS 8.1301970000 1.5722020000
OS 8.1301970000 1.5714150000
OS 8.1301950000 1.5714060000
OS 8.1301950000 1.5643110000
OS 8.1301970000 1.5643020000
OS 8.1301970000 1.5635150000
OS 8.1301950000 1.5635030000
OS 8.1301950000 1.5564110000
OS 8.1301970000 1.5564020000
OS 8.1301970000 1.5556150000
OS 8.1301950000 1.5556040000
OS 8.1301950000 1.5485110000
OS 8.1301970000 1.5485020000
OS 8.1301970000 1.5477150000
OS 8.1301950000 1.5477060000
OS 8.1301950000 1.5406110000
OS 8.1301970000 1.5406020000
OS 8.1301970000 1.5398150000
OS 8.1301950000 1.5398060000
OS 8.1301950000 1.5327100000
OS 8.1301970000 1.5327020000
OS 8.1301970000 1.5319150000
OS 8.1301950000 1.5319070000
OS 8.1301950000 1.5248100000
OS 8.1301970000 1.5248020000
OS 8.1301970000 1.5240150000
OS 8.1301950000 1.5240070000
OS 8.1301950000 1.5169100000
OS 8.1301970000 1.5169020000
OS 8.1301970000 1.5161150000
OS 8.1301950000 1.5161070000
OS 8.1301950000 1.5090100000
OS 8.1301970000 1.5090020000
OS 8.1301970000 1.5082150000
OS 8.1301950000 1.5082070000
OS 8.1301950000 1.5011100000
OS 8.1301970000 1.5011020000
OS 8.1301970000 1.5003150000
OS 8.1301950000 1.5003070000
OS 8.1301950000 1.4932100000
OS 8.1301970000 1.4932020000
OS 8.1301970000 1.4924150000
OS 8.1301950000 1.4924070000
OS 8.1301950000 1.4853100000
OS 8.1301970000 1.4853020000
OS 8.1301970000 1.4845150000
OS 8.1301950000 1.4845070000
OS 8.1301950000 1.4774100000
OS 8.1301970000 1.4774020000
OS 8.1301970000 1.4766150000
OS 8.1301950000 1.4766070000
OS 8.1301950000 1.4695100000
OS 8.1301970000 1.4695020000
OS 8.1301970000 1.4687150000
OS 8.1301950000 1.4687070000
OS 8.1301950000 1.4616100000
OS 8.1301970000 1.4616020000
OS 8.1301970000 1.4608150000
OS 8.1301950000 1.4608070000
OS 8.1301950000 1.4537100000
OS 8.1301970000 1.4537020000
OS 8.1301970000 1.4529150000
OS 8.1301950000 1.4529070000
OS 8.1301950000 1.4458100000
OS 8.1301970000 1.4458020000
OS 8.1301970000 1.4450150000
OS 8.1301950000 1.4450070000
OS 8.1301950000 1.4379100000
OS 8.1301970000 1.4379020000
OS 8.1301970000 1.4371150000
OS 8.1301950000 1.4371070000
OS 8.1301950000 1.4300100000
OS 8.1301970000 1.4300020000
OS 8.1301970000 1.4292150000
OS 8.1301950000 1.4292070000
OS 8.1301950000 1.4221100000
OS 8.1301970000 1.4221020000
OS 8.1301970000 1.4213150000
OS 8.1301950000 1.4213070000
OS 8.1301950000 1.4142100000
OS 8.1301970000 1.4142020000
OS 8.1301970000 1.4134150000
OS 8.1301950000 1.4134070000
OS 8.1301950000 1.4063100000
OS 8.1301970000 1.4063020000
OS 8.1301970000 1.4055150000
OS 8.1301950000 1.4055070000
OS 8.1301950000 1.3984100000
OS 8.1301970000 1.3984020000
OS 8.1301970000 1.3976150000
OS 8.1301950000 1.3976070000
OS 8.1301950000 1.3905100000
OS 8.1301970000 1.3905020000
OS 8.1301970000 1.3897150000
OS 8.1301950000 1.3897070000
OS 8.1301950000 1.3826100000
OS 8.1301970000 1.3826020000
OS 8.1301970000 1.3818150000
OS 8.1301950000 1.3818070000
OS 8.1301950000 1.3747100000
OS 8.1301970000 1.3747020000
OS 8.1301970000 1.3739150000
OS 8.1301950000 1.3739070000
OS 8.1301950000 1.3668100000
OS 8.1301970000 1.3668020000
OS 8.1301970000 1.3660150000
OS 8.1301950000 1.3660070000
OS 8.1301970000 0.0246370000
OS 8.1301200000 0.0242500000
OS 8.1300850000 0.0241650000
OS 8.1300430000 0.0239540000
OS 8.1299740000 0.0237890000
OS 8.1297670000 0.0230810000
OS 8.1297240000 0.0228670000
OS 8.1296550000 0.0227000000
OS 8.1295770000 0.0224360000
OS 8.1295550000 0.0223240000
OS 8.1294030000 0.0219570000
OS 8.1291880000 0.0216350000
OS 8.1289130000 0.0213600000
OS 8.1288470000 0.0213150000
OS 8.1286070000 0.0211060000
OS 8.1284270000 0.0209260000
OS 8.1283100000 0.0208480000
OS 8.1280670000 0.0206370000
OS 8.1278870000 0.0204570000
OS 8.1277640000 0.0203750000
OS 8.1276200000 0.0202500000
OS 8.1275310000 0.0201610000
OS 8.1272090000 0.0199460000
OS 8.1268510000 0.0197980000
OS 8.1265420000 0.0197340000
OS 8.1265040000 0.0197180000
OS 8.1261720000 0.0196520000
OS 8.1258180000 0.0195750000
OS 8.1257870000 0.0195620000
OS 8.1254580000 0.0194970000
OS 8.1254200000 0.0194850000
OS 8.1250360000 0.0194090000
OS 0.0246350000 0.0194090000
OS 0.0242510000 0.0194850000
OS 0.0241660000 0.0195200000
OS 0.0239550000 0.0195620000
OS 0.0237860000 0.0196320000
OS 0.0230790000 0.0198390000
OS 0.0228680000 0.0198810000
OS 0.0227010000 0.0199500000
OS 0.0224400000 0.0200270000
OS 0.0223270000 0.0200500000
OS 0.0219610000 0.0202010000
OS 0.0216370000 0.0204170000
OS 0.0213620000 0.0206920000
OS 0.0213230000 0.0207500000
OS 0.0211140000 0.0209910000
OS 0.0209270000 0.0211780000
OS 0.0208470000 0.0212970000
OS 0.0206380000 0.0215390000
OS 0.0204580000 0.0217190000
OS 0.0203750000 0.0218440000
OS 0.0202540000 0.0219830000
OS 0.0201610000 0.0220760000
OS 0.0199460000 0.0223980000
OS 0.0197960000 0.0227620000
OS 0.0197680000 0.0229070000
OS 0.0197330000 0.0230690000
OS 0.0197190000 0.0231020000
OS 0.0196550000 0.0234230000
OS 0.0195770000 0.0237840000
OS 0.0195630000 0.0238170000
OS 0.0194930000 0.0241680000
OS 0.0194860000 0.0241850000
OS 0.0194100000 0.0245680000
OS 0.0194090000 4.2273290000
OS 0.0194860000 4.2277160000
OS 0.0195210000 4.2278010000
OS 0.0195630000 4.2280120000
OS 0.0196320000 4.2281780000
OS 0.0198410000 4.2288900000
OS 0.0198820000 4.2290980000
OS 0.0199500000 4.2292620000
OS 0.0200290000 4.2295300000
OS 0.0200510000 4.2296420000
OS 0.0202030000 4.2300080000
OS 0.0204180000 4.2303300000
OS 0.0207000000 4.2306120000
OS 0.0207550000 4.2306490000
OS 0.0210100000 4.2308700000
OS 0.0211790000 4.2310390000
OS 0.0212900000 4.2311130000
OS 0.0215460000 4.2313350000
OS 0.0217200000 4.2315090000
OS 0.0218350000 4.2315850000
OS 0.0219850000 4.2317160000
OS 0.0220690000 4.2318000000
OS 0.0223960000 4.2320190000
OS 0.0227600000 4.2321700000
OS 0.0229380000 4.2322050000
OS 0.0230690000 4.2322340000
OS 0.0231030000 4.2322480000
OS 0.0234500000 4.2323170000
OS 0.0237870000 4.2323910000
OS 0.0238190000 4.2324040000
OS 0.0241690000 4.2324740000
OS 0.0241860000 4.2324810000
OS 0.0245730000 4.2325580000
OS 8.1249680000 4.2325580000
OS 8.1253550000 4.2324810000
OS 8.1254370000 4.2324470000
OS 8.1256510000 4.2324040000
OS 8.1258150000 4.2323360000
OS 8.1265240000 4.2321280000
OS 8.1267380000 4.2320850000
OS 8.1269080000 4.2320140000
OS 8.1271670000 4.2319380000
OS 8.1272790000 4.2319160000
OS 8.1276470000 4.2317640000
OS 8.1279690000 4.2315490000
OS 8.1282440000 4.2312740000
OS 8.1282850000 4.2312130000
OS 8.1284890000 4.2309780000
OS 8.1286790000 4.2307880000
OS 8.1287590000 4.2306690000
OS 8.1289680000 4.2304270000
OS 8.1291480000 4.2302470000
OS 8.1292310000 4.2301220000
OS 8.1293520000 4.2299830000
OS 8.1294450000 4.2298900000
OS 8.1296600000 4.2295680000
OS 8.1298080000 4.2292100000
OS 8.1298740000 4.2288960000
OS 8.1298870000 4.2288640000
OS 8.1299620000 4.2284900000
OS 8.1300290000 4.2281830000
OS 8.1300430000 4.2281490000
OS 8.1301130000 4.2277980000
OS 8.1301200000 4.2277810000
OS 8.1301970000 4.2273940000
OS 8.1301970000 3.7641880000
OS 8.1301200000 3.7638010000
OS 8.1300850000 3.7637170000
OS 8.1300430000 3.7635050000
OS 8.1299740000 3.7633400000
OS 8.1297670000 3.7626340000
OS 8.1297240000 3.7624170000
OS 8.1296540000 3.7622480000
OS 8.1295770000 3.7619870000
OS 8.1295550000 3.7618750000
OS 8.1294030000 3.7615080000
OS 8.1291880000 3.7611860000
OS 8.1289130000 3.7609110000
OS 8.1288510000 3.7608680000
OS 8.1286110000 3.7606600000
OS 8.1284270000 3.7604760000
OS 8.1283070000 3.7603960000
OS 8.1281730000 3.7602800000
OS 8.1279950000 3.7601020000
OS 8.1278760000 3.7600220000
OS 8.1276700000 3.7598440000
OS 8.1275860000 3.7597600000
OS 8.1272570000 3.7595390000
OS 8.1268990000 3.7593910000
OS 8.1265180000 3.7593150000
OS 8.1264570000 3.7593140000
OS 8.1261120000 3.7592640000
OS 8.1258390000 3.7592100000
OS 8.1257380000 3.7592100000
OS 8.1255450000 3.7591820000
OS 8.1252670000 3.7591270000
OS 8.1251640000 3.7591270000
OS 8.1249040000 3.7590890000
OS 8.1247670000 3.7590620000
OS 8.1243800000 3.7590620000
OS 8.1239990000 3.7591380000
OS 8.1236410000 3.7592860000
OS 8.1236020000 3.7593100000
OS 8.1232630000 3.7594640000
OS 8.1229790000 3.7595820000
OS 8.1229240000 3.7596190000
OS 8.1223210000 3.7598930000
OS 8.1220420000 3.7600090000
OS 8.1219890000 3.7600440000
OS 8.1218360000 3.7601080000
OS 8.1215090000 3.7603270000
OS 8.1213960000 3.7604400000
OS 8.1213870000 3.7604460000
OS 8.1208290000 3.7610040000
OS 8.1208230000 3.7610130000
OS 8.1169410000 3.7648950000
OS 8.1169320000 3.7649010000
OS 8.1090400000 3.7727960000
OS 8.1090320000 3.7728010000
OS 8.1084740000 3.7733590000
OS 8.1084690000 3.7733670000
OS 8.0088230000 3.8730090000
OS 8.0053420000 3.8750180000
OS 8.0052320000 3.8750640000
OS 8.0050340000 3.8751960000
OS 8.0035010000 3.8760810000
OS 7.9975620000 3.8776750000
OS 7.2827660000 3.8776750000
OS 7.2768310000 3.8760890000
OS 7.2752700000 3.8751890000
OS 7.2750830000 3.8750640000
OS 7.2749780000 3.8750210000
OS 7.2714990000 3.8730140000
OS 7.2714790000 3.8729970000
OS 7.1812500000 3.7827690000
OS 7.1809280000 3.7825540000
OS 7.1808380000 3.7825150000
OS 7.1806620000 3.7823980000
OS 7.1804990000 3.7823300000
OS 7.1795290000 3.7818000000
OS 7.1793610000 3.7816880000
OS 7.1792070000 3.7816240000
OS 7.1791080000 3.7815700000
OS 7.1790230000 3.7815130000
OS 7.1786590000 3.7813620000
OS 7.1782800000 3.7812870000
OS 7.1781850000 3.7812860000
OS 7.1780590000 3.7812720000
OS 7.1778600000 3.7812330000
OS 7.1778110000 3.7812330000
OS 7.1777450000 3.7812200000
OS 5.6489050000 3.7812190000
OS 5.6443760000 3.7800070000
OS 5.6442680000 3.7799620000
OS 5.6440410000 3.7799170000
OS 5.6429610000 3.7796280000
OS 5.6376410000 3.7765570000
OS 5.6376210000 3.7765400000
OS 5.2002240000 3.3391440000
OS 5.2001980000 3.3391030000
OS 5.1971450000 3.3338140000
OS 5.1968120000 3.3325750000
OS 5.1967660000 3.3323420000
OS 5.1967200000 3.3322320000
OS 5.1955520000 3.3278800000
OS 5.1955510000 3.0020230000
OS 5.1954740000 3.0016360000
OS 5.1954400000 3.0015540000
OS 5.1953970000 3.0013420000
OS 5.1953300000 3.0011790000
OS 5.1952050000 3.0007500000
OS 5.1951630000 3.0005420000
OS 5.1950970000 3.0003820000
OS 5.1950180000 3.0001140000
OS 5.1949780000 2.9999120000
OS 5.1949140000 2.9997570000
OS 5.1948850000 2.9996590000
OS 5.1948640000 2.9995530000
OS 5.1947130000 2.9991890000
OS 5.1944980000 2.9988660000
OS 5.1944350000 2.9988030000
OS 5.1943590000 2.9987080000
OS 5.1942390000 2.9985290000
OS 5.1942060000 2.9984960000
OS 5.1941740000 2.9984480000
OS 5.0142490000 2.8185240000
OS 5.0139270000 2.8183090000
OS 5.0138390000 2.8182720000
OS 5.0136610000 2.8181530000
OS 5.0134930000 2.8180830000
OS 5.0128410000 2.8177270000
OS 5.0126690000 2.8176120000
OS 5.0125080000 2.8175450000
OS 5.0122550000 2.8174070000
OS 5.0121630000 2.8173460000
OS 5.0117990000 2.8171950000
OS 5.0114150000 2.8171180000
OS 5.0110280000 2.8171180000
OS 5.0109490000 2.8171330000
OS 5.0106130000 2.8171570000
OS 5.0103810000 2.8171570000
OS 5.0102480000 2.8171830000
OS 5.0100450000 2.8171980000
OS 5.0098090000 2.8171980000
OS 5.0096740000 2.8172250000
OS 5.0093940000 2.8172450000
OS 5.0092700000 2.8172450000
OS 5.0088890000 2.8173210000
OS 5.0085310000 2.8174690000
OS 5.0081990000 2.8176910000
OS 5.0081630000 2.8177270000
OS 5.0078780000 2.8179400000
OS 5.0076530000 2.8180900000
OS 5.0075820000 2.8181610000
OS 5.0070320000 2.8185720000
OS 5.0068070000 2.8187220000
OS 5.0067360000 2.8187930000
OS 5.0066070000 2.8188800000
OS 5.0063320000 2.8191550000
OS 5.0055650000 2.8203040000
OS 5.0055420000 2.8203330000
OS 5.0000950000 2.8257790000
OS 4.9937120000 2.8300460000
OS 4.9865850000 2.8329980000
OS 4.9790270000 2.8345020000
OS 4.9552370000 2.8345030000
OS 4.9548520000 2.8345790000
OS 4.9547600000 2.8346180000
OS 4.9545660000 2.8346560000
OS 4.9543840000 2.8347310000
OS 4.9532490000 2.8350750000
OS 4.9493050000 2.8358600000
OS 4.9453050000 2.8362530000
OS 4.9413430000 2.8362540000
OS 4.9413000000 2.8362520000
OS 4.9373430000 2.8358640000
OS 4.9372980000 2.8358580000
OS 4.9334010000 2.8350840000
OS 4.9309170000 2.8343330000
OS 4.9307330000 2.8342570000
OS 4.9244420000 2.8330070000
OS 4.9243920000 2.8329930000
OS 4.9172980000 2.8300550000
OS 4.9108980000 2.8257790000
OS 4.9054410000 2.8203230000
OS 4.9011750000 2.8139400000
OS 4.9011630000 2.8139180000
OS 4.8982210000 2.8068110000
OS 4.8967170000 2.7992550000
OS 4.8967180000 2.7915570000
OS 4.8982180000 2.7840150000
OS 4.8982260000 2.7839910000
OS 4.9011640000 2.7768960000
OS 4.9054360000 2.7704990000
OS 4.9108980000 2.7650360000
OS 4.9172450000 2.7607950000
OS 4.9173010000 2.7607600000
OS 4.9244040000 2.7578190000
OS 4.9307110000 2.7565640000
OS 4.9308950000 2.7564880000
OS 4.9333490000 2.7557430000
OS 4.9373090000 2.7549540000
OS 4.9413080000 2.7545610000
OS 4.9452930000 2.7545610000
OS 4.9484990000 2.7548740000
OS 4.9493160000 2.7549560000
OS 4.9532340000 2.7557350000
OS 4.9543920000 2.7560850000
OS 4.9545730000 2.7561600000
OS 4.9547680000 2.7561990000
OS 4.9548590000 2.7562370000
OS 4.9552460000 2.7563140000
OS 4.9790160000 2.7563140000
OS 4.9790470000 2.7563180000
OS 4.9865650000 2.7578130000
OS 4.9866020000 2.7578240000
OS 4.9936910000 2.7607600000
OS 5.0000940000 2.7650370000
OS 5.0034680000 2.7684080000
OS 5.0037940000 2.7686260000
OS 5.0038800000 2.7686620000
OS 5.0040590000 2.7687810000
OS 5.0042230000 2.7688490000
OS 5.0051850000 2.7693750000
OS 5.0053590000 2.7694910000
OS 5.0055180000 2.7695570000
OS 5.0056040000 2.7696040000
OS 5.0056960000 2.7696650000
OS 5.0060580000 2.7698150000
OS 5.0064470000 2.7698930000
OS 5.0065410000 2.7698930000
OS 5.0066540000 2.7699050000
OS 5.0068600000 2.7699460000
OS 5.0069090000 2.7699460000
OS 5.0069740000 2.7699590000
OS 5.0251120000 2.7699590000
OS 5.0310450000 2.7715470000
OS 5.0310590000 2.7715530000
OS 5.0363780000 2.7746230000
OS 5.2375660000 2.9758080000
OS 5.2375930000 2.9758480000
OS 5.2398700000 2.9797890000
OS 5.2399170000 2.9799030000
OS 5.2400550000 2.9801110000
OS 5.2406500000 2.9811420000
OS 5.2421730000 2.9868160000
OS 5.2422240000 2.9870750000
OS 5.2422430000 2.9871210000
OS 5.2422450000 3.3129340000
OS 5.2423210000 3.3133210000
OS 5.2423550000 3.3134040000
OS 5.2423980000 3.3136150000
OS 5.2424630000 3.3137710000
OS 5.2427780000 3.3148480000
OS 5.2428170000 3.3150440000
OS 5.2428800000 3.3151960000
OS 5.2429110000 3.3153000000
OS 5.2429310000 3.3154040000
OS 5.2430820000 3.3157700000
OS 5.2432970000 3.3160920000
OS 5.2433610000 3.3161560000
OS 5.2434420000 3.3162570000
OS 5.2435560000 3.3164270000
OS 5.2435920000 3.3164630000
OS 5.2436260000 3.3165140000
OS 5.3472120000 3.4201000000
OS 5.3475370000 3.4203170000
OS 5.3476200000 3.4203510000
OS 5.3477990000 3.4204700000
OS 5.3479580000 3.4205360000
OS 5.3486270000 3.4209010000
OS 5.3487960000 3.4210140000
OS 5.3489520000 3.4210790000
OS 5.3492090000 3.4212190000
OS 5.3493000000 3.4212800000
OS 5.3496640000 3.4214310000
OS 5.3500480000 3.4215080000
OS 5.3504440000 3.4215080000
OS 5.3505150000 3.4214940000
OS 5.3508420000 3.4214700000
OS 5.3510840000 3.4214700000
OS 5.3512200000 3.4214430000
OS 5.3514270000 3.4214280000
OS 5.3516550000 3.4214280000
OS 5.3517850000 3.4214020000
OS 5.3520680000 3.4213820000
OS 5.3521930000 3.4213820000
OS 5.3525740000 3.4213060000
OS 5.3529320000 3.4211580000
OS 5.3532540000 3.4209430000
OS 5.3533020000 3.4208970000
OS 5.3535740000 3.4206940000
OS 5.3538110000 3.4205360000
OS 5.3538850000 3.4204620000
OS 5.3540480000 3.4203400000
OS 5.3542720000 3.4201910000
OS 5.3543420000 3.4201210000
OS 5.3545530000 3.4199640000
OS 5.3546660000 3.4198880000
OS 5.3549470000 3.4196080000
OS 5.3551620000 3.4192860000
OS 5.3553150000 3.4189180000
OS 5.3553220000 3.4188820000
OS 5.3554600000 3.4185130000
OS 5.3555690000 3.4182500000
OS 5.3555810000 3.4181880000
OS 5.3556690000 3.4179540000
OS 5.3557710000 3.4177090000
OS 5.3557830000 3.4176470000
OS 5.3558680000 3.4174210000
OS 5.3559280000 3.4172760000
OS 5.3560050000 3.4168890000
OS 5.3560050000 3.4164960000
OS 5.3559280000 3.4161090000
OS 5.3559210000 3.4160930000
OS 5.3558310000 3.4156780000
OS 5.3557710000 3.4153760000
OS 5.3557600000 3.4153480000
OS 5.3556140000 3.4146760000
OS 5.3555420000 3.4143170000
OS 5.3555310000 3.4142910000
OS 5.3555080000 3.4141740000
OS 5.3553570000 3.4138100000
OS 5.3552900000 3.4137110000
OS 5.3552400000 3.4135890000
OS 5.3550950000 3.4133710000
OS 5.3546260000 3.4125570000
OS 5.3543610000 3.4115690000
OS 5.3543160000 3.4113420000
OS 5.3542700000 3.4112320000
OS 5.3530330000 3.4066200000
OS 5.3530320000 2.7234590000
OS 5.3529550000 2.7230720000
OS 5.3529210000 2.7229900000
OS 5.3528780000 2.7227740000
OS 5.3528090000 2.7226070000
OS 5.3526010000 2.7218990000
OS 5.3525590000 2.7216860000
OS 5.3524910000 2.7215210000
OS 5.3524110000 2.7212490000
OS 5.3523900000 2.7211430000
OS 5.3522380000 2.7207750000
OS 5.3520230000 2.7204530000
OS 5.3517480000 2.7201780000
OS 5.3516870000 2.7201370000
OS 5.3514370000 2.7199200000
OS 5.3512620000 2.7197450000
OS 5.3511460000 2.7196670000
OS 5.3509020000 2.7194560000
OS 5.3507220000 2.7192760000
OS 5.3506020000 2.7191960000
OS 5.3504510000 2.7190650000
OS 5.3503660000 2.7189800000
OS 5.3500440000 2.7187650000
OS 5.3496860000 2.7186170000
OS 5.3493770000 2.7185530000
OS 5.3493390000 2.7185370000
OS 5.3490070000 2.7184710000
OS 5.3486530000 2.7183940000
OS 5.3486220000 2.7183810000
OS 5.3482930000 2.7183160000
OS 5.3482550000 2.7183040000
OS 5.3478710000 2.7182280000
OS 5.0097680000 2.7182280000
OS 5.0093840000 2.7183040000
OS 5.0093020000 2.7183380000
OS 5.0090860000 2.7183810000
OS 5.0089220000 2.7184490000
OS 5.0080580000 2.7187020000
OS 5.0078500000 2.7187430000
OS 5.0076890000 2.7188100000
OS 5.0074900000 2.7188690000
OS 5.0073900000 2.7188890000
OS 5.0070240000 2.7190400000
OS 5.0067020000 2.7192550000
OS 5.0064860000 2.7194690000
OS 5.0064670000 2.7194820000
OS 5.0062310000 2.7197180000
OS 5.0059120000 2.7200290000
OS 5.0057150000 2.7201610000
OS 5.0000920000 2.7257820000
OS 4.9937000000 2.7300530000
OS 4.9865850000 2.7329980000
OS 4.9790270000 2.7345020000
OS 4.9552370000 2.7345030000
OS 4.9548520000 2.7345790000
OS 4.9547600000 2.7346180000
OS 4.9545660000 2.7346560000
OS 4.9543840000 2.7347310000
OS 4.9532520000 2.7350740000
OS 4.9532170000 2.7350830000
OS 4.9493180000 2.7358580000
OS 4.9453060000 2.7362530000
OS 4.9413410000 2.7362540000
OS 4.9413000000 2.7362520000
OS 4.9372980000 2.7358580000
OS 4.9334010000 2.7350840000
OS 4.9333690000 2.7350760000
OS 4.9309150000 2.7343330000
OS 4.9307330000 2.7342570000
OS 4.9244480000 2.7330080000
OS 4.9243930000 2.7329930000
OS 4.9172980000 2.7300550000
OS 4.9109120000 2.7257890000
OS 4.9108830000 2.7257660000
OS 4.9054390000 2.7203210000
OS 4.9011650000 2.7139220000
OS 4.8982210000 2.7068110000
OS 4.8967170000 2.6992560000
OS 4.8967170000 2.6915670000
OS 4.8982160000 2.6840240000
OS 4.8982260000 2.6839900000
OS 4.9011640000 2.6768960000
OS 4.9054380000 2.6704970000
OS 4.9107940000 2.6651400000
OS 4.9108300000 2.6651160000
OS 4.9109340000 2.6650120000
OS 4.9172810000 2.6607710000
OS 4.9172990000 2.6607610000
OS 4.9244050000 2.6578190000
OS 4.9307160000 2.6565620000
OS 4.9309000000 2.6564850000
OS 4.9333680000 2.6557380000
OS 4.9372870000 2.6549580000
OS 4.9413120000 2.6545610000
OS 4.9452930000 2.6545610000
OS 4.9493170000 2.6549560000
OS 4.9532310000 2.6557340000
OS 4.9543920000 2.6560850000
OS 4.9545730000 2.6561600000
OS 4.9547680000 2.6561990000
OS 4.9548590000 2.6562370000
OS 4.9552460000 2.6563140000
OS 4.9790270000 2.6563140000
OS 4.9865770000 2.6578160000
OS 4.9866010000 2.6578240000
OS 4.9936910000 2.6607600000
OS 5.0000600000 2.6650130000
OS 5.0001630000 2.6651160000
OS 5.0001960000 2.6651380000
OS 5.0050440000 2.6699830000
OS 5.0053710000 2.6702020000
OS 5.0054500000 2.6702340000
OS 5.0056360000 2.6703580000
OS 5.0057980000 2.6704250000
OS 5.0067490000 2.6709440000
OS 5.0069310000 2.6710650000
OS 5.0070990000 2.6711350000
OS 5.0071790000 2.6711790000
OS 5.0072710000 2.6712400000
OS 5.0076330000 2.6713900000
OS 5.0080220000 2.6714680000
OS 5.0081160000 2.6714680000
OS 5.0082250000 2.6714800000
OS 5.0084320000 2.6715210000
OS 5.0084840000 2.6715210000
OS 5.0085490000 2.6715340000
OS 5.3794410000 2.6715340000
OS 5.3853860000 2.6731250000
OS 5.3857060000 2.6733090000
OS 5.3859220000 2.6734530000
OS 5.3860410000 2.6735020000
OS 5.3907130000 2.6762010000
OS 5.3950610000 2.6805510000
OS 5.3981310000 2.6858680000
OS 5.3983390000 2.6866450000
OS 5.3983850000 2.6868750000
OS 5.3984290000 2.6869810000
OS 5.3997230000 2.6918020000
OS 5.3997250000 3.3916780000
OS 5.3998010000 3.3920620000
OS 5.3998350000 3.3921440000
OS 5.3998780000 3.3923610000
OS 5.3999450000 3.3925230000
OS 5.4000660000 3.3929380000
OS 5.4001630000 3.3933790000
OS 5.4002260000 3.3936960000
OS 5.4002400000 3.3937300000
OS 5.4002850000 3.3939500000
OS 5.4004330000 3.3943080000
OS 5.4004820000 3.3943820000
OS 5.4005060000 3.3944390000
OS 5.4007210000 3.3947610000
OS 5.4007840000 3.3948240000
OS 5.4008480000 3.3949030000
OS 5.4009650000 3.3950790000
OS 5.4010350000 3.3951490000
OS 5.4011030000 3.3952510000
OS 5.4032150000 3.3973620000
OS 5.4035370000 3.3975770000
OS 5.4036200000 3.3976120000
OS 5.4038040000 3.3977340000
OS 5.4039660000 3.3978010000
OS 5.4046240000 3.3981600000
OS 5.4047970000 3.3982760000
OS 5.4049550000 3.3983410000
OS 5.4052230000 3.3984880000
OS 5.4053020000 3.3985410000
OS 5.4056680000 3.3986940000
OS 5.4060490000 3.3987700000
OS 5.4064360000 3.3987700000
OS 5.4065140000 3.3987550000
OS 5.4068390000 3.3987320000
OS 5.4070850000 3.3987320000
OS 5.4072250000 3.3987040000
OS 5.4074210000 3.3986900000
OS 5.4076580000 3.3986900000
OS 5.4077930000 3.3986630000
OS 5.4080720000 3.3986430000
OS 5.4081960000 3.3986430000
OS 5.4085770000 3.3985670000
OS 5.4089350000 3.3984190000
OS 5.4092570000 3.3982040000
OS 5.4093030000 3.3981600000
OS 5.4095780000 3.3979540000
OS 5.4098140000 3.3977970000
OS 5.4098880000 3.3977230000
OS 5.4100350000 3.3976140000
OS 5.4102740000 3.3974540000
OS 5.4103520000 3.3973760000
OS 5.4105530000 3.3972260000
OS 5.4106680000 3.3971490000
OS 5.4109490000 3.3968700000
OS 5.4111640000 3.3965480000
OS 5.4113170000 3.3961790000
OS 5.4113240000 3.3961430000
OS 5.4114560000 3.3957890000
OS 5.4115710000 3.3955130000
OS 5.4115840000 3.3954480000
OS 5.4118230000 3.3948090000
OS 5.4119330000 3.3945440000
OS 5.4119460000 3.3944810000
OS 5.4120080000 3.3943300000
OS 5.4120850000 3.3939430000
OS 5.4120850000 3.3939120000
OS 5.4120870000 3.3939020000
OS 5.4120870000 2.6242430000
OS 5.4120100000 2.6238560000
OS 5.4119750000 2.6237710000
OS 5.4119330000 2.6235600000
OS 5.4118640000 2.6233950000
OS 5.4116560000 2.6226850000
OS 5.4116140000 2.6224740000
OS 5.4115450000 2.6223080000
OS 5.4114670000 2.6220420000
OS 5.4114450000 2.6219300000
OS 5.4112940000 2.6215660000
OS 5.4110780000 2.6212420000
OS 5.4107960000 2.6209600000
OS 5.4107410000 2.6209230000
OS 5.4104860000 2.6207020000
OS 5.4103170000 2.6205330000
OS 5.4102060000 2.6204590000
OS 5.4099500000 2.6202370000
OS 5.4097760000 2.6200630000
OS 5.4096610000 2.6199870000
OS 5.4095110000 2.6198560000
OS 5.4094270000 2.6197720000
OS 5.4090990000 2.6195520000
OS 5.4087410000 2.6194040000
OS 5.4084270000 2.6193380000
OS 5.4083930000 2.6193240000
OS 5.4080680000 2.6192600000
OS 5.4077110000 2.6191820000
OS 5.4076770000 2.6191680000
OS 5.4073290000 2.6190990000
OS 5.4073100000 2.6190910000
OS 5.4069260000 2.6190150000
OS 5.0090560000 2.6190150000
OS 5.0086720000 2.6190910000
OS 5.0085930000 2.6191240000
OS 5.0083750000 2.6191680000
OS 5.0082130000 2.6192350000
OS 5.0071550000 2.6195450000
OS 5.0069500000 2.6195860000
OS 5.0067890000 2.6196530000
OS 5.0066930000 2.6196810000
OS 5.0065900000 2.6197010000
OS 5.0062240000 2.6198530000
OS 5.0059020000 2.6200680000
OS 5.0058360000 2.6201340000
OS 5.0057530000 2.6202010000
OS 5.0055670000 2.6203250000
OS 5.0055340000 2.6203580000
OS 5.0054890000 2.6203880000
OS 5.0000920000 2.6257820000
OS 4.9937010000 2.6300520000
OS 4.9865870000 2.6329970000
OS 4.9790270000 2.6345020000
OS 4.9552370000 2.6345030000
OS 4.9548520000 2.6345790000
OS 4.9547590000 2.6346180000
OS 4.9545660000 2.6346560000
OS 4.9543880000 2.6347300000
OS 4.9532520000 2.6350740000
OS 4.9532170000 2.6350830000
OS 4.9493180000 2.6358580000
OS 4.9453060000 2.6362530000
OS 4.9413420000 2.6362540000
OS 4.9413010000 2.6362520000
OS 4.9373430000 2.6358640000
OS 4.9372970000 2.6358580000
OS 4.9333690000 2.6350760000
OS 4.9315910000 2.6345380000
OS 4.9314090000 2.6344620000
OS 4.9312150000 2.6344240000
OS 4.9309190000 2.6343340000
OS 4.9307330000 2.6342570000
OS 4.9244230000 2.6330030000
OS 4.9243930000 2.6329930000
OS 4.9172980000 2.6300550000
OS 4.9109090000 2.6257870000
OS 4.9108820000 2.6257650000
OS 4.9054400000 2.6203220000
OS 4.9011710000 2.6139340000
OS 4.8982220000 2.6068140000
OS 4.8975440000 2.6034190000
OS 4.8973960000 2.6030610000
OS 4.8973470000 2.6029870000
OS 4.8972590000 2.6027760000
OS 4.8971620000 2.6026300000
OS 4.8968150000 2.6019670000
OS 4.8967340000 2.6017720000
OS 4.8966300000 2.6016160000
OS 4.8965060000 2.6013790000
OS 4.8964620000 2.6012720000
OS 4.8962420000 2.6009420000
OS 4.8959670000 2.6006670000
OS 4.8956450000 2.6004520000
OS 4.8955660000 2.6004170000
OS 4.8953010000 2.6002660000
OS 4.8950840000 2.6001220000
OS 4.8949540000 2.6000680000
OS 4.8947930000 2.5999760000
OS 4.8945860000 2.5998390000
OS 4.8944570000 2.5997850000
OS 4.8942180000 2.5996490000
OS 4.8941190000 2.5995830000
OS 4.8937540000 2.5994310000
OS 4.8933730000 2.5993550000
OS 4.8929860000 2.5993550000
OS 4.8929270000 2.5993650000
OS 4.8925680000 2.5993840000
OS 4.8922980000 2.5993840000
OS 4.8921990000 2.5994040000
OS 4.8918880000 2.5994200000
OS 4.8916010000 2.5994200000
OS 4.8915000000 2.5994400000
OS 4.8913020000 2.5994510000
OS 4.8911640000 2.5994510000
OS 4.8907830000 2.5995270000
OS 4.8904250000 2.5996750000
OS 4.8902770000 2.5997740000
OS 4.8901480000 2.5998550000
OS 4.8901000000 2.5998750000
OS 4.8898320000 2.6000540000
OS 4.8894820000 2.6002740000
OS 4.8894360000 2.6002930000
OS 4.8891510000 2.6004820000
OS 4.8891250000 2.6004930000
OS 4.8888030000 2.6007080000
OS 4.8763390000 2.6131680000
OS 4.8710200000 2.6162380000
OS 4.8677650000 2.6171130000
OS 4.8675180000 2.6171620000
OS 4.8673980000 2.6172120000
OS 4.8672580000 2.6172410000
OS 4.8669000000 2.6173890000
OS 4.8663270000 2.6177730000
OS 4.8655930000 2.6181970000
OS 4.8654730000 2.6182470000
OS 4.8652800000 2.6183760000
OS 4.8652360000 2.6183940000
OS 4.8649120000 2.6186100000
OS 4.8648780000 2.6186440000
OS 4.8648180000 2.6186840000
OS 4.8647390000 2.6187630000
OS 4.8596720000 2.6221530000
OS 4.8539890000 2.6245040000
OS 4.8479570000 2.6257060000
OS 4.8418190000 2.6257070000
OS 4.8358130000 2.6245140000
OS 4.8357580000 2.6244990000
OS 4.8301000000 2.6221570000
OS 4.8249750000 2.6187340000
OS 4.8246170000 2.6185860000
OS 4.8245370000 2.6185700000
OS 4.8245080000 2.6185610000
OS 4.8243250000 2.6184850000
OS 4.8241630000 2.6184530000
OS 4.8229330000 2.6180670000
OS 4.8227440000 2.6179890000
OS 4.8225770000 2.6179560000
OS 4.8224690000 2.6179120000
OS 4.8220860000 2.6178360000
OS 3.5261710000 2.6178340000
OS 3.5257870000 2.6179100000
OS 3.5257030000 2.6179450000
OS 3.5254910000 2.6179870000
OS 3.5253260000 2.6180550000
OS 3.5246150000 2.6182640000
OS 3.5244010000 2.6183060000
OS 3.5242350000 2.6183750000
OS 3.5239580000 2.6184560000
OS 3.5238580000 2.6184760000
OS 3.5234910000 2.6186270000
OS 3.5231690000 2.6188420000
OS 3.5228940000 2.6191170000
OS 3.5228520000 2.6191790000
OS 3.5226410000 2.6194220000
OS 3.5224600000 2.6196030000
OS 3.5223800000 2.6197230000
OS 3.5223270000 2.6197840000
OS 3.5221520000 2.6199590000
OS 3.5221320000 2.6199890000
OS 3.5220840000 2.6200370000
OS 3.5220070000 2.6201520000
OS 3.5218320000 2.6203540000
OS 3.5217430000 2.6204430000
OS 3.5215220000 2.6207730000
OS 3.5213730000 2.6211340000
OS 3.5212980000 2.6215120000
OS 3.5212970000 2.6215690000
OS 3.5212480000 2.6219100000
OS 3.5211920000 2.6221930000
OS 3.5211920000 2.6222950000
OS 3.5211660000 2.6224780000
OS 3.5211100000 2.6227610000
OS 3.5211100000 2.6228590000
OS 3.5210720000 2.6231250000
OS 3.5210450000 2.6232620000
OS 3.5210450000 2.6236490000
OS 3.5211210000 2.6240300000
OS 3.5212690000 2.6243880000
OS 3.5212880000 2.6244180000
OS 3.5214420000 2.6247530000
OS 3.5215650000 2.6250490000
OS 3.5216030000 2.6251070000
OS 3.5218180000 2.6255740000
OS 3.5219310000 2.6258480000
OS 3.5219680000 2.6259040000
OS 3.5219980000 2.6259690000
OS 3.5220630000 2.6261250000
OS 3.5222780000 2.6264470000
OS 3.5225530000 2.6267220000
OS 3.5226050000 2.6267570000
OS 3.5227480000 2.6268830000
OS 3.5229260000 2.6270610000
OS 3.5229920000 2.6271050000
OS 3.5231210000 2.6272340000
OS 3.5261920000 2.6292850000
OS 3.5305520000 2.6336440000
OS 3.5339670000 2.6387560000
OS 3.5363130000 2.6444250000
OS 3.5375200000 2.6504690000
OS 3.5376690000 2.6508290000
OS 3.5377210000 2.6509070000
OS 3.5378050000 2.6511090000
OS 3.5379020000 2.6512540000
OS 3.5384910000 2.6523830000
OS 3.5385730000 2.6525800000
OS 3.5386700000 2.6527250000
OS 3.5387140000 2.6528310000
OS 3.5389290000 2.6531530000
OS 3.6430860000 2.7573140000
OS 3.6438220000 2.7585870000
OS 3.6438700000 2.7587030000
OS 3.6440110000 2.7589140000
OS 3.6461630000 2.7626400000
OS 3.6469670000 2.7656360000
OS 3.6470140000 2.7658750000
OS 3.6470620000 2.7659900000
OS 3.6477550000 2.7685740000
OS 3.6477560000 2.8078250000
OS 3.6478330000 2.8082120000
OS 3.6478660000 2.8082920000
OS 3.6479100000 2.8085110000
OS 3.6479780000 2.8086760000
OS 3.6483350000 2.8098940000
OS 3.6483770000 2.8101070000
OS 3.6484450000 2.8102700000
OS 3.6484670000 2.8103800000
OS 3.6486170000 2.8107430000
OS 3.6520720000 2.8159120000
OS 3.6544270000 2.8215970000
OS 3.6556290000 2.8276310000
OS 3.6556300000 2.8337750000
OS 3.6544370000 2.8397810000
OS 3.6544230000 2.8398280000
OS 3.6520790000 2.8454880000
OS 3.6486660000 2.8506000000
OS 3.6443100000 2.8549570000
OS 3.6391930000 2.8583760000
OS 3.6335210000 2.8607240000
OS 3.6274790000 2.8619270000
OS 3.6213680000 2.8619280000
OS 3.6213370000 2.8619260000
OS 3.6153240000 2.8607310000
OS 3.6152980000 2.8607240000
OS 3.6096270000 2.8583770000
OS 3.6045150000 2.8549620000
OS 3.6001560000 2.8506040000
OS 3.5967470000 2.8455030000
OS 3.5943920000 2.8398180000
OS 3.5931890000 2.8337790000
OS 3.5931890000 2.8276570000
OS 3.5931960000 2.8276030000
OS 3.5943880000 2.8216090000
OS 3.5943970000 2.8215820000
OS 3.5967400000 2.8159250000
OS 3.6001630000 2.8107990000
OS 3.6003110000 2.8104410000
OS 3.6003270000 2.8103590000
OS 3.6004130000 2.8101490000
OS 3.6004480000 2.8099750000
OS 3.6008280000 2.8087620000
OS 3.6009070000 2.8085710000
OS 3.6009400000 2.8084030000
OS 3.6009840000 2.8082930000
OS 3.6010600000 2.8079120000
OS 3.6010630000 2.7835190000
OS 3.6009860000 2.7831320000
OS 3.6009510000 2.7830470000
OS 3.6009090000 2.7828380000
OS 3.6008420000 2.7826750000
OS 3.6005310000 2.7816120000
OS 3.6004900000 2.7814080000
OS 3.6004250000 2.7812520000
OS 3.6003980000 2.7811590000
OS 3.6003760000 2.7810490000
OS 3.6002250000 2.7806840000
OS 3.6000100000 2.7803620000
OS 3.5999470000 2.7802990000
OS 3.5998700000 2.7802040000
OS 3.5997510000 2.7800250000
OS 3.5997180000 2.7799920000
OS 3.5996860000 2.7799440000
OS 3.5059640000 2.6862240000
OS 3.5056420000 2.6860090000
OS 3.5055580000 2.6859740000
OS 3.5053760000 2.6858530000
OS 3.5052140000 2.6857860000
OS 3.5040960000 2.6851740000
OS 3.5039260000 2.6850610000
OS 3.5037720000 2.6849970000
OS 3.5037530000 2.6849870000
OS 3.5036680000 2.6849300000
OS 3.5033040000 2.6847790000
OS 3.4972210000 2.6835680000
OS 3.4971740000 2.6835530000
OS 3.4915160000 2.6812110000
OS 3.4863960000 2.6777890000
OS 3.4820490000 2.6734420000
OS 3.4786420000 2.6683460000
OS 3.4786310000 2.6683260000
OS 3.4762820000 2.6626520000
OS 3.4750790000 2.6566140000
OS 3.4750790000 2.6504710000
OS 3.4762780000 2.6444440000
OS 3.4762870000 2.6444180000
OS 3.4786300000 2.6387600000
OS 3.4820430000 2.6336490000
OS 3.4864020000 2.6292890000
OS 3.4893130000 2.6273430000
OS 3.4895920000 2.6270640000
OS 3.4896400000 2.6269930000
OS 3.4897970000 2.6268340000
OS 3.4898950000 2.6266870000
OS 3.4903690000 2.6261200000
OS 3.4905200000 2.6259690000
OS 3.4906190000 2.6258210000
OS 3.4908050000 2.6255980000
OS 3.4908770000 2.6255260000
OS 3.4910960000 2.6251990000
OS 3.4912470000 2.6248350000
OS 3.4913240000 2.6244480000
OS 3.4913240000 2.6243740000
OS 3.4913640000 2.6240610000
OS 3.4914130000 2.6238130000
OS 3.4914130000 2.6236690000
OS 3.4914360000 2.6234840000
OS 3.4914850000 2.6232420000
OS 3.4914850000 2.6230990000
OS 3.4915190000 2.6228300000
OS 3.4915430000 2.6227110000
OS 3.4915430000 2.6223180000
OS 3.4914670000 2.6219350000
OS 3.4913150000 2.6215670000
OS 3.4912830000 2.6215190000
OS 3.4911350000 2.6212100000
OS 3.4910290000 2.6209540000
OS 3.4909740000 2.6208720000
OS 3.4908670000 2.6206140000
OS 3.4908360000 2.6205680000
OS 3.4907810000 2.6204350000
OS 3.4907240000 2.6203490000
OS 3.4906200000 2.6201310000
OS 3.4905610000 2.6199900000
OS 3.4903420000 2.6196610000
OS 3.4900670000 2.6193860000
OS 3.4897360000 2.6191650000
OS 3.4897060000 2.6191530000
OS 3.4893750000 2.6189480000
OS 3.4891310000 2.6187850000
OS 3.4890690000 2.6187590000
OS 3.4886490000 2.6184990000
OS 3.4883860000 2.6183240000
OS 3.4883240000 2.6182980000
OS 3.4882750000 2.6182680000
OS 3.4881300000 2.6181710000
OS 3.4877660000 2.6180200000
OS 3.4873870000 2.6179450000
OS 3.4873180000 2.6179440000
OS 3.4871500000 2.6179210000
OS 3.4868850000 2.6178690000
OS 3.4868020000 2.6178690000
OS 3.4866250000 2.6178340000
OS 2.7898160000 2.6178340000
OS 2.7894320000 2.6179100000
OS 2.7893490000 2.6179450000
OS 2.7891360000 2.6179870000
OS 2.7889710000 2.6180550000
OS 2.7879210000 2.6183640000
OS 2.7877120000 2.6184050000
OS 2.7875470000 2.6184730000
OS 2.7874570000 2.6185000000
OS 2.7873490000 2.6185210000
OS 2.7869850000 2.6186720000
OS 2.7866630000 2.6188870000
OS 2.7865980000 2.6189510000
OS 2.7865000000 2.6190300000
OS 2.7863290000 2.6191440000
OS 2.7862920000 2.6191810000
OS 2.7862380000 2.6192170000
OS 2.1624040000 3.2430520000
OS 2.1623750000 3.2430640000
OS 2.1621650000 3.2432040000
OS 2.1570450000 3.2461600000
OS 2.1511060000 3.2477530000
OS 1.3181970000 3.2477540000
OS 1.3122550000 3.2461640000
OS 1.3071280000 3.2432060000
OS 1.3069150000 3.2430640000
OS 1.3068890000 3.2430530000
OS 0.5545520000 2.4907140000
OS 0.5520780000 2.4864330000
OS 0.5520280000 2.4863140000
OS 0.5518820000 2.4860950000
OS 0.5514900000 2.4854170000
OS 0.5514740000 2.4853860000
OS 0.5498830000 2.4794540000
OS 0.5498820000 2.3671590000
OS 0.5498050000 2.3667720000
OS 0.5497700000 2.3666870000
OS 0.5497280000 2.3664760000
OS 0.5496600000 2.3663120000
OS 0.5494490000 2.3655900000
OS 0.5494090000 2.3653870000
OS 0.5493400000 2.3652210000
OS 0.5492620000 2.3649540000
OS 0.5492400000 2.3648440000
OS 0.5490880000 2.3644760000
OS 0.5488730000 2.3641540000
OS 0.5485980000 2.3638790000
OS 0.5485370000 2.3638380000
OS 0.5482880000 2.3636220000
OS 0.5481120000 2.3634460000
OS 0.5479950000 2.3633680000
OS 0.5477450000 2.3631510000
OS 0.5475710000 2.3629770000
OS 0.5474550000 2.3629000000
OS 0.5473000000 2.3627650000
OS 0.5472160000 2.3626810000
OS 0.5468940000 2.3624660000
OS 0.5465360000 2.3623180000
OS 0.5462240000 2.3622530000
OS 0.5461880000 2.3622380000
OS 0.5458610000 2.3621730000
OS 0.5455030000 2.3620950000
OS 0.5454700000 2.3620810000
OS 0.5451190000 2.3620110000
OS 0.5451030000 2.3620040000
OS 0.5447200000 2.3619280000
OS 0.2709530000 2.3619270000
OS 0.2650110000 2.3603370000
OS 0.2616530000 2.3583990000
OS 0.2614500000 2.3582640000
OS 0.2613370000 2.3582170000
OS 0.2596870000 2.3572650000
OS 0.2421870000 2.3397690000
OS 0.2418610000 2.3395510000
OS 0.2417750000 2.3395150000
OS 0.2415960000 2.3393960000
OS 0.2414330000 2.3393280000
OS 0.2403230000 2.3387220000
OS 0.2401470000 2.3386050000
OS 0.2399860000 2.3385380000
OS 0.2398890000 2.3384740000
OS 0.2395250000 2.3383230000
OS 0.2334120000 2.3371030000
OS 0.2277400000 2.3347570000
OS 0.2226190000 2.3313350000
OS 0.2182670000 2.3269830000
OS 0.2148680000 2.3218970000
OS 0.2148510000 2.3218690000
OS 0.2125010000 2.3161920000
OS 0.2112990000 2.3101570000
OS 0.2112990000 2.3040170000
OS 0.2124980000 2.2979890000
OS 0.2125060000 2.2979640000
OS 0.2148500000 2.2923030000
OS 0.2182630000 2.2871930000
OS 0.2226220000 2.2828330000
OS 0.2271630000 2.2797980000
OS 0.2277380000 2.2794160000
OS 0.2334090000 2.2770680000
OS 0.2394440000 2.2758660000
OS 0.2455920000 2.2758660000
OS 0.2516180000 2.2770640000
OS 0.2516440000 2.2770730000
OS 0.2572990000 2.2794150000
OS 0.2624120000 2.2828290000
OS 0.2667750000 2.2871910000
OS 0.2701860000 2.2922970000
OS 0.2725370000 2.2979750000
OS 0.2737400000 2.3040120000
OS 0.2738900000 2.3043750000
OS 0.2739390000 2.3044490000
OS 0.2740250000 2.3046520000
OS 0.2741180000 2.3047910000
OS 0.2747120000 2.3059280000
OS 0.2747920000 2.3061210000
OS 0.2748900000 2.3062690000
OS 0.2749340000 2.3063740000
OS 0.2751490000 2.3066960000
OS 0.2821340000 2.3136830000
OS 0.2824600000 2.3139010000
OS 0.2825430000 2.3139350000
OS 0.2827250000 2.3140560000
OS 0.2828900000 2.3141250000
OS 0.2838520000 2.3146500000
OS 0.2840270000 2.3147670000
OS 0.2841890000 2.3148340000
OS 0.2842700000 2.3148790000
OS 0.2843620000 2.3149400000
OS 0.2847260000 2.3150910000
OS 0.2851130000 2.3151680000
OS 0.2852040000 2.3151680000
OS 0.2853150000 2.3151800000
OS 0.2855280000 2.3152230000
OS 0.2855760000 2.3152230000
OS 0.2856360000 2.3152350000
OS 0.6290920000 2.3152350000
OS 0.6294790000 2.3151580000
OS 0.6295610000 2.3151240000
OS 0.6297770000 2.3150810000
OS 0.6299440000 2.3150120000
OS 0.6311380000 2.3146620000
OS 0.6313560000 2.3146180000
OS 0.6315230000 2.3145490000
OS 0.6316320000 2.3145270000
OS 0.6319960000 2.3143760000
OS 0.6371840000 2.3109130000
OS 0.6428580000 2.3085640000
OS 0.6488930000 2.3073620000
OS 0.6550310000 2.3073610000
OS 0.6610670000 2.3085600000
OS 0.6610930000 2.3085690000
OS 0.6667480000 2.3109110000
OS 0.6718610000 2.3143250000
OS 0.6762240000 2.3186870000
OS 0.6796350000 2.3237920000
OS 0.6819860000 2.3294710000
OS 0.6831880000 2.3355040000
OS 0.6831900000 2.3416330000
OS 0.6831880000 2.3416540000
OS 0.6819900000 2.3476770000
OS 0.6819810000 2.3477060000
OS 0.6796390000 2.3533610000
OS 0.6762250000 2.3584740000
OS 0.6718640000 2.3628360000
OS 0.6668970000 2.3661560000
OS 0.6668780000 2.3661640000
OS 0.6667440000 2.3662530000
OS 0.6610800000 2.3685980000
OS 0.6550430000 2.3698000000
OS 0.6489260000 2.3698020000
OS 0.6488960000 2.3698000000
OS 0.6428820000 2.3686050000
OS 0.6428570000 2.3685980000
OS 0.6371980000 2.3662560000
OS 0.6370600000 2.3661640000
OS 0.6370440000 2.3661570000
OS 0.6320630000 2.3628290000
OS 0.6316990000 2.3626780000
OS 0.6316110000 2.3626610000
OS 0.6314120000 2.3625790000
OS 0.6312430000 2.3625460000
OS 0.6300250000 2.3621640000
OS 0.6298310000 2.3620830000
OS 0.6296610000 2.3620490000
OS 0.6295560000 2.3620060000
OS 0.6291730000 2.3619300000
OS 0.6018030000 2.3619280000
OS 0.6014190000 2.3620040000
OS 0.6013360000 2.3620380000
OS 0.6011220000 2.3620810000
OS 0.6009590000 2.3621490000
OS 0.6002390000 2.3623600000
OS 0.6000350000 2.3624000000
OS 0.5998760000 2.3624660000
OS 0.5995930000 2.3625490000
OS 0.5994900000 2.3625690000
OS 0.5991260000 2.3627200000
OS 0.5988020000 2.3629360000
OS 0.5985200000 2.3632180000
OS 0.5984800000 2.3632780000
OS 0.5982630000 2.3635280000
OS 0.5980940000 2.3636970000
OS 0.5980190000 2.3638090000
OS 0.5977940000 2.3640690000
OS 0.5976230000 2.3642400000
OS 0.5975470000 2.3643540000
OS 0.5974160000 2.3645050000
OS 0.5973320000 2.3645890000
OS 0.5971130000 2.3649160000
OS 0.5969620000 2.3652800000
OS 0.5968980000 2.3655900000
OS 0.5968840000 2.3656230000
OS 0.5968130000 2.3659800000
OS 0.5967430000 2.3663030000
OS 0.5967290000 2.3663360000
OS 0.5966590000 2.3666870000
OS 0.5966520000 2.3667040000
OS 0.5965760000 2.3670870000
OS 0.5965760000 2.4645130000
OS 0.5966520000 2.4648970000
OS 0.5966870000 2.4649820000
OS 0.5967290000 2.4651930000
OS 0.5967980000 2.4653600000
OS 0.5968280000 2.4654610000
OS 0.5968700000 2.4656750000
OS 0.5969400000 2.4658440000
OS 0.5971040000 2.4664020000
OS 0.5971470000 2.4666180000
OS 0.5972160000 2.4667840000
OS 0.5972420000 2.4668710000
OS 0.5972630000 2.4669800000
OS 0.5974140000 2.4673440000
OS 0.5976330000 2.4676710000
OS 0.5976960000 2.4677340000
OS 0.5977660000 2.4678210000
OS 0.5978860000 2.4680010000
OS 0.5979220000 2.4680370000
OS 0.5979560000 2.4680880000
OS 1.3293810000 3.1995130000
OS 1.3297030000 3.1997280000
OS 1.3297890000 3.1997640000
OS 1.3299690000 3.1998840000
OS 1.3301350000 3.1999530000
OS 1.3310930000 3.2004760000
OS 1.3312700000 3.2005940000
OS 1.3314370000 3.2006630000
OS 1.3315190000 3.2007080000
OS 1.3316070000 3.2007670000
OS 1.3319710000 3.2009180000
OS 1.3323580000 3.2009950000
OS 1.3324490000 3.2009950000
OS 1.3325520000 3.2010060000
OS 1.3327710000 3.2010500000
OS 1.3328200000 3.2010500000
OS 1.3328800000 3.2010620000
OS 2.1361650000 3.2010620000
OS 2.1365520000 3.2009850000
OS 2.1366350000 3.2009510000
OS 2.1368480000 3.2009080000
OS 2.1370140000 3.2008390000
OS 2.1380590000 3.2005320000
OS 2.1382720000 3.2004900000
OS 2.1384370000 3.2004220000
OS 2.1385240000 3.2003960000
OS 2.1386350000 3.2003740000
OS 2.1389990000 3.2002230000
OS 2.1393210000 3.2000080000
OS 2.1393860000 3.1999440000
OS 2.1394840000 3.1998650000
OS 2.1396550000 3.1997510000
OS 2.1396920000 3.1997140000
OS 2.1397460000 3.1996780000
OS 2.1449060000 3.1945170000
OS 2.1451210000 3.1941950000
OS 2.1451590000 3.1941060000
OS 2.1452760000 3.1939300000
OS 2.1453430000 3.1937680000
OS 2.1455560000 3.1933780000
OS 2.1456730000 3.1932030000
OS 2.1457260000 3.1930760000
OS 2.1458190000 3.1929360000
OS 2.1458860000 3.1927750000
OS 2.1460230000 3.1925230000
OS 2.1460840000 3.1924320000
OS 2.1462370000 3.1920640000
OS 2.1463130000 3.1916830000
OS 2.1463130000 3.1912960000
OS 2.1462980000 3.1912170000
OS 2.1462750000 3.1908930000
OS 2.1462750000 3.1906480000
OS 2.1462470000 3.1905090000
OS 2.1462330000 3.1903050000
OS 2.1462330000 3.1900750000
OS 2.1462060000 3.1899370000
OS 2.1461860000 3.1896610000
OS 2.1461860000 3.1895370000
OS 2.1461100000 3.1891560000
OS 2.1459620000 3.1887980000
OS 2.1457470000 3.1884760000
OS 2.1457010000 3.1884280000
OS 2.1454960000 3.1881530000
OS 2.1453400000 3.1879190000
OS 2.1452660000 3.1878450000
OS 2.1451560000 3.1876970000
OS 2.1449970000 3.1874590000
OS 2.1449210000 3.1873830000
OS 2.1447680000 3.1871780000
OS 2.1446930000 3.1870660000
OS 2.1444130000 3.1867840000
OS 2.1440910000 3.1865690000
OS 2.1437230000 3.1864170000
OS 2.1436890000 3.1864100000
OS 2.1433400000 3.1862800000
OS 2.1430560000 3.1861620000
OS 2.1429900000 3.1861490000
OS 2.1427950000 3.1860760000
OS 2.1425150000 3.1859600000
OS 2.1424490000 3.1859470000
OS 2.1422450000 3.1858710000
OS 2.1420820000 3.1858030000
OS 2.1416950000 3.1857260000
OS 2.1413080000 3.1857260000
OS 2.1409150000 3.1858030000
OS 2.1408990000 3.1858100000
OS 2.1404650000 3.1859040000
OS 2.1401820000 3.1859600000
OS 2.1401540000 3.1859710000
OS 2.1393760000 3.1861400000
OS 2.1391160000 3.1861920000
OS 2.1390950000 3.1862010000
OS 2.1389710000 3.1862250000
OS 2.1386070000 3.1863760000
OS 2.1385010000 3.1864470000
OS 2.1383880000 3.1864940000
OS 2.1381800000 3.1866320000
OS 2.1373590000 3.1871060000
OS 2.1362040000 3.1874150000
OS 2.1359690000 3.1874620000
OS 2.1358560000 3.1875090000
OS 2.1314210000 3.1886980000
OS 1.3772770000 3.1887000000
OS 1.3772350000 3.1886960000
OS 1.3727960000 3.1875060000
OS 1.3726890000 3.1874620000
OS 1.3724640000 3.1874180000
OS 1.3713030000 3.1871060000
OS 1.3659920000 3.1840420000
OS 1.3659650000 3.1840190000
OS 0.6516330000 2.4696870000
OS 0.6513110000 2.4694720000
OS 0.6512270000 2.4694370000
OS 0.6510450000 2.4693160000
OS 0.6508810000 2.4692480000
OS 0.6503960000 2.4689830000
OS 0.6502170000 2.4688640000
OS 0.6500510000 2.4687950000
OS 0.6497740000 2.4686440000
OS 0.6495970000 2.4685260000
OS 0.6494270000 2.4684560000
OS 0.6493370000 2.4683950000
OS 0.6489730000 2.4682440000
OS 0.6428950000 2.4670340000
OS 0.6428600000 2.4670250000
OS 0.6371830000 2.4646750000
OS 0.6320770000 2.4612630000
OS 0.6277150000 2.4569030000
OS 0.6242980000 2.4517870000
OS 0.6219510000 2.4461180000
OS 0.6207480000 2.4400780000
OS 0.6207480000 2.4339380000
OS 0.6219470000 2.4279110000
OS 0.6219620000 2.4278650000
OS 0.6242990000 2.4222240000
OS 0.6277130000 2.4171130000
OS 0.6320710000 2.4127540000
OS 0.6371850000 2.4093370000
OS 0.6428580000 2.4069890000
OS 0.6488980000 2.4057860000
OS 0.6550310000 2.4057860000
OS 0.6610600000 2.4069840000
OS 0.6610930000 2.4069940000
OS 0.6667480000 2.4093360000
OS 0.6718610000 2.4127500000
OS 0.6762210000 2.4171090000
OS 0.6796370000 2.4222210000
OS 0.6819860000 2.4278960000
OS 0.6831890000 2.4339330000
OS 0.6833390000 2.4342960000
OS 0.6833880000 2.4343690000
OS 0.6834740000 2.4345750000
OS 0.6835390000 2.4346720000
OS 0.6835930000 2.4348030000
OS 0.6836910000 2.4349500000
OS 0.6841590000 2.4358450000
OS 0.6842410000 2.4360440000
OS 0.6843380000 2.4361890000
OS 0.6843830000 2.4362960000
OS 0.6845980000 2.4366180000
OS 1.3884340000 3.1404560000
OS 1.3887600000 3.1406740000
OS 1.3888430000 3.1407080000
OS 1.3890210000 3.1408260000
OS 1.3891800000 3.1408920000
OS 1.3901560000 3.1414250000
OS 1.3903270000 3.1415390000
OS 1.3904850000 3.1416040000
OS 1.3905690000 3.1416510000
OS 1.3906610000 3.1417120000
OS 1.3910250000 3.1418630000
OS 1.3914120000 3.1419400000
OS 1.3915040000 3.1419400000
OS 1.3916110000 3.1419520000
OS 1.3918280000 3.1419950000
OS 1.3918760000 3.1419950000
OS 1.3919360000 3.1420070000
OS 2.1164800000 3.1420070000
OS 2.1168670000 3.1419300000
OS 2.1169500000 3.1418960000
OS 2.1171630000 3.1418530000
OS 2.1173290000 3.1417840000
OS 2.1183740000 3.1414770000
OS 2.1185870000 3.1414350000
OS 2.1187520000 3.1413670000
OS 2.1188390000 3.1413410000
OS 2.1189500000 3.1413190000
OS 2.1193140000 3.1411680000
OS 2.1196360000 3.1409530000
OS 2.1197010000 3.1408890000
OS 2.1197990000 3.1408100000
OS 2.1199700000 3.1406960000
OS 2.1200070000 3.1406590000
OS 2.1200610000 3.1406230000
OS 2.7324040000 2.5282790000
OS 2.7326190000 2.5279570000
OS 2.7326550000 2.5278710000
OS 2.7327750000 2.5276910000
OS 2.7328440000 2.5275250000
OS 2.7331980000 2.5268760000
OS 2.7333160000 2.5266990000
OS 2.7333840000 2.5265340000
OS 2.7335210000 2.5262850000
OS 2.7335820000 2.5261930000
OS 2.7337340000 2.5258260000
OS 2.7338100000 2.5254450000
OS 2.7338100000 2.5250490000
OS 2.7337960000 2.5249780000
OS 2.7337720000 2.5246510000
OS 2.7337720000 2.5244110000
OS 2.7337450000 2.5242730000
OS 2.7337310000 2.5240870000
OS 2.7337310000 2.5238380000
OS 2.7337020000 2.5236920000
OS 2.7336830000 2.5234240000
OS 2.7336830000 2.5233000000
OS 2.7336070000 2.5229190000
OS 2.7334590000 2.5225610000
OS 2.7332370000 2.5222290000
OS 2.7331990000 2.5221910000
OS 2.7329960000 2.5219190000
OS 2.7328380000 2.5216820000
OS 2.7327640000 2.5216080000
OS 2.7326550000 2.5214620000
OS 2.7324930000 2.5212190000
OS 2.7324180000 2.5211440000
OS 2.7322660000 2.5209400000
OS 2.7321900000 2.5208270000
OS 2.7319110000 2.5205470000
OS 2.7315890000 2.5203320000
OS 2.7312200000 2.5201780000
OS 2.7311810000 2.5201700000
OS 2.7308780000 2.5200570000
OS 2.7305520000 2.5199220000
OS 2.7304850000 2.5199090000
OS 2.7298770000 2.5196810000
OS 2.7295890000 2.5195620000
OS 2.7295220000 2.5195490000
OS 2.7293710000 2.5194860000
OS 2.7289850000 2.5194100000
OS 2.7084340000 2.5194090000
OS 2.7080500000 2.5194850000
OS 2.7079670000 2.5195200000
OS 2.7077540000 2.5195620000
OS 2.7075890000 2.5196300000
OS 2.7065390000 2.5199390000
OS 2.7063300000 2.5199800000
OS 2.7061650000 2.5200480000
OS 2.7060750000 2.5200750000
OS 2.7059670000 2.5200960000
OS 2.7056030000 2.5202470000
OS 2.7052810000 2.5204620000
OS 2.7052160000 2.5205260000
OS 2.7051180000 2.5206050000
OS 2.7049470000 2.5207190000
OS 2.7049100000 2.5207560000
OS 2.7048560000 2.5207920000
OS 2.1007210000 3.1249280000
OS 2.1006110000 3.1250010000
OS 2.1005910000 3.1250210000
OS 2.0953470000 3.1280510000
OS 2.0894100000 3.1296430000
OS 1.4264560000 3.1296440000
OS 1.4205140000 3.1280500000
OS 1.4152750000 3.1250270000
OS 1.4152490000 3.1250010000
OS 1.4151470000 3.1249330000
OS 1.0663720000 2.7761590000
OS 1.0663390000 2.7761100000
OS 1.0632870000 2.7708230000
OS 1.0616940000 2.7648880000
OS 1.0616930000 2.6173650000
OS 1.0616160000 2.6169780000
OS 1.0615800000 2.6168920000
OS 1.0615390000 2.6166840000
OS 1.0614740000 2.6165270000
OS 1.0611140000 2.6153000000
OS 1.0610740000 2.6150960000
OS 1.0610060000 2.6149310000
OS 1.0609850000 2.6148240000
OS 1.0608350000 2.6144610000
OS 1.0573790000 2.6092860000
OS 1.0573690000 2.6092670000
OS 1.0550220000 2.6035960000
OS 1.0538190000 2.5975580000
OS 1.0538190000 2.5914580000
OS 1.0538500000 2.5913020000
OS 1.0538500000 2.5912610000
OS 1.0550180000 2.5853920000
OS 1.0550270000 2.5853630000
OS 1.0573700000 2.5797050000
OS 1.0607830000 2.5745940000
OS 1.0650380000 2.5703380000
OS 1.0650710000 2.5703160000
OS 1.0651750000 2.5702120000
OS 1.0702440000 2.5668240000
OS 1.0759290000 2.5644700000
OS 1.0819560000 2.5632700000
OS 1.0819830000 2.5632670000
OS 1.0880810000 2.5632650000
OS 1.0881040000 2.5632670000
OS 1.0941360000 2.5644660000
OS 1.0941640000 2.5644750000
OS 1.0998200000 2.5668170000
OS 1.1049020000 2.5702100000
OS 1.1050080000 2.5703160000
OS 1.1050380000 2.5703360000
OS 1.1092920000 2.5745890000
OS 1.1127070000 2.5797010000
OS 1.1150530000 2.5853690000
OS 1.1162300000 2.5912650000
OS 1.1162300000 2.5913020000
OS 1.1162600000 2.5914540000
OS 1.1162610000 2.5975200000
OS 1.1162570000 2.5975710000
OS 1.1150640000 2.6035690000
OS 1.1150570000 2.6035960000
OS 1.1127110000 2.6092650000
OS 1.1092840000 2.6143970000
OS 1.1091360000 2.6147550000
OS 1.1091200000 2.6148370000
OS 1.1091150000 2.6148530000
OS 1.1090350000 2.6150450000
OS 1.1090020000 2.6152140000
OS 1.1086200000 2.6164330000
OS 1.1085410000 2.6166230000
OS 1.1085080000 2.6167900000
OS 1.1085020000 2.6168090000
OS 1.1084640000 2.6169010000
OS 1.1083880000 2.6172820000
OS 1.1083870000 2.7499410000
OS 1.1084630000 2.7503280000
OS 1.1084970000 2.7504090000
OS 1.1085400000 2.7506210000
OS 1.1086050000 2.7507780000
OS 1.1089210000 2.7518550000
OS 1.1089600000 2.7520540000
OS 1.1090240000 2.7522090000
OS 1.1090530000 2.7523070000
OS 1.1090740000 2.7524130000
OS 1.1092250000 2.7527780000
OS 1.1094400000 2.7531000000
OS 1.1095020000 2.7531620000
OS 1.1095810000 2.7532600000
OS 1.1096990000 2.7534370000
OS 1.1097330000 2.7534710000
OS 1.1097670000 2.7535220000
OS 1.4376490000 3.0814030000
OS 1.4379710000 3.0816180000
OS 1.4380530000 3.0816520000
OS 1.4382370000 3.0817740000
OS 1.4384030000 3.0818430000
OS 1.4393610000 3.0823660000
OS 1.4395380000 3.0824840000
OS 1.4397050000 3.0825530000
OS 1.4397870000 3.0825980000
OS 1.4398750000 3.0826570000
OS 1.4402390000 3.0828080000
OS 1.4406260000 3.0828850000
OS 1.4407170000 3.0828850000
OS 1.4408200000 3.0828960000
OS 1.4410390000 3.0829400000
OS 1.4410880000 3.0829400000
OS 1.4411480000 3.0829520000
OS 2.0744680000 3.0829520000
OS 2.0748550000 3.0828750000
OS 2.0749380000 3.0828410000
OS 2.0751520000 3.0827980000
OS 2.0753180000 3.0827290000
OS 2.0763690000 3.0824210000
OS 2.0765770000 3.0823800000
OS 2.0767370000 3.0823140000
OS 2.0768310000 3.0822860000
OS 2.0769370000 3.0822650000
OS 2.0773010000 3.0821140000
OS 2.0776250000 3.0818980000
OS 2.0776910000 3.0818320000
OS 2.0777740000 3.0817650000
OS 2.0779600000 3.0816410000
OS 2.0779940000 3.0816070000
OS 2.0780420000 3.0815750000
OS 2.6822310000 2.4773860000
OS 2.6846310000 2.4759990000
OS 2.6847430000 2.4759530000
OS 2.6849460000 2.4758170000
OS 2.6875590000 2.4743080000
OS 2.6934940000 2.4727160000
OS 3.4713440000 2.4727140000
OS 3.4717280000 2.4726380000
OS 3.4718130000 2.4726030000
OS 3.4720240000 2.4725610000
OS 3.4721850000 2.4724940000
OS 3.4729000000 2.4722850000
OS 3.4731140000 2.4722420000
OS 3.4732760000 2.4721750000
OS 3.4735570000 2.4720920000
OS 3.4736570000 2.4720720000
OS 3.4740240000 2.4719210000
OS 3.4743460000 2.4717060000
OS 3.4746210000 2.4714310000
OS 3.4746620000 2.4713710000
OS 3.4748750000 2.4711250000
OS 3.4750550000 2.4709450000
OS 3.4751350000 2.4708260000
OS 3.4752540000 2.4706880000
OS 3.4754310000 2.4705110000
OS 3.4755070000 2.4703970000
OS 3.4756890000 2.4701880000
OS 3.4757730000 2.4701040000
OS 3.4759940000 2.4697750000
OS 3.4761420000 2.4694170000
OS 3.4762200000 2.4690260000
OS 3.4762200000 2.4689660000
OS 3.4762700000 2.4686260000
OS 3.4763240000 2.4683550000
OS 3.4763240000 2.4682470000
OS 3.4763990000 2.4677340000
OS 3.4764510000 2.4674740000
OS 3.4764510000 2.4673720000
OS 3.4764640000 2.4672840000
OS 3.4764910000 2.4671470000
OS 3.4764910000 2.4667600000
OS 3.4764150000 2.4663790000
OS 3.4763900000 2.4663180000
OS 3.4763690000 2.4662420000
OS 3.4763690000 2.4661980000
OS 3.4762930000 2.4658170000
OS 3.4762750000 2.4657730000
OS 3.4750790000 2.4597620000
OS 3.4750790000 2.4536240000
OS 3.4762770000 2.4476000000
OS 3.4762870000 2.4475670000
OS 3.4786300000 2.4419090000
OS 3.4820530000 2.4367840000
OS 3.4822010000 2.4364260000
OS 3.4822210000 2.4363320000
OS 3.4823030000 2.4361330000
OS 3.4823380000 2.4359590000
OS 3.4827170000 2.4347490000
OS 3.4827970000 2.4345560000
OS 3.4828310000 2.4343850000
OS 3.4828740000 2.4342810000
OS 3.4829510000 2.4338940000
OS 3.4829530000 1.3661970000
OS 3.4828760000 1.3658100000
OS 3.4828410000 1.3657260000
OS 3.4827990000 1.3655160000
OS 3.4827500000 1.3654000000
OS 3.4827190000 1.3652420000
OS 3.4826510000 1.3650790000
OS 3.4824220000 1.3642950000
OS 3.4823810000 1.3640870000
OS 3.4823150000 1.3639280000
OS 3.4822870000 1.3638330000
OS 3.4822660000 1.3637260000
OS 3.4821150000 1.3633610000
OS 3.4819000000 1.3630390000
OS 3.4818360000 1.3629750000
OS 3.4817570000 1.3628770000
OS 3.4816420000 1.3627040000
OS 3.4816050000 1.3626670000
OS 3.4815730000 1.3626190000
OS 2.9469990000 0.8280450000
OS 2.9466730000 0.8278270000
OS 2.9465860000 0.8277910000
OS 2.9464120000 0.8276750000
OS 2.9462530000 0.8276090000
OS 2.9452770000 0.8270760000
OS 2.9451060000 0.8269620000
OS 2.9449480000 0.8268970000
OS 2.9448640000 0.8268500000
OS 2.9447720000 0.8267890000
OS 2.9444080000 0.8266380000
OS 2.9440210000 0.8265620000
OS 2.9439360000 0.8265620000
OS 2.9438260000 0.8265500000
OS 2.9436050000 0.8265060000
OS 2.9435530000 0.8265060000
OS 2.9434970000 0.8264950000
OS 2.8638190000 0.8264950000
OS 2.8634340000 0.8265710000
OS 2.8633500000 0.8266060000
OS 2.8631410000 0.8266480000
OS 2.8629850000 0.8267130000
OS 2.8617510000 0.8270740000
OS 2.8615530000 0.8271130000
OS 2.8613860000 0.8271810000
OS 2.8612820000 0.8272010000
OS 2.8609180000 0.8273520000
OS 2.8557310000 0.8308160000
OS 2.8500550000 0.8331650000
OS 2.8440150000 0.8343680000
OS 2.8379020000 0.8343690000
OS 2.8378720000 0.8343670000
OS 2.8318420000 0.8331680000
OS 2.8261670000 0.8308210000
OS 2.8210540000 0.8274060000
OS 2.8166910000 0.8230440000
OS 2.8132740000 0.8179260000
OS 2.8109620000 0.8123420000
OS 2.8109420000 0.8122420000
OS 2.8109080000 0.8121600000
OS 2.8097250000 0.8062200000
OS 2.8097260000 0.8000720000
OS 2.8109240000 0.7940530000
OS 2.8109340000 0.7940230000
OS 2.8132750000 0.7883670000
OS 2.8166880000 0.7832560000
OS 2.8210470000 0.7788960000
OS 2.8261280000 0.7755000000
OS 2.8261640000 0.7754780000
OS 2.8318340000 0.7731310000
OS 2.8378750000 0.7719280000
OS 2.8440070000 0.7719280000
OS 2.8500400000 0.7731270000
OS 2.8500690000 0.7731360000
OS 2.8557240000 0.7754780000
OS 2.8608520000 0.7789010000
OS 2.8612100000 0.7790490000
OS 2.8613000000 0.7790680000
OS 2.8615030000 0.7791510000
OS 2.8616730000 0.7791850000
OS 2.8628940000 0.7795680000
OS 2.8630830000 0.7796460000
OS 2.8632490000 0.7796790000
OS 2.8633580000 0.7797230000
OS 2.8637450000 0.7798000000
OS 2.9581790000 0.7798020000
OS 2.9641060000 0.7813860000
OS 2.9641260000 0.7813930000
OS 2.9694460000 0.7844640000
OS 3.5249660000 1.3399790000
OS 3.5249930000 1.3400190000
OS 3.5275740000 1.3444860000
OS 3.5276220000 1.3446030000
OS 3.5277640000 1.3448150000
OS 3.5280510000 1.3453150000
OS 3.5296440000 1.3512510000
OS 3.5296460000 2.4338160000
OS 3.5297220000 2.4342010000
OS 3.5297580000 2.4342880000
OS 3.5297990000 2.4344950000
OS 3.5298640000 2.4346530000
OS 3.5302240000 2.4358800000
OS 3.5302640000 2.4360820000
OS 3.5303330000 2.4362520000
OS 3.5303530000 2.4363540000
OS 3.5305030000 2.4367170000
OS 3.5339670000 2.4419040000
OS 3.5363160000 2.4475810000
OS 3.5375180000 2.4536140000
OS 3.5375190000 2.4597590000
OS 3.5363080000 2.4658570000
OS 3.5363080000 2.4662440000
OS 3.5363250000 2.4663270000
OS 3.5362400000 2.4671130000
OS 3.5361990000 2.4673190000
OS 3.5361990000 2.4674900000
OS 3.5361680000 2.4677770000
OS 3.5361470000 2.4678840000
OS 3.5361460000 2.4682800000
OS 3.5362220000 2.4686610000
OS 3.5363740000 2.4690280000
OS 3.5364130000 2.4690870000
OS 3.5365610000 2.4693820000
OS 3.5366540000 2.4696070000
OS 3.5367310000 2.4697230000
OS 3.5368190000 2.4698980000
OS 3.5369140000 2.4701270000
OS 3.5369920000 2.4702440000
OS 3.5371040000 2.4704690000
OS 3.5371580000 2.4705980000
OS 3.5373780000 2.4709280000
OS 3.5376530000 2.4712030000
OS 3.5379750000 2.4714180000
OS 3.5380290000 2.4714420000
OS 3.5383380000 2.4716260000
OS 3.5385640000 2.4717770000
OS 3.5386530000 2.4718140000
OS 3.5391210000 2.4720930000
OS 3.5393290000 2.4722320000
OS 3.5394090000 2.4722650000
OS 3.5395010000 2.4723200000
OS 3.5396130000 2.4723940000
OS 3.5399710000 2.4725420000
OS 3.5403520000 2.4726180000
OS 3.5404280000 2.4726190000
OS 3.5405790000 2.4726380000
OS 3.5408300000 2.4726880000
OS 3.5409060000 2.4726880000
OS 3.5410420000 2.4727150000
OS 4.5180550000 2.4727150000
OS 4.5184420000 2.4726380000
OS 4.5185250000 2.4726040000
OS 4.5187380000 2.4725610000
OS 4.5189040000 2.4724920000
OS 4.5199490000 2.4721850000
OS 4.5201620000 2.4721430000
OS 4.5203270000 2.4720750000
OS 4.5204140000 2.4720490000
OS 4.5205250000 2.4720270000
OS 4.5208890000 2.4718760000
OS 4.5212110000 2.4716610000
OS 4.5212760000 2.4715970000
OS 4.5213740000 2.4715180000
OS 4.5215450000 2.4714040000
OS 4.5215820000 2.4713670000
OS 4.5216360000 2.4713310000
OS 4.6159650000 2.3770010000
OS 4.6160050000 2.3769740000
OS 4.6213010000 2.3739160000
OS 4.6224720000 2.3736020000
OS 4.6227070000 2.3735550000
OS 4.6228180000 2.3735090000
OS 4.6272380000 2.3723230000
OS 4.9014360000 2.3723220000
OS 4.9018230000 2.3722450000
OS 4.9019060000 2.3722110000
OS 4.9021170000 2.3721680000
OS 4.9022740000 2.3721030000
OS 4.9032470000 2.3718180000
OS 4.9034520000 2.3717770000
OS 4.9036090000 2.3717120000
OS 4.9037550000 2.3716690000
OS 4.9038610000 2.3716480000
OS 4.9042260000 2.3714970000
OS 4.9045480000 2.3712820000
OS 4.9046470000 2.3711830000
OS 4.9047350000 2.3711060000
OS 4.9048350000 2.3710380000
OS 4.9050290000 2.3708440000
OS 4.9051320000 2.3707530000
OS 4.9052670000 2.3706620000
OS 4.9108940000 2.3650400000
OS 4.9172980000 2.3607610000
OS 4.9243830000 2.3578270000
OS 4.9244070000 2.3578190000
OS 4.9307160000 2.3565620000
OS 4.9308970000 2.3564870000
OS 4.9333630000 2.3557390000
OS 4.9373090000 2.3549540000
OS 4.9413080000 2.3545610000
OS 4.9452980000 2.3545610000
OS 4.9493160000 2.3549560000
OS 4.9532350000 2.3557350000
OS 4.9543920000 2.3560850000
OS 4.9545730000 2.3561600000
OS 4.9547660000 2.3561980000
OS 4.9548590000 2.3562370000
OS 4.9552460000 2.3563140000
OS 4.9790190000 2.3563140000
OS 4.9865740000 2.3578150000
OS 4.9866020000 2.3578240000
OS 4.9936910000 2.3607600000
OS 5.0000930000 2.3650350000
OS 5.0055500000 2.3704910000
OS 5.0098280000 2.3768950000
OS 5.0127700000 2.3840010000
OS 5.0142750000 2.3915600000
OS 5.0142760000 2.3992350000
OS 5.0142740000 2.3992560000
OS 5.0127790000 2.4067800000
OS 5.0127650000 2.4068300000
OS 5.0120900000 2.4084590000
OS 5.0120150000 2.4088380000
OS 5.0120140000 2.4089310000
OS 5.0119730000 2.4091450000
OS 5.0119730000 2.4093130000
OS 5.0118930000 2.4100570000
OS 5.0118500000 2.4102760000
OS 5.0118500000 2.4104500000
OS 5.0118190000 2.4107360000
OS 5.0117980000 2.4108430000
OS 5.0117970000 2.4112390000
OS 5.0118730000 2.4116200000
OS 5.0120250000 2.4119870000
OS 5.0120650000 2.4120470000
OS 5.0122090000 2.4123330000
OS 5.0123050000 2.4125640000
OS 5.0123820000 2.4126790000
OS 5.0124730000 2.4128600000
OS 5.0125640000 2.4130810000
OS 5.0126390000 2.4131940000
OS 5.0127670000 2.4134500000
OS 5.0128140000 2.4135620000
OS 5.0130290000 2.4138840000
OS 5.0133040000 2.4141590000
OS 5.0136360000 2.4143800000
OS 5.0136850000 2.4144000000
OS 5.0139840000 2.4145770000
OS 5.0142140000 2.4147310000
OS 5.0143110000 2.4147710000
OS 5.0147520000 2.4150330000
OS 5.0149800000 2.4151850000
OS 5.0150730000 2.4152240000
OS 5.0151490000 2.4152690000
OS 5.0152630000 2.4153450000
OS 5.0156270000 2.4154960000
OS 5.0160140000 2.4155730000
OS 5.0160850000 2.4155730000
OS 5.0162360000 2.4155920000
OS 5.0164810000 2.4156410000
OS 5.0165550000 2.4156410000
OS 5.0166910000 2.4156680000
OS 5.6704660000 2.4156680000
OS 5.6708530000 2.4155910000
OS 5.6709350000 2.4155570000
OS 5.6711490000 2.4155140000
OS 5.6713130000 2.4154460000
OS 5.6720220000 2.4152380000
OS 5.6722360000 2.4151950000
OS 5.6724060000 2.4151240000
OS 5.6726650000 2.4150480000
OS 5.6727770000 2.4150260000
OS 5.6731450000 2.4148740000
OS 5.6734670000 2.4146590000
OS 5.6737420000 2.4143840000
OS 5.6737830000 2.4143240000
OS 5.6739880000 2.4140870000
OS 5.6741770000 2.4138980000
OS 5.6742570000 2.4137790000
OS 5.6743690000 2.4136490000
OS 5.6745520000 2.4134660000
OS 5.6746360000 2.4133400000
OS 5.6748090000 2.4131410000
OS 5.6749000000 2.4130500000
OS 5.6751150000 2.4127280000
OS 5.6752630000 2.4123700000
OS 5.6753410000 2.4119770000
OS 5.6753410000 2.4119220000
OS 5.6753900000 2.4115840000
OS 5.6754450000 2.4113100000
OS 5.6754450000 2.4112000000
OS 5.6755160000 2.4107110000
OS 5.6755730000 2.4104270000
OS 5.6755730000 2.4103200000
OS 5.6755840000 2.4102470000
OS 5.6756120000 2.4101040000
OS 5.6756120000 2.4097110000
OS 5.6755350000 2.4093240000
OS 5.6755070000 2.4092560000
OS 5.6754690000 2.4091180000
OS 5.6754190000 2.4088670000
OS 5.6753880000 2.4087930000
OS 5.6753610000 2.4086560000
OS 5.6746000000 2.4068150000
OS 5.6730950000 2.3992560000
OS 5.6730960000 2.3915570000
OS 5.6745960000 2.3840150000
OS 5.6746050000 2.3839870000
OS 5.6775420000 2.3768960000
OS 5.6818200000 2.3704910000
OS 5.6872740000 2.3650380000
OS 5.6936720000 2.3607630000
OS 5.7007610000 2.3578270000
OS 5.7007850000 2.3578190000
OS 5.7083430000 2.3563140000
OS 5.7147320000 2.3563140000
OS 5.7151190000 2.3562370000
OS 5.7152030000 2.3562020000
OS 5.7154150000 2.3561600000
OS 5.7155800000 2.3560920000
OS 5.7162880000 2.3558840000
OS 5.7165020000 2.3558410000
OS 5.7166720000 2.3557700000
OS 5.7169310000 2.3556940000
OS 5.7170430000 2.3556720000
OS 5.7174110000 2.3555200000
OS 5.7177330000 2.3553050000
OS 5.7180080000 2.3550300000
OS 5.7180490000 2.3549690000
OS 5.7182530000 2.3547340000
OS 5.7184430000 2.3545440000
OS 5.7185240000 2.3544230000
OS 5.7187320000 2.3541830000
OS 5.7189120000 2.3540030000
OS 5.7189960000 2.3538770000
OS 5.7191160000 2.3537390000
OS 5.7192090000 2.3536460000
OS 5.7194240000 2.3533240000
OS 5.7195720000 2.3529660000
OS 5.7196380000 2.3526520000
OS 5.7196510000 2.3526200000
OS 5.7197260000 2.3522460000
OS 5.7197930000 2.3519390000
OS 5.7198070000 2.3519050000
OS 5.7198770000 2.3515540000
OS 5.7198840000 2.3515370000
OS 5.7199610000 2.3511500000
OS 5.7199610000 1.7587150000
OS 5.7198840000 1.7583280000
OS 5.7198500000 1.7582460000
OS 5.7198070000 1.7580310000
OS 5.7197380000 1.7578640000
OS 5.7194300000 1.7568140000
OS 5.7193890000 1.7566060000
OS 5.7193230000 1.7564460000
OS 5.7192950000 1.7563520000
OS 5.7192740000 1.7562460000
OS 5.7191230000 1.7558820000
OS 5.7189070000 1.7555580000
OS 5.7188410000 1.7554920000
OS 5.7187740000 1.7554080000
OS 5.7186500000 1.7552230000
OS 5.7186150000 1.7551880000
OS 5.7185840000 1.7551410000
OS 5.4607770000 1.4973360000
OS 5.4604550000 1.4971210000
OS 5.4603690000 1.4970850000
OS 5.4601890000 1.4969650000
OS 5.4600270000 1.4968980000
OS 5.4590670000 1.4963730000
OS 5.4588890000 1.4962540000
OS 5.4587270000 1.4961870000
OS 5.4586360000 1.4961370000
OS 5.4585510000 1.4960800000
OS 5.4581870000 1.4959290000
OS 5.4578080000 1.4958540000
OS 5.4577120000 1.4958530000
OS 5.4576070000 1.4958420000
OS 5.4573880000 1.4957980000
OS 5.4573290000 1.4957980000
OS 5.4572730000 1.4957870000
OS 4.6137270000 1.4957860000
OS 4.6133400000 1.4958630000
OS 4.6132550000 1.4958980000
OS 4.6130440000 1.4959400000
OS 4.6128800000 1.4960080000
OS 4.6121710000 1.4962160000
OS 4.6119560000 1.4962590000
OS 4.6117860000 1.4963290000
OS 4.6115190000 1.4964080000
OS 4.6114140000 1.4964280000
OS 4.6110470000 1.4965800000
OS 4.6107250000 1.4967950000
OS 4.6104500000 1.4970700000
OS 4.6104080000 1.4971310000
OS 4.6101990000 1.4973720000
OS 4.6100150000 1.4975560000
OS 4.6099330000 1.4976780000
OS 4.6098270000 1.4978010000
OS 4.6096400000 1.4979880000
OS 4.6095590000 1.4981100000
OS 4.6093830000 1.4983130000
OS 4.6092920000 1.4984040000
OS 4.6090770000 1.4987260000
OS 4.6089290000 1.4990840000
OS 4.6088530000 1.4994650000
OS 4.6088530000 1.4995200000
OS 4.6088030000 1.4998690000
OS 4.6087480000 1.5001440000
OS 4.6087480000 1.5001870000
OS 4.6087230000 1.5003150000
OS 4.6087230000 1.5004200000
OS 4.6087020000 1.5005650000
OS 4.6086480000 1.5008380000
OS 4.6086480000 1.5009390000
OS 4.6086200000 1.5011330000
OS 4.6085930000 1.5012690000
OS 4.6085930000 1.5016560000
OS 4.6086710000 1.5020450000
OS 4.6087340000 1.5021960000
OS 4.6087900000 1.5023420000
OS 4.6088010000 1.5023980000
OS 4.6089340000 1.5027200000
OS 4.6090660000 1.5030640000
OS 4.6090780000 1.5031230000
OS 4.6092100000 1.5034400000
OS 4.6092140000 1.5034640000
OS 4.6093660000 1.5038300000
OS 4.6127070000 1.5088350000
OS 4.6150540000 1.5145060000
OS 4.6162600000 1.5205490000
OS 4.6162610000 1.5266550000
OS 4.6162570000 1.5267050000
OS 4.6150570000 1.5327300000
OS 4.6127610000 1.5382760000
OS 4.6127360000 1.5383140000
OS 4.6126830000 1.5384410000
OS 4.6092960000 1.5435130000
OS 4.6049670000 1.5478450000
OS 4.6049430000 1.5478670000
OS 4.6048980000 1.5478990000
OS 4.5998480000 1.5512740000
OS 4.5998200000 1.5512910000
OS 4.5941510000 1.5536380000
OS 4.5881090000 1.5548410000
OS 4.5819980000 1.5548420000
OS 4.5819680000 1.5548400000
OS 4.5759450000 1.5536430000
OS 4.5759190000 1.5536350000
OS 4.5702560000 1.5512900000
OS 4.5651450000 1.5478750000
OS 4.5608140000 1.5435470000
OS 4.5607860000 1.5435170000
OS 4.5573960000 1.5384450000
OS 4.5573420000 1.5383140000
OS 4.5573170000 1.5382760000
OS 4.5550220000 1.5327300000
OS 4.5538190000 1.5266920000
OS 4.5538190000 1.5207000000
OS 4.5537420000 1.5203130000
OS 4.5537070000 1.5202290000
OS 4.5536650000 1.5200170000
OS 4.5535970000 1.5198520000
OS 4.5533890000 1.5191440000
OS 4.5533460000 1.5189300000
OS 4.5532770000 1.5187640000
OS 4.5531980000 1.5184940000
OS 4.5531770000 1.5183870000
OS 4.5530260000 1.5180230000
OS 4.5528100000 1.5176980000
OS 4.5525350000 1.5174230000
OS 4.5524670000 1.5173760000
OS 4.5522330000 1.5171730000
OS 4.5520490000 1.5169890000
OS 4.5519320000 1.5169110000
OS 4.5516890000 1.5167000000
OS 4.5515090000 1.5165200000
OS 4.5513860000 1.5164380000
OS 4.5512420000 1.5163130000
OS 4.5511530000 1.5162240000
OS 4.5508310000 1.5160090000
OS 4.5504730000 1.5158610000
OS 4.5501670000 1.5157980000
OS 4.5501260000 1.5157810000
OS 4.5497550000 1.5157080000
OS 4.5494430000 1.5156390000
OS 4.5494090000 1.5156250000
OS 4.5490600000 1.5155550000
OS 4.5490420000 1.5155480000
OS 4.5486580000 1.5154720000
OS 4.4874880000 1.5154710000
OS 4.4815430000 1.5138800000
OS 4.4802000000 1.5131050000
OS 4.4799890000 1.5129640000
OS 4.4798720000 1.5129160000
OS 4.4762230000 1.5108090000
OS 4.4482610000 1.4828500000
OS 4.4482280000 1.4828010000
OS 4.4451760000 1.4775140000
OS 4.4447880000 1.4760670000
OS 4.4447430000 1.4758420000
OS 4.4446990000 1.4757360000
OS 4.4435840000 1.4715800000
OS 4.4435830000 1.3417740000
OS 4.4435060000 1.3413870000
OS 4.4434730000 1.3413070000
OS 4.4434680000 1.3412900000
OS 4.4434290000 1.3410930000
OS 4.4433650000 1.3409390000
OS 4.4430040000 1.3397070000
OS 4.4429640000 1.3395060000
OS 4.4428960000 1.3393390000
OS 4.4428750000 1.3392320000
OS 4.4427240000 1.3388680000
OS 4.4392710000 1.3336970000
OS 4.4392580000 1.3336740000
OS 4.4369120000 1.3280070000
OS 4.4357100000 1.3219740000
OS 4.4357090000 1.3158280000
OS 4.4369060000 1.3098120000
OS 4.4369170000 1.3097710000
OS 4.4392600000 1.3041140000
OS 4.4426830000 1.2989880000
OS 4.4428310000 1.2986300000
OS 4.4428470000 1.2985480000
OS 4.4429330000 1.2983380000
OS 4.4429680000 1.2981620000
OS 4.4433470000 1.2969520000
OS 4.4434270000 1.2967600000
OS 4.4434650000 1.2965760000
OS 4.4435040000 1.2964820000
OS 4.4435800000 1.2961010000
OS 4.4435830000 1.0363070000
OS 4.4436980000 1.0358760000
OS 4.4437400000 1.0357750000
OS 4.4437840000 1.0355560000
OS 4.4451680000 1.0303750000
OS 4.4460810000 1.0287920000
OS 4.4462070000 1.0286030000
OS 4.4462510000 1.0284980000
OS 4.4482430000 1.0250430000
OS 4.5601430000 0.9131380000
OS 4.5603580000 0.9128160000
OS 4.5603950000 0.9127280000
OS 4.5605140000 0.9125500000
OS 4.5605820000 0.9123860000
OS 4.5611050000 0.9114300000
OS 4.5612250000 0.9112500000
OS 4.5612930000 0.9110860000
OS 4.5613410000 0.9109990000
OS 4.5613990000 0.9109120000
OS 4.5615490000 0.9105500000
OS 4.5616270000 0.9101610000
OS 4.5616270000 0.9100610000
OS 4.5616370000 0.9099710000
OS 4.5616810000 0.9097490000
OS 4.5616810000 0.9096940000
OS 4.5616930000 0.9096340000
OS 4.5616930000 0.6291740000
OS 4.5616160000 0.6287870000
OS 4.5615810000 0.6287030000
OS 4.5615390000 0.6284940000
OS 4.5614740000 0.6283370000
OS 4.5611130000 0.6271040000
OS 4.5610740000 0.6269070000
OS 4.5610070000 0.6267400000
OS 4.5609860000 0.6266350000
OS 4.5608350000 0.6262710000
OS 4.5573690000 0.6210780000
OS 4.5550220000 0.6154070000
OS 4.5538190000 0.6093700000
OS 4.5538190000 0.6032300000
OS 4.5550190000 0.5971980000
OS 4.5554020000 0.5962660000
OS 4.5557880000 0.5943340000
OS 4.5557890000 0.4656210000
OS 4.5569120000 0.4599780000
OS 4.5569200000 0.4599530000
OS 4.5591140000 0.4546530000
OS 4.5623140000 0.4498630000
OS 4.5939570000 0.4182190000
OS 4.5987480000 0.4150190000
OS 4.6040630000 0.4128190000
OS 4.6097170000 0.4116930000
OS 4.6439400000 0.4116920000
OS 4.6458670000 0.4113090000
OS 4.6467990000 0.4109250000
OS 4.6528360000 0.4097230000
OS 4.6589680000 0.4097230000
OS 4.6649860000 0.4109180000
OS 4.6650300000 0.4109310000
OS 4.6706850000 0.4132730000
OS 4.6757980000 0.4166870000
OS 4.6800460000 0.4209340000
OS 4.6800620000 0.4209580000
OS 4.6801740000 0.4210700000
OS 4.6835440000 0.4261120000
OS 4.6835740000 0.4261600000
OS 4.6859230000 0.4318330000
OS 4.6871250000 0.4378660000
OS 4.6871270000 0.4439860000
OS 4.6871250000 0.4440160000
OS 4.6859330000 0.4500160000
OS 4.6859180000 0.4500670000
OS 4.6835760000 0.4557240000
OS 4.6801620000 0.4608360000
OS 4.6758010000 0.4651980000
OS 4.6707010000 0.4686070000
OS 4.6650140000 0.4709610000
OS 4.6589800000 0.4721630000
OS 4.6528630000 0.4721650000
OS 4.6528330000 0.4721630000
OS 4.6467960000 0.4709620000
OS 4.6458710000 0.4705800000
OS 4.6439420000 0.4701950000
OS 4.6269110000 0.4701950000
OS 4.6265240000 0.4702720000
OS 4.6264410000 0.4703070000
OS 4.6262280000 0.4703490000
OS 4.6260630000 0.4704170000
OS 4.6250100000 0.4707270000
OS 4.6248040000 0.4707670000
OS 4.6246390000 0.4708350000
OS 4.6245440000 0.4708630000
OS 4.6244410000 0.4708830000
OS 4.6240770000 0.4710340000
OS 4.6237550000 0.4712490000
OS 4.6236900000 0.4713130000
OS 4.6235920000 0.4713920000
OS 4.6234210000 0.4715060000
OS 4.6233850000 0.4715420000
OS 4.6233300000 0.4715790000
OS 4.6158400000 0.4790700000
OS 4.6156240000 0.4793940000
OS 4.6155890000 0.4794770000
OS 4.6154690000 0.4796580000
OS 4.6154590000 0.4796830000
OS 4.6154380000 0.4797140000
OS 4.6153690000 0.4798810000
OS 4.6148770000 0.4807820000
OS 4.6147590000 0.4809590000
OS 4.6146910000 0.4811240000
OS 4.6146460000 0.4812060000
OS 4.6145860000 0.4812960000
OS 4.6144350000 0.4816600000
OS 4.6143600000 0.4820390000
OS 4.6143590000 0.4821330000
OS 4.6143470000 0.4822430000
OS 4.6143040000 0.4824600000
OS 4.6143040000 0.4825080000
OS 4.6142920000 0.4825690000
OS 4.6142920000 0.5943380000
OS 4.6146750000 0.5962610000
OS 4.6150520000 0.5971770000
OS 4.6162600000 0.6032270000
OS 4.6162610000 0.6093310000
OS 4.6162570000 0.6093820000
OS 4.6150660000 0.6153700000
OS 4.6150570000 0.6154070000
OS 4.6127110000 0.6210760000
OS 4.6092840000 0.6262080000
OS 4.6091360000 0.6265660000
OS 4.6091210000 0.6266430000
OS 4.6091150000 0.6266640000
OS 4.6090350000 0.6268560000
OS 4.6090020000 0.6270250000
OS 4.6086200000 0.6282440000
OS 4.6085410000 0.6284340000
OS 4.6085080000 0.6286010000
OS 4.6085020000 0.6286200000
OS 4.6084640000 0.6287120000
OS 4.6083880000 0.6290930000
OS 4.6083860000 0.9243190000
OS 4.6067960000 0.9302610000
OS 4.6037240000 0.9355860000
OS 4.4918280000 1.0474860000
OS 4.4916090000 1.0478130000
OS 4.4915760000 1.0478930000
OS 4.4914560000 1.0480750000
OS 4.4913900000 1.0482340000
OS 4.4913320000 1.0483400000
OS 4.4912160000 1.0485140000
OS 4.4911490000 1.0486760000
OS 4.4908600000 1.0492050000
OS 4.4907430000 1.0493800000
OS 4.4906760000 1.0495420000
OS 4.4906310000 1.0496230000
OS 4.4905700000 1.0497150000
OS 4.4904190000 1.0500790000
OS 4.4903430000 1.0504660000
OS 4.4903430000 1.0505530000
OS 4.4903310000 1.0506650000
OS 4.4902880000 1.0508810000
OS 4.4902880000 1.0509280000
OS 4.4902760000 1.0509890000
OS 4.4902760000 1.2367000000
OS 4.4903520000 1.2370840000
OS 4.4903870000 1.2371690000
OS 4.4904290000 1.2373800000
OS 4.4904980000 1.2375470000
OS 4.4907070000 1.2382570000
OS 4.4907480000 1.2384660000
OS 4.4908170000 1.2386310000
OS 4.4908940000 1.2388950000
OS 4.4909170000 1.2390100000
OS 4.4910680000 1.2393740000
OS 4.4912840000 1.2396980000
OS 4.4915660000 1.2399800000
OS 4.4916210000 1.2400170000
OS 4.4918750000 1.2402370000
OS 4.4920450000 1.2404070000
OS 4.4921560000 1.2404810000
OS 4.4923050000 1.2406100000
OS 4.4924790000 1.2407840000
OS 4.4925950000 1.2408620000
OS 4.4927970000 1.2410370000
OS 4.4928860000 1.2411260000
OS 4.4932150000 1.2413470000
OS 4.4935730000 1.2414950000
OS 4.4939640000 1.2415730000
OS 4.4940210000 1.2415730000
OS 4.4943580000 1.2416220000
OS 4.4946350000 1.2416770000
OS 4.4947390000 1.2416770000
OS 4.4952480000 1.2417510000
OS 4.4955150000 1.2418040000
OS 4.4956150000 1.2418040000
OS 4.4957050000 1.2418170000
OS 4.4958420000 1.2418440000
OS 4.4962290000 1.2418440000
OS 4.4966100000 1.2417680000
OS 4.4966770000 1.2417410000
OS 4.4967440000 1.2417220000
OS 4.4967910000 1.2417220000
OS 4.4971720000 1.2416460000
OS 4.4972170000 1.2416280000
OS 4.5032280000 1.2404320000
OS 4.5093720000 1.2404330000
OS 4.5153840000 1.2416280000
OS 4.5154220000 1.2416400000
OS 4.5210810000 1.2439830000
OS 4.5262020000 1.2474040000
OS 4.5305500000 1.2517520000
OS 4.5339570000 1.2568470000
OS 4.5339650000 1.2568620000
OS 4.5363150000 1.2625390000
OS 4.5375180000 1.2685750000
OS 4.5375200000 1.2747000000
OS 4.5375180000 1.2747260000
OS 4.5363170000 1.2807610000
OS 4.5339710000 1.2864300000
OS 4.5305450000 1.2915600000
OS 4.5303950000 1.2919230000
OS 4.5303780000 1.2920100000
OS 4.5302950000 1.2922110000
OS 4.5302610000 1.2923830000
OS 4.5298800000 1.2935970000
OS 4.5298010000 1.2937880000
OS 4.5297680000 1.2939550000
OS 4.5297240000 1.2940630000
OS 4.5296480000 1.2944480000
OS 4.5296460000 1.4172660000
OS 4.5297220000 1.4176500000
OS 4.5297560000 1.4177320000
OS 4.5297990000 1.4179440000
OS 4.5298640000 1.4181010000
OS 4.5301800000 1.4191810000
OS 4.5302190000 1.4193760000
OS 4.5302820000 1.4195280000
OS 4.5303130000 1.4196330000
OS 4.5303330000 1.4197360000
OS 4.5304840000 1.4201000000
OS 4.5307030000 1.4204270000
OS 4.5307630000 1.4204870000
OS 4.5308420000 1.4205850000
OS 4.5309580000 1.4207590000
OS 4.5309920000 1.4207930000
OS 4.5310260000 1.4208440000
OS 4.5577270000 1.4475430000
OS 4.5580490000 1.4477580000
OS 4.5581420000 1.4477980000
OS 4.5583150000 1.4479140000
OS 4.5584730000 1.4479800000
OS 4.5594380000 1.4485070000
OS 4.5596150000 1.4486250000
OS 4.5597770000 1.4486920000
OS 4.5598680000 1.4487420000
OS 4.5599530000 1.4487990000
OS 4.5603170000 1.4489500000
OS 4.5606960000 1.4490250000
OS 4.5607890000 1.4490260000
OS 4.5609030000 1.4490390000
OS 4.5611160000 1.4490810000
OS 4.5611710000 1.4490810000
OS 4.5612310000 1.4490930000
OS 5.4719610000 1.4490930000
OS 5.4724010000 1.4492090000
OS 5.4725120000 1.4492550000
OS 5.4727490000 1.4493020000
OS 5.4779050000 1.4506840000
OS 5.4832250000 1.4537550000
OS 5.7619740000 1.7324990000
OS 5.7620010000 1.7325390000
OS 5.7650590000 1.7378350000
OS 5.7652760000 1.7386410000
OS 5.7653220000 1.7388750000
OS 5.7653690000 1.7389870000
OS 5.7666520000 1.7437710000
OS 5.7666540000 2.0147310000
OS 5.7667300000 2.0151150000
OS 5.7667650000 2.0151980000
OS 5.7668070000 2.0154110000
OS 5.7668750000 2.0155750000
OS 5.7670830000 2.0162850000
OS 5.7671260000 2.0165000000
OS 5.7671910000 2.0166560000
OS 5.7672740000 2.0169360000
OS 5.7672950000 2.0170430000
OS 5.7674470000 2.0174110000
OS 5.7676620000 2.0177330000
OS 5.7679370000 2.0180080000
OS 5.7679980000 2.0180490000
OS 5.7682480000 2.0182660000
OS 5.7684230000 2.0184410000
OS 5.7685390000 2.0185190000
OS 5.7687830000 2.0187300000
OS 5.7689630000 2.0189100000
OS 5.7690830000 2.0189900000
OS 5.7692340000 2.0191210000
OS 5.7693190000 2.0192060000
OS 5.7696410000 2.0194210000
OS 5.7699990000 2.0195690000
OS 5.7703080000 2.0196330000
OS 5.7703460000 2.0196490000
OS 5.7707010000 2.0197200000
OS 5.7710300000 2.0197910000
OS 5.7710630000 2.0198050000
OS 5.7714090000 2.0198740000
OS 5.7714300000 2.0198820000
OS 5.7718170000 2.0199590000
OS 6.1832780000 2.0199590000
OS 6.1836650000 2.0198820000
OS 6.1837470000 2.0198480000
OS 6.1839610000 2.0198050000
OS 6.1841260000 2.0197360000
OS 6.1848360000 2.0195280000
OS 6.1850470000 2.0194860000
OS 6.1852110000 2.0194180000
OS 6.1854790000 2.0193390000
OS 6.1855910000 2.0193170000
OS 6.1859550000 2.0191660000
OS 6.1862790000 2.0189500000
OS 6.1865610000 2.0186680000
OS 6.1865980000 2.0186130000
OS 6.1868180000 2.0183590000
OS 6.1869880000 2.0181890000
OS 6.1870640000 2.0180750000
OS 6.1871900000 2.0179300000
OS 6.1873640000 2.0177560000
OS 6.1874420000 2.0176390000
OS 6.1876180000 2.0174370000
OS 6.1877060000 2.0173490000
OS 6.1879270000 2.0170200000
OS 6.1880750000 2.0166620000
OS 6.1881530000 2.0162710000
OS 6.1881530000 2.0162130000
OS 6.1882020000 2.0158780000
OS 6.1882570000 2.0156000000
OS 6.1882570000 2.0154910000
OS 6.1882850000 2.0153010000
OS 6.1883390000 2.0150300000
OS 6.1883390000 2.0149260000
OS 6.1883750000 2.0146810000
OS 6.1884030000 2.0145390000
OS 6.1884030000 2.0141430000
OS 6.1883270000 2.0137620000
OS 6.1881790000 2.0134040000
OS 6.1881560000 2.0133670000
OS 6.1880010000 2.0130260000
OS 6.1878830000 2.0127420000
OS 6.1878460000 2.0126870000
OS 6.1878100000 2.0126080000
OS 6.1876880000 2.0123140000
OS 6.1876490000 2.0122560000
OS 6.1875210000 2.0119480000
OS 6.1874850000 2.0118940000
OS 6.1874480000 2.0118130000
OS 6.1873920000 2.0116780000
OS 6.1871750000 2.0113510000
OS 6.1869000000 2.0110760000
OS 6.1868490000 2.0110420000
OS 6.1867110000 2.0109200000
OS 6.1865260000 2.0107350000
OS 6.1864560000 2.0106880000
OS 6.1863260000 2.0105580000
OS 6.1832560000 2.0085060000
OS 6.1788960000 2.0041470000
OS 6.1754900000 1.9990510000
OS 6.1754820000 1.9990360000
OS 6.1731310000 1.9933570000
OS 6.1719290000 1.9873220000
OS 6.1719300000 1.9811750000
OS 6.1731280000 1.9751560000
OS 6.1731380000 1.9751260000
OS 6.1754800000 1.9694680000
OS 6.1789030000 1.9643430000
OS 6.1790540000 1.9639790000
OS 6.1790710000 1.9638910000
OS 6.1791540000 1.9636920000
OS 6.1791890000 1.9635160000
OS 6.1795670000 1.9623100000
OS 6.1796480000 1.9621150000
OS 6.1796820000 1.9619440000
OS 6.1797250000 1.9618400000
OS 6.1798020000 1.9614530000
OS 6.1798030000 1.0600730000
OS 6.1797260000 1.0596860000
OS 6.1796920000 1.0596040000
OS 6.1796490000 1.0593880000
OS 6.1795800000 1.0592210000
OS 6.1793720000 1.0585130000
OS 6.1793300000 1.0583000000
OS 6.1792620000 1.0581350000
OS 6.1791820000 1.0578630000
OS 6.1791610000 1.0577570000
OS 6.1790090000 1.0573890000
OS 6.1787940000 1.0570670000
OS 6.1785190000 1.0567920000
OS 6.1784580000 1.0567510000
OS 6.1782080000 1.0565340000
OS 6.1780330000 1.0563590000
OS 6.1779170000 1.0562810000
OS 6.1776730000 1.0560700000
OS 6.1774930000 1.0558900000
OS 6.1773730000 1.0558100000
OS 6.1772220000 1.0556790000
OS 6.1771370000 1.0555940000
OS 6.1768150000 1.0553790000
OS 6.1764570000 1.0552310000
OS 6.1761480000 1.0551670000
OS 6.1761100000 1.0551510000
OS 6.1757780000 1.0550850000
OS 6.1754240000 1.0550080000
OS 6.1753930000 1.0549950000
OS 6.1750640000 1.0549300000
OS 6.1750260000 1.0549180000
OS 6.1746420000 1.0548420000
OS 4.9551700000 1.0548420000
OS 4.9547860000 1.0549180000
OS 4.9547030000 1.0549530000
OS 4.9544900000 1.0549950000
OS 4.9543250000 1.0550630000
OS 4.9532750000 1.0553720000
OS 4.9530660000 1.0554130000
OS 4.9529010000 1.0554810000
OS 4.9528110000 1.0555080000
OS 4.9527030000 1.0555290000
OS 4.9523390000 1.0556800000
OS 4.9520170000 1.0558950000
OS 4.9519520000 1.0559590000
OS 4.9518540000 1.0560380000
OS 4.9516830000 1.0561520000
OS 4.9516460000 1.0561890000
OS 4.9515920000 1.0562250000
OS 4.6781290000 1.3296890000
OS 4.6780870000 1.3297170000
OS 4.6754870000 1.3312180000
OS 4.6753770000 1.3312640000
OS 4.6751770000 1.3313980000
OS 4.6727950000 1.3327730000
OS 4.6668540000 1.3343670000
OS 4.6079150000 1.3343690000
OS 4.6075300000 1.3344450000
OS 4.6074470000 1.3344790000
OS 4.6072360000 1.3345220000
OS 4.6070790000 1.3345870000
OS 4.6058520000 1.3349470000
OS 4.6056490000 1.3349870000
OS 4.6054920000 1.3350520000
OS 4.6053770000 1.3350760000
OS 4.6050140000 1.3352260000
OS 4.5998450000 1.3386780000
OS 4.5998220000 1.3386910000
OS 4.5941490000 1.3410390000
OS 4.5881080000 1.3422420000
OS 4.5819970000 1.3422430000
OS 4.5819670000 1.3422410000
OS 4.5759530000 1.3410460000
OS 4.5759290000 1.3410390000
OS 4.5702600000 1.3386930000
OS 4.5651370000 1.3352700000
OS 4.5607870000 1.3309200000
OS 4.5573700000 1.3258040000
OS 4.5550220000 1.3201340000
OS 4.5538190000 1.3140940000
OS 4.5538200000 1.3079460000
OS 4.5550180000 1.3019240000
OS 4.5550270000 1.3018980000
OS 4.5573700000 1.2962400000
OS 4.5607840000 1.2911290000
OS 4.5651420000 1.2867700000
OS 4.5702550000 1.2833540000
OS 4.5759290000 1.2810050000
OS 4.5819640000 1.2798030000
OS 4.5881120000 1.2798030000
OS 4.5941380000 1.2810010000
OS 4.5941640000 1.2810100000
OS 4.5998180000 1.2833520000
OS 4.6049460000 1.2867750000
OS 4.6053090000 1.2869250000
OS 4.6053930000 1.2869410000
OS 4.6055970000 1.2870250000
OS 4.6057670000 1.2870590000
OS 4.6069920000 1.2874430000
OS 4.6071770000 1.2875200000
OS 4.6073390000 1.2875520000
OS 4.6073590000 1.2875580000
OS 4.6074520000 1.2875970000
OS 4.6078390000 1.2876740000
OS 4.6519100000 1.2876760000
OS 4.6522970000 1.2875990000
OS 4.6523760000 1.2875660000
OS 4.6525910000 1.2875220000
OS 4.6527450000 1.2874580000
OS 4.6538270000 1.2871410000
OS 4.6540230000 1.2871020000
OS 4.6541740000 1.2870390000
OS 4.6542800000 1.2870080000
OS 4.6543830000 1.2869880000
OS 4.6547470000 1.2868370000
OS 4.6550740000 1.2866180000
OS 4.6551340000 1.2865580000
OS 4.6552320000 1.2864790000
OS 4.6554060000 1.2863630000
OS 4.6554410000 1.2863280000
OS 4.6554920000 1.2862940000
OS 4.9289550000 1.0128300000
OS 4.9289940000 1.0128030000
OS 4.9342940000 1.0097430000
OS 4.9402310000 1.0081490000
OS 6.1745710000 1.0081480000
OS 6.1749580000 1.0080710000
OS 6.1750410000 1.0080370000
OS 6.1752560000 1.0079940000
OS 6.1754230000 1.0079250000
OS 6.1761320000 1.0077170000
OS 6.1763430000 1.0076750000
OS 6.1765090000 1.0076060000
OS 6.1767820000 1.0075260000
OS 6.1768880000 1.0075050000
OS 6.1772540000 1.0073540000
OS 6.1775760000 1.0071390000
OS 6.1778510000 1.0068640000
OS 6.1778980000 1.0067960000
OS 6.1781100000 1.0065520000
OS 6.1782840000 1.0063780000
OS 6.1783610000 1.0062630000
OS 6.1785810000 1.0060090000
OS 6.1787550000 1.0058350000
OS 6.1788340000 1.0057170000
OS 6.1789620000 1.0055700000
OS 6.1790460000 1.0054860000
OS 6.1792650000 1.0051590000
OS 6.1794160000 1.0047950000
OS 6.1794560000 1.0045940000
OS 6.1794800000 1.0044850000
OS 6.1794940000 1.0044520000
OS 6.1795450000 1.0041960000
OS 6.1795540000 1.0041750000
OS 6.1796350000 1.0037720000
OS 6.1796490000 1.0037390000
OS 6.1797190000 1.0033880000
OS 6.1797260000 1.0033710000
OS 6.1798030000 1.0029840000
OS 6.1798030000 0.9498340000
OS 6.1797260000 0.9494470000
OS 6.1796910000 0.9493620000
OS 6.1796490000 0.9491510000
OS 6.1795800000 0.9489860000
OS 6.1793730000 0.9482780000
OS 6.1793300000 0.9480640000
OS 6.1792610000 0.9478970000
OS 6.1791830000 0.9476310000
OS 6.1791610000 0.9475210000
OS 6.1790090000 0.9471540000
OS 6.1787940000 0.9468320000
OS 6.1785190000 0.9465570000
OS 6.1784530000 0.9465120000
OS 6.1782130000 0.9463030000
OS 6.1780330000 0.9461230000
OS 6.1779160000 0.9460450000
OS 6.1776730000 0.9458340000
OS 6.1774930000 0.9456540000
OS 6.1773700000 0.9455720000
OS 6.1772260000 0.9454470000
OS 6.1771370000 0.9453580000
OS 6.1768150000 0.9451430000
OS 6.1764570000 0.9449950000
OS 6.1761480000 0.9449310000
OS 6.1761100000 0.9449150000
OS 6.1757780000 0.9448490000
OS 6.1754240000 0.9447720000
OS 6.1753930000 0.9447590000
OS 6.1750640000 0.9446940000
OS 6.1750260000 0.9446820000
OS 6.1746420000 0.9446060000
OS 4.6843390000 0.9446050000
OS 4.6817240000 0.9439050000
OS 4.6816200000 0.9438620000
OS 4.6814000000 0.9438180000
OS 4.6783940000 0.9430140000
OS 4.6730730000 0.9399420000
OS 4.6555720000 0.9224450000
OS 4.6552460000 0.9222270000
OS 4.6551620000 0.9221920000
OS 4.6549830000 0.9220740000
OS 4.6548250000 0.9220090000
OS 4.6536990000 0.9213930000
OS 4.6535320000 0.9212820000
OS 4.6533780000 0.9212180000
OS 4.6532760000 0.9211510000
OS 4.6529120000 0.9210000000
OS 4.6468390000 0.9197910000
OS 4.6467980000 0.9197810000
OS 4.6411200000 0.9174310000
OS 4.6360110000 0.9140170000
OS 4.6316520000 0.9096590000
OS 4.6282470000 0.9045630000
OS 4.6282340000 0.9045400000
OS 4.6258880000 0.8988740000
OS 4.6246860000 0.8928400000
OS 4.6246850000 0.8866940000
OS 4.6258830000 0.8806710000
OS 4.6258930000 0.8806380000
OS 4.6282360000 0.8749800000
OS 4.6316500000 0.8698690000
OS 4.6360080000 0.8655100000
OS 4.6411200000 0.8620940000
OS 4.6467960000 0.8597450000
OS 4.6528300000 0.8585430000
OS 4.6589780000 0.8585430000
OS 4.6650040000 0.8597410000
OS 4.6650300000 0.8597500000
OS 4.6706850000 0.8620920000
OS 4.6757980000 0.8655060000
OS 4.6801580000 0.8698650000
OS 4.6835570000 0.8749500000
OS 4.6835740000 0.8749790000
OS 4.6859230000 0.8806520000
OS 4.6871260000 0.8866890000
OS 4.6872760000 0.8870520000
OS 4.6873330000 0.8871410000
OS 4.6874110000 0.8873290000
OS 4.6875050000 0.8874700000
OS 4.6880970000 0.8886030000
OS 4.6881780000 0.8887980000
OS 4.6882750000 0.8889440000
OS 4.6883200000 0.8890510000
OS 4.6885350000 0.8893730000
OS 4.6955220000 0.8963620000
OS 4.6958440000 0.8965770000
OS 4.6959400000 0.8966190000
OS 4.6961120000 0.8967340000
OS 4.6962700000 0.8968000000
OS 4.6972320000 0.8973250000
OS 4.6974100000 0.8974440000
OS 4.6975730000 0.8975120000
OS 4.6976610000 0.8975600000
OS 4.6977480000 0.8976180000
OS 4.6981120000 0.8977690000
OS 4.6984910000 0.8978440000
OS 4.6985840000 0.8978450000
OS 4.6986960000 0.8978570000
OS 4.6989110000 0.8978990000
OS 4.6989610000 0.8978990000
OS 4.6990260000 0.8979120000
OS 5.0997710000 0.8979120000
OS 5.1001580000 0.8978350000
OS 5.1002400000 0.8978010000
OS 5.1004540000 0.8977580000
OS 5.1006200000 0.8976890000
OS 5.1013320000 0.8974800000
OS 5.1015400000 0.8974390000
OS 5.1017040000 0.8973710000
OS 5.1019750000 0.8972910000
OS 5.1020840000 0.8972700000
OS 5.1024510000 0.8971180000
OS 5.1027730000 0.8969030000
OS 5.1030480000 0.8966280000
OS 5.1030940000 0.8965620000
OS 5.1033110000 0.8963120000
OS 5.1034810000 0.8961420000
OS 5.1035560000 0.8960290000
OS 5.1037810000 0.8957700000
OS 5.1039520000 0.8955990000
OS 5.1040280000 0.8954850000
OS 5.1041590000 0.8953340000
OS 5.1042430000 0.8952500000
OS 5.1044620000 0.8949230000
OS 5.1046130000 0.8945590000
OS 5.1046530000 0.8943580000
OS 5.1046770000 0.8942490000
OS 5.1046910000 0.8942160000
OS 5.1047650000 0.8938440000
OS 5.1048170000 0.8936070000
OS 5.1048300000 0.8935750000
OS 5.1049160000 0.8931520000
OS 5.1049230000 0.8931350000
OS 5.1050000000 0.8927480000
OS 5.1050000000 0.5701190000
OS 5.1049230000 0.5697320000
OS 5.1048880000 0.5696480000
OS 5.1048460000 0.5694390000
OS 5.1047810000 0.5692830000
OS 5.1044200000 0.5680460000
OS 5.1043810000 0.5678520000
OS 5.1043200000 0.5677050000
OS 5.1042930000 0.5675800000
OS 5.1041420000 0.5672160000
OS 5.1006760000 0.5620230000
OS 5.0983290000 0.5563530000
OS 5.0971260000 0.5503140000
OS 5.0971260000 0.5441750000
OS 5.0983150000 0.5381960000
OS 5.0983650000 0.5380750000
OS 5.0983770000 0.5380160000
OS 5.1006770000 0.5324610000
OS 5.1040900000 0.5273500000
OS 5.1084490000 0.5229900000
OS 5.1135610000 0.5195750000
OS 5.1192210000 0.5172320000
OS 5.1252770000 0.5160220000
OS 5.1314060000 0.5160220000
OS 5.1314290000 0.5160250000
OS 5.1374300000 0.5172190000
OS 5.1374710000 0.5172310000
OS 5.1431270000 0.5195730000
OS 5.1482390000 0.5229860000
OS 5.1525990000 0.5273450000
OS 5.1560030000 0.5324380000
OS 5.1560150000 0.5324590000
OS 5.1583150000 0.5380130000
OS 5.1583270000 0.5380750000
OS 5.1583760000 0.5381940000
OS 5.1595660000 0.5441650000
OS 5.1595670000 0.5503100000
OS 5.1583700000 0.5563330000
OS 5.1583600000 0.5563620000
OS 5.1560160000 0.5620250000
OS 5.1525930000 0.5671500000
OS 5.1524420000 0.5675140000
OS 5.1524250000 0.5676010000
OS 5.1523420000 0.5678010000
OS 5.1523070000 0.5679760000
OS 5.1519290000 0.5691840000
OS 5.1518480000 0.5693780000
OS 5.1518140000 0.5695480000
OS 5.1517710000 0.5696530000
OS 5.1516950000 0.5700380000
OS 5.1516940000 0.8926830000
OS 5.1517700000 0.8930670000
OS 5.1518040000 0.8931500000
OS 5.1518470000 0.8933650000
OS 5.1518860000 0.8934600000
OS 5.1519090000 0.8935750000
OS 5.1519760000 0.8937370000
OS 5.1521230000 0.8942380000
OS 5.1521660000 0.8944530000
OS 5.1522340000 0.8946170000
OS 5.1523150000 0.8948930000
OS 5.1523350000 0.8949960000
OS 5.1524870000 0.8953640000
OS 5.1527020000 0.8956860000
OS 5.1529770000 0.8959610000
OS 5.1530380000 0.8960020000
OS 5.1532880000 0.8962190000
OS 5.1534630000 0.8963940000
OS 5.1535790000 0.8964720000
OS 5.1538230000 0.8966830000
OS 5.1540030000 0.8968630000
OS 5.1541230000 0.8969430000
OS 5.1542740000 0.8970740000
OS 5.1543590000 0.8971590000
OS 5.1546810000 0.8973740000
OS 5.1550390000 0.8975220000
OS 5.1553480000 0.8975860000
OS 5.1553860000 0.8976020000
OS 5.1557180000 0.8976680000
OS 5.1560700000 0.8977440000
OS 5.1561030000 0.8977580000
OS 5.1564490000 0.8978270000
OS 5.1564700000 0.8978350000
OS 5.1568570000 0.8979120000
OS 5.6824480000 0.8979120000
OS 5.6828350000 0.8978350000
OS 5.6829170000 0.8978010000
OS 5.6831310000 0.8977580000
OS 5.6832970000 0.8976890000
OS 5.6840090000 0.8974800000
OS 5.6842170000 0.8974390000
OS 5.6843810000 0.8973710000
OS 5.6846520000 0.8972910000
OS 5.6847610000 0.8972700000
OS 5.6851280000 0.8971180000
OS 5.6854500000 0.8969030000
OS 5.6857250000 0.8966280000
OS 5.6857710000 0.8965620000
OS 5.6859880000 0.8963120000
OS 5.6861580000 0.8961420000
OS 5.6862330000 0.8960290000
OS 5.6864580000 0.8957700000
OS 5.6866290000 0.8955990000
OS 5.6867050000 0.8954850000
OS 5.6868360000 0.8953340000
OS 5.6869200000 0.8952500000
OS 5.6871390000 0.8949230000
OS 5.6872900000 0.8945590000
OS 5.6873300000 0.8943580000
OS 5.6873540000 0.8942490000
OS 5.6873680000 0.8942160000
OS 5.6874420000 0.8938440000
OS 5.6874940000 0.8936070000
OS 5.6875070000 0.8935750000
OS 5.6875930000 0.8931520000
OS 5.6876000000 0.8931350000
OS 5.6876770000 0.8927480000
OS 5.6876770000 0.5701180000
OS 5.6876000000 0.5697310000
OS 5.6875650000 0.5696460000
OS 5.6875230000 0.5694370000
OS 5.6874580000 0.5692800000
OS 5.6870960000 0.5680450000
OS 5.6870560000 0.5678430000
OS 5.6869920000 0.5676880000
OS 5.6869680000 0.5675730000
OS 5.6868170000 0.5672090000
OS 5.6833570000 0.5620300000
OS 5.6810050000 0.5563490000
OS 5.6798030000 0.5503150000
OS 5.6798030000 0.5441750000
OS 5.6809930000 0.5381940000
OS 5.6810420000 0.5380750000
OS 5.6810540000 0.5380160000
OS 5.6833540000 0.5324610000
OS 5.6867670000 0.5273500000
OS 5.6911260000 0.5229900000
OS 5.6962390000 0.5195740000
OS 5.7018970000 0.5172320000
OS 5.7079540000 0.5160220000
OS 5.7140830000 0.5160220000
OS 5.7141100000 0.5160250000
OS 5.7201100000 0.5172200000
OS 5.7201480000 0.5172310000
OS 5.7258040000 0.5195730000
OS 5.7309160000 0.5229860000
OS 5.7352760000 0.5273450000
OS 5.7386920000 0.5324570000
OS 5.7409920000 0.5380130000
OS 5.7410040000 0.5380750000
OS 5.7410530000 0.5381940000
OS 5.7422430000 0.5441650000
OS 5.7422430000 0.5503170000
OS 5.7410510000 0.5563150000
OS 5.7410360000 0.5563670000
OS 5.7386940000 0.5620230000
OS 5.7352700000 0.5671500000
OS 5.7351200000 0.5675130000
OS 5.7351040000 0.5675960000
OS 5.7350200000 0.5678010000
OS 5.7349860000 0.5679730000
OS 5.7346070000 0.5691820000
OS 5.7345260000 0.5693780000
OS 5.7344920000 0.5695500000
OS 5.7344490000 0.5696530000
OS 5.7343730000 0.5700380000
OS 5.7343710000 0.8926830000
OS 5.7344470000 0.8930670000
OS 5.7344810000 0.8931500000
OS 5.7345240000 0.8933650000
OS 5.7345630000 0.8934600000
OS 5.7345860000 0.8935750000
OS 5.7346530000 0.8937370000
OS 5.7348000000 0.8942380000
OS 5.7348430000 0.8944530000
OS 5.7349110000 0.8946170000
OS 5.7349920000 0.8948930000
OS 5.7350120000 0.8949960000
OS 5.7351640000 0.8953640000
OS 5.7353790000 0.8956860000
OS 5.7356540000 0.8959610000
OS 5.7357150000 0.8960020000
OS 5.7359650000 0.8962190000
OS 5.7361400000 0.8963940000
OS 5.7362560000 0.8964720000
OS 5.7365000000 0.8966830000
OS 5.7366800000 0.8968630000
OS 5.7368000000 0.8969430000
OS 5.7369510000 0.8970740000
OS 5.7370360000 0.8971590000
OS 5.7373580000 0.8973740000
OS 5.7377160000 0.8975220000
OS 5.7380250000 0.8975860000
OS 5.7380630000 0.8976020000
OS 5.7383950000 0.8976680000
OS 5.7387470000 0.8977440000
OS 5.7387800000 0.8977580000
OS 5.7391260000 0.8978270000
OS 5.7391470000 0.8978350000
OS 5.7395340000 0.8979120000
OS 6.2730000000 0.8979120000
OS 6.2733870000 0.8978350000
OS 6.2734690000 0.8978010000
OS 6.2736830000 0.8977580000
OS 6.2738470000 0.8976900000
OS 6.2745630000 0.8974800000
OS 6.2747690000 0.8974390000
OS 6.2749290000 0.8973720000
OS 6.2752100000 0.8972900000
OS 6.2753120000 0.8972700000
OS 6.2756790000 0.8971190000
OS 6.2760010000 0.8969040000
OS 6.2762760000 0.8966290000
OS 6.2763220000 0.8965620000
OS 6.2765180000 0.8963360000
OS 6.2767100000 0.8961420000
OS 6.2767880000 0.8960250000
OS 6.2770000000 0.8957810000
OS 6.2771800000 0.8956010000
OS 6.2772620000 0.8954780000
OS 6.2773800000 0.8953420000
OS 6.2774710000 0.8952510000
OS 6.2776900000 0.8949240000
OS 6.2778410000 0.8945600000
OS 6.2779050000 0.8942520000
OS 6.2779190000 0.8942180000
OS 6.2779910000 0.8938570000
OS 6.2780460000 0.8936080000
OS 6.2780590000 0.8935750000
OS 6.2781450000 0.8931520000
OS 6.2781520000 0.8931340000
OS 6.2782290000 0.8927470000
OS 6.2782290000 0.5701190000
OS 6.2781520000 0.5697320000
OS 6.2781180000 0.5696500000
OS 6.2780750000 0.5694390000
OS 6.2780100000 0.5692820000
OS 6.2776490000 0.5680490000
OS 6.2776100000 0.5678510000
OS 6.2775470000 0.5676980000
OS 6.2775220000 0.5675800000
OS 6.2773710000 0.5672160000
OS 6.2739100000 0.5620340000
OS 6.2715580000 0.5563530000
OS 6.2703550000 0.5503140000
OS 6.2703550000 0.5441750000
OS 6.2715470000 0.5381880000
OS 6.2715940000 0.5380750000
OS 6.2716050000 0.5380190000
OS 6.2739050000 0.5324610000
OS 6.2773180000 0.5273500000
OS 6.2816770000 0.5229900000
OS 6.2867900000 0.5195740000
OS 6.2924460000 0.5172330000
OS 6.2985050000 0.5160220000
OS 6.3046340000 0.5160220000
OS 6.3046570000 0.5160250000
OS 6.3106850000 0.5172260000
OS 6.3163550000 0.5195720000
OS 6.3214670000 0.5229860000
OS 6.3258270000 0.5273450000
OS 6.3292310000 0.5324380000
OS 6.3292430000 0.5324590000
OS 6.3315430000 0.5380110000
OS 6.3315550000 0.5380750000
OS 6.3316050000 0.5381960000
OS 6.3327940000 0.5441650000
OS 6.3327940000 0.5503170000
OS 6.3315970000 0.5563370000
OS 6.3315870000 0.5563670000
OS 6.3292460000 0.5620210000
OS 6.3258210000 0.5671500000
OS 6.3256710000 0.5675130000
OS 6.3256550000 0.5675960000
OS 6.3255710000 0.5678010000
OS 6.3255370000 0.5679720000
OS 6.3251570000 0.5691850000
OS 6.3250770000 0.5693780000
OS 6.3250420000 0.5695530000
OS 6.3250000000 0.5696530000
OS 6.3249240000 0.5700380000
OS 6.3249220000 0.8926830000
OS 6.3249980000 0.8930670000
OS 6.3250320000 0.8931480000
OS 6.3250750000 0.8933650000
OS 6.3251140000 0.8934600000
OS 6.3251370000 0.8935750000
OS 6.3252040000 0.8937370000
OS 6.3253510000 0.8942380000
OS 6.3253940000 0.8944530000
OS 6.3254620000 0.8946170000
OS 6.3255430000 0.8948930000
OS 6.3255630000 0.8949960000
OS 6.3257150000 0.8953640000
OS 6.3259300000 0.8956860000
OS 6.3262050000 0.8959610000
OS 6.3262660000 0.8960020000
OS 6.3265160000 0.8962190000
OS 6.3266910000 0.8963940000
OS 6.3268070000 0.8964720000
OS 6.3270510000 0.8966830000
OS 6.3272310000 0.8968630000
OS 6.3273510000 0.8969430000
OS 6.3275020000 0.8970740000
OS 6.3275870000 0.8971590000
OS 6.3279090000 0.8973740000
OS 6.3282670000 0.8975220000
OS 6.3285760000 0.8975860000
OS 6.3286140000 0.8976020000
OS 6.3289460000 0.8976680000
OS 6.3292980000 0.8977440000
OS 6.3293310000 0.8977580000
OS 6.3296770000 0.8978270000
OS 6.3296980000 0.8978350000
OS 6.3300850000 0.8979120000
OS 6.7030940000 0.8979120000
OS 6.7034810000 0.8978350000
OS 6.7035640000 0.8978010000
OS 6.7037780000 0.8977580000
OS 6.7039440000 0.8976890000
OS 6.7049950000 0.8973810000
OS 6.7052030000 0.8973400000
OS 6.7053630000 0.8972740000
OS 6.7054570000 0.8972460000
OS 6.7055630000 0.8972250000
OS 6.7059270000 0.8970740000
OS 6.7062510000 0.8968580000
OS 6.7063170000 0.8967920000
OS 6.7063980000 0.8967270000
OS 6.7065860000 0.8966010000
OS 6.7066220000 0.8965650000
OS 6.7066700000 0.8965330000
OS 6.8475430000 0.7556600000
OS 6.8477590000 0.7553370000
OS 6.8477980000 0.7552470000
OS 6.8479140000 0.7550720000
OS 6.8479810000 0.7549110000
OS 6.8485140000 0.7539350000
OS 6.8486270000 0.7537660000
OS 6.8486910000 0.7536110000
OS 6.8487410000 0.7535210000
OS 6.8488000000 0.7534320000
OS 6.8489510000 0.7530680000
OS 6.8490280000 0.7526810000
OS 6.8490280000 0.7525890000
OS 6.8490400000 0.7524820000
OS 6.8490830000 0.7522650000
OS 6.8490830000 0.7522170000
OS 6.8490950000 0.7521570000
OS 6.8490950000 0.5835480000
OS 6.8506590000 0.5776990000
OS 6.8507100000 0.5775750000
OS 6.8507120000 0.5775630000
OS 6.8537610000 0.5722790000
OS 6.8558610000 0.5701760000
OS 6.8560840000 0.5698450000
OS 6.8562350000 0.5694810000
OS 6.8562460000 0.5694280000
OS 6.8563210000 0.5692170000
OS 6.8564230000 0.5689700000
OS 6.8564420000 0.5688740000
OS 6.8565560000 0.5686640000
OS 6.8566720000 0.5684900000
OS 6.8567410000 0.5683250000
OS 6.8568020000 0.5682330000
OS 6.8569530000 0.5678690000
OS 6.8581500000 0.5618570000
OS 6.8581840000 0.5617750000
OS 6.8582030000 0.5616800000
OS 6.8605180000 0.5560850000
OS 6.8639410000 0.5509620000
OS 6.8682900000 0.5466130000
OS 6.8734020000 0.5431970000
OS 6.8790530000 0.5408570000
OS 6.8790770000 0.5408490000
OS 6.8851100000 0.5396450000
OS 6.8912490000 0.5396440000
OS 6.8912760000 0.5396470000
OS 6.8972830000 0.5408430000
OS 6.8972990000 0.5408480000
OS 6.9029660000 0.5431930000
OS 6.9079280000 0.5465050000
OS 6.9082860000 0.5466530000
OS 6.9083850000 0.5466740000
OS 6.9085770000 0.5467540000
OS 6.9087460000 0.5467870000
OS 6.9094740000 0.5470160000
OS 6.9096630000 0.5470940000
OS 6.9098290000 0.5471270000
OS 6.9101200000 0.5472180000
OS 6.9102090000 0.5472550000
OS 6.9105960000 0.5473330000
OS 6.9109830000 0.5473330000
OS 6.9113760000 0.5472550000
OS 6.9114440000 0.5472260000
OS 6.9117430000 0.5471450000
OS 6.9119960000 0.5470940000
OS 6.9121250000 0.5470400000
OS 6.9123030000 0.5469920000
OS 6.9125470000 0.5469440000
OS 6.9126880000 0.5468860000
OS 6.9129270000 0.5468200000
OS 6.9130600000 0.5467940000
OS 6.9134280000 0.5466420000
OS 6.9137500000 0.5464270000
OS 6.9140250000 0.5461520000
OS 6.9140560000 0.5461060000
OS 6.9142950000 0.5458400000
OS 6.9144880000 0.5456470000
OS 6.9145450000 0.5455620000
OS 6.9147630000 0.5453190000
OS 6.9149590000 0.5451230000
OS 6.9150170000 0.5450360000
OS 6.9151420000 0.5448970000
OS 6.9152450000 0.5447940000
OS 6.9154600000 0.5444720000
OS 6.9156080000 0.5441140000
OS 6.9156470000 0.5439230000
OS 6.9156770000 0.5437900000
OS 6.9156980000 0.5437400000
OS 6.9157690000 0.5433850000
OS 6.9158480000 0.5430330000
OS 6.9158700000 0.5429810000
OS 6.9159380000 0.5426400000
OS 6.9159470000 0.5426190000
OS 6.9160240000 0.5422320000
OS 6.9160240000 0.4992530000
OS 6.9159470000 0.4988660000
OS 6.9159130000 0.4987840000
OS 6.9158700000 0.4985680000
OS 6.9158000000 0.4983990000
OS 6.9154510000 0.4972090000
OS 6.9154070000 0.4969890000
OS 6.9153380000 0.4968220000
OS 6.9153160000 0.4967130000
OS 6.9151650000 0.4963490000
OS 6.9117000000 0.4911570000
OS 6.9093530000 0.4854870000
OS 6.9081500000 0.4794480000
OS 6.9081500000 0.4733090000
OS 6.9087320000 0.4703780000
OS 6.9093530000 0.4672670000
OS 6.9117000000 0.4615950000
OS 6.9151150000 0.4564830000
OS 6.9194700000 0.4521260000
OS 6.9245840000 0.4487090000
OS 6.9302600000 0.4463590000
OS 6.9362940000 0.4451570000
OS 6.9424430000 0.4451570000
OS 6.9484640000 0.4463540000
OS 6.9484930000 0.4463640000
OS 6.9541500000 0.4487060000
OS 6.9592770000 0.4521320000
OS 6.9636200000 0.4564770000
OS 6.9670370000 0.4615910000
OS 6.9693870000 0.4672660000
OS 6.9705900000 0.4733040000
OS 6.9705900000 0.4794440000
OS 6.9693920000 0.4854710000
OS 6.9693820000 0.4855010000
OS 6.9670400000 0.4911570000
OS 6.9636160000 0.4962840000
OS 6.9634660000 0.4966480000
OS 6.9634500000 0.4967280000
OS 6.9633660000 0.4969350000
OS 6.9633320000 0.4971070000
OS 6.9629520000 0.4983190000
OS 6.9628720000 0.4985120000
OS 6.9628380000 0.4986830000
OS 6.9627950000 0.4987870000
OS 6.9627190000 0.4991730000
OS 6.9627170000 0.5952310000
OS 6.9627930000 0.5956180000
OS 6.9628260000 0.5956960000
OS 6.9628700000 0.5959120000
OS 6.9629350000 0.5960690000
OS 6.9632950000 0.5972980000
OS 6.9633350000 0.5974990000
OS 6.9634010000 0.5976580000
OS 6.9634240000 0.5977710000
OS 6.9635740000 0.5981340000
OS 6.9670380000 0.6033250000
OS 6.9693850000 0.6089930000
OS 6.9705890000 0.6150310000
OS 6.9705900000 0.6211760000
OS 6.9693920000 0.6272030000
OS 6.9693820000 0.6272330000
OS 6.9670400000 0.6328890000
OS 6.9636250000 0.6380020000
OS 6.9592700000 0.6423590000
OS 6.9541640000 0.6457720000
OS 6.9484800000 0.6481260000
OS 6.9424460000 0.6493280000
OS 6.9363270000 0.6493300000
OS 6.9362970000 0.6493280000
OS 6.9302760000 0.6481310000
OS 6.9302460000 0.6481210000
OS 6.9245880000 0.6457780000
OS 6.9194800000 0.6423660000
OS 6.9194580000 0.6423480000
OS 6.9151200000 0.6380080000
OS 6.9117070000 0.6329020000
OS 6.9093530000 0.6272190000
OS 6.9081500000 0.6211800000
OS 6.9081500000 0.6150410000
OS 6.9093530000 0.6089980000
OS 6.9112330000 0.6044540000
OS 6.9113100000 0.6040670000
OS 6.9113100000 0.6039770000
OS 6.9113520000 0.6037660000
OS 6.9113520000 0.6035850000
OS 6.9114320000 0.6028480000
OS 6.9114740000 0.6026380000
OS 6.9114740000 0.6024590000
OS 6.9115050000 0.6021770000
OS 6.9115260000 0.6020720000
OS 6.9115260000 0.6016760000
OS 6.9114500000 0.6012950000
OS 6.9112980000 0.6009280000
OS 6.9112550000 0.6008630000
OS 6.9111170000 0.6005860000
OS 6.9110180000 0.6003500000
OS 6.9109390000 0.6002320000
OS 6.9108530000 0.6000590000
OS 6.9107590000 0.5998340000
OS 6.9106800000 0.5997150000
OS 6.9105600000 0.5994750000
OS 6.9105130000 0.5993620000
OS 6.9102940000 0.5990320000
OS 6.9100190000 0.5987570000
OS 6.9096970000 0.5985420000
OS 6.9096410000 0.5985180000
OS 6.9093520000 0.5983460000
OS 6.9091090000 0.5981840000
OS 6.9090090000 0.5981420000
OS 6.9088560000 0.5980520000
OS 6.9086190000 0.5978930000
OS 6.9085200000 0.5978520000
OS 6.9083110000 0.5977280000
OS 6.9081870000 0.5976450000
OS 6.9078210000 0.5974930000
OS 6.9074400000 0.5974170000
OS 6.9070530000 0.5974170000
OS 6.9070130000 0.5974240000
OS 6.9066110000 0.5974380000
OS 6.9063310000 0.5974380000
OS 6.9062710000 0.5974500000
OS 6.9057780000 0.5974670000
OS 6.9054530000 0.5974670000
OS 6.9053850000 0.5974810000
OS 6.9051510000 0.5974830000
OS 6.9047700000 0.5975590000
OS 6.9044030000 0.5977110000
OS 6.9043510000 0.5977460000
OS 6.9041960000 0.5978220000
OS 6.9039520000 0.5979230000
OS 6.9038830000 0.5979690000
OS 6.9037190000 0.5980370000
OS 6.9029740000 0.5985330000
OS 6.8990290000 0.6001670000
OS 6.8987020000 0.6003860000
OS 6.8986390000 0.6004490000
OS 6.8984600000 0.6005690000
OS 6.8983370000 0.6006920000
OS 6.8977490000 0.6011670000
OS 6.8975780000 0.6012810000
OS 6.8974550000 0.6014040000
OS 6.8972300000 0.6015860000
OS 6.8971410000 0.6016450000
OS 6.8968600000 0.6019250000
OS 6.8966450000 0.6022470000
OS 6.8964920000 0.6026150000
OS 6.8964780000 0.6026870000
OS 6.8963810000 0.6029790000
OS 6.8962810000 0.6032220000
OS 6.8962550000 0.6033550000
OS 6.8960360000 0.6040090000
OS 6.8959410000 0.6042390000
OS 6.8959140000 0.6043750000
OS 6.8958640000 0.6044970000
OS 6.8957880000 0.6048810000
OS 6.8957870000 0.7668430000
OS 6.8942430000 0.7726200000
OS 6.8941920000 0.7727420000
OS 6.8941780000 0.7728140000
OS 6.8911260000 0.7781060000
OS 6.8911090000 0.7781260000
OS 6.7293100000 0.9399260000
OS 6.7292700000 0.9399530000
OS 6.7239740000 0.9430110000
OS 6.7209820000 0.9438140000
OS 6.7207400000 0.9438620000
OS 6.7206240000 0.9439100000
OS 6.7180360000 0.9446040000
OS 6.2317280000 0.9446050000
OS 6.2313410000 0.9446820000
OS 6.2312590000 0.9447160000
OS 6.2310430000 0.9447590000
OS 6.2308780000 0.9448270000
OS 6.2301670000 0.9450360000
OS 6.2299560000 0.9450780000
OS 6.2297900000 0.9451470000
OS 6.2295140000 0.9452280000
OS 6.2294110000 0.9452480000
OS 6.2290450000 0.9453990000
OS 6.2287230000 0.9456140000
OS 6.2284480000 0.9458890000
OS 6.2284020000 0.9459550000
OS 6.2281890000 0.9462010000
OS 6.2280150000 0.9463750000
OS 6.2279380000 0.9464900000
OS 6.2277180000 0.9467440000
OS 6.2275440000 0.9469180000
OS 6.2274680000 0.9470330000
OS 6.2273370000 0.9471830000
OS 6.2272530000 0.9472670000
OS 6.2270340000 0.9475940000
OS 6.2268830000 0.9479580000
OS 6.2268540000 0.9481070000
OS 6.2268190000 0.9482670000
OS 6.2268050000 0.9483010000
OS 6.2267390000 0.9486370000
OS 6.2266640000 0.9489810000
OS 6.2266500000 0.9490140000
OS 6.2265810000 0.9493620000
OS 6.2265730000 0.9493820000
OS 6.2264970000 0.9497650000
OS 6.2264970000 1.9556780000
OS 6.2265730000 1.9560620000
OS 6.2266080000 1.9561470000
OS 6.2266500000 1.9563580000
OS 6.2267190000 1.9565240000
OS 6.2269260000 1.9572290000
OS 6.2269690000 1.9574450000
OS 6.2270380000 1.9576110000
OS 6.2271170000 1.9578790000
OS 6.2271380000 1.9579880000
OS 6.2272900000 1.9583550000
OS 6.2275050000 1.9586770000
OS 6.2277800000 1.9589520000
OS 6.2278460000 1.9589970000
OS 6.2280830000 1.9592030000
OS 6.2282660000 1.9593860000
OS 6.2283830000 1.9594640000
OS 6.2286260000 1.9596750000
OS 6.2288060000 1.9598550000
OS 6.2289290000 1.9599370000
OS 6.2290730000 1.9600620000
OS 6.2291620000 1.9601510000
OS 6.2294840000 1.9603660000
OS 6.2298420000 1.9605140000
OS 6.2301510000 1.9605780000
OS 6.2301890000 1.9605940000
OS 6.2305440000 1.9606650000
OS 6.2308730000 1.9607360000
OS 6.2309060000 1.9607500000
OS 6.2312520000 1.9608190000
OS 6.2312730000 1.9608270000
OS 6.2316600000 1.9609040000
OS 7.1588260000 1.9609040000
OS 7.1592130000 1.9608270000
OS 7.1592950000 1.9607930000
OS 7.1595090000 1.9607500000
OS 7.1596750000 1.9606810000
OS 7.1603870000 1.9604720000
OS 7.1605950000 1.9604310000
OS 7.1607590000 1.9603630000
OS 7.1610300000 1.9602830000
OS 7.1611390000 1.9602620000
OS 7.1615060000 1.9601100000
OS 7.1618280000 1.9598950000
OS 7.1621030000 1.9596200000
OS 7.1621460000 1.9595570000
OS 7.1623660000 1.9593040000
OS 7.1625360000 1.9591340000
OS 7.1626110000 1.9590210000
OS 7.1628360000 1.9587620000
OS 7.1630070000 1.9585910000
OS 7.1630830000 1.9584770000
OS 7.1632140000 1.9583260000
OS 7.1632980000 1.9582420000
OS 7.1635170000 1.9579150000
OS 7.1636680000 1.9575510000
OS 7.1637080000 1.9573500000
OS 7.1637320000 1.9572410000
OS 7.1637460000 1.9572080000
OS 7.1638200000 1.9568360000
OS 7.1638870000 1.9565290000
OS 7.1639010000 1.9564950000
OS 7.1639710000 1.9561440000
OS 7.1639780000 1.9561270000
OS 7.1640550000 1.9557400000
OS 7.1640550000 1.3575200000
OS 7.1639780000 1.3571330000
OS 7.1639430000 1.3570500000
OS 7.1639010000 1.3568400000
OS 7.1638360000 1.3566830000
OS 7.1634750000 1.3554520000
OS 7.1634340000 1.3552460000
OS 7.1633660000 1.3550810000
OS 7.1633450000 1.3549730000
OS 7.1631940000 1.3546090000
OS 7.1597440000 1.3494470000
OS 7.1597310000 1.3494240000
OS 7.1573840000 1.3437550000
OS 7.1561810000 1.3377160000
OS 7.1561820000 1.3315690000
OS 7.1573800000 1.3255490000
OS 7.1573890000 1.3255190000
OS 7.1597320000 1.3198620000
OS 7.1631450000 1.3147520000
OS 7.1675040000 1.3103920000
OS 7.1726180000 1.3069750000
OS 7.1782910000 1.3046270000
OS 7.1843310000 1.3034240000
OS 7.1904640000 1.3034240000
OS 7.1964970000 1.3046230000
OS 7.1965260000 1.3046320000
OS 7.2021800000 1.3069740000
OS 7.2073080000 1.3103970000
OS 7.2076710000 1.3105470000
OS 7.2077540000 1.3105630000
OS 7.2079590000 1.3106470000
OS 7.2081290000 1.3106810000
OS 7.2093500000 1.3110640000
OS 7.2095390000 1.3111420000
OS 7.2097160000 1.3111780000
OS 7.2098140000 1.3112190000
OS 7.2102010000 1.3112960000
OS 7.4991690000 1.3112980000
OS 7.4995560000 1.3112210000
OS 7.4996410000 1.3111860000
OS 7.4998500000 1.3111440000
OS 7.5000070000 1.3110790000
OS 7.5012320000 1.3107200000
OS 7.5014380000 1.3106790000
OS 7.5015950000 1.3106140000
OS 7.5017100000 1.3105900000
OS 7.5020730000 1.3104400000
OS 7.5072630000 1.3069760000
OS 7.5129370000 1.3046270000
OS 7.5189720000 1.3034250000
OS 7.5251200000 1.3034250000
OS 7.5311460000 1.3046230000
OS 7.5311720000 1.3046320000
OS 7.5368270000 1.3069740000
OS 7.5419400000 1.3103880000
OS 7.5463030000 1.3147500000
OS 7.5497130000 1.3198530000
OS 7.5520640000 1.3255340000
OS 7.5532660000 1.3315670000
OS 7.5532680000 1.3376870000
OS 7.5532660000 1.3377170000
OS 7.5520690000 1.3437390000
OS 7.5520590000 1.3437690000
OS 7.5497170000 1.3494250000
OS 7.5462980000 1.3545440000
OS 7.5419460000 1.3588960000
OS 7.5368320000 1.3623120000
OS 7.5311590000 1.3646610000
OS 7.5251220000 1.3658630000
OS 7.5190050000 1.3658650000
OS 7.5189750000 1.3658630000
OS 7.5129610000 1.3646680000
OS 7.5129370000 1.3646610000
OS 7.5072680000 1.3623150000
OS 7.5021410000 1.3588920000
OS 7.5017770000 1.3587410000
OS 7.5016910000 1.3587240000
OS 7.5014900000 1.3586420000
OS 7.5013240000 1.3586090000
OS 7.5001030000 1.3582260000
OS 7.4999100000 1.3581460000
OS 7.4997390000 1.3581120000
OS 7.4996350000 1.3580690000
OS 7.4992510000 1.3579930000
OS 7.2159800000 1.3579900000
OS 7.2155930000 1.3580670000
OS 7.2155110000 1.3581010000
OS 7.2152950000 1.3581440000
OS 7.2151300000 1.3582120000
OS 7.2144190000 1.3584210000
OS 7.2142080000 1.3584630000
OS 7.2140420000 1.3585320000
OS 7.2137660000 1.3586130000
OS 7.2136630000 1.3586330000
OS 7.2132970000 1.3587840000
OS 7.2129750000 1.3589990000
OS 7.2127000000 1.3592740000
OS 7.2126530000 1.3593420000
OS 7.2124410000 1.3595860000
OS 7.2122670000 1.3597600000
OS 7.2121900000 1.3598750000
OS 7.2119700000 1.3601290000
OS 7.2117960000 1.3603030000
OS 7.2117200000 1.3604180000
OS 7.2115890000 1.3605680000
OS 7.2115050000 1.3606520000
OS 7.2112860000 1.3609790000
OS 7.2111350000 1.3613430000
OS 7.2111060000 1.3614910000
OS 7.2110710000 1.3616520000
OS 7.2110570000 1.3616860000
OS 7.2109910000 1.3620220000
OS 7.2109160000 1.3623660000
OS 7.2109020000 1.3623990000
OS 7.2108320000 1.3627500000
OS 7.2108250000 1.3627670000
OS 7.2107490000 1.3631500000
OS 7.2107490000 1.5706810000
OS 7.2108250000 1.5710650000
OS 7.2108600000 1.5711490000
OS 7.2109020000 1.5713610000
OS 7.2109710000 1.5715260000
OS 7.2111780000 1.5722320000
OS 7.2112210000 1.5724470000
OS 7.2112870000 1.5726050000
OS 7.2113690000 1.5728820000
OS 7.2113900000 1.5729910000
OS 7.2115420000 1.5733570000
OS 7.2117570000 1.5736790000
OS 7.2120390000 1.5739610000
OS 7.2120940000 1.5739980000
OS 7.2123480000 1.5742180000
OS 7.2125180000 1.5743880000
OS 7.2126310000 1.5744630000
OS 7.2127770000 1.5745900000
OS 7.2129520000 1.5747650000
OS 7.2130670000 1.5748420000
OS 7.2132680000 1.5750160000
OS 7.2133580000 1.5751060000
OS 7.2136880000 1.5753280000
OS 7.2140460000 1.5754760000
OS 7.2144270000 1.5755520000
OS 7.2144890000 1.5755530000
OS 7.2148220000 1.5756010000
OS 7.2151080000 1.5756580000
OS 7.2152170000 1.5756580000
OS 7.2154040000 1.5756850000
OS 7.2156770000 1.5757390000
OS 7.2157770000 1.5757390000
OS 7.2160330000 1.5757760000
OS 7.2161700000 1.5758030000
OS 7.2165640000 1.5758040000
OS 7.2169450000 1.5757280000
OS 7.2173030000 1.5755800000
OS 7.2173440000 1.5755550000
OS 7.2176750000 1.5754040000
OS 7.2179650000 1.5752840000
OS 7.2180200000 1.5752470000
OS 7.2184940000 1.5750310000
OS 7.2187580000 1.5749220000
OS 7.2188080000 1.5748890000
OS 7.2188910000 1.5748510000
OS 7.2190280000 1.5747940000
OS 7.2193550000 1.5745770000
OS 7.2196300000 1.5743020000
OS 7.2196640000 1.5742510000
OS 7.2197920000 1.5741060000
OS 7.2199710000 1.5739270000
OS 7.2200150000 1.5738610000
OS 7.2201450000 1.5737310000
OS 7.2221950000 1.5706640000
OS 7.2265310000 1.5663230000
OS 7.2265590000 1.5662970000
OS 7.2316720000 1.5628810000
OS 7.2373460000 1.5605330000
OS 7.2433730000 1.5593330000
OS 7.2434010000 1.5593300000
OS 7.2494980000 1.5593280000
OS 7.2495210000 1.5593300000
OS 7.2555560000 1.5605300000
OS 7.2555810000 1.5605380000
OS 7.2612330000 1.5628790000
OS 7.2619230000 1.5633370000
OS 7.2622850000 1.5634870000
OS 7.2623670000 1.5635030000
OS 7.2625750000 1.5635880000
OS 7.2627510000 1.5636230000
OS 7.2637390000 1.5639330000
OS 7.2639340000 1.5640140000
OS 7.2641050000 1.5640480000
OS 7.2642300000 1.5640870000
OS 7.2643330000 1.5641300000
OS 7.2647200000 1.5642070000
OS 7.2651130000 1.5642070000
OS 7.2652320000 1.5641830000
OS 7.2653570000 1.5641680000
OS 7.2654940000 1.5641680000
OS 7.2656700000 1.5641330000
OS 7.2657860000 1.5641330000
OS 7.2659420000 1.5641020000
OS 7.2659700000 1.5641020000
OS 7.2662070000 1.5640560000
OS 7.8781920000 1.5640540000
OS 7.8785790000 1.5639770000
OS 7.8786620000 1.5639430000
OS 7.8788720000 1.5639000000
OS 7.8790260000 1.5638360000
OS 7.8798020000 1.5636090000
OS 7.8800050000 1.5635680000
OS 7.8801620000 1.5635030000
OS 7.8804140000 1.5634290000
OS 7.8805240000 1.5634070000
OS 7.8808920000 1.5632550000
OS 7.8812140000 1.5630400000
OS 7.8814890000 1.5627650000
OS 7.8815170000 1.5627240000
OS 7.8817440000 1.5624730000
OS 7.8819460000 1.5622710000
OS 7.8820000000 1.5621900000
OS 7.8824160000 1.5617300000
OS 7.8826210000 1.5615250000
OS 7.8826650000 1.5614590000
OS 7.8827300000 1.5613940000
OS 7.8829450000 1.5610720000
OS 7.8829820000 1.5609830000
OS 7.8830580000 1.5608700000
OS 7.8831450000 1.5606590000
OS 7.8837950000 1.5593860000
OS 7.8843560000 1.5586140000
OS 7.8844120000 1.5585580000
OS 7.8845850000 1.5582990000
OS 7.8887430000 1.5525760000
OS 7.8946930000 1.5466260000
OS 7.8990200000 1.5434810000
OS 7.8992680000 1.5433160000
OS 7.8993230000 1.5432610000
OS 7.9015030000 1.5416770000
OS 7.9089960000 1.5378560000
OS 7.9141430000 1.5361840000
OS 7.9142910000 1.5361550000
OS 7.9144970000 1.5360690000
OS 7.9169990000 1.5352570000
OS 7.9253230000 1.5339360000
OS 7.9455350000 1.5339360000
OS 7.9538580000 1.5352540000
OS 7.9563690000 1.5360700000
OS 7.9565750000 1.5361550000
OS 7.9567230000 1.5361840000
OS 7.9618630000 1.5378540000
OS 7.9693580000 1.5416730000
OS 7.9715440000 1.5432610000
OS 7.9715990000 1.5433160000
OS 7.9718500000 1.5434840000
OS 7.9761660000 1.5466190000
OS 7.9821130000 1.5525650000
OS 7.9862920000 1.5583150000
OS 7.9864540000 1.5585580000
OS 7.9865070000 1.5586110000
OS 7.9870630000 1.5593760000
OS 7.9902280000 1.5655850000
OS 7.9903180000 1.5658030000
OS 7.9904060000 1.5659340000
OS 7.9908830000 1.5668710000
OS 7.9928200000 1.5728330000
OS 7.9928480000 1.5729750000
OS 7.9929310000 1.5731760000
OS 7.9934830000 1.5748740000
OS 7.9943010000 1.5800280000
OS 7.9943010000 1.5801020000
OS 7.9943600000 1.5804010000
OS 7.9948030000 1.5831910000
OS 7.9948030000 1.5915970000
OS 7.9942900000 1.5948360000
OS 7.9942350000 1.5951150000
OS 7.9942350000 1.5951850000
OS 7.9934860000 1.5999160000
OS 7.9927980000 1.6020340000
OS 7.9927120000 1.6022420000
OS 7.9926830000 1.6023900000
OS 7.9908870000 1.6079200000
OS 7.9901910000 1.6092870000
OS 7.9901060000 1.6094140000
OS 7.9900180000 1.6096260000
OS 7.9870680000 1.6154180000
OS 7.9862050000 1.6166060000
OS 7.9861520000 1.6166590000
OS 7.9859900000 1.6169020000
OE
OB 7.65111200 3.99773600 H
OS 7.67810100 4.02472000
OS 7.67842300 4.02493500
OS 7.67878100 4.02508300
OS 7.67916200 4.02515900
OS 7.67954900 4.02515900
OS 7.67993000 4.02508300
OS 7.68028800 4.02493500
OS 7.68061000 4.02472000
OS 7.68088500 4.02444500
OS 7.68110000 4.02412300
OS 7.68114100 4.02402400
OS 7.68117000 4.02396800
OS 7.68232100 4.02197500
OS 7.68245800 4.02177000
OS 7.68250600 4.02165300
OS 7.68369500 4.01959400
OS 7.68723700 4.01605000
OS 7.68728800 4.01601600
OS 7.68734300 4.01596100
OS 7.68937400 4.01478700
OS 7.68948800 4.01474000
OS 7.68969600 4.01460200
OS 7.69170900 4.01343900
OS 7.69184100 4.01338300
OS 7.69216300 4.01316800
OS 7.69243800 4.01289300
OS 7.69265300 4.01257100
OS 7.69280100 4.01221300
OS 7.69287700 4.01183200
OS 7.69287700 4.01144500
OS 7.69280100 4.01106400
OS 7.69265300 4.01070600
OS 7.69243800 4.01038400
OS 7.66545500 3.98339700
OS 7.66549400 3.98336500
OS 7.66840600 3.98124600
OS 7.67663500 3.97705100
OS 7.68544600 3.97418500
OS 7.69459300 3.97273500
OS 7.70383400 3.97273500
OS 7.71297700 3.97418500
OS 7.72175800 3.97703700
OS 7.73000100 3.98123500
OS 7.73297100 3.98339300
OS 7.70598700 4.01038300
OS 7.70577200 4.01070500
OS 7.70562400 4.01106300
OS 7.70554800 4.01144400
OS 7.70554800 4.01183100
OS 7.70562400 4.01221200
OS 7.70577200 4.01257000
OS 7.70598700 4.01289200
OS 7.70626200 4.01316700
OS 7.70658400 4.01338200
OS 7.70669600 4.01342800
OS 7.70870600 4.01458800
OS 7.70893600 4.01474100
OS 7.70905500 4.01479000
OS 7.71107900 4.01595800
OS 7.71113700 4.01601600
OS 7.71118200 4.01604600
OS 7.71472300 4.01958500
OS 7.71592100 4.02165700
OS 7.71596700 4.02176900
OS 7.71610400 4.02197400
OS 7.71727400 4.02400000
OS 7.71732500 4.02412200
OS 7.71754000 4.02444400
OS 7.71781500 4.02471900
OS 7.71813700 4.02493400
OS 7.71849500 4.02508200
OS 7.71887600 4.02515800
OS 7.71926300 4.02515800
OS 7.71964400 4.02508200
OS 7.72000200 4.02493400
OS 7.72032400 4.02471900
OS 7.74731000 3.99773700
OS 7.74733200 3.99776300
OS 7.74851600 3.99939000
OS 7.74869500 3.99965800
OS 7.74875200 3.99971500
OS 7.74943500 4.00065300
OS 7.74947400 4.00071100
OS 7.75252000 4.00668900
OS 7.75260900 4.00690300
OS 7.75269400 4.00703100
OS 7.75366300 4.00893200
OS 7.75528900 4.01393500
OS 7.75531700 4.01407500
OS 7.75539900 4.01427400
OS 7.75652200 4.01772700
OS 7.75706200 4.02113200
OS 7.75706200 4.02120200
OS 7.75711800 4.02148600
OS 7.75797200 4.02687000
OS 7.75797300 4.03607400
OS 7.75794500 4.03621500
OS 7.75794500 4.03628400
OS 7.75675200 4.04381700
OS 7.75669300 4.04411500
OS 7.75669300 4.04418900
OS 7.75652600 4.04524200
OS 7.75464700 4.05103200
OS 7.75456000 4.05124200
OS 7.75453000 4.05139100
OS 7.75366500 4.05405400
OS 7.75150900 4.05828600
OS 7.75142400 4.05841400
OS 7.75133500 4.05862800
OS 7.74947300 4.06228200
OS 7.74731200 4.06525400
OS 7.72032400 4.03826900
OS 7.72000200 4.03805400
OS 7.71964400 4.03790600
OS 7.71926300 4.03783000
OS 7.71887600 4.03783000
OS 7.71849500 4.03790600
OS 7.71813700 4.03805400
OS 7.71781500 4.03826900
OS 7.71754000 4.03854400
OS 7.71732500 4.03886600
OS 7.71727800 4.03897800
OS 7.71726500 4.03900400
OS 7.71610900 4.04100700
OS 7.71596700 4.04121900
OS 7.71591800 4.04133600
OS 7.71530000 4.04240800
OS 7.71516200 4.04261400
OS 7.71511400 4.04272900
OS 7.71473000 4.04339500
OS 7.71112200 4.04700500
OS 7.70905200 4.04820200
OS 7.70893800 4.04824900
OS 7.70872800 4.04838900
OS 7.70671100 4.04955400
OS 7.70658500 4.04960700
OS 7.70626300 4.04982200
OS 7.70598800 4.05009700
OS 7.70577300 4.05041900
OS 7.70562500 4.05077700
OS 7.70554900 4.05115800
OS 7.70554900 4.05154500
OS 7.70562500 4.05192600
OS 7.70577300 4.05228400
OS 7.70598800 4.05260600
OS 7.73297000 4.07959200
OS 7.73293800 4.07961900
OS 7.73142700 4.08071900
OS 7.73115400 4.08090100
OS 7.73109300 4.08096200
OS 7.73000700 4.08175000
OS 7.72177500 4.08594600
OS 7.71535100 4.08803300
OS 7.71520500 4.08806200
OS 7.71499800 4.08814800
OS 7.71298200 4.08880300
OS 7.70383200 4.09025400
OS 7.69459300 4.09025400
OS 7.68546500 4.08880800
OS 7.68342300 4.08814600
OS 7.68322000 4.08806200
OS 7.68307600 4.08803300
OS 7.67665200 4.08594700
OS 7.66842800 4.08175800
OS 7.66731900 4.08095100
OS 7.66726900 4.08090100
OS 7.66704300 4.08075000
OS 7.66545400 4.07959400
OS 7.69243800 4.05260600
OS 7.69265300 4.05228400
OS 7.69280100 4.05192600
OS 7.69287700 4.05154500
OS 7.69287700 4.05115800
OS 7.69280100 4.05077700
OS 7.69265300 4.05041900
OS 7.69243800 4.05009700
OS 7.69216300 4.04982200
OS 7.69184100 4.04960700
OS 7.69172800 4.04956000
OS 7.68969400 4.04838600
OS 7.68948800 4.04824900
OS 7.68937400 4.04820200
OS 7.68731200 4.04701200
OS 7.68370200 4.04340400
OS 7.68331100 4.04272800
OS 7.68326400 4.04261400
OS 7.68312400 4.04240400
OS 7.68250900 4.04134000
OS 7.68245900 4.04121900
OS 7.68231100 4.04099700
OS 7.68115100 4.03898700
OS 7.68110100 4.03886600
OS 7.68088600 4.03854400
OS 7.68061100 4.03826900
OS 7.68028900 4.03805400
OS 7.67993100 4.03790600
OS 7.67955000 4.03783000
OS 7.67916300 4.03783000
OS 7.67878200 4.03790600
OS 7.67842400 4.03805400
OS 7.67810200 4.03826900
OS 7.65114500 4.06522300
OS 7.65111300 4.06525200
OS 7.65107900 4.06520800
OS 7.64896100 4.06229700
OS 7.64709100 4.05862800
OS 7.64700200 4.05841400
OS 7.64691500 4.05828400
OS 7.64476800 4.05407100
OS 7.64389200 4.05137700
OS 7.64386500 4.05124200
OS 7.64378600 4.05105200
OS 7.64190300 4.04526100
OS 7.64173300 4.04418800
OS 7.64173300 4.04411500
OS 7.64167400 4.04381700
OS 7.64048100 4.03629000
OS 7.64048100 4.03621500
OS 7.64045400 4.03607900
OS 7.64045300 4.02687700
OS 7.64130400 4.02150200
OS 7.64136400 4.02120200
OS 7.64136400 4.02112300
OS 7.64190000 4.01774300
OS 7.64302600 4.01427400
OS 7.64310900 4.01407500
OS 7.64313900 4.01392500
OS 7.64475400 4.00895100
OS 7.64573800 4.00701800
OS 7.64581500 4.00690300
OS 7.64589500 4.00671000
OS 7.64895200 4.00070600
OS 7.64967700 3.99970900
OS 7.64972800 3.99965800
OS 7.64988700 3.99942000
OS 7.65111200 3.99773600
OE
OB 0.41112900 3.97273500 H
OS 0.42036900 3.97273500
OS 0.42950100 3.97418200
OS 0.43829400 3.97703700
OS 0.44653700 3.98123500
OS 0.44950500 3.98339300
OS 0.42252200 4.01038300
OS 0.42230700 4.01070500
OS 0.42215900 4.01106300
OS 0.42208300 4.01144400
OS 0.42208300 4.01183100
OS 0.42215900 4.01221200
OS 0.42230700 4.01257000
OS 0.42252200 4.01289200
OS 0.42279700 4.01316700
OS 0.42311900 4.01338200
OS 0.42321900 4.01342300
OS 0.42326900 4.01344900
OS 0.42526100 4.01460000
OS 0.42547200 4.01474000
OS 0.42558800 4.01478800
OS 0.42761400 4.01595800
OS 0.42767200 4.01601600
OS 0.42771800 4.01604600
OS 0.43126000 4.01958700
OS 0.43245600 4.02165700
OS 0.43250300 4.02177000
OS 0.43264000 4.02197500
OS 0.43380700 4.02399600
OS 0.43386000 4.02412300
OS 0.43407500 4.02444500
OS 0.43435000 4.02472000
OS 0.43467200 4.02493500
OS 0.43503000 4.02508300
OS 0.43541100 4.02515900
OS 0.43579800 4.02515900
OS 0.43617900 4.02508300
OS 0.43653700 4.02493500
OS 0.43685900 4.02472000
OS 0.46384600 3.99773700
OS 0.46386800 3.99776300
OS 0.46505000 3.99938700
OS 0.46523100 3.99965800
OS 0.46528900 3.99971600
OS 0.46599200 4.00068200
OS 0.46600800 4.00070800
OS 0.46905600 4.00668900
OS 0.46914500 4.00690300
OS 0.46923100 4.00703200
OS 0.47019900 4.00893200
OS 0.47182400 4.01393200
OS 0.47185200 4.01407500
OS 0.47193500 4.01427500
OS 0.47305700 4.01772700
OS 0.47359700 4.02113000
OS 0.47359700 4.02120200
OS 0.47365500 4.02149400
OS 0.47450800 4.02687000
OS 0.47450900 4.03607400
OS 0.47448100 4.03621500
OS 0.47448100 4.03628400
OS 0.47328700 4.04381600
OS 0.47322800 4.04411500
OS 0.47322800 4.04418900
OS 0.47306100 4.04524400
OS 0.47118200 4.05103600
OS 0.47109600 4.05124200
OS 0.47106700 4.05138900
OS 0.47020600 4.05404000
OS 0.46804400 4.05828900
OS 0.46796000 4.05841400
OS 0.46787300 4.05862300
OS 0.46600900 4.06228300
OS 0.46385000 4.06525200
OS 0.43686000 4.03826900
OS 0.43653800 4.03805400
OS 0.43618000 4.03790600
OS 0.43579900 4.03783000
OS 0.43541200 4.03783000
OS 0.43503100 4.03790600
OS 0.43467300 4.03805400
OS 0.43435100 4.03826900
OS 0.43407600 4.03854400
OS 0.43386100 4.03886600
OS 0.43382100 4.03896300
OS 0.43379700 4.03901000
OS 0.43264800 4.04099900
OS 0.43250200 4.04121800
OS 0.43245200 4.04133900
OS 0.43183500 4.04240700
OS 0.43169700 4.04261400
OS 0.43165000 4.04272800
OS 0.43126500 4.04339500
OS 0.42767100 4.04699200
OS 0.42765300 4.04700700
OS 0.42558300 4.04820300
OS 0.42547300 4.04824900
OS 0.42527300 4.04838300
OS 0.42322900 4.04956300
OS 0.42312100 4.04960800
OS 0.42279900 4.04982300
OS 0.42252400 4.05009800
OS 0.42230900 4.05042000
OS 0.42216100 4.05077800
OS 0.42208500 4.05115900
OS 0.42208500 4.05154600
OS 0.42216100 4.05192700
OS 0.42230900 4.05228500
OS 0.42252400 4.05260700
OS 0.44950500 4.07959200
OS 0.44947500 4.07961800
OS 0.44794400 4.08073100
OS 0.44768900 4.08090100
OS 0.44763300 4.08095700
OS 0.44654500 4.08174800
OS 0.43830800 4.08594700
OS 0.43188700 4.08803300
OS 0.43174000 4.08806200
OS 0.43153300 4.08814800
OS 0.42951300 4.08880400
OS 0.42036700 4.09025400
OS 0.41112900 4.09025400
OS 0.40200100 4.08880800
OS 0.39996100 4.08814700
OS 0.39975600 4.08806200
OS 0.39961000 4.08803300
OS 0.39320100 4.08595200
OS 0.38495700 4.08175300
OS 0.38385800 4.08095400
OS 0.38380500 4.08090100
OS 0.38356400 4.08074000
OS 0.38199000 4.07959400
OS 0.40897300 4.05260700
OS 0.40918800 4.05228500
OS 0.40933600 4.05192700
OS 0.40941200 4.05154600
OS 0.40941200 4.05115900
OS 0.40933600 4.05077800
OS 0.40918800 4.05042000
OS 0.40897300 4.05009800
OS 0.40869800 4.04982300
OS 0.40837600 4.04960800
OS 0.40827900 4.04956800
OS 0.40823100 4.04954300
OS 0.40624100 4.04839400
OS 0.40602400 4.04824900
OS 0.40590500 4.04820000
OS 0.40384700 4.04701100
OS 0.40023800 4.04340400
OS 0.39984500 4.04272500
OS 0.39979900 4.04261400
OS 0.39966100 4.04240800
OS 0.39904200 4.04133500
OS 0.39899400 4.04121900
OS 0.39885400 4.04100900
OS 0.39768200 4.03897900
OS 0.39763600 4.03886600
OS 0.39742100 4.03854400
OS 0.39714600 4.03826900
OS 0.39682400 4.03805400
OS 0.39646600 4.03790600
OS 0.39608500 4.03783000
OS 0.39569800 4.03783000
OS 0.39531700 4.03790600
OS 0.39495900 4.03805400
OS 0.39463700 4.03826900
OS 0.36767700 4.06522600
OS 0.36764800 4.06525200
OS 0.36761400 4.06520800
OS 0.36550100 4.06230500
OS 0.36362700 4.05863000
OS 0.36353700 4.05841400
OS 0.36345000 4.05828400
OS 0.36130300 4.05407100
OS 0.36042900 4.05138600
OS 0.36040000 4.05124200
OS 0.36031600 4.05104000
OS 0.35843800 4.04526100
OS 0.35826800 4.04418800
OS 0.35826800 4.04411500
OS 0.35820800 4.04381200
OS 0.35701600 4.03629000
OS 0.35701600 4.03621500
OS 0.35698900 4.03607900
OS 0.35698800 4.02687700
OS 0.35783800 4.02150800
OS 0.35789900 4.02120200
OS 0.35789900 4.02112300
OS 0.35843800 4.01773000
OS 0.35955800 4.01428300
OS 0.35964400 4.01407500
OS 0.35967400 4.01392500
OS 0.36128900 4.00895100
OS 0.36226900 4.00702400
OS 0.36235000 4.00690300
OS 0.36243600 4.00669600
OS 0.36548700 4.00070600
OS 0.36621100 3.99971000
OS 0.36626300 3.99965800
OS 0.36642200 3.99942000
OS 0.36764700 3.99773500
OS 0.39463600 4.02472000
OS 0.39495800 4.02493500
OS 0.39531600 4.02508300
OS 0.39569700 4.02515900
OS 0.39608400 4.02515900
OS 0.39646500 4.02508300
OS 0.39682300 4.02493500
OS 0.39714500 4.02472000
OS 0.39742000 4.02444500
OS 0.39763500 4.02412300
OS 0.39767300 4.02403000
OS 0.39770500 4.02396800
OS 0.39884800 4.02199000
OS 0.39899400 4.02177100
OS 0.39904400 4.02165000
OS 0.40023100 4.01959400
OS 0.40377100 4.01605200
OS 0.40382500 4.01601600
OS 0.40388400 4.01595700
OS 0.40590700 4.01478800
OS 0.40602400 4.01474000
OS 0.40623500 4.01459900
OS 0.40826100 4.01343000
OS 0.40837600 4.01338200
OS 0.40869800 4.01316700
OS 0.40897300 4.01289200
OS 0.40918800 4.01257000
OS 0.40933600 4.01221200
OS 0.40941200 4.01183100
OS 0.40941200 4.01144400
OS 0.40933600 4.01106300
OS 0.40918800 4.01070500
OS 0.40897300 4.01038300
OS 0.38199100 3.98339700
OS 0.38202800 3.98336600
OS 0.38493400 3.98125100
OS 0.39318500 3.97704400
OS 0.40198200 3.97418500
OS 0.41112900 3.97273500
OE
OB 4.66651700 3.87822700 H
OS 4.67678800 3.87822700
OS 4.68697200 3.87956800
OS 4.68699800 3.87957300
OS 4.69692300 3.88223200
OS 4.70642200 3.88616500
OS 4.71291800 3.88991400
OS 4.71312700 3.89005300
OS 4.71324300 3.89010100
OS 4.71533100 3.89130600
OS 4.72330900 3.89742600
OS 4.72339900 3.89751600
OS 4.72352500 3.89760000
OS 4.73071400 3.90478600
OS 4.73076200 3.90485800
OS 4.73085200 3.90494800
OS 4.73668500 3.91255200
OS 4.73682300 3.91275800
OS 4.73691100 3.91284600
OS 4.73703000 3.91300100
OS 4.74100700 3.91989000
OS 4.74105400 3.92000300
OS 4.74119000 3.92020700
OS 4.74217500 3.92191300
OS 4.74610900 3.93140700
OS 4.74703100 3.93484800
OS 4.74707600 3.93507500
OS 4.74712100 3.93518300
OS 4.74877100 3.94134100
OS 4.74877900 3.94138600
OS 4.74887000 3.94207700
OS 4.74887000 3.94220200
OS 4.74891900 3.94245100
OS 4.74991100 3.94997900
OS 4.74991100 3.95010200
OS 4.74995900 3.95034600
OS 4.75011800 3.95155000
OS 4.75011800 3.96182400
OS 4.74971800 3.96486800
OS 4.74966900 3.96511500
OS 4.74966900 3.96523900
OS 4.74878000 3.97199100
OS 4.74877100 3.97203900
OS 4.74874500 3.97213600
OS 4.74870100 3.97224200
OS 4.74865700 3.97246500
OS 4.74662900 3.98003500
OS 4.74658500 3.98014200
OS 4.74654000 3.98036700
OS 4.74611300 3.98196300
OS 4.74217900 3.99146100
OS 4.74013300 3.99500700
OS 4.73999500 3.99521400
OS 4.73994700 3.99532900
OS 4.73704000 4.00036800
OS 4.73550200 4.00237300
OS 4.73541600 4.00245900
OS 4.73528300 4.00265800
OS 4.73078100 4.00852700
OS 4.72350100 4.01580800
OS 4.72121100 4.01756600
OS 4.72100800 4.01770100
OS 4.72092100 4.01778800
OS 4.71535200 4.02206300
OS 4.71006600 4.02511600
OS 4.70995000 4.02516400
OS 4.70974100 4.02530400
OS 4.70644000 4.02720900
OS 4.69693500 4.03114700
OS 4.69108700 4.03271500
OS 4.69085200 4.03276200
OS 4.69073900 4.03280900
OS 4.68701000 4.03380900
OS 4.67679000 4.03515600
OS 4.66651800 4.03515600
OS 4.65635400 4.03381800
OS 4.65630900 4.03381000
OS 4.65256300 4.03280600
OS 4.65245600 4.03276200
OS 4.65223200 4.03271800
OS 4.64638100 4.03115000
OS 4.63688500 4.02721800
OS 4.63356100 4.02530000
OS 4.63335700 4.02516400
OS 4.63324300 4.02511700
OS 4.62798000 4.02208000
OS 4.62793900 4.02205100
OS 4.62239200 4.01779400
OS 4.62229900 4.01770100
OS 4.62208400 4.01755800
OS 4.61981600 4.01581700
OS 4.61253300 4.00853500
OS 4.60803000 4.00266700
OS 4.60789100 4.00245900
OS 4.60780100 4.00236900
OS 4.60627700 4.00038300
OS 4.60335600 3.99532200
OS 4.60331100 3.99521400
OS 4.60317800 3.99501400
OS 4.60112900 3.99146400
OS 4.59719700 3.98197300
OS 4.59676700 3.98036700
OS 4.59672200 3.98014200
OS 4.59667800 3.98003500
OS 4.59465400 3.97248400
OS 4.59460600 3.97224200
OS 4.59455900 3.97212900
OS 4.59453500 3.97203900
OS 4.59363900 3.96523900
OS 4.59363900 3.96511500
OS 4.59359000 3.96486800
OS 4.59318900 3.96182400
OS 4.59318900 3.95155600
OS 4.59334800 3.95034600
OS 4.59339700 3.95010200
OS 4.59339700 3.94997600
OS 4.59438700 3.94245900
OS 4.59443800 3.94220200
OS 4.59443800 3.94207000
OS 4.59452900 3.94137900
OS 4.59453500 3.94134700
OS 4.59618600 3.93518300
OS 4.59623100 3.93507500
OS 4.59627800 3.93484000
OS 4.59719300 3.93142300
OS 4.60112700 3.92192400
OS 4.60212200 3.92019900
OS 4.60225300 3.92000300
OS 4.60229800 3.91989400
OS 4.60626700 3.91301500
OS 4.60639900 3.91284300
OS 4.60648400 3.91275800
OS 4.60661700 3.91255900
OS 4.61245300 3.90495100
OS 4.61254600 3.90485800
OS 4.61259000 3.90479200
OS 4.61977200 3.89760800
OS 4.61991000 3.89751600
OS 4.62000200 3.89742400
OS 4.62796300 3.89131500
OS 4.63006800 3.89009900
OS 4.63018000 3.89005300
OS 4.63038200 3.88991800
OS 4.63686300 3.88617600
OS 4.64637200 3.88223500
OS 4.65630000 3.87957400
OS 4.66651700 3.87822700
OE
OB 0.66857800 3.31129900 H
OS 0.67472200 3.31129800
OS 0.68074300 3.31249500
OS 0.68080000 3.31251400
OS 0.68642900 3.31484600
OS 0.69156000 3.31827100
OS 0.69192300 3.31842100
OS 0.69200800 3.31843800
OS 0.69221100 3.31852100
OS 0.69238000 3.31855500
OS 0.69360200 3.31893800
OS 0.69379100 3.31901600
OS 0.69395700 3.31904900
OS 0.69406600 3.31909300
OS 0.69445300 3.31917000
OS 0.73377600 3.31917200
OS 0.73970700 3.32075900
OS 0.74032500 3.32111300
OS 0.74053400 3.32125300
OS 0.74065000 3.32130100
OS 0.74503500 3.32383200
OS 1.29001000 3.86880300
OS 1.29033200 3.86901800
OS 1.29041300 3.86905100
OS 1.29059800 3.86917400
OS 1.29076100 3.86924100
OS 1.29172000 3.86976600
OS 1.29189800 3.86988500
OS 1.29206000 3.86995200
OS 1.29215100 3.87000200
OS 1.29223600 3.87005900
OS 1.29259800 3.87020900
OS 1.29298700 3.87028700
OS 1.29308100 3.87028700
OS 1.29318400 3.87029800
OS 1.29339900 3.87034100
OS 1.29345400 3.87034100
OS 1.29351400 3.87035300
OS 4.45998400 3.87035300
OS 4.46037100 3.87027600
OS 4.46045300 3.87024200
OS 4.46066700 3.87019900
OS 4.46083200 3.87013100
OS 4.46188300 3.86982200
OS 4.46209100 3.86978100
OS 4.46225200 3.86971400
OS 4.46234800 3.86968600
OS 4.46245400 3.86966500
OS 4.46281800 3.86951400
OS 4.46314000 3.86929900
OS 4.46320500 3.86923500
OS 4.46330200 3.86915700
OS 4.46347400 3.86904200
OS 4.46351100 3.86900500
OS 4.46356500 3.86896900
OS 4.51716900 3.81536400
OS 4.51738500 3.81504100
OS 4.51742600 3.81494600
OS 4.51754000 3.81477600
OS 4.51760500 3.81461900
OS 4.51821500 3.81350200
OS 4.51833300 3.81332500
OS 4.51840000 3.81316300
OS 4.51846300 3.81306900
OS 4.51861400 3.81270500
OS 4.51958700 3.80782200
OS 4.52193500 3.80215000
OS 4.52535600 3.79702800
OS 4.52969800 3.79268400
OS 4.52973000 3.79266000
OS 4.53480700 3.78926700
OS 4.53483900 3.78925200
OS 4.54049000 3.78691400
OS 4.54653200 3.78570800
OS 4.55267700 3.78570700
OS 4.55870900 3.78690800
OS 4.56438400 3.78925600
OS 4.56950600 3.79267700
OS 4.57385700 3.79702700
OS 4.57727400 3.80214000
OS 4.57961900 3.80780600
OS 4.58082600 3.81385100
OS 4.58082700 3.81999100
OS 4.57962500 3.82603500
OS 4.57727700 3.83170600
OS 4.57725700 3.83173900
OS 4.57385700 3.83682700
OS 4.56950700 3.84117800
OS 4.56440100 3.84459000
OS 4.56436900 3.84460500
OS 4.55871600 3.84694500
OS 4.55283200 3.84811700
OS 4.55280300 3.84811700
OS 4.55266700 3.84814400
OS 4.55261300 3.84814400
OS 4.55223200 3.84822000
OS 4.55218200 3.84824000
OS 4.55203000 3.84827000
OS 4.55186900 3.84833700
OS 4.55070600 3.84868000
OS 4.55050800 3.84871900
OS 4.55034800 3.84878500
OS 4.55025100 3.84881400
OS 4.55014500 3.84883500
OS 4.54978100 3.84898600
OS 4.54945400 3.84920500
OS 4.54939400 3.84926500
OS 4.54929500 3.84934500
OS 4.54912500 3.84945800
OS 4.54908700 3.84949600
OS 4.54903300 3.84953200
OS 4.49771400 3.90085200
OS 4.49749900 3.90117400
OS 4.49746400 3.90125900
OS 4.49734300 3.90144000
OS 4.49727300 3.90160800
OS 4.49692200 3.90225200
OS 4.49680200 3.90243200
OS 4.49673300 3.90259900
OS 4.49659900 3.90284400
OS 4.49653600 3.90293800
OS 4.49638400 3.90330500
OS 4.49630800 3.90368600
OS 4.49630800 3.90408200
OS 4.49632300 3.90415500
OS 4.49634700 3.90448800
OS 4.49634700 3.90472000
OS 4.49637300 3.90485200
OS 4.49638800 3.90505600
OS 4.49638800 3.90529300
OS 4.49641500 3.90542900
OS 4.49643500 3.90570700
OS 4.49643500 3.90583100
OS 4.49651100 3.90621200
OS 4.49665900 3.90657000
OS 4.49688100 3.90690200
OS 4.49691900 3.90694000
OS 4.49712100 3.90721100
OS 4.49728000 3.90744900
OS 4.49735400 3.90752300
OS 4.49746300 3.90766900
OS 4.49762500 3.90791200
OS 4.49770000 3.90798700
OS 4.49785200 3.90819100
OS 4.49792800 3.90830400
OS 4.49820700 3.90858400
OS 4.49852900 3.90879900
OS 4.49889800 3.90895300
OS 4.49893700 3.90896100
OS 4.49924000 3.90907400
OS 4.49956600 3.90920900
OS 4.49963400 3.90922300
OS 4.50024800 3.90945300
OS 4.50052900 3.90956900
OS 4.50059500 3.90958200
OS 4.50074700 3.90964500
OS 4.50113400 3.90972200
OS 4.52002300 3.90972300
OS 4.52041000 3.90964600
OS 4.52049400 3.90961100
OS 4.52070700 3.90956900
OS 4.52087100 3.90950100
OS 4.52192600 3.90919200
OS 4.52213200 3.90915100
OS 4.52229300 3.90908400
OS 4.52238600 3.90905700
OS 4.52249200 3.90903600
OS 4.52285600 3.90888500
OS 4.52318000 3.90866900
OS 4.52324500 3.90860400
OS 4.52333500 3.90853200
OS 4.52351500 3.90841200
OS 4.52354900 3.90837800
OS 4.52359700 3.90834600
OS 4.65338300 3.77856200
OS 4.65870000 3.77549300
OS 4.66464300 3.77389700
OS 4.90034600 3.77389600
OS 4.90073300 3.77381900
OS 4.90081300 3.77378500
OS 4.90102700 3.77374200
OS 4.90118400 3.77367700
OS 4.90206900 3.77341800
OS 4.90227000 3.77337800
OS 4.90242600 3.77331300
OS 4.90262200 3.77325600
OS 4.90272900 3.77323500
OS 4.90309300 3.77308400
OS 4.90341700 3.77286800
OS 4.90363900 3.77264800
OS 4.90365300 3.77263900
OS 4.90387400 3.77241800
OS 4.90412500 3.77217200
OS 4.90414000 3.77216200
OS 4.90440300 3.77190000
OS 4.90441200 3.77189400
OS 4.90468900 3.77161700
OS 4.90536700 3.77060300
OS 4.90541200 3.77055800
OS 4.90548400 3.77045000
OS 4.91089500 3.76503800
OS 4.91729300 3.76076400
OS 4.92440100 3.75782000
OS 4.93071100 3.75656400
OS 4.93089100 3.75648900
OS 4.93219600 3.75609300
OS 4.93238900 3.75605500
OS 4.93256800 3.75598100
OS 4.93336900 3.75573800
OS 4.93729700 3.75495600
OS 4.94130300 3.75456100
OS 4.94531400 3.75456100
OS 4.94931100 3.75495500
OS 4.95320100 3.75572900
OS 4.95328700 3.75575000
OS 4.95404400 3.75597900
OS 4.95422600 3.75605500
OS 4.95440700 3.75609100
OS 4.95457300 3.75616000
OS 4.95476600 3.75619800
OS 4.95485900 3.75623700
OS 4.95524600 3.75631400
OS 4.97902500 3.75631400
OS 4.98658200 3.75781700
OS 4.98661300 3.75782800
OS 4.99368400 3.76075700
OS 5.00010000 3.76504100
OS 5.00550900 3.77045000
OS 5.00558100 3.77055800
OS 5.00562300 3.77060000
OS 5.00982600 3.77689200
OS 5.01276900 3.78400000
OS 5.01365100 3.78842200
OS 5.01427400 3.79155900
OS 5.01427500 3.79913900
OS 5.01426000 3.79921500
OS 5.01426000 3.79932400
OS 5.01277300 3.80680600
OS 5.01275500 3.80685400
OS 5.00983100 3.81391300
OS 5.00981400 3.81394200
OS 5.00555000 3.82032400
OS 5.00009500 3.82578000
OS 4.99371100 3.83004600
OS 4.99367400 3.83006300
OS 4.98658600 3.83299700
OS 4.97902700 3.83450200
OS 4.95523700 3.83450300
OS 4.95485200 3.83457900
OS 4.95476200 3.83461600
OS 4.95456600 3.83465600
OS 4.95439200 3.83472800
OS 4.95324500 3.83507600
OS 4.94931700 3.83585800
OS 4.94531100 3.83625300
OS 4.94130000 3.83625300
OS 4.93730600 3.83586000
OS 4.93341900 3.83508700
OS 4.93333700 3.83506700
OS 4.93091900 3.83433400
OS 4.93073300 3.83425700
OS 4.92441700 3.83300200
OS 4.91729900 3.83005600
OS 4.91089800 3.82578000
OS 4.90725400 3.82213900
OS 4.90692800 3.82192100
OS 4.90684700 3.82188700
OS 4.90666300 3.82176500
OS 4.90649800 3.82169700
OS 4.90554600 3.82117700
OS 4.90536800 3.82105800
OS 4.90520000 3.82098800
OS 4.90512000 3.82094400
OS 4.90502800 3.82088300
OS 4.90466400 3.82073200
OS 4.90428300 3.82065700
OS 4.90418900 3.82065600
OS 4.90406900 3.82064300
OS 4.90386700 3.82060300
OS 4.90381600 3.82060300
OS 4.90375000 3.82059000
OS 4.67958300 3.82058900
OS 4.67919600 3.82066600
OS 4.67911500 3.82070000
OS 4.67890000 3.82074300
OS 4.67873500 3.82081100
OS 4.67768400 3.82112000
OS 4.67747600 3.82116100
OS 4.67731300 3.82122800
OS 4.67721600 3.82125700
OS 4.67711300 3.82127700
OS 4.67674900 3.82142800
OS 4.67642700 3.82164300
OS 4.67636200 3.82170700
OS 4.67626300 3.82178700
OS 4.67609300 3.82190000
OS 4.67605600 3.82193700
OS 4.67600200 3.82197300
OS 4.54623000 3.95174500
OS 4.54230000 3.95401600
OS 4.54218500 3.95406400
OS 4.54197500 3.95420400
OS 4.54091100 3.95481900
OS 4.53497500 3.95641300
OS 4.53490400 3.95641600
OS 1.12133900 3.95641600
OS 1.11540900 3.95482800
OS 1.11536900 3.95480700
OS 1.11433300 3.95420900
OS 1.11411600 3.95406400
OS 1.11399600 3.95401400
OS 1.11007800 3.95175200
OS 0.73037300 3.57204900
OS 0.73005100 3.57183400
OS 0.72996600 3.57179800
OS 0.72978500 3.57167800
OS 0.72962200 3.57161000
OS 0.72851700 3.57100700
OS 0.72833800 3.57088800
OS 0.72816800 3.57081700
OS 0.72807700 3.57075700
OS 0.72771300 3.57060600
OS 0.72160600 3.56938900
OS 0.71595400 3.56705000
OS 0.71582600 3.56696400
OS 0.71580300 3.56695400
OS 0.71081000 3.56362000
OS 0.70645600 3.55926700
OS 0.70304000 3.55415400
OS 0.70069200 3.54848000
OS 0.69948900 3.54244600
OS 0.69948800 3.53630000
OS 0.70068800 3.53026800
OS 0.70303700 3.52459100
OS 0.70645800 3.51946900
OS 0.71080800 3.51511800
OS 0.71592400 3.51170000
OS 0.72159200 3.50935500
OS 0.72763400 3.50814900
OS 0.73377700 3.50814800
OS 0.73981500 3.50935000
OS 0.74548600 3.51169700
OS 0.75060800 3.51511800
OS 0.75495900 3.51946800
OS 0.75837400 3.52457900
OS 0.76072600 3.53026000
OS 0.76192900 3.53629500
OS 0.76207900 3.53665800
OS 0.76212800 3.53673100
OS 0.76221400 3.53693700
OS 0.76231200 3.53708400
OS 0.76289900 3.53820800
OS 0.76298100 3.53840600
OS 0.76307900 3.53855200
OS 0.76312200 3.53865600
OS 0.76333800 3.53898000
OS 1.13253000 3.90817300
OS 1.13285200 3.90838800
OS 1.13293300 3.90842100
OS 1.13311800 3.90854400
OS 1.13328100 3.90861100
OS 1.13424000 3.90913600
OS 1.13441800 3.90925500
OS 1.13458000 3.90932200
OS 1.13467100 3.90937200
OS 1.13475600 3.90942900
OS 1.13511800 3.90957900
OS 1.13550700 3.90965700
OS 1.13560100 3.90965700
OS 1.13570400 3.90966800
OS 1.13591900 3.90971100
OS 1.13597400 3.90971100
OS 1.13603400 3.90972300
OS 1.25234600 3.90972300
OS 1.25273300 3.90964600
OS 1.25281600 3.90961200
OS 1.25302900 3.90956900
OS 1.25319500 3.90950000
OS 1.25390000 3.90929300
OS 1.25411700 3.90925000
OS 1.25428600 3.90918000
OS 1.25454700 3.90910300
OS 1.25465900 3.90908100
OS 1.25502600 3.90892900
OS 1.25534800 3.90871400
OS 1.25562300 3.90843900
OS 1.25566600 3.90837700
OS 1.25587300 3.90813800
OS 1.25605800 3.90795300
OS 1.25613800 3.90783300
OS 1.25625400 3.90769900
OS 1.25643200 3.90752100
OS 1.25651200 3.90740100
OS 1.25669000 3.90719600
OS 1.25677400 3.90711200
OS 1.25699500 3.90678300
OS 1.25714300 3.90642500
OS 1.25722100 3.90603400
OS 1.25722100 3.90597700
OS 1.25727000 3.90564100
OS 1.25732500 3.90536500
OS 1.25732500 3.90525900
OS 1.25735100 3.90507800
OS 1.25740800 3.90479400
OS 1.25740800 3.90468200
OS 1.25744300 3.90444000
OS 1.25747100 3.90430100
OS 1.25747200 3.90390700
OS 1.25739600 3.90352600
OS 1.25724800 3.90316800
OS 1.25722300 3.90312700
OS 1.25707200 3.90279500
OS 1.25695200 3.90250600
OS 1.25691500 3.90245100
OS 1.25664100 3.90184900
OS 1.25652500 3.90156900
OS 1.25649000 3.90151600
OS 1.25642600 3.90136400
OS 1.25621100 3.90104100
OS 1.25617600 3.90100600
OS 1.25617000 3.90099700
OS 0.72258600 3.36741300
OS 0.72225900 3.36719400
OS 0.72217300 3.36715800
OS 0.72199700 3.36704100
OS 0.72183600 3.36697400
OS 0.72087300 3.36644900
OS 0.72069800 3.36633200
OS 0.72053600 3.36626500
OS 0.72045400 3.36622000
OS 0.72036300 3.36615900
OS 0.71999900 3.36600800
OS 0.71961800 3.36593300
OS 0.71952700 3.36593200
OS 0.71941100 3.36591900
OS 0.71919700 3.36587700
OS 0.71914900 3.36587700
OS 0.71908800 3.36586500
OS 0.69452700 3.36586500
OS 0.69414300 3.36594100
OS 0.69406000 3.36597500
OS 0.69384500 3.36601800
OS 0.69367900 3.36608700
OS 0.69248100 3.36643800
OS 0.69226500 3.36648100
OS 0.69209600 3.36655100
OS 0.69199100 3.36657200
OS 0.69162700 3.36672300
OS 0.68644400 3.37018500
OS 0.68076700 3.37253400
OS 0.67472700 3.37373700
OS 0.66858500 3.37373800
OS 0.66255100 3.37253800
OS 0.66250500 3.37252100
OS 0.65687100 3.37018800
OS 0.65175400 3.36676900
OS 0.64740200 3.36241800
OS 0.64398600 3.35730500
OS 0.64163600 3.35162800
OS 0.64043400 3.34559500
OS 0.64043300 3.33945000
OS 0.64163300 3.33341700
OS 0.64398200 3.32774000
OS 0.64740300 3.32261900
OS 0.65175300 3.31826800
OS 0.65685900 3.31485600
OS 0.65689400 3.31483900
OS 0.66252200 3.31250900
OS 0.66256000 3.31249800
OS 0.66857800 3.31129900
OE
OB 4.90246300 3.93625300 H
OS 4.90246100 3.93621800
OS 4.90246000 3.93090600
OS 4.90238400 3.93052500
OS 4.90223600 3.93016700
OS 4.90202100 3.92984500
OS 4.90174600 3.92957000
OS 4.90169100 3.92953300
OS 4.90156800 3.92934900
OS 4.90150300 3.92928400
OS 4.89856800 3.92530700
OS 4.89844200 3.92494700
OS 4.89842100 3.92484200
OS 4.89832000 3.92459700
OS 4.89682600 3.92033200
OS 4.89671700 3.91917600
OS 4.89671700 3.87163600
OS 4.89675000 3.87128000
OS 4.89678600 3.87110200
OS 4.89678600 3.87090300
OS 4.89682500 3.87048800
OS 4.89856000 3.86552300
OS 4.89863900 3.86541600
OS 4.89869700 3.86535800
OS 4.89884300 3.86513900
OS 4.90151000 3.86152200
OS 4.90156800 3.86146400
OS 4.90168400 3.86129000
OS 4.90174600 3.86124800
OS 4.90202100 3.86097300
OS 4.90223600 3.86065100
OS 4.90238400 3.86029300
OS 4.90246000 3.85991300
OS 4.90246100 3.85456200
OS 4.98414600 3.85456100
OS 4.98421800 3.85491900
OS 4.98436600 3.85527700
OS 4.98458100 3.85559900
OS 4.98485600 3.85587400
OS 4.98517800 3.85608900
OS 4.98553600 3.85623700
OS 4.98591700 3.85631300
OS 4.99895400 3.85631400
OS 5.00009400 3.85642200
OS 5.00011800 3.85642700
OS 5.00506100 3.85815500
OS 5.00930200 3.86128000
OS 5.01214100 3.86512500
OS 5.01229600 3.86535800
OS 5.01235900 3.86542100
OS 5.01242400 3.86550900
OS 5.01416600 3.87048100
OS 5.01420600 3.87090500
OS 5.01420600 3.87110200
OS 5.01424200 3.87128200
OS 5.01427500 3.87163600
OS 5.01427500 3.91917600
OS 5.01416700 3.92032800
OS 5.01267800 3.92458900
OS 5.01257300 3.92484200
OS 5.01255100 3.92495100
OS 5.01243300 3.92529000
OS 5.01242600 3.92530300
OS 5.00931000 3.92952800
OS 5.00781100 3.93063600
OS 5.00756400 3.93080100
OS 5.00749800 3.93086700
OS 5.00507800 3.93265200
OS 5.00010700 3.93439300
OS 4.99894900 3.93450200
OS 4.98591700 3.93450300
OS 4.98553600 3.93457900
OS 4.98517800 3.93472700
OS 4.98485600 3.93494200
OS 4.98458100 3.93521700
OS 4.98436600 3.93553900
OS 4.98421800 3.93589700
OS 4.98414700 3.93625200
OS 4.98411100 3.93625400
OS 4.90246300 3.93625300
OE
OB 4.94130300 3.45456100 H
OS 4.94531300 3.45456100
OS 4.94931000 3.45495500
OS 4.95320300 3.45572900
OS 4.95328700 3.45575000
OS 4.95338200 3.45577900
OS 4.95356600 3.45585500
OS 4.95376000 3.45589300
OS 4.95438900 3.45608400
OS 4.95457300 3.45616000
OS 4.95476800 3.45619900
OS 4.95485900 3.45623700
OS 4.95524600 3.45631400
OS 4.97902500 3.45631400
OS 4.98658200 3.45781700
OS 4.99368900 3.46075900
OS 5.00010000 3.46504100
OS 5.00555000 3.47049200
OS 5.00982300 3.47688600
OS 5.01276700 3.48399500
OS 5.01427500 3.49156000
OS 5.01427500 3.49924900
OS 5.01277300 3.50680700
OS 5.00983200 3.51391100
OS 5.00555100 3.52032300
OS 5.00009500 3.52578000
OS 4.99371200 3.53004500
OS 4.99367200 3.53006400
OS 4.98661100 3.53298800
OS 4.98658300 3.53299800
OS 4.97954400 3.53440100
OS 4.97918100 3.53455100
OS 4.97909500 3.53460700
OS 4.97890400 3.53468600
OS 4.97876300 3.53478000
OS 4.97809500 3.53512900
OS 4.97789800 3.53521100
OS 4.97775500 3.53530700
OS 4.97750000 3.53544000
OS 4.97739700 3.53548300
OS 4.97706900 3.53570100
OS 4.97679400 3.53597600
OS 4.97657200 3.53630800
OS 4.97654300 3.53637800
OS 4.97638600 3.53665400
OS 4.97624800 3.53686100
OS 4.97622400 3.53692000
OS 4.97616100 3.53701400
OS 4.97610700 3.53714400
OS 4.97596500 3.53735800
OS 4.97591000 3.53748900
OS 4.97578100 3.53771700
OS 4.97570900 3.53782400
OS 4.97555800 3.53818800
OS 4.97548200 3.53857100
OS 4.97548200 3.53896800
OS 4.97549200 3.53902000
OS 4.97551000 3.53935100
OS 4.97551000 3.53964600
OS 4.97553100 3.53975300
OS 4.97554100 3.53994100
OS 4.97554100 3.54022000
OS 4.97556100 3.54032100
OS 4.97557500 3.54058700
OS 4.97557500 3.54072500
OS 4.97565100 3.54110600
OS 4.97579900 3.54146400
OS 4.97601400 3.54178600
OS 4.97603900 3.54181100
OS 4.97626900 3.54213000
OS 4.97643300 3.54237600
OS 4.97648000 3.54242300
OS 4.97663200 3.54263400
OS 4.97680800 3.54289800
OS 4.97685800 3.54294800
OS 4.97697600 3.54311200
OS 4.97706500 3.54324500
OS 4.97734000 3.54352000
OS 4.97766200 3.54373500
OS 4.97782000 3.54380000
OS 4.97799700 3.54387700
OS 4.97802100 3.54389300
OS 4.97829700 3.54400800
OS 4.97886600 3.54425500
OS 4.97888500 3.54426800
OS 4.97909100 3.54435300
OS 4.97925500 3.54442500
OS 4.97926400 3.54443100
OS 4.97962800 3.54458200
OS 4.98001500 3.54465900
OS 4.98005400 3.54465900
OS 4.98038600 3.54472300
OS 4.98045800 3.54472300
OS 4.98709000 3.54577600
OS 4.99470500 3.54824800
OS 4.99868300 3.55027400
OS 4.99880100 3.55035300
OS 4.99899700 3.55043500
OS 5.00184700 3.55188600
OS 5.00832600 3.55659200
OS 5.01399600 3.56226100
OS 5.01590700 3.56489000
OS 5.01608500 3.56515800
OS 5.01614300 3.56521600
OS 5.01869800 3.56873300
OS 5.02046100 3.57219200
OS 5.02054900 3.57240300
OS 5.02063400 3.57253100
OS 5.02232800 3.57585300
OS 5.02349400 3.57943800
OS 5.02352100 3.57957500
OS 5.02360200 3.57976900
OS 5.02481000 3.58348500
OS 5.02509200 3.58526800
OS 4.96340400 3.58527100
OS 4.96302300 3.58534700
OS 4.96266500 3.58549500
OS 4.96234300 3.58571000
OS 4.96206800 3.58598500
OS 4.96185300 3.58630700
OS 4.96170500 3.58666500
OS 4.96162900 3.58704600
OS 4.96162900 3.58743300
OS 4.96170500 3.58781400
OS 4.96175000 3.58792200
OS 4.96235900 3.59018900
OS 4.96240800 3.59043700
OS 4.96245800 3.59055700
OS 4.96307200 3.59284400
OS 4.96307500 3.59288600
OS 4.96307500 3.59795500
OS 4.96245500 3.60027000
OS 4.96241000 3.60037800
OS 4.96236500 3.60060600
OS 4.96175300 3.60289000
OS 4.96170700 3.60300100
OS 4.96163100 3.60338200
OS 4.96163100 3.60376900
OS 4.96170700 3.60415000
OS 4.96185500 3.60450800
OS 4.96207000 3.60483000
OS 4.96234500 3.60510500
OS 4.96266700 3.60532000
OS 4.96302500 3.60546800
OS 4.96340600 3.60554400
OS 5.02509200 3.60554700
OS 5.02481300 3.60732000
OS 5.02438700 3.60863300
OS 5.02430000 3.60884200
OS 5.02427100 3.60899100
OS 5.02234000 3.61493700
OS 5.02185500 3.61589000
OS 5.02177200 3.61601400
OS 5.02168600 3.61622200
OS 5.01870900 3.62206700
OS 5.01788000 3.62320800
OS 5.01782900 3.62325900
OS 5.01767300 3.62349300
OS 5.01399500 3.62855500
OS 5.00832800 3.63422300
OS 5.00266900 3.63833400
OS 5.00241900 3.63850100
OS 5.00236500 3.63855500
OS 5.00185300 3.63892700
OS 4.99472100 3.64256200
OS 4.98710200 3.64503700
OS 4.98413000 3.64550900
OS 4.98406100 3.64550900
OS 4.98378300 3.64556400
OS 4.98052100 3.64608200
OS 4.98045100 3.64608200
OS 4.98016600 3.64613800
OS 4.98009300 3.64615000
OS 4.98005200 3.64615000
OS 4.97966500 3.64622700
OS 4.97930100 3.64637800
OS 4.97925700 3.64640700
OS 4.97921300 3.64642800
OS 4.97895000 3.64653700
OS 4.97886900 3.64659100
OS 4.97818600 3.64691500
OS 4.97792900 3.64702100
OS 4.97784900 3.64707400
OS 4.97763300 3.64717700
OS 4.97749000 3.64723600
OS 4.97716100 3.64745500
OS 4.97688600 3.64773000
OS 4.97666500 3.64806100
OS 4.97665300 3.64808900
OS 4.97645800 3.64840200
OS 4.97627900 3.64867100
OS 4.97625400 3.64873000
OS 4.97617100 3.64886500
OS 4.97597400 3.64916000
OS 4.97594700 3.64922500
OS 4.97586800 3.64935200
OS 4.97573800 3.64954900
OS 4.97558600 3.64991400
OS 4.97551000 3.65029500
OS 4.97551000 3.65068200
OS 4.97551300 3.65070400
OS 4.97551900 3.65111900
OS 4.97551900 3.65144800
OS 4.97552400 3.65147100
OS 4.97552700 3.65163400
OS 4.97552700 3.65202300
OS 4.97553200 3.65204700
OS 4.97553500 3.65244700
OS 4.97561100 3.65282900
OS 4.97576200 3.65319300
OS 4.97674200 3.65466700
OS 4.97674500 3.65467500
OS 4.97696400 3.65500200
OS 4.97724200 3.65528100
OS 4.97757000 3.65550000
OS 4.97769100 3.65555000
OS 4.97790100 3.65565100
OS 4.97798700 3.65570800
OS 4.97822100 3.65580500
OS 4.97874200 3.65605600
OS 4.97883100 3.65611500
OS 4.97909400 3.65622500
OS 4.97914000 3.65625600
OS 4.97950400 3.65640700
OS 4.98658200 3.65781600
OS 4.99368600 3.66075800
OS 4.99372900 3.66078500
OS 5.00009700 3.66503900
OS 5.00554800 3.67048800
OS 5.00982600 3.67689100
OS 5.01276800 3.68399700
OS 5.01277900 3.68404200
OS 5.01427400 3.69155600
OS 5.01427500 3.69924900
OS 5.01277300 3.70680700
OS 5.00983000 3.71391500
OS 5.00555000 3.72032400
OS 5.00009700 3.72577800
OS 4.99371100 3.73004600
OS 4.99367400 3.73006300
OS 4.98660100 3.73299200
OS 4.98655000 3.73300500
OS 4.97903000 3.73450100
OS 4.95523700 3.73450300
OS 4.95485200 3.73457900
OS 4.95476000 3.73461800
OS 4.95456600 3.73465600
OS 4.95438500 3.73473100
OS 4.95324500 3.73507600
OS 4.94931700 3.73585800
OS 4.94531100 3.73625300
OS 4.94130000 3.73625300
OS 4.93730700 3.73586000
OS 4.93341200 3.73508600
OS 4.93333400 3.73506600
OS 4.93091900 3.73433400
OS 4.93073300 3.73425700
OS 4.92441700 3.73300200
OS 4.91729900 3.73005600
OS 4.91090200 3.72578200
OS 4.90544100 3.72032400
OS 4.90116600 3.71392500
OS 4.89822200 3.70681200
OS 4.89671900 3.69926800
OS 4.89671700 3.69156100
OS 4.89821800 3.68401400
OS 4.90116300 3.67689900
OS 4.90544300 3.67049100
OS 4.91089500 3.66503800
OS 4.91729300 3.66076400
OS 4.92437100 3.65783200
OS 4.92440900 3.65781800
OS 4.93072900 3.65655800
OS 4.93091200 3.65648200
OS 4.93147000 3.65631300
OS 4.93166100 3.65627500
OS 4.93179400 3.65622000
OS 4.93183900 3.65621100
OS 4.93220100 3.65606100
OS 4.93224200 3.65603400
OS 4.93238900 3.65597300
OS 4.93253100 3.65587800
OS 4.93289900 3.65568600
OS 4.93309400 3.65560500
OS 4.93323900 3.65550800
OS 4.93349200 3.65537600
OS 4.93359500 3.65533300
OS 4.93392300 3.65511500
OS 4.93419800 3.65484000
OS 4.93442000 3.65450800
OS 4.93444900 3.65443800
OS 4.93460700 3.65416000
OS 4.93474400 3.65395500
OS 4.93479800 3.65382500
OS 4.93488900 3.65366500
OS 4.93502700 3.65345800
OS 4.93508200 3.65332600
OS 4.93520900 3.65310200
OS 4.93528300 3.65299200
OS 4.93543400 3.65262800
OS 4.93551100 3.65224100
OS 4.93551100 3.65184800
OS 4.93550100 3.65179500
OS 4.93548300 3.65145900
OS 4.93548300 3.65117000
OS 4.93546200 3.65106400
OS 4.93545200 3.65088100
OS 4.93545200 3.65059600
OS 4.93543100 3.65048800
OS 4.93541800 3.65024600
OS 4.93541800 3.65010100
OS 4.93534100 3.64971000
OS 4.93519300 3.64935200
OS 4.93497800 3.64903000
OS 4.93495300 3.64900500
OS 4.93472200 3.64868400
OS 4.93455900 3.64844000
OS 4.93451300 3.64839400
OS 4.93435800 3.64817900
OS 4.93418400 3.64791800
OS 4.93413400 3.64786800
OS 4.93401600 3.64770400
OS 4.93392700 3.64757100
OS 4.93365200 3.64729600
OS 4.93333000 3.64708100
OS 4.93315100 3.64700700
OS 4.93299500 3.64693900
OS 4.93297100 3.64692300
OS 4.93270300 3.64681200
OS 4.93213300 3.64656300
OS 4.93211100 3.64654900
OS 4.93187300 3.64645000
OS 4.93173700 3.64639100
OS 4.93172400 3.64638300
OS 4.93136600 3.64623500
OS 4.93098500 3.64615900
OS 4.93094300 3.64615800
OS 4.93061000 3.64609400
OS 4.93054000 3.64609400
OS 4.92722000 3.64556700
OS 4.92692600 3.64550900
OS 4.92685300 3.64550900
OS 4.92390400 3.64504100
OS 4.91627300 3.64256300
OS 4.90914800 3.63893300
OS 4.90862500 3.63855300
OS 4.90857300 3.63850100
OS 4.90833400 3.63834200
OS 4.90266300 3.63422100
OS 4.89699500 3.62855300
OS 4.89332900 3.62350900
OS 4.89316300 3.62325900
OS 4.89310900 3.62320500
OS 4.89229000 3.62207800
OS 4.88930400 3.61621900
OS 4.88921900 3.61601400
OS 4.88913600 3.61589000
OS 4.88865900 3.61495300
OS 4.88672100 3.60898900
OS 4.88669200 3.60884200
OS 4.88660700 3.60863700
OS 4.88618200 3.60732900
OS 4.88590000 3.60554800
OS 4.92396500 3.60554500
OS 4.92434600 3.60546900
OS 4.92470400 3.60532100
OS 4.92502600 3.60510600
OS 4.92530100 3.60483100
OS 4.92551600 3.60450900
OS 4.92566400 3.60415100
OS 4.92574000 3.60377000
OS 4.92574000 3.60338300
OS 4.92566400 3.60300200
OS 4.92561600 3.60288500
OS 4.92501100 3.60063100
OS 4.92496100 3.60037900
OS 4.92491200 3.60026000
OS 4.92429800 3.59797300
OS 4.92429600 3.59795200
OS 4.92429500 3.59286100
OS 4.92491500 3.59054600
OS 4.92496000 3.59043800
OS 4.92500600 3.59020600
OS 4.92561700 3.58792600
OS 4.92566300 3.58781500
OS 4.92573900 3.58743400
OS 4.92573900 3.58704700
OS 4.92566300 3.58666600
OS 4.92551500 3.58630800
OS 4.92530000 3.58598600
OS 4.92502500 3.58571100
OS 4.92470300 3.58549600
OS 4.92434500 3.58534800
OS 4.92396400 3.58527200
OS 4.88590000 3.58526900
OS 4.88617900 3.58349800
OS 4.88738600 3.57978000
OS 4.88747100 3.57957500
OS 4.88750000 3.57942700
OS 4.88865100 3.57588300
OS 4.89036100 3.57252500
OS 4.89044200 3.57240300
OS 4.89053000 3.57219200
OS 4.89228300 3.56874900
OS 4.89485500 3.56520900
OS 4.89490600 3.56515800
OS 4.89506200 3.56492400
OS 4.89699700 3.56226100
OS 4.90266200 3.55659500
OS 4.90913600 3.55189200
OS 4.91198500 3.55043900
OS 4.91219300 3.55035300
OS 4.91231800 3.55026900
OS 4.91626500 3.54825700
OS 4.92388900 3.54577900
OS 4.93046500 3.54473500
OS 4.93054100 3.54473500
OS 4.93083800 3.54467600
OS 4.93090000 3.54466600
OS 4.93094000 3.54466600
OS 4.93132700 3.54458900
OS 4.93169100 3.54443800
OS 4.93173100 3.54441100
OS 4.93178100 3.54438700
OS 4.93204200 3.54427900
OS 4.93212200 3.54422600
OS 4.93280400 3.54390300
OS 4.93306300 3.54379500
OS 4.93314200 3.54374200
OS 4.93336400 3.54363700
OS 4.93350200 3.54358000
OS 4.93383100 3.54336100
OS 4.93410600 3.54308600
OS 4.93432700 3.54275500
OS 4.93434100 3.54272200
OS 4.93452900 3.54242100
OS 4.93471300 3.54214500
OS 4.93473700 3.54208800
OS 4.93483700 3.54192700
OS 4.93501800 3.54165600
OS 4.93504300 3.54159500
OS 4.93516800 3.54139500
OS 4.93525400 3.54126700
OS 4.93540600 3.54090200
OS 4.93548200 3.54052100
OS 4.93548200 3.54012300
OS 4.93547900 3.54010800
OS 4.93547400 3.53974000
OS 4.93547400 3.53936800
OS 4.93546900 3.53934100
OS 4.93546600 3.53915200
OS 4.93546600 3.53879200
OS 4.93546100 3.53876600
OS 4.93545800 3.53856400
OS 4.93545800 3.53837500
OS 4.93538100 3.53798700
OS 4.93523300 3.53762900
OS 4.93501800 3.53730700
OS 4.93501000 3.53729100
OS 4.93402600 3.53581000
OS 4.93375100 3.53553500
OS 4.93342900 3.53532000
OS 4.93329900 3.53526600
OS 4.93309000 3.53516600
OS 4.93300700 3.53511000
OS 4.93277300 3.53501300
OS 4.93263800 3.53494800
OS 4.93255100 3.53489000
OS 4.93236200 3.53481200
OS 4.93233600 3.53479400
OS 4.93197000 3.53464200
OS 4.93193900 3.53463600
OS 4.93182300 3.53458800
OS 4.93163300 3.53455000
OS 4.93094300 3.53434100
OS 4.93075700 3.53426400
OS 4.92441400 3.53300100
OS 4.91730000 3.53005600
OS 4.91090400 3.52578400
OS 4.90544100 3.52032300
OS 4.90116400 3.51392100
OS 4.89822100 3.50681100
OS 4.89671800 3.49926100
OS 4.89671700 3.49156000
OS 4.89821900 3.48401100
OS 4.90116300 3.47690000
OS 4.90544200 3.47049200
OS 4.91089000 3.46504400
OS 4.91093400 3.46501200
OS 4.91729300 3.46076400
OS 4.92440300 3.45782000
OS 4.93071100 3.45656400
OS 4.93089000 3.45649000
OS 4.93286000 3.45589300
OS 4.93304800 3.45585500
OS 4.93322400 3.45578200
OS 4.93336900 3.45573800
OS 4.93727900 3.45496000
OS 4.94130300 3.45456100
OE
OB 4.60010500 3.54360100 H
OS 4.60934500 3.54360100
OS 4.61847200 3.54504700
OS 4.61849200 3.54505200
OS 4.62727400 3.54790500
OS 4.63191500 3.55026800
OS 4.63204200 3.55035300
OS 4.63225500 3.55044100
OS 4.63551300 3.55210100
OS 4.63848400 3.55426000
OS 4.61149900 3.58124900
OS 4.61128400 3.58157100
OS 4.61113600 3.58192900
OS 4.61106000 3.58231000
OS 4.61106000 3.58269700
OS 4.61113600 3.58307800
OS 4.61128400 3.58343600
OS 4.61149900 3.58375800
OS 4.61177400 3.58403300
OS 4.61209600 3.58424800
OS 4.61220800 3.58429400
OS 4.61421500 3.58545200
OS 4.61444800 3.58560700
OS 4.61456800 3.58565700
OS 4.61662600 3.58684400
OS 4.62023500 3.59045100
OS 4.62143000 3.59251800
OS 4.62147900 3.59263600
OS 4.62162000 3.59284700
OS 4.62278500 3.59486500
OS 4.62283600 3.59498900
OS 4.62305100 3.59531100
OS 4.62332600 3.59558600
OS 4.62364800 3.59580100
OS 4.62400600 3.59594900
OS 4.62438700 3.59602500
OS 4.62477400 3.59602500
OS 4.62515500 3.59594900
OS 4.62551300 3.59580100
OS 4.62583500 3.59558600
OS 4.65280400 3.56862100
OS 4.65282400 3.56860400
OS 4.65497300 3.57155500
OS 4.65530200 3.57220000
OS 4.65538600 3.57240300
OS 4.65546800 3.57252500
OS 4.65917500 3.57979800
OS 4.66162400 3.58733100
OS 4.66165200 3.58747500
OS 4.66173600 3.58767700
OS 4.66203400 3.58859400
OS 4.66297600 3.59453400
OS 4.66297600 3.59460200
OS 4.66302900 3.59486900
OS 4.66348400 3.59773700
OS 4.66348400 3.60697900
OS 4.66311300 3.60932100
OS 4.66305500 3.60961500
OS 4.66305500 3.60968800
OS 4.66203800 3.61610800
OS 4.66203300 3.61612900
OS 4.66190100 3.61653400
OS 4.66181500 3.61674200
OS 4.66178600 3.61688700
OS 4.65933800 3.62442700
OS 4.65924900 3.62464200
OS 4.65921900 3.62479500
OS 4.65917900 3.62491500
OS 4.65572600 3.63169400
OS 4.65564600 3.63181400
OS 4.65556300 3.63201500
OS 4.65498600 3.63314700
OS 4.65282500 3.63611900
OS 4.65280400 3.63610100
OS 4.62583600 3.60913500
OS 4.62551400 3.60892000
OS 4.62515600 3.60877200
OS 4.62477500 3.60869600
OS 4.62438800 3.60869600
OS 4.62400700 3.60877200
OS 4.62364900 3.60892000
OS 4.62332700 3.60913500
OS 4.62305200 3.60941000
OS 4.62283700 3.60973200
OS 4.62279600 3.60983100
OS 4.62277200 3.60987800
OS 4.62162000 3.61187400
OS 4.62147900 3.61208500
OS 4.62143100 3.61220200
OS 4.62024300 3.61425900
OS 4.61663800 3.61786700
OS 4.61455800 3.61907000
OS 4.61444900 3.61911500
OS 4.61424800 3.61924900
OS 4.61222100 3.62042100
OS 4.61209600 3.62047300
OS 4.61177400 3.62068800
OS 4.61149900 3.62096300
OS 4.61128400 3.62128500
OS 4.61113600 3.62164300
OS 4.61106000 3.62202400
OS 4.61106000 3.62241100
OS 4.61113600 3.62279200
OS 4.61128400 3.62315000
OS 4.61149900 3.62347200
OS 4.63844300 3.65041800
OS 4.63848300 3.65046100
OS 4.63553100 3.65261000
OS 4.63324000 3.65377800
OS 4.63303300 3.65386400
OS 4.63291000 3.65394600
OS 4.62730200 3.65680500
OS 4.62728000 3.65681400
OS 4.61849200 3.65966900
OS 4.60934400 3.66112000
OS 4.60013700 3.66112100
OS 4.60009000 3.66111800
OS 4.59097400 3.65967400
OS 4.58217700 3.65681800
OS 4.57653700 3.65394500
OS 4.57641500 3.65386400
OS 4.57620800 3.65377800
OS 4.57393300 3.65261900
OS 4.57096500 3.65045900
OS 4.59795000 3.62347300
OS 4.59816500 3.62315100
OS 4.59831300 3.62279300
OS 4.59838900 3.62241200
OS 4.59838900 3.62202500
OS 4.59831300 3.62164400
OS 4.59816500 3.62128600
OS 4.59795000 3.62096400
OS 4.59767500 3.62068900
OS 4.59735300 3.62047400
OS 4.59724400 3.62042900
OS 4.59520000 3.61924900
OS 4.59500100 3.61911600
OS 4.59488800 3.61906900
OS 4.59282800 3.61788000
OS 4.58921300 3.61426900
OS 4.58801500 3.61219500
OS 4.58797000 3.61208600
OS 4.58783800 3.61188900
OS 4.58666100 3.60985000
OS 4.58661200 3.60973300
OS 4.58639700 3.60941100
OS 4.58612200 3.60913600
OS 4.58580000 3.60892100
OS 4.58544200 3.60877300
OS 4.58506100 3.60869700
OS 4.58467400 3.60869700
OS 4.58429300 3.60877300
OS 4.58393500 3.60892100
OS 4.58361300 3.60913600
OS 4.55662600 3.63611800
OS 4.55447000 3.63315900
OS 4.55388700 3.63201500
OS 4.55380400 3.63181400
OS 4.55372100 3.63169000
OS 4.55027900 3.62493700
OS 4.55027000 3.62491500
OS 4.55022700 3.62478200
OS 4.55019900 3.62464200
OS 4.55011800 3.62444600
OS 4.54766400 3.61689500
OS 4.54763400 3.61674200
OS 4.54754500 3.61652900
OS 4.54741500 3.61612700
OS 4.54639500 3.60969400
OS 4.54639500 3.60961500
OS 4.54633400 3.60930700
OS 4.54596500 3.60698200
OS 4.54596500 3.59774400
OS 4.54641400 3.59490700
OS 4.54647500 3.59460200
OS 4.54647500 3.59452300
OS 4.54741200 3.58860600
OS 4.54771400 3.58767700
OS 4.54779800 3.58747500
OS 4.54782800 3.58732500
OS 4.55026800 3.57980900
OS 4.55397600 3.57252800
OS 4.55406000 3.57240300
OS 4.55414700 3.57219400
OS 4.55446300 3.57157300
OS 4.55662400 3.56860300
OS 4.58361300 3.59558600
OS 4.58393500 3.59580100
OS 4.58429300 3.59594900
OS 4.58467400 3.59602500
OS 4.58506100 3.59602500
OS 4.58544200 3.59594900
OS 4.58580000 3.59580100
OS 4.58612200 3.59558600
OS 4.58639700 3.59531100
OS 4.58661200 3.59498900
OS 4.58666100 3.59487100
OS 4.58782900 3.59284700
OS 4.58797000 3.59263600
OS 4.58801800 3.59251900
OS 4.58920700 3.59046000
OS 4.59281500 3.58685000
OS 4.59488600 3.58565300
OS 4.59500000 3.58560600
OS 4.59520800 3.58546800
OS 4.59722100 3.58430500
OS 4.59735300 3.58424900
OS 4.59767500 3.58403400
OS 4.59795000 3.58375900
OS 4.59816500 3.58343700
OS 4.59831300 3.58307900
OS 4.59838900 3.58269800
OS 4.59838900 3.58231100
OS 4.59831300 3.58193000
OS 4.59816500 3.58157200
OS 4.59795000 3.58125000
OS 4.57096700 3.55426300
OS 4.57100600 3.55423100
OS 4.57391000 3.55211700
OS 4.57393000 3.55210500
OS 4.57719500 3.55044100
OS 4.57740700 3.55035300
OS 4.57753400 3.55026800
OS 4.58216100 3.54791000
OS 4.59095800 3.54505100
OS 4.60010500 3.54360100
OE
OB 2.37963300 3.51997900 H
OS 2.38887300 3.51997900
OS 2.39800200 3.52142500
OS 2.40680200 3.52428300
OS 2.41129100 3.52656900
OS 2.41141700 3.52665300
OS 2.41162800 3.52674100
OS 2.41504100 3.52847900
OS 2.41801000 3.53063800
OS 2.39102600 3.55762700
OS 2.39081100 3.55794900
OS 2.39066300 3.55830700
OS 2.39058700 3.55868800
OS 2.39058700 3.55907500
OS 2.39066300 3.55945600
OS 2.39081100 3.55981400
OS 2.39102600 3.56013600
OS 2.39130100 3.56041100
OS 2.39162300 3.56062600
OS 2.39172300 3.56066700
OS 2.39177200 3.56069200
OS 2.39376500 3.56184300
OS 2.39397600 3.56198400
OS 2.39409200 3.56203200
OS 2.39614800 3.56321900
OS 2.39976300 3.56683000
OS 2.40096000 3.56890100
OS 2.40100700 3.56901400
OS 2.40114400 3.56921900
OS 2.40231200 3.57124200
OS 2.40236400 3.57136700
OS 2.40257900 3.57168900
OS 2.40285400 3.57196400
OS 2.40317600 3.57217900
OS 2.40353400 3.57232700
OS 2.40391500 3.57240300
OS 2.40430200 3.57240300
OS 2.40468300 3.57232700
OS 2.40504100 3.57217900
OS 2.40536300 3.57196400
OS 2.43235000 3.54498100
OS 2.43237200 3.54500700
OS 2.43449600 3.54792600
OS 2.43451200 3.54795200
OS 2.43478400 3.54848600
OS 2.43487400 3.54870300
OS 2.43496100 3.54883400
OS 2.43870300 3.55617600
OS 2.44112400 3.56362600
OS 2.44115300 3.56377500
OS 2.44124000 3.56398500
OS 2.44156100 3.56497200
OS 2.44249100 3.57083100
OS 2.44249100 3.57090200
OS 2.44254800 3.57118900
OS 2.44301200 3.57411400
OS 2.44301200 3.58335600
OS 2.44265400 3.58561900
OS 2.44259500 3.58591500
OS 2.44259500 3.58599000
OS 2.44156100 3.59250400
OS 2.44145400 3.59283300
OS 2.44136700 3.59304200
OS 2.44133800 3.59319100
OS 2.43889100 3.60072800
OS 2.43880200 3.60094200
OS 2.43877200 3.60109500
OS 2.43870900 3.60128800
OS 2.43529700 3.60798800
OS 2.43521300 3.60811400
OS 2.43512600 3.60832400
OS 2.43451300 3.60952700
OS 2.43235400 3.61249600
OS 2.43232200 3.61246900
OS 2.40536400 3.58551300
OS 2.40504200 3.58529800
OS 2.40468400 3.58515000
OS 2.40430300 3.58507400
OS 2.40391600 3.58507400
OS 2.40353500 3.58515000
OS 2.40317700 3.58529800
OS 2.40285500 3.58551300
OS 2.40258000 3.58578800
OS 2.40236500 3.58611000
OS 2.40232500 3.58620700
OS 2.40230400 3.58624900
OS 2.40115500 3.58823900
OS 2.40100600 3.58846200
OS 2.40095500 3.58858500
OS 2.39976900 3.59063900
OS 2.39617700 3.59423400
OS 2.39615700 3.59425100
OS 2.39408600 3.59544800
OS 2.39397700 3.59549300
OS 2.39377700 3.59562700
OS 2.39173300 3.59680700
OS 2.39162500 3.59685200
OS 2.39130300 3.59706700
OS 2.39102800 3.59734200
OS 2.39081300 3.59766400
OS 2.39066500 3.59802200
OS 2.39058900 3.59840300
OS 2.39058900 3.59879000
OS 2.39066500 3.59917100
OS 2.39081300 3.59952900
OS 2.39102800 3.59985100
OS 2.41801000 3.62683700
OS 2.41798000 3.62686200
OS 2.41507600 3.62897500
OS 2.41503900 3.62899900
OS 2.41292700 3.63007500
OS 2.41271300 3.63016400
OS 2.41258400 3.63025000
OS 2.40681500 3.63319000
OS 2.39802100 3.63604700
OS 2.38887100 3.63749800
OS 2.37963300 3.63749800
OS 2.37050500 3.63605200
OS 2.37048500 3.63604700
OS 2.36170500 3.63319600
OS 2.35591200 3.63024500
OS 2.35579000 3.63016400
OS 2.35558600 3.63007900
OS 2.35346100 3.62899700
OS 2.35049400 3.62683800
OS 2.37747700 3.59985100
OS 2.37769200 3.59952900
OS 2.37784000 3.59917100
OS 2.37791600 3.59879000
OS 2.37791600 3.59840300
OS 2.37784000 3.59802200
OS 2.37769200 3.59766400
OS 2.37747700 3.59734200
OS 2.37720200 3.59706700
OS 2.37688000 3.59685200
OS 2.37678700 3.59681400
OS 2.37672500 3.59678200
OS 2.37474700 3.59563900
OS 2.37452800 3.59549300
OS 2.37440800 3.59544300
OS 2.37235100 3.59425500
OS 2.36874100 3.59064700
OS 2.36754600 3.58857900
OS 2.36749800 3.58846300
OS 2.36735800 3.58825300
OS 2.36618700 3.58622400
OS 2.36614000 3.58611000
OS 2.36592500 3.58578800
OS 2.36565000 3.58551300
OS 2.36532800 3.58529800
OS 2.36497000 3.58515000
OS 2.36458900 3.58507400
OS 2.36420200 3.58507400
OS 2.36382100 3.58515000
OS 2.36346300 3.58529800
OS 2.36314100 3.58551300
OS 2.33618100 3.61247000
OS 2.33615200 3.61249600
OS 2.33612000 3.61245500
OS 2.33400500 3.60954900
OS 2.33337300 3.60831000
OS 2.33329200 3.60811400
OS 2.33321300 3.60799600
OS 2.32980700 3.60131500
OS 2.32972800 3.60107100
OS 2.32970200 3.60094200
OS 2.32962700 3.60076000
OS 2.32716400 3.59318800
OS 2.32713500 3.59304200
OS 2.32705000 3.59283700
OS 2.32694200 3.59250500
OS 2.32590900 3.58598800
OS 2.32590900 3.58591500
OS 2.32585000 3.58561900
OS 2.32549300 3.58336400
OS 2.32549200 3.57412100
OS 2.32595700 3.57118900
OS 2.32601400 3.57090200
OS 2.32601400 3.57082600
OS 2.32693900 3.56498800
OS 2.32727100 3.56396700
OS 2.32735000 3.56377500
OS 2.32737700 3.56363700
OS 2.32979300 3.55619500
OS 2.33354500 3.54882600
OS 2.33362700 3.54870300
OS 2.33371200 3.54849700
OS 2.33399100 3.54795000
OS 2.33615100 3.54498000
OS 2.36314000 3.57196400
OS 2.36346200 3.57217900
OS 2.36382000 3.57232700
OS 2.36420100 3.57240300
OS 2.36458800 3.57240300
OS 2.36496900 3.57232700
OS 2.36532700 3.57217900
OS 2.36564900 3.57196400
OS 2.36592400 3.57168900
OS 2.36613900 3.57136700
OS 2.36617900 3.57127000
OS 2.36621000 3.57121100
OS 2.36735200 3.56923400
OS 2.36749800 3.56901500
OS 2.36754800 3.56889400
OS 2.36873500 3.56683800
OS 2.37234300 3.56322800
OS 2.37441300 3.56203100
OS 2.37452800 3.56198400
OS 2.37473900 3.56184300
OS 2.37676500 3.56067400
OS 2.37688000 3.56062600
OS 2.37720200 3.56041100
OS 2.37747700 3.56013600
OS 2.37769200 3.55981400
OS 2.37784000 3.55945600
OS 2.37791600 3.55907500
OS 2.37791600 3.55868800
OS 2.37784000 3.55830700
OS 2.37769200 3.55794900
OS 2.37747700 3.55762700
OS 2.35049500 3.53064100
OS 2.35053200 3.53061000
OS 2.35345800 3.52848300
OS 2.35687600 3.52674100
OS 2.35708800 3.52665300
OS 2.35721500 3.52656800
OS 2.36168900 3.52428800
OS 2.37048600 3.52142900
OS 2.37963300 3.51997900
OE
OB 0.24919000 3.19121900 H
OS 0.26734700 3.19121900
OS 0.27557500 3.19252400
OS 0.28340700 3.19506800
OS 0.28354900 3.19512700
OS 0.29090300 3.19887300
OS 0.29556400 3.20225900
OS 0.29562100 3.20231600
OS 0.29588000 3.20248900
OS 0.29763200 3.20376200
OS 0.30345100 3.20958000
OS 0.30350300 3.20965800
OS 0.30358600 3.20974100
OS 0.30840000 3.21636700
OS 0.30857200 3.21670000
OS 0.30865600 3.21690300
OS 0.30873800 3.21702500
OS 0.31218400 3.22378900
OS 0.31223300 3.22394100
OS 0.31226000 3.22407500
OS 0.31233800 3.22426200
OS 0.31475800 3.23170500
OS 0.31592000 3.23903000
OS 0.31592000 3.23910200
OS 0.31597500 3.23938000
OS 0.31606300 3.23993200
OS 0.31606300 3.24824700
OS 0.31518200 3.25381200
OS 0.31512200 3.25411500
OS 0.31512200 3.25419100
OS 0.31476200 3.25646200
OS 0.31327600 3.26103900
OS 0.31319200 3.26124200
OS 0.31316400 3.26138500
OS 0.31219100 3.26438200
OS 0.31019700 3.26829700
OS 0.31011900 3.26841400
OS 0.31003800 3.26861000
OS 0.30841000 3.27180600
OS 0.30565200 3.27560300
OS 0.30559600 3.27565900
OS 0.30542500 3.27591500
OS 0.30352200 3.27853300
OS 0.29762900 3.28442600
OS 0.29166700 3.28875700
OS 0.29140800 3.28893000
OS 0.29135900 3.28898000
OS 0.29127300 3.28903700
OS 0.29099400 3.28931600
OS 0.29093700 3.28940100
OS 0.29085000 3.28948800
OS 0.29070800 3.28970100
OS 0.29025000 3.29029400
OS 0.29015800 3.29038600
OS 0.29002400 3.29058600
OS 0.28981700 3.29085500
OS 0.28977000 3.29090200
OS 0.28954800 3.29123300
OS 0.28940000 3.29159100
OS 0.28932400 3.29197200
OS 0.28932300 3.29209400
OS 0.28929900 3.29237600
OS 0.28926600 3.29254200
OS 0.28926600 3.29275600
OS 0.28924900 3.29295200
OS 0.28921700 3.29311400
OS 0.28921700 3.29332600
OS 0.28918900 3.29365000
OS 0.28917300 3.29373300
OS 0.28917300 3.29412000
OS 0.28925000 3.29450700
OS 0.28940100 3.29487100
OS 0.28945300 3.29494900
OS 0.28959500 3.29521700
OS 0.28967200 3.29540200
OS 0.28976800 3.29554600
OS 0.28986200 3.29572400
OS 0.28993600 3.29590300
OS 0.29003100 3.29604600
OS 0.29004400 3.29607000
OS 0.29012100 3.29625500
OS 0.29022000 3.29640400
OS 0.29025300 3.29646600
OS 0.29029700 3.29657100
OS 0.29051700 3.29690000
OS 0.29079200 3.29717500
OS 0.29084700 3.29721200
OS 0.29094600 3.29729800
OS 0.29111600 3.29746800
OS 0.29137700 3.29764300
OS 0.29763000 3.30218600
OS 0.30352100 3.30807700
OS 0.30644200 3.31209700
OS 0.30661600 3.31235800
OS 0.30667300 3.31241500
OS 0.30840700 3.31480300
OS 0.31075000 3.31939900
OS 0.31083400 3.31960300
OS 0.31091600 3.31972600
OS 0.31218400 3.32221400
OS 0.31362000 3.32662900
OS 0.31364900 3.32677500
OS 0.31373500 3.32698200
OS 0.31475800 3.33013100
OS 0.31534500 3.33383100
OS 0.31534500 3.33390200
OS 0.31540200 3.33418800
OS 0.31606300 3.33835700
OS 0.31606300 3.34667100
OS 0.31575400 3.34862000
OS 0.31569600 3.34891500
OS 0.31569600 3.34898900
OS 0.31476200 3.35488700
OS 0.31475700 3.35490800
OS 0.31445600 3.35583500
OS 0.31437000 3.35604200
OS 0.31434100 3.35618900
OS 0.31219100 3.36280700
OS 0.31204800 3.36309000
OS 0.31196500 3.36321400
OS 0.31187800 3.36342400
OS 0.30842200 3.37021000
OS 0.30827300 3.37041500
OS 0.30822900 3.37045900
OS 0.30809100 3.37066500
OS 0.30352000 3.37696000
OS 0.29810500 3.38237700
OS 0.29788600 3.38270400
OS 0.29785100 3.38278700
OS 0.29773100 3.38296800
OS 0.29766300 3.38313100
OS 0.29730900 3.38378100
OS 0.29719000 3.38395900
OS 0.29712000 3.38412700
OS 0.29698700 3.38437100
OS 0.29692500 3.38446400
OS 0.29677200 3.38483200
OS 0.29669600 3.38521300
OS 0.29669600 3.38560000
OS 0.29671100 3.38567600
OS 0.29673500 3.38601500
OS 0.29673500 3.38624700
OS 0.29676100 3.38638000
OS 0.29677700 3.38659800
OS 0.29677700 3.38682100
OS 0.29680200 3.38694900
OS 0.29682300 3.38723400
OS 0.29682300 3.38735800
OS 0.29689900 3.38773900
OS 0.29704700 3.38809700
OS 0.29726200 3.38841900
OS 0.29730400 3.38846300
OS 0.29750800 3.38873600
OS 0.29766900 3.38897700
OS 0.29774300 3.38905100
OS 0.29811600 3.38955100
OS 0.29827500 3.38978900
OS 0.29834900 3.38986300
OS 0.29844500 3.39000400
OS 0.29872400 3.39028300
OS 0.29916200 3.39057800
OS 0.29919800 3.39059300
OS 0.29926100 3.39063200
OS 0.29948800 3.39078400
OS 0.29954600 3.39080800
OS 0.30179100 3.39219200
OS 0.30203200 3.39235300
OS 0.30209200 3.39237800
OS 0.30507300 3.39421700
OS 0.30991400 3.39905800
OS 0.31349700 3.40486500
OS 0.31351200 3.40490200
OS 0.31375300 3.40562700
OS 0.31378200 3.40577500
OS 0.31387500 3.40599800
OS 0.31564900 3.41135300
OS 0.31565200 3.41136700
OS 0.31579100 3.41271800
OS 0.31579100 3.41290200
OS 0.31583000 3.41310000
OS 0.31606300 3.41536400
OS 0.31606300 3.46651400
OS 0.31599000 3.46722800
OS 0.31595300 3.46741500
OS 0.31595300 3.46759000
OS 0.31565500 3.47050400
OS 0.31564700 3.47054100
OS 0.31439800 3.47431300
OS 0.31430300 3.47454200
OS 0.31427500 3.47468300
OS 0.31350700 3.47700200
OS 0.31075500 3.48146600
OS 0.31059000 3.48171400
OS 0.31056500 3.48177500
OS 0.30991800 3.48282400
OS 0.30507900 3.48766500
OS 0.30463800 3.48793800
OS 0.30457600 3.48796400
OS 0.30432600 3.48813000
OS 0.29926100 3.49125500
OS 0.29923300 3.49126600
OS 0.29278200 3.49340300
OS 0.28876400 3.49381700
OS 0.22777600 3.49381700
OS 0.22377000 3.49340700
OS 0.21728300 3.49125900
OS 0.21220800 3.48813000
OS 0.21196000 3.48796400
OS 0.21189800 3.48793800
OS 0.21147100 3.48767500
OS 0.21144300 3.48765000
OS 0.20662500 3.48283300
OS 0.20596900 3.48177100
OS 0.20594600 3.48171400
OS 0.20579400 3.48148600
OS 0.20303400 3.47701300
OS 0.20226200 3.47468700
OS 0.20223300 3.47454200
OS 0.20213800 3.47431300
OS 0.20088700 3.47053700
OS 0.20088400 3.47052300
OS 0.20058400 3.46759700
OS 0.20058400 3.46741500
OS 0.20054600 3.46722200
OS 0.20047300 3.46651400
OS 0.20047300 3.41537200
OS 0.20070500 3.41310500
OS 0.20074500 3.41290200
OS 0.20074500 3.41270900
OS 0.20088200 3.41136800
OS 0.20266100 3.40599300
OS 0.20275200 3.40577500
OS 0.20278100 3.40563100
OS 0.20303000 3.40488300
OS 0.20662100 3.39906000
OS 0.21145900 3.39422000
OS 0.21443900 3.39238100
OS 0.21450600 3.39235300
OS 0.21477600 3.39217300
OS 0.21679600 3.39092700
OS 0.21686100 3.39090000
OS 0.21712800 3.39072200
OS 0.21717700 3.39069200
OS 0.21720800 3.39067900
OS 0.21753700 3.39046000
OS 0.21781200 3.39018500
OS 0.21784100 3.39014100
OS 0.21787000 3.39010900
OS 0.21807400 3.38990500
OS 0.21813400 3.38981500
OS 0.21862400 3.38927000
OS 0.21883100 3.38906300
OS 0.21889200 3.38897200
OS 0.21905800 3.38878700
OS 0.21916200 3.38868300
OS 0.21937700 3.38836100
OS 0.21952500 3.38800300
OS 0.21960100 3.38762200
OS 0.21960200 3.38758200
OS 0.21965900 3.38723400
OS 0.21972400 3.38690700
OS 0.21972400 3.38683500
OS 0.21975800 3.38662500
OS 0.21981500 3.38633900
OS 0.21981500 3.38627900
OS 0.21985500 3.38603400
OS 0.21988500 3.38588400
OS 0.21988500 3.38549100
OS 0.21980900 3.38510900
OS 0.21965700 3.38474000
OS 0.21964700 3.38472500
OS 0.21948000 3.38434100
OS 0.21936000 3.38405100
OS 0.21934400 3.38402700
OS 0.21909700 3.38345800
OS 0.21895700 3.38312100
OS 0.21894000 3.38309600
OS 0.21887500 3.38293800
OS 0.21865700 3.38261200
OS 0.21859300 3.38254800
OS 0.21857500 3.38252100
OS 0.21301700 3.37696300
OS 0.20847700 3.37071300
OS 0.20830700 3.37045900
OS 0.20825200 3.37040400
OS 0.20812700 3.37023200
OS 0.20466000 3.36343200
OS 0.20457000 3.36321400
OS 0.20448200 3.36308200
OS 0.20435200 3.36282700
OS 0.20219600 3.35619200
OS 0.20216600 3.35604200
OS 0.20207900 3.35583200
OS 0.20177800 3.35490600
OS 0.20084000 3.34899300
OS 0.20084000 3.34891500
OS 0.20078000 3.34861200
OS 0.20047300 3.34667900
OS 0.20047300 3.33836800
OS 0.20113600 3.33418300
OS 0.20119200 3.33390200
OS 0.20119200 3.33383000
OS 0.20177800 3.33013100
OS 0.20280100 3.32698200
OS 0.20288700 3.32677500
OS 0.20291700 3.32662300
OS 0.20434300 3.32223300
OS 0.20562200 3.31972200
OS 0.20570100 3.31960300
OS 0.20578300 3.31940400
OS 0.20812400 3.31480800
OS 0.20986400 3.31241300
OS 0.20991900 3.31235800
OS 0.21008700 3.31210600
OS 0.21301800 3.30807200
OS 0.21890500 3.30218600
OS 0.22486900 3.29785400
OS 0.22512800 3.29768100
OS 0.22517500 3.29763400
OS 0.22526000 3.29757700
OS 0.22553800 3.29729900
OS 0.22559700 3.29721200
OS 0.22568600 3.29712300
OS 0.22582800 3.29691000
OS 0.22602700 3.29665200
OS 0.22612100 3.29655800
OS 0.22626100 3.29634800
OS 0.22628200 3.29632100
OS 0.22637700 3.29622600
OS 0.22651700 3.29601600
OS 0.22671900 3.29575400
OS 0.22676500 3.29570800
OS 0.22698700 3.29537700
OS 0.22713500 3.29501900
OS 0.22721100 3.29463800
OS 0.22721200 3.29451200
OS 0.22723500 3.29424600
OS 0.22727000 3.29407000
OS 0.22727000 3.29383800
OS 0.22728500 3.29367100
OS 0.22731900 3.29349700
OS 0.22731900 3.29327200
OS 0.22734500 3.29297100
OS 0.22736200 3.29288600
OS 0.22736200 3.29249000
OS 0.22728600 3.29210900
OS 0.22713400 3.29174200
OS 0.22708400 3.29166700
OS 0.22694400 3.29140200
OS 0.22686400 3.29120900
OS 0.22676300 3.29105800
OS 0.22649400 3.29054600
OS 0.22641700 3.29035900
OS 0.22631700 3.29020900
OS 0.22627900 3.29013700
OS 0.22623900 3.29004000
OS 0.22602100 3.28971300
OS 0.22574600 3.28943800
OS 0.22568600 3.28939700
OS 0.22559200 3.28931600
OS 0.22542200 3.28914600
OS 0.22518200 3.28898600
OS 0.21890400 3.28442300
OS 0.21301800 3.27853900
OS 0.21111200 3.27591500
OS 0.21094100 3.27565900
OS 0.21088500 3.27560300
OS 0.20812700 3.27180700
OS 0.20650300 3.26862200
OS 0.20641700 3.26841400
OS 0.20633300 3.26828800
OS 0.20435600 3.26441000
OS 0.20337200 3.26138500
OS 0.20334300 3.26124200
OS 0.20326000 3.26104200
OS 0.20177800 3.25648100
OS 0.20141500 3.25419200
OS 0.20141500 3.25411500
OS 0.20135500 3.25381400
OS 0.20047400 3.24825800
OS 0.20047300 3.23993900
OS 0.20055800 3.23940500
OS 0.20061800 3.23910200
OS 0.20061800 3.23902400
OS 0.20178000 3.23170100
OS 0.20419000 3.22427800
OS 0.20427500 3.22407500
OS 0.20430500 3.22392400
OS 0.20434300 3.22380800
OS 0.20779800 3.21702300
OS 0.20787800 3.21690300
OS 0.20796100 3.21670200
OS 0.20812400 3.21638300
OS 0.21294700 3.20974300
OS 0.21303200 3.20965800
OS 0.21308200 3.20958300
OS 0.21890300 3.20376300
OS 0.22066700 3.20248200
OS 0.22091600 3.20231600
OS 0.22097200 3.20226000
OS 0.22563000 3.19887500
OS 0.23296900 3.19513400
OS 0.23310900 3.19507600
OS 0.24095800 3.19252400
OS 0.24919000 3.19121900
OE
OB 4.58590200 2.88019700 H
OS 4.59204700 2.88019600
OS 4.59808000 2.88139600
OS 4.60375200 2.88374400
OS 4.60887600 2.88716500
OS 4.61322700 2.89151500
OS 4.61664200 2.89662600
OS 4.61899000 2.90230000
OS 4.62019600 2.90833900
OS 4.62019700 2.91435700
OS 4.62018600 2.91441500
OS 4.62018600 2.91454200
OS 4.61899600 2.92052000
OS 4.61664700 2.92619400
OS 4.61322200 2.93132400
OS 4.61307200 2.93168800
OS 4.61305200 2.93178300
OS 4.61297200 2.93197500
OS 4.61293800 2.93214500
OS 4.61255800 2.93335900
OS 4.61247800 2.93355200
OS 4.61244400 2.93372200
OS 4.61240100 2.93382700
OS 4.61232500 2.93421200
OS 4.61232300 3.29833900
OS 4.61170900 3.30063400
OS 4.61166400 3.30074200
OS 4.61161900 3.30096900
OS 4.61073400 3.30427600
OS 4.60875500 3.30770500
OS 4.60861600 3.30791400
OS 4.60856800 3.30803000
OS 4.60766200 3.30960000
OS 4.44583600 3.47143000
OS 4.44580800 3.47144800
OS 4.44465200 3.47211600
OS 4.44453600 3.47216400
OS 4.44432600 3.47230400
OS 4.44051700 3.47450400
OS 4.43457100 3.47610000
OS 4.41500200 3.47610200
OS 4.41461700 3.47617800
OS 4.41453300 3.47621300
OS 4.41432300 3.47625500
OS 4.41416500 3.47632000
OS 4.41293100 3.47668100
OS 4.41272600 3.47672200
OS 4.41256800 3.47678800
OS 4.41245700 3.47681000
OS 4.41209100 3.47696200
OS 4.40693900 3.48040600
OS 4.40689800 3.48042800
OS 4.40123400 3.48277200
OS 4.39520100 3.48397400
OS 4.38905700 3.48397500
OS 4.38302100 3.48277400
OS 4.37734600 3.48042500
OS 4.37223400 3.47701100
OS 4.36787600 3.47265500
OS 4.36446400 3.46755200
OS 4.36210900 3.46186500
OS 4.36090700 3.45583100
OS 4.36090600 3.44968400
OS 4.36210600 3.44365100
OS 4.36439500 3.43812100
OS 4.36440700 3.43810300
OS 4.36446700 3.43795700
OS 4.36787000 3.43286300
OS 4.37221300 3.42851500
OS 4.37224800 3.42848900
OS 4.37732800 3.42509400
OS 4.37736400 3.42507700
OS 4.38301500 3.42273700
OS 4.38905300 3.42153500
OS 4.39519700 3.42153400
OS 4.40122700 3.42273400
OS 4.40690200 3.42508300
OS 4.40693400 3.42510200
OS 4.41203300 3.42850700
OS 4.41239700 3.42865800
OS 4.41248000 3.42867500
OS 4.41269000 3.42876100
OS 4.41282200 3.42878700
OS 4.41300000 3.42890600
OS 4.41303300 3.42892000
OS 4.41308300 3.42895000
OS 4.41323200 3.42905000
OS 4.41359600 3.42920100
OS 4.41398300 3.42927800
OS 4.41403500 3.42927800
OS 4.41421200 3.42930400
OS 4.41450100 3.42936100
OS 4.41458100 3.42936100
OS 4.41480300 3.42940500
OS 4.41962800 3.42940800
OS 4.42001500 3.42933100
OS 4.42009800 3.42929600
OS 4.42030900 3.42925400
OS 4.42046900 3.42918800
OS 4.42153500 3.42887500
OS 4.42174000 3.42883400
OS 4.42189900 3.42876800
OS 4.42198500 3.42874300
OS 4.42210000 3.42872000
OS 4.42246400 3.42856900
OS 4.42279100 3.42835000
OS 4.42285300 3.42828800
OS 4.42294900 3.42821100
OS 4.42312300 3.42809500
OS 4.42315800 3.42806000
OS 4.42320900 3.42802600
OS 4.56407900 3.28715500
OS 4.56429800 3.28682800
OS 4.56433200 3.28674600
OS 4.56445400 3.28656300
OS 4.56452300 3.28639600
OS 4.56504100 3.28544900
OS 4.56516100 3.28526800
OS 4.56523300 3.28509500
OS 4.56527100 3.28502600
OS 4.56533600 3.28492800
OS 4.56548700 3.28456400
OS 4.56556400 3.28417700
OS 4.56556400 3.28408300
OS 4.56557600 3.28397300
OS 4.56561700 3.28376700
OS 4.56561700 3.28371500
OS 4.56563000 3.28365000
OS 4.56563000 2.93429200
OS 4.56555300 2.93390500
OS 4.56551800 2.93382100
OS 4.56547600 2.93361200
OS 4.56541100 2.93345600
OS 4.56505000 2.93222200
OS 4.56501100 2.93202500
OS 4.56494800 2.93187400
OS 4.56492300 2.93175300
OS 4.56477200 2.93138900
OS 4.56130800 2.92620000
OS 4.55895900 2.92052500
OS 4.55776800 2.91454700
OS 4.55776800 2.91441500
OS 4.55775700 2.91436000
OS 4.55775600 2.90834500
OS 4.55895700 2.90231200
OS 4.56130500 2.89664000
OS 4.56472600 2.89151600
OS 4.56907700 2.88716500
OS 4.57417800 2.88375600
OS 4.57421400 2.88373900
OS 4.57986700 2.88139900
OS 4.58590200 2.88019700
OE
OB 4.94130300 3.35456100 H
OS 4.94531400 3.35456100
OS 4.94929400 3.35495300
OS 4.95321300 3.35573100
OS 4.95328500 3.35574900
OS 4.95439100 3.35608500
OS 4.95457300 3.35616000
OS 4.95476600 3.35619800
OS 4.95485900 3.35623700
OS 4.95524600 3.35631400
OS 4.97902800 3.35631400
OS 4.98658200 3.35781700
OS 4.99357900 3.36071400
OS 4.99363800 3.36075300
OS 4.99374500 3.36079700
OS 5.00009400 3.36503700
OS 5.00554700 3.37048800
OS 5.00982400 3.37688800
OS 5.01275200 3.38395500
OS 5.01276900 3.38400000
OS 5.01427400 3.39155800
OS 5.01427600 3.39159500
OS 5.01427500 3.39925200
OS 5.01277200 3.40681000
OS 5.00983000 3.41391500
OS 5.00555000 3.42032400
OS 5.00009400 3.42578000
OS 4.99371100 3.43004600
OS 4.99367400 3.43006300
OS 4.98658400 3.43299800
OS 4.97903000 3.43450100
OS 4.95523700 3.43450300
OS 4.95485200 3.43457900
OS 4.95476000 3.43461800
OS 4.95456600 3.43465600
OS 4.95438500 3.43473100
OS 4.95324500 3.43507600
OS 4.94931800 3.43585800
OS 4.94531100 3.43625300
OS 4.94130000 3.43625300
OS 4.93733100 3.43586300
OS 4.93341900 3.43508700
OS 4.93333700 3.43506700
OS 4.93091400 3.43433200
OS 4.93073300 3.43425700
OS 4.92442300 3.43300300
OS 4.92436800 3.43298200
OS 4.91730500 3.43005800
OS 4.91090300 3.42578300
OS 4.90544200 3.42032400
OS 4.90116600 3.41392500
OS 4.89822200 3.40681200
OS 4.89671700 3.39925200
OS 4.89671700 3.39156200
OS 4.89821900 3.38400900
OS 4.90116300 3.37689900
OS 4.90544200 3.37049200
OS 4.91089600 3.36503800
OS 4.91724100 3.36079900
OS 4.91735200 3.36075300
OS 4.91740600 3.36071700
OS 4.92440300 3.35782000
OS 4.93071100 3.35656400
OS 4.93089400 3.35648800
OS 4.93336500 3.35573900
OS 4.93729700 3.35495600
OS 4.94130300 3.35456100
OE
OB 4.94130300 3.25456100 H
OS 4.94531400 3.25456100
OS 4.94930800 3.25495400
OS 4.95321100 3.25573000
OS 4.95329600 3.25575200
OS 4.95439800 3.25608700
OS 4.95457300 3.25616000
OS 4.95476300 3.25619700
OS 4.95485900 3.25623700
OS 4.95524600 3.25631400
OS 4.97902500 3.25631400
OS 4.98658100 3.25781700
OS 4.99368600 3.26075800
OS 4.99371500 3.26077500
OS 5.00010000 3.26504100
OS 5.00554400 3.27048400
OS 5.00982400 3.27688800
OS 5.01276800 3.28399700
OS 5.01427400 3.29155500
OS 5.01427600 3.29160600
OS 5.01427500 3.29924900
OS 5.01277300 3.30680700
OS 5.01276100 3.30684000
OS 5.00983300 3.31390900
OS 5.00981300 3.31394300
OS 5.00555000 3.32032400
OS 5.00009500 3.32578000
OS 4.99384300 3.32995800
OS 4.99382800 3.32996400
OS 4.99369100 3.33005500
OS 4.98660100 3.33299200
OS 4.98655800 3.33300300
OS 4.97902600 3.33450200
OS 4.95523700 3.33450300
OS 4.95485200 3.33457900
OS 4.95476300 3.33461600
OS 4.95456600 3.33465600
OS 4.95438900 3.33473000
OS 4.95324000 3.33507700
OS 4.94931700 3.33585800
OS 4.94531100 3.33625300
OS 4.94130000 3.33625300
OS 4.93730200 3.33585900
OS 4.93341900 3.33508700
OS 4.93333100 3.33506500
OS 4.93091900 3.33433400
OS 4.93073300 3.33425700
OS 4.92442400 3.33300300
OS 4.92437900 3.33298700
OS 4.91731300 3.33006200
OS 4.91716600 3.32996400
OS 4.91715500 3.32995900
OS 4.91090500 3.32578400
OS 4.91088600 3.32576800
OS 4.90544200 3.32032400
OS 4.90116600 3.31392500
OS 4.89822200 3.30681200
OS 4.89671700 3.29925300
OS 4.89671700 3.29156700
OS 4.89821800 3.28401400
OS 4.90116100 3.27690300
OS 4.90544200 3.27049200
OS 4.91089500 3.26503800
OS 4.91729300 3.26076400
OS 4.92439600 3.25782300
OS 4.93071100 3.25656400
OS 4.93089200 3.25648900
OS 4.93336900 3.25573800
OS 4.93729900 3.25495600
OS 4.94130300 3.25456100
OE
OB 4.94130300 3.15456100 H
OS 4.94530600 3.15456100
OS 4.94928800 3.15495200
OS 4.95321700 3.15573200
OS 4.95328300 3.15574900
OS 4.95439300 3.15608500
OS 4.95457300 3.15616000
OS 4.95476600 3.15619800
OS 4.95485900 3.15623700
OS 4.95524600 3.15631400
OS 4.97902700 3.15631400
OS 4.98658100 3.15781700
OS 4.98661700 3.15783000
OS 4.99368600 3.16075800
OS 4.99371500 3.16077500
OS 5.00010000 3.16504100
OS 5.00554800 3.17048800
OS 5.00982200 3.17688500
OS 5.01276900 3.18399900
OS 5.01427100 3.19154400
OS 5.01427100 3.19170200
OS 5.01427400 3.19171700
OS 5.01427500 3.19924900
OS 5.01277300 3.20680600
OS 5.01275700 3.20685000
OS 5.00982900 3.21391700
OS 5.00558400 3.22027300
OS 5.00549800 3.22035900
OS 5.00546400 3.22041000
OS 5.00009500 3.22578000
OS 4.99371100 3.23004600
OS 4.99367400 3.23006300
OS 4.98658600 3.23299700
OS 4.97903000 3.23450100
OS 4.95523700 3.23450300
OS 4.95485200 3.23457900
OS 4.95476300 3.23461600
OS 4.95456600 3.23465600
OS 4.95438800 3.23473000
OS 4.95408100 3.23482300
OS 4.95388600 3.23486200
OS 4.95370900 3.23493600
OS 4.95324500 3.23507600
OS 4.94931700 3.23585800
OS 4.94531100 3.23625300
OS 4.94130000 3.23625300
OS 4.93733100 3.23586300
OS 4.93341900 3.23508700
OS 4.93333300 3.23506600
OS 4.93291300 3.23493900
OS 4.93272800 3.23486200
OS 4.93253200 3.23482300
OS 4.93091800 3.23433400
OS 4.93073300 3.23425700
OS 4.92441600 3.23300100
OS 4.91730400 3.23005800
OS 4.91093400 3.22580400
OS 4.91088800 3.22577100
OS 4.90553100 3.22041300
OS 4.90549500 3.22035900
OS 4.90540500 3.22026900
OS 4.90116600 3.21392400
OS 4.89822000 3.20680600
OS 4.89671800 3.19925700
OS 4.89671700 3.19173200
OS 4.89672300 3.19170200
OS 4.89672300 3.19153400
OS 4.89821900 3.18401000
OS 4.90116300 3.17689900
OS 4.90544200 3.17049200
OS 4.91089500 3.16503800
OS 4.91729600 3.16076200
OS 4.92440600 3.15781900
OS 4.93071600 3.15656200
OS 4.93089500 3.15648800
OS 4.93337300 3.15573700
OS 4.93729800 3.15495600
OS 4.94130300 3.15456100
OE
OB 4.94130300 3.05456100 H
OS 4.94531400 3.05456100
OS 4.94929400 3.05495300
OS 4.95320800 3.05573000
OS 4.95328500 3.05574900
OS 4.95439200 3.05608500
OS 4.95457300 3.05616000
OS 4.95476800 3.05619900
OS 4.95485900 3.05623700
OS 4.95524600 3.05631400
OS 4.97902700 3.05631400
OS 4.98657900 3.05781600
OS 4.98662000 3.05783100
OS 4.99368800 3.06075900
OS 5.00010000 3.06504100
OS 5.00554600 3.07048600
OS 5.00982300 3.07688600
OS 5.01276900 3.08399900
OS 5.01427400 3.09155500
OS 5.01427600 3.09159700
OS 5.01427500 3.09925400
OS 5.01277300 3.10680700
OS 5.01276100 3.10684100
OS 5.00983100 3.11391400
OS 5.00555000 3.12032400
OS 5.00009500 3.12578000
OS 4.99371300 3.13004500
OS 4.99367400 3.13006300
OS 4.98658600 3.13299700
OS 4.97903000 3.13450100
OS 4.95523700 3.13450300
OS 4.95485200 3.13457900
OS 4.95476100 3.13461700
OS 4.95456600 3.13465600
OS 4.95438800 3.13473000
OS 4.95324500 3.13507600
OS 4.94932800 3.13585600
OS 4.94531100 3.13625300
OS 4.94130300 3.13625300
OS 4.93731600 3.13586200
OS 4.93341900 3.13508700
OS 4.93332700 3.13506400
OS 4.93091900 3.13433400
OS 4.93073300 3.13425700
OS 4.92441400 3.13300100
OS 4.91729900 3.13005600
OS 4.91089500 3.12577700
OS 4.90544100 3.12032300
OS 4.90116600 3.11392500
OS 4.89822100 3.10681100
OS 4.89671700 3.09925400
OS 4.89671700 3.09156500
OS 4.89821900 3.08401000
OS 4.89822900 3.08398200
OS 4.90116100 3.07690300
OS 4.90118600 3.07686300
OS 4.90544200 3.07049200
OS 4.91089500 3.06503800
OS 4.91729500 3.06076300
OS 4.92438000 3.05782800
OS 4.92440600 3.05781900
OS 4.93071600 3.05656200
OS 4.93090000 3.05648600
OS 4.93336900 3.05573800
OS 4.93730200 3.05495500
OS 4.94130300 3.05456100
OE
OB 3.28570400 3.04063000 H
OS 3.29185200 3.04062900
OS 3.29787200 3.04182700
OS 3.29792400 3.04184500
OS 3.30355700 3.04417800
OS 3.30867900 3.04759900
OS 3.31302400 3.05194200
OS 3.31644100 3.05705000
OS 3.31879700 3.06274100
OS 3.31999600 3.06875500
OS 3.32000000 3.06878300
OS 3.32000000 3.07491900
OS 3.31879900 3.08095400
OS 3.31646500 3.08659200
OS 3.31638400 3.08671400
OS 3.31636900 3.08675200
OS 3.31303000 3.09174900
OS 3.30868500 3.09609400
OS 3.30357600 3.09951200
OS 3.29788900 3.10186600
OS 3.29184900 3.10306900
OS 3.28571100 3.10306900
OS 3.27967700 3.10186900
OS 3.27399600 3.09951900
OS 3.26888000 3.09609900
OS 3.26453500 3.09175600
OS 3.26450600 3.09171600
OS 3.26119100 3.08675400
OS 3.26117400 3.08671400
OS 3.26110200 3.08660600
OS 3.25876200 3.08095700
OS 3.25755900 3.07491900
OS 3.25755900 3.06877800
OS 3.25876100 3.06274100
OS 3.26110800 3.05707300
OS 3.26112500 3.05704400
OS 3.26452900 3.05194900
OS 3.26887300 3.04760500
OS 3.27398500 3.04418500
OS 3.27967100 3.04183200
OS 3.28570400 3.04063000
OE
OB 4.94130300 2.95456100 H
OS 4.94531400 2.95456100
OS 4.94929200 2.95495300
OS 4.95321300 2.95573100
OS 4.95326500 2.95574400
OS 4.95439600 2.95608600
OS 4.95457300 2.95616000
OS 4.95476500 2.95619800
OS 4.95485900 2.95623700
OS 4.95524600 2.95631400
OS 4.97902700 2.95631400
OS 4.98658000 2.95781600
OS 4.99368800 2.96075900
OS 5.00010000 2.96504100
OS 5.00554800 2.97048900
OS 5.00982500 2.97689000
OS 5.01276900 2.98399900
OS 5.01427500 2.99156000
OS 5.01427500 2.99925200
OS 5.01277300 3.00680700
OS 5.00983100 3.01391300
OS 5.00555000 3.02032400
OS 5.00009900 3.02577600
OS 4.99370900 3.03004700
OS 4.99367500 3.03006300
OS 4.98658600 3.03299700
OS 4.97903200 3.03450100
OS 4.95523700 3.03450300
OS 4.95485200 3.03457900
OS 4.95476600 3.03461600
OS 4.95456600 3.03465600
OS 4.95438900 3.03473000
OS 4.95324500 3.03507600
OS 4.94931600 3.03585800
OS 4.94531100 3.03625300
OS 4.94130000 3.03625300
OS 4.93730600 3.03586000
OS 4.93341900 3.03508700
OS 4.93333300 3.03506600
OS 4.93091900 3.03433400
OS 4.93073300 3.03425700
OS 4.92441700 3.03300200
OS 4.91729800 3.03005600
OS 4.91090200 3.02578200
OS 4.90543900 3.02032100
OS 4.90116500 3.01392300
OS 4.89822200 3.00681200
OS 4.89672200 2.99928300
OS 4.89671700 2.99924900
OS 4.89671700 2.99156200
OS 4.89822100 2.98400500
OS 4.90116100 2.97690300
OS 4.90118600 2.97686300
OS 4.90544200 2.97049200
OS 4.91089200 2.96504100
OS 4.91729500 2.96076300
OS 4.92440200 2.95782000
OS 4.93071100 2.95656400
OS 4.93089500 2.95648800
OS 4.93336900 2.95573800
OS 4.93729800 2.95495600
OS 4.94130300 2.95456100
OE
OB 3.19121700 2.94220500 H
OS 3.19735200 2.94220300
OS 3.20339600 2.94340500
OS 3.20906900 2.94575200
OS 3.21419100 2.94917300
OS 3.21854200 2.95352300
OS 3.22195800 2.95863500
OS 3.22430400 2.96430200
OS 3.22550900 2.97033600
OS 3.22550900 2.97050200
OS 3.22551100 2.97051200
OS 3.22551200 2.97649200
OS 3.22431000 2.98253000
OS 3.22196200 2.98820200
OS 3.21854200 2.99332300
OS 3.21419700 2.99766900
OS 3.21417900 2.99768300
OS 3.20908700 3.00108600
OS 3.20904800 3.00110400
OS 3.20343400 3.00342900
OS 3.20340100 3.00344100
OS 3.19736100 3.00464400
OS 3.19122300 3.00464400
OS 3.18519700 3.00344600
OS 3.17951100 3.00109500
OS 3.17752800 2.99977200
OS 3.17716400 2.99962000
OS 3.17706600 2.99959900
OS 3.17687400 2.99951900
OS 3.17670600 2.99948600
OS 3.17597500 2.99925600
OS 3.17579100 2.99918000
OS 3.17563000 2.99914800
OS 3.17533000 2.99905400
OS 3.17523700 2.99901600
OS 3.17485600 2.99894000
OS 3.17446900 2.99894000
OS 3.17408800 2.99901600
OS 3.17401700 2.99904400
OS 3.17368600 2.99913500
OS 3.17345800 2.99918000
OS 3.17333400 2.99923200
OS 3.17266000 2.99941600
OS 3.17242000 2.99946400
OS 3.17228900 2.99951800
OS 3.17216000 2.99954400
OS 3.17180200 2.99969200
OS 3.16971200 3.00108800
OS 3.16403100 3.00344100
OS 3.15799100 3.00464400
OS 3.15185100 3.00464400
OS 3.14581900 3.00344400
OS 3.14015500 3.00110000
OS 3.14012800 3.00108700
OS 3.13502200 2.99767400
OS 3.13067700 2.99333100
OS 3.12726200 2.98822500
OS 3.12724300 2.98818400
OS 3.12490400 2.98253500
OS 3.12370200 2.97650200
OS 3.12370100 2.97052700
OS 3.12370600 2.97050200
OS 3.12370600 2.97032800
OS 3.12490200 2.96431900
OS 3.12725000 2.95864800
OS 3.12726700 2.95861900
OS 3.13067200 2.95352300
OS 3.13501200 2.94918100
OS 3.14013500 2.94575700
OS 3.14579000 2.94341500
OS 3.14581400 2.94340700
OS 3.15184700 2.94220500
OS 3.15798900 2.94220300
OS 3.16402500 2.94340400
OS 3.16969900 2.94575300
OS 3.17168300 2.94707500
OS 3.17204700 2.94722600
OS 3.17213100 2.94724300
OS 3.17233700 2.94732700
OS 3.17250700 2.94736100
OS 3.17323400 2.94758900
OS 3.17342300 2.94766700
OS 3.17359100 2.94770100
OS 3.17387900 2.94779100
OS 3.17396900 2.94782800
OS 3.17435600 2.94790600
OS 3.17474300 2.94790600
OS 3.17513600 2.94782800
OS 3.17520600 2.94779900
OS 3.17550800 2.94771600
OS 3.17575600 2.94766700
OS 3.17588600 2.94761300
OS 3.17654400 2.94743300
OS 3.17679000 2.94738400
OS 3.17691900 2.94733000
OS 3.17705000 2.94730400
OS 3.17741200 2.94715400
OS 3.17949500 2.94576100
OS 3.18518000 2.94340800
OS 3.19121700 2.94220500
OE
OB 3.41957400 2.94121900 H
OS 3.42570600 2.94121900
OS 3.43173900 2.94241900
OS 3.43741700 2.94476900
OS 3.44254400 2.94819200
OS 3.44290200 2.94834000
OS 3.44297800 2.94835500
OS 3.44300200 2.94836200
OS 3.44319600 2.94844300
OS 3.44337100 2.94847800
OS 3.44457300 2.94885400
OS 3.44477300 2.94893700
OS 3.44494900 2.94897200
OS 3.44505200 2.94901400
OS 3.44543900 2.94909100
OS 3.51491900 2.94909200
OS 3.51530000 2.94901600
OS 3.51538000 2.94898300
OS 3.51559900 2.94893900
OS 3.51576400 2.94887100
OS 3.51698300 2.94851400
OS 3.51719500 2.94847200
OS 3.51735700 2.94840500
OS 3.51746800 2.94838200
OS 3.51783100 2.94823200
OS 3.52299700 2.94477900
OS 3.52302400 2.94476600
OS 3.52865100 2.94243500
OS 3.52868700 2.94242200
OS 3.53472000 2.94122000
OS 3.54086700 2.94121900
OS 3.54689700 2.94241900
OS 3.55257100 2.94476800
OS 3.55769500 2.94818900
OS 3.56204300 2.95253600
OS 3.56546100 2.95765000
OS 3.56778400 2.96326000
OS 3.56780700 2.96337500
OS 3.56783300 2.96343800
OS 3.56900900 2.96933500
OS 3.56901500 2.96937400
OS 3.56901500 2.97551000
OS 3.56781500 2.98154100
OS 3.56546800 2.98721500
OS 3.56204700 2.99233800
OS 3.55769700 2.99668800
OS 3.55259000 3.00010200
OS 3.55255800 3.00011700
OS 3.54690600 3.00245700
OS 3.54087000 3.00365900
OS 3.53472700 3.00366000
OS 3.52869300 3.00246000
OS 3.52301100 3.00010800
OS 3.52298000 3.00009000
OS 3.51789200 2.99668900
OS 3.51753100 2.99653900
OS 3.51744500 2.99652200
OS 3.51723800 2.99643600
OS 3.51705700 2.99640000
OS 3.51585800 2.99602400
OS 3.51566000 2.99594200
OS 3.51548600 2.99590700
OS 3.51538100 2.99586500
OS 3.51499700 2.99578900
OS 3.44552000 2.99578600
OS 3.44513300 2.99586300
OS 3.44505300 2.99589600
OS 3.44483400 2.99594000
OS 3.44467000 2.99600800
OS 3.44344900 2.99636500
OS 3.44323800 2.99640700
OS 3.44307500 2.99647500
OS 3.44296500 2.99649700
OS 3.44260200 2.99664700
OS 3.43745000 3.00009200
OS 3.43740100 3.00011600
OS 3.43174600 3.00245700
OS 3.42571300 3.00365900
OS 3.41956900 3.00366000
OS 3.41353300 3.00245900
OS 3.40785800 3.00011000
OS 3.40274500 2.99669600
OS 3.39838600 2.99233900
OS 3.39496900 2.98722400
OS 3.39262300 2.98155500
OS 3.39141900 2.97551900
OS 3.39141800 2.96937100
OS 3.39259600 2.96344700
OS 3.39262600 2.96337500
OS 3.39264700 2.96326900
OS 3.39496800 2.95765800
OS 3.39838700 2.95254000
OS 3.40273700 2.94818900
OS 3.40785300 2.94477100
OS 3.41349200 2.94243600
OS 3.41353000 2.94242200
OS 3.41957400 2.94121900
OE
OB 2.67547400 2.87527400 H
OS 2.68161400 2.87527400
OS 2.68764600 2.87647500
OS 2.69324900 2.87879300
OS 2.69333800 2.87885300
OS 2.69341400 2.87888400
OS 2.69844300 2.88224400
OS 2.70043800 2.88423800
OS 2.70076700 2.88445800
OS 2.70085200 2.88449300
OS 2.70102900 2.88461100
OS 2.70119200 2.88467900
OS 2.70184800 2.88503600
OS 2.70202200 2.88515300
OS 2.70218600 2.88522100
OS 2.70243800 2.88535900
OS 2.70252600 2.88541800
OS 2.70289400 2.88557100
OS 2.70327500 2.88564700
OS 2.70366200 2.88564700
OS 2.70373800 2.88563300
OS 2.70406500 2.88560900
OS 2.70431000 2.88560900
OS 2.70444800 2.88558100
OS 2.70477500 2.88555800
OS 2.70502300 2.88555800
OS 2.70516300 2.88553000
OS 2.70535900 2.88551600
OS 2.70548300 2.88551600
OS 2.70586400 2.88544000
OS 2.70622200 2.88529200
OS 2.70649100 2.88511600
OS 2.70652400 2.88510200
OS 2.70680500 2.88491400
OS 2.70711100 2.88471800
OS 2.70714300 2.88470500
OS 2.70743500 2.88451100
OS 2.70745400 2.88450300
OS 2.70778100 2.88428400
OS 2.70982400 2.88224500
OS 2.71484800 2.87888600
OS 2.71492700 2.87885300
OS 2.71501600 2.87879400
OS 2.72060700 2.87648100
OS 2.72665500 2.87527400
OS 2.73279400 2.87527400
OS 2.73883200 2.87647600
OS 2.74443100 2.87879400
OS 2.74451900 2.87885300
OS 2.74459600 2.87888500
OS 2.74962700 2.88224600
OS 2.75397200 2.88659100
OS 2.75491900 2.88800600
OS 2.75519300 2.88828000
OS 2.75526600 2.88832900
OS 2.75542500 2.88848600
OS 2.75556900 2.88858200
OS 2.75615000 2.88906800
OS 2.75629500 2.88921300
OS 2.75643700 2.88930800
OS 2.75666300 2.88949700
OS 2.75673600 2.88957000
OS 2.75706300 2.88978900
OS 2.75742700 2.88994000
OS 2.75781400 2.89001700
OS 2.75788800 2.89001700
OS 2.75820600 2.89005700
OS 2.75845100 2.89010600
OS 2.75859200 2.89010600
OS 2.75876600 2.89012800
OS 2.75902200 2.89017900
OS 2.75917000 2.89017900
OS 2.75942600 2.89021100
OS 2.75955000 2.89023600
OS 2.75994700 2.89023700
OS 2.76032800 2.89016100
OS 2.76068600 2.89001300
OS 2.76073100 2.88998300
OS 2.76104400 2.88983300
OS 2.76131000 2.88972300
OS 2.76139700 2.88966500
OS 2.76185900 2.88944400
OS 2.76211500 2.88933800
OS 2.76220000 2.88928100
OS 2.76227800 2.88924400
OS 2.76240600 2.88919100
OS 2.76273000 2.88897500
OS 2.76301200 2.88869300
OS 2.76304900 2.88863800
OS 2.76315200 2.88851900
OS 2.76332800 2.88834300
OS 2.76336800 2.88828300
OS 2.76346600 2.88818500
OS 2.76452700 2.88659700
OS 2.76885100 2.88227100
OS 2.76888400 2.88224100
OS 2.77390700 2.87888400
OS 2.77398200 2.87885300
OS 2.77406800 2.87879600
OS 2.77966400 2.87648000
OS 2.78570500 2.87527500
OS 2.79185000 2.87527400
OS 2.79788200 2.87647500
OS 2.80348300 2.87879200
OS 2.80357400 2.87885300
OS 2.80364600 2.87888300
OS 2.80868000 2.88224400
OS 2.81067700 2.88424000
OS 2.81099900 2.88445500
OS 2.81108100 2.88448900
OS 2.81126500 2.88461100
OS 2.81142800 2.88467900
OS 2.81208300 2.88503600
OS 2.81225800 2.88515300
OS 2.81241900 2.88522000
OS 2.81268300 2.88536400
OS 2.81277200 2.88542300
OS 2.81313000 2.88557100
OS 2.81351100 2.88564700
OS 2.81389800 2.88564700
OS 2.81397500 2.88563300
OS 2.81430700 2.88560900
OS 2.81454600 2.88560900
OS 2.81468200 2.88558200
OS 2.81501300 2.88555800
OS 2.81526000 2.88555800
OS 2.81540000 2.88553000
OS 2.81559500 2.88551600
OS 2.81572000 2.88551600
OS 2.81610100 2.88544000
OS 2.81645900 2.88529200
OS 2.81672900 2.88511500
OS 2.81676100 2.88510200
OS 2.81705700 2.88490500
OS 2.81734700 2.88471800
OS 2.81737900 2.88470500
OS 2.81767300 2.88450900
OS 2.81769000 2.88450300
OS 2.81801700 2.88428400
OS 2.82006200 2.88224300
OS 2.82508600 2.87888500
OS 2.82516400 2.87885300
OS 2.82524800 2.87879700
OS 2.83085000 2.87647900
OS 2.83688600 2.87527500
OS 2.84302900 2.87527400
OS 2.84906500 2.87647500
OS 2.85466500 2.87879300
OS 2.85475500 2.87885300
OS 2.85483100 2.87888400
OS 2.85986000 2.88224400
OS 2.86420900 2.88659200
OS 2.86762700 2.89170600
OS 2.86996600 2.89735400
OS 2.86998000 2.89739200
OS 2.87118000 2.90341600
OS 2.87118200 2.90346700
OS 2.87118100 2.90956000
OS 2.86998200 2.91559300
OS 2.86763400 2.92126800
OS 2.86760500 2.92131500
OS 2.86421100 2.92639400
OS 2.85986100 2.93074400
OS 2.85477300 2.93414800
OS 2.85474400 2.93416300
OS 2.84908000 2.93650900
OS 2.84303600 2.93771400
OS 2.84298600 2.93771600
OS 2.83689100 2.93771500
OS 2.83085600 2.93651400
OS 2.82518100 2.93416500
OS 2.82514700 2.93414400
OS 2.82006900 2.93075100
OS 2.81806400 2.92875000
OS 2.81773800 2.92853200
OS 2.81765100 2.92849600
OS 2.81747700 2.92838000
OS 2.81731800 2.92831400
OS 2.81665200 2.92795100
OS 2.81648100 2.92783600
OS 2.81632000 2.92776900
OS 2.81607200 2.92763400
OS 2.81597800 2.92757100
OS 2.81561400 2.92742000
OS 2.81522900 2.92734300
OS 2.81484200 2.92734300
OS 2.81476400 2.92735800
OS 2.81443700 2.92738100
OS 2.81419300 2.92738100
OS 2.81405300 2.92740900
OS 2.81371800 2.92743300
OS 2.81348100 2.92743300
OS 2.81334700 2.92746000
OS 2.81314500 2.92747400
OS 2.81302100 2.92747400
OS 2.81263900 2.92755000
OS 2.81227500 2.92770100
OS 2.81215000 2.92778500
OS 2.81200700 2.92787700
OS 2.81198000 2.92788800
OS 2.81173700 2.92805000
OS 2.81139000 2.92827300
OS 2.81136000 2.92828500
OS 2.81106100 2.92848400
OS 2.81104800 2.92848900
OS 2.81072100 2.92870800
OS 2.80868500 2.93074000
OS 2.80357600 2.93415800
OS 2.79788900 2.93651200
OS 2.79184900 2.93771500
OS 2.78571000 2.93771500
OS 2.77967400 2.93651400
OS 2.77399700 2.93416500
OS 2.76888800 2.93075100
OS 2.76452700 2.92639200
OS 2.76358500 2.92498300
OS 2.76330600 2.92470400
OS 2.76323200 2.92465500
OS 2.76307700 2.92450000
OS 2.76292900 2.92440100
OS 2.76236400 2.92392900
OS 2.76221100 2.92377600
OS 2.76206000 2.92367500
OS 2.76184000 2.92349100
OS 2.76176800 2.92341900
OS 2.76144100 2.92320000
OS 2.76107700 2.92304900
OS 2.76069000 2.92297300
OS 2.76062300 2.92297300
OS 2.76029800 2.92293200
OS 2.76005500 2.92288400
OS 2.75991600 2.92288400
OS 2.75972400 2.92286000
OS 2.75948200 2.92281200
OS 2.75934300 2.92281200
OS 2.75908800 2.92278000
OS 2.75895300 2.92275300
OS 2.75855700 2.92275300
OS 2.75817600 2.92282900
OS 2.75780900 2.92298100
OS 2.75776500 2.92301000
OS 2.75744700 2.92316200
OS 2.75719400 2.92326700
OS 2.75711000 2.92332300
OS 2.75665500 2.92354000
OS 2.75638900 2.92365100
OS 2.75630600 2.92370700
OS 2.75623500 2.92374100
OS 2.75609800 2.92379800
OS 2.75577300 2.92401500
OS 2.75549200 2.92429600
OS 2.75545500 2.92435200
OS 2.75535200 2.92447000
OS 2.75517600 2.92464600
OS 2.75513600 2.92470600
OS 2.75503800 2.92480400
OS 2.75397700 2.92639200
OS 2.74962500 2.93074500
OS 2.74451900 2.93415700
OS 2.74448300 2.93417400
OS 2.73886700 2.93650000
OS 2.73883400 2.93651200
OS 2.73279900 2.93771400
OS 2.73275900 2.93771600
OS 2.72665600 2.93771500
OS 2.72062100 2.93651500
OS 2.71494300 2.93416500
OS 2.70982400 2.93074500
OS 2.70782800 2.92875100
OS 2.70750600 2.92853600
OS 2.70742100 2.92850100
OS 2.70723800 2.92837900
OS 2.70707400 2.92831100
OS 2.70642900 2.92795900
OS 2.70624500 2.92783600
OS 2.70607500 2.92776500
OS 2.70583600 2.92763500
OS 2.70574100 2.92757100
OS 2.70537700 2.92742000
OS 2.70499300 2.92734300
OS 2.70460600 2.92734300
OS 2.70452900 2.92735700
OS 2.70420100 2.92738100
OS 2.70395700 2.92738100
OS 2.70381800 2.92740900
OS 2.70348200 2.92743300
OS 2.70324500 2.92743300
OS 2.70311100 2.92746000
OS 2.70290900 2.92747400
OS 2.70278400 2.92747400
OS 2.70240300 2.92755000
OS 2.70204500 2.92769800
OS 2.70190300 2.92779300
OS 2.70177500 2.92787500
OS 2.70174400 2.92788800
OS 2.70148800 2.92805900
OS 2.70115800 2.92827100
OS 2.70112400 2.92828500
OS 2.70083800 2.92847600
OS 2.70081300 2.92848700
OS 2.70048600 2.92870600
OS 2.69844600 2.93074200
OS 2.69334200 2.93415500
OS 2.69330900 2.93417100
OS 2.68769800 2.93649500
OS 2.68765300 2.93651200
OS 2.68161700 2.93771400
OS 2.67547300 2.93771500
OS 2.66944100 2.93651500
OS 2.66376600 2.93416700
OS 2.65865200 2.93075100
OS 2.65429200 2.92639400
OS 2.65087600 2.92128100
OS 2.64852600 2.91560400
OS 2.64732400 2.90957100
OS 2.64732300 2.90342300
OS 2.64852400 2.89738900
OS 2.65087200 2.89171800
OS 2.65089400 2.89168200
OS 2.65429300 2.88659500
OS 2.65862600 2.88225900
OS 2.65864400 2.88224400
OS 2.66366800 2.87888500
OS 2.66374600 2.87885300
OS 2.66383400 2.87879500
OS 2.66942700 2.87648100
OS 2.67547400 2.87527400
OE
OB 4.94130300 2.85456100 H
OS 4.94531100 2.85456100
OS 4.94930200 2.85495400
OS 4.95321300 2.85573100
OS 4.95329100 2.85575100
OS 4.95439100 2.85608500
OS 4.95457300 2.85616000
OS 4.95476300 2.85619700
OS 4.95485900 2.85623700
OS 4.95524600 2.85631400
OS 4.97902500 2.85631400
OS 4.98657900 2.85781600
OS 4.98661300 2.85782800
OS 4.99368600 2.86075800
OS 5.00010000 2.86504100
OS 5.00554700 2.87048800
OS 5.00982500 2.87689000
OS 5.01276700 2.88399400
OS 5.01425100 2.89143700
OS 5.01425100 2.89150200
OS 5.01427600 2.89162800
OS 5.01427500 2.89925200
OS 5.01277900 2.90678000
OS 5.01276100 2.90684000
OS 5.00983100 2.91391300
OS 5.00555000 2.92032400
OS 5.00009500 2.92578000
OS 4.99371100 2.93004600
OS 4.99367400 2.93006300
OS 4.98658900 2.93299600
OS 4.97903000 2.93450100
OS 4.95523700 2.93450300
OS 4.95485200 2.93457900
OS 4.95475700 2.93461800
OS 4.95456600 2.93465600
OS 4.95454600 2.93466200
OS 4.95436600 2.93473700
OS 4.95324200 2.93507700
OS 4.94931700 2.93585800
OS 4.94531100 2.93625300
OS 4.94130000 2.93625300
OS 4.93730700 2.93586000
OS 4.93341900 2.93508700
OS 4.93333300 2.93506600
OS 4.93225300 2.93473800
OS 4.93206900 2.93466200
OS 4.93187500 2.93462400
OS 4.93091700 2.93433300
OS 4.93073300 2.93425700
OS 4.92441700 2.93300200
OS 4.91729900 2.93005600
OS 4.91089500 2.92577700
OS 4.90544000 2.92032200
OS 4.90116600 2.91392400
OS 4.89822200 2.90681300
OS 4.89671700 2.89925200
OS 4.89671700 2.89162700
OS 4.89674200 2.89150200
OS 4.89674200 2.89143600
OS 4.89821900 2.88401100
OS 4.90116100 2.87690300
OS 4.90544200 2.87049200
OS 4.91089000 2.86504300
OS 4.91090900 2.86502800
OS 4.91729000 2.86076600
OS 4.92440100 2.85782000
OS 4.93071100 2.85656400
OS 4.93089500 2.85648800
OS 4.93336300 2.85573900
OS 4.93729900 2.85495600
OS 4.94130300 2.85456100
OE
OB 3.97360300 2.77192800 H
OS 3.98387500 2.77192800
OS 3.99404500 2.77326700
OS 3.99408500 2.77327400
OS 4.00401200 2.77593400
OS 4.01350900 2.77986600
OS 4.02052000 2.78391200
OS 4.02073200 2.78405300
OS 4.02084900 2.78410200
OS 4.02241300 2.78500400
OS 4.03057800 2.79126700
OS 4.03785700 2.79854500
OS 4.03793400 2.79864300
OS 4.03807700 2.79885800
OS 4.03817000 2.79895100
OS 4.04400400 2.80655500
OS 4.04414000 2.80675800
OS 4.04416300 2.80678100
OS 4.04826800 2.81389000
OS 4.04831500 2.81400300
OS 4.04844900 2.81420400
OS 4.04925400 2.81559700
OS 4.05319800 2.82511300
OS 4.05419700 2.82884100
OS 4.05424300 2.82907500
OS 4.05428900 2.82918700
OS 4.05585900 2.83504400
OS 4.05599600 2.83607300
OS 4.05599600 2.83620200
OS 4.05604700 2.83645800
OS 4.05703700 2.84398200
OS 4.05703700 2.84410200
OS 4.05708400 2.84434000
OS 4.05720400 2.84525200
OS 4.05720400 2.85552500
OS 4.05676500 2.85887000
OS 4.05671600 2.85911500
OS 4.05671600 2.85923900
OS 4.05586700 2.86569200
OS 4.05585900 2.86573700
OS 4.05575300 2.86613500
OS 4.05570800 2.86624200
OS 4.05566300 2.86646800
OS 4.05363700 2.87403500
OS 4.05359200 2.87414200
OS 4.05354700 2.87436800
OS 4.05320000 2.87566400
OS 4.04926700 2.88516100
OS 4.04704500 2.88901100
OS 4.04691000 2.88921400
OS 4.04686300 2.88932700
OS 4.04412300 2.89407500
OS 4.04236500 2.89636700
OS 4.04227300 2.89645900
OS 4.04213000 2.89667300
OS 4.03786900 2.90222600
OS 4.03058700 2.90950900
OS 4.02792000 2.91155700
OS 4.02770500 2.91170100
OS 4.02761300 2.91179300
OS 4.02243000 2.91576900
OS 4.01663400 2.91911600
OS 4.01651900 2.91916400
OS 4.01631100 2.91930300
OS 4.01351900 2.92091400
OS 4.00402500 2.92484800
OS 3.99705400 2.92671600
OS 3.99682300 2.92676200
OS 3.99671300 2.92680800
OS 3.99408800 2.92751100
OS 3.98387700 2.92885700
OS 3.97360500 2.92885700
OS 3.96344000 2.92751900
OS 3.96339500 2.92751100
OS 3.96076200 2.92680600
OS 3.96065700 2.92676200
OS 3.96043600 2.92671800
OS 3.95346600 2.92485100
OS 3.94397300 2.92091900
OS 3.94116600 2.91929900
OS 3.94096300 2.91916400
OS 3.94085000 2.91911700
OS 3.93505600 2.91577400
OS 3.92986700 2.91179300
OS 3.92977500 2.91170100
OS 3.92955900 2.91155700
OS 3.92690300 2.90951900
OS 3.91961700 2.90223300
OS 3.91534600 2.89666600
OS 3.91520800 2.89645900
OS 3.91511900 2.89637000
OS 3.91336300 2.89408100
OS 3.91061700 2.88932600
OS 3.91057100 2.88921400
OS 3.91043600 2.88901100
OS 3.90822300 2.88517900
OS 3.90428400 2.87567300
OS 3.90393400 2.87436800
OS 3.90388900 2.87414200
OS 3.90384500 2.87403500
OS 3.90182300 2.86649900
OS 3.90177200 2.86624200
OS 3.90172200 2.86612100
OS 3.90162200 2.86574900
OS 3.90076500 2.85924400
OS 3.90076500 2.85911500
OS 3.90071400 2.85885900
OS 3.90027600 2.85553000
OS 3.90027600 2.84525400
OS 3.90039600 2.84434600
OS 3.90044500 2.84410200
OS 3.90044500 2.84397100
OS 3.90143600 2.83644500
OS 3.90148400 2.83620200
OS 3.90148400 2.83607700
OS 3.90161600 2.83507300
OS 3.90162100 2.83504700
OS 3.90319300 2.82918200
OS 3.90323700 2.82907500
OS 3.90328300 2.82884700
OS 3.90428000 2.82512400
OS 3.90821400 2.81562300
OS 3.90903500 2.81420100
OS 3.90916700 2.81400300
OS 3.90921300 2.81389100
OS 3.91331500 2.80678400
OS 3.91334100 2.80675800
OS 3.91348500 2.80654200
OS 3.91931500 2.79894500
OS 3.91940200 2.79885800
OS 3.91953700 2.79865500
OS 3.91961300 2.79855600
OS 3.92689300 2.79127500
OS 3.93505000 2.78501600
OS 3.93663800 2.78409900
OS 3.93674800 2.78405300
OS 3.93694700 2.78392000
OS 3.94395200 2.77987500
OS 3.95345900 2.77593700
OS 3.96338300 2.77327500
OS 3.97360300 2.77192800
OE
OB 3.86414300 2.29250700 H
OS 3.87286300 2.29250700
OS 3.88150800 2.29364600
OS 3.88153500 2.29365100
OS 3.88474600 2.29451100
OS 3.88485200 2.29455500
OS 3.88507900 2.29460000
OS 3.88996900 2.29591000
OS 3.89802900 2.29924800
OS 3.90282000 2.30201300
OS 3.90303000 2.30215300
OS 3.90314600 2.30220100
OS 3.90560300 2.30361900
OS 3.90791200 2.30539100
OS 3.90787800 2.30542800
OS 3.87816700 2.33514100
OS 3.87795200 2.33546300
OS 3.87780400 2.33582100
OS 3.87772800 2.33620200
OS 3.87772800 2.33658900
OS 3.87780400 2.33697000
OS 3.87795200 2.33732800
OS 3.87816700 2.33765000
OS 3.87844200 2.33792500
OS 3.87876400 2.33814000
OS 3.87877600 2.33814500
OS 3.87880000 2.33816100
OS 3.87886100 2.33818600
OS 3.88090500 2.33936700
OS 3.88111100 2.33950400
OS 3.88122500 2.33955100
OS 3.88282200 2.34047300
OS 3.88716400 2.34481300
OS 3.88809100 2.34641700
OS 3.88814000 2.34653500
OS 3.88828400 2.34675000
OS 3.88945900 2.34878400
OS 3.88948400 2.34884400
OS 3.88950000 2.34886800
OS 3.88950500 2.34888000
OS 3.88972000 2.34920200
OS 3.88999500 2.34947700
OS 3.89031700 2.34969200
OS 3.89067500 2.34984000
OS 3.89105600 2.34991600
OS 3.89144300 2.34991600
OS 3.89182400 2.34984000
OS 3.89218200 2.34969200
OS 3.89250400 2.34947700
OS 3.92225100 2.31973300
OS 3.92228400 2.31977300
OS 3.92400900 2.32201900
OS 3.92403500 2.32206000
OS 3.92520500 2.32408400
OS 3.92525400 2.32420300
OS 3.92539900 2.32442100
OS 3.92838600 2.32959400
OS 3.92839800 2.32961800
OS 3.93173300 2.33766900
OS 3.93210100 2.33903900
OS 3.93214800 2.33927500
OS 3.93219400 2.33938500
OS 3.93399200 2.34609100
OS 3.93401800 2.34627500
OS 3.93401800 2.34640200
OS 3.93406800 2.34665500
OS 3.93506000 2.35418500
OS 3.93506000 2.35430200
OS 3.93510600 2.35453500
OS 3.93513800 2.35477700
OS 3.93513800 2.36349800
OS 3.93440600 2.36906400
OS 3.93435600 2.36931500
OS 3.93435600 2.36944100
OS 3.93400300 2.37212500
OS 3.93399400 2.37217600
OS 3.93288500 2.37632200
OS 3.93283500 2.37644200
OS 3.93278700 2.37668600
OS 3.93174200 2.38058900
OS 3.92839800 2.38866400
OS 3.92687000 2.39131200
OS 3.92673500 2.39151400
OS 3.92668800 2.39162600
OS 3.92402400 2.39624300
OS 3.92225400 2.39854900
OS 3.89250400 2.36880400
OS 3.89218200 2.36858900
OS 3.89182400 2.36844100
OS 3.89144300 2.36836500
OS 3.89105600 2.36836500
OS 3.89067500 2.36844100
OS 3.89031700 2.36858900
OS 3.88999500 2.36880400
OS 3.88972000 2.36907900
OS 3.88950500 2.36940100
OS 3.88950000 2.36941300
OS 3.88948400 2.36943700
OS 3.88945800 2.36950000
OS 3.88828200 2.37153700
OS 3.88814100 2.37174800
OS 3.88809300 2.37186500
OS 3.88717200 2.37345900
OS 3.88283000 2.37780300
OS 3.88123200 2.37872600
OS 3.88111000 2.37877700
OS 3.88089000 2.37892400
OS 3.87886400 2.38009500
OS 3.87880100 2.38012100
OS 3.87877700 2.38013700
OS 3.87876500 2.38014200
OS 3.87844300 2.38035700
OS 3.87816800 2.38063200
OS 3.87795300 2.38095400
OS 3.87780500 2.38131200
OS 3.87772900 2.38169300
OS 3.87772900 2.38208000
OS 3.87780500 2.38246100
OS 3.87795300 2.38281900
OS 3.87816800 2.38314100
OS 3.90788900 2.41286300
OS 3.90791200 2.41288900
OS 3.90665500 2.41385500
OS 3.90643700 2.41400100
OS 3.90634200 2.41409600
OS 3.90562100 2.41465000
OS 3.89803800 2.41903000
OS 3.88997400 2.42237100
OS 3.88154800 2.42463100
OS 3.88151000 2.42463800
OS 3.87286500 2.42577500
OS 3.86414500 2.42577500
OS 3.85551800 2.42464000
OS 3.85547300 2.42463200
OS 3.84704400 2.42237300
OS 3.83897800 2.41903400
OS 3.83140200 2.41466200
OS 3.83066100 2.41409300
OS 3.83056900 2.41400100
OS 3.83035700 2.41386000
OS 3.82909700 2.41289200
OS 3.85884100 2.38314100
OS 3.85905600 2.38281900
OS 3.85920400 2.38246100
OS 3.85928000 2.38208000
OS 3.85928000 2.38169300
OS 3.85920400 2.38131200
OS 3.85905600 2.38095400
OS 3.85884100 2.38063200
OS 3.85856600 2.38035700
OS 3.85824400 2.38014200
OS 3.85823200 2.38013700
OS 3.85820800 2.38012100
OS 3.85814500 2.38009500
OS 3.85610400 2.37891600
OS 3.85589700 2.37877800
OS 3.85578300 2.37873100
OS 3.85418700 2.37780900
OS 3.84984300 2.37346800
OS 3.84891300 2.37185900
OS 3.84886700 2.37174800
OS 3.84873100 2.37154500
OS 3.84755000 2.36949900
OS 3.84752400 2.36943700
OS 3.84750300 2.36940200
OS 3.84728800 2.36908000
OS 3.84701300 2.36880500
OS 3.84669100 2.36859000
OS 3.84633300 2.36844200
OS 3.84595200 2.36836600
OS 3.84556500 2.36836600
OS 3.84518400 2.36844200
OS 3.84482600 2.36859000
OS 3.84450400 2.36880500
OS 3.81478000 2.39852800
OS 3.81475500 2.39855000
OS 3.81298700 2.39624800
OS 3.81031700 2.39162300
OS 3.81027200 2.39151400
OS 3.81014100 2.39131800
OS 3.80861500 2.38867400
OS 3.80527400 2.38061100
OS 3.80422000 2.37668200
OS 3.80417200 2.37644200
OS 3.80412500 2.37632900
OS 3.80301400 2.37218800
OS 3.80265200 2.36943700
OS 3.80265200 2.36931500
OS 3.80260300 2.36906700
OS 3.80187000 2.36350300
OS 3.80187000 2.35478000
OS 3.80190000 2.35455500
OS 3.80195000 2.35430200
OS 3.80195000 2.35417200
OS 3.80294000 2.34665500
OS 3.80299000 2.34640200
OS 3.80299000 2.34627200
OS 3.80301300 2.34611000
OS 3.80481600 2.33938000
OS 3.80486000 2.33927500
OS 3.80490700 2.33903900
OS 3.80527000 2.33768400
OS 3.80861100 2.32961700
OS 3.81162100 2.32440000
OS 3.81175200 2.32420300
OS 3.81179800 2.32409300
OS 3.81298200 2.32204000
OS 3.81475400 2.31973200
OS 3.84450400 2.34947800
OS 3.84482600 2.34969300
OS 3.84518400 2.34984100
OS 3.84556500 2.34991700
OS 3.84595200 2.34991700
OS 3.84633300 2.34984100
OS 3.84669100 2.34969300
OS 3.84701300 2.34947800
OS 3.84728800 2.34920300
OS 3.84750300 2.34888100
OS 3.84750800 2.34886900
OS 3.84752400 2.34884500
OS 3.84754900 2.34878400
OS 3.84873000 2.34674000
OS 3.84886700 2.34653400
OS 3.84891400 2.34642000
OS 3.84983600 2.34482300
OS 3.85417800 2.34047900
OS 3.85577700 2.33955500
OS 3.85589800 2.33950500
OS 3.85611800 2.33935800
OS 3.85814700 2.33818600
OS 3.85820700 2.33816100
OS 3.85823100 2.33814500
OS 3.85824300 2.33814000
OS 3.85856500 2.33792500
OS 3.85884000 2.33765000
OS 3.85905500 2.33732800
OS 3.85920300 2.33697000
OS 3.85927900 2.33658900
OS 3.85927900 2.33620200
OS 3.85920300 2.33582100
OS 3.85905500 2.33546300
OS 3.85884000 2.33514100
OS 3.82909500 2.30539400
OS 3.83139000 2.30363000
OS 3.83143000 2.30360500
OS 3.83386200 2.30220100
OS 3.83397800 2.30215300
OS 3.83419000 2.30201200
OS 3.83897000 2.29925200
OS 3.84703200 2.29591200
OS 3.85191000 2.29460400
OS 3.85215400 2.29455500
OS 3.85226900 2.29450700
OS 3.85545800 2.29365200
OS 3.86414300 2.29250700
OE
OB 3.10823700 2.29163300 H
OS 3.11695800 2.29163300
OS 3.12559800 2.29277000
OS 3.12562900 2.29277600
OS 3.13210200 2.29451000
OS 3.13221000 2.29455500
OS 3.13244100 2.29460100
OS 3.13406100 2.29503500
OS 3.14213100 2.29837700
OS 3.14843200 2.30201300
OS 3.14864100 2.30215300
OS 3.14875800 2.30220100
OS 3.14969600 2.30274300
OS 3.15199800 2.30450900
OS 3.15200600 2.30451800
OS 3.12226100 2.33426600
OS 3.12204600 2.33458800
OS 3.12189800 2.33494600
OS 3.12182200 2.33532700
OS 3.12182200 2.33571400
OS 3.12189800 2.33609500
OS 3.12204600 2.33645300
OS 3.12226100 2.33677500
OS 3.12253600 2.33705000
OS 3.12285800 2.33726500
OS 3.12286400 2.33726700
OS 3.12289300 2.33728700
OS 3.12295600 2.33731300
OS 3.12498400 2.33848300
OS 3.12520400 2.33863000
OS 3.12532600 2.33868100
OS 3.12691600 2.33959800
OS 3.13125700 2.34393800
OS 3.13218400 2.34554000
OS 3.13223400 2.34566100
OS 3.13237800 2.34587600
OS 3.13355300 2.34791000
OS 3.13357800 2.34797000
OS 3.13359400 2.34799400
OS 3.13359900 2.34800600
OS 3.13381400 2.34832800
OS 3.13408900 2.34860300
OS 3.13441100 2.34881800
OS 3.13476900 2.34896600
OS 3.13515000 2.34904200
OS 3.13553700 2.34904200
OS 3.13591800 2.34896600
OS 3.13627600 2.34881800
OS 3.13659800 2.34860300
OS 3.16634600 2.31885800
OS 3.16636800 2.31888400
OS 3.16810800 2.32114900
OS 3.16813700 2.32119500
OS 3.16980400 2.32408300
OS 3.16985400 2.32420300
OS 3.16999800 2.32441900
OS 3.17246500 2.32869200
OS 3.17249000 2.32873900
OS 3.17582600 2.33679100
OS 3.17643300 2.33905400
OS 3.17647700 2.33927500
OS 3.17652100 2.33938000
OS 3.17808800 2.34522100
OS 3.17822900 2.34628000
OS 3.17822900 2.34640200
OS 3.17827700 2.34664400
OS 3.17922800 2.35387300
OS 3.17923300 2.35394000
OS 3.17923200 2.36262400
OS 3.17838500 2.36906700
OS 3.17833600 2.36931500
OS 3.17833600 2.36944000
OS 3.17809800 2.37124700
OS 3.17808900 2.37129800
OS 3.17674000 2.37633300
OS 3.17669500 2.37644200
OS 3.17665000 2.37667100
OS 3.17583100 2.37972700
OS 3.17249400 2.38778700
OS 3.17046600 2.39130200
OS 3.17032500 2.39151400
OS 3.17027600 2.39163200
OS 3.16812100 2.39536500
OS 3.16634900 2.39767400
OS 3.16631800 2.39764600
OS 3.13659900 2.36792900
OS 3.13627700 2.36771400
OS 3.13591900 2.36756600
OS 3.13553800 2.36749000
OS 3.13515100 2.36749000
OS 3.13477000 2.36756600
OS 3.13441200 2.36771400
OS 3.13409000 2.36792900
OS 3.13381500 2.36820400
OS 3.13360000 2.36852600
OS 3.13359500 2.36853800
OS 3.13357900 2.36856200
OS 3.13355400 2.36862200
OS 3.13238100 2.37065300
OS 3.13223500 2.37087200
OS 3.13218600 2.37099100
OS 3.13126200 2.37258800
OS 3.12693100 2.37692100
OS 3.12691500 2.37693200
OS 3.12531600 2.37785600
OS 3.12520400 2.37790300
OS 3.12499700 2.37804100
OS 3.12295300 2.37922300
OS 3.12289500 2.37924700
OS 3.12287100 2.37926300
OS 3.12285900 2.37926800
OS 3.12253700 2.37948300
OS 3.12226200 2.37975800
OS 3.12204700 2.38008000
OS 3.12189900 2.38043800
OS 3.12182300 2.38081900
OS 3.12182300 2.38120600
OS 3.12189900 2.38158700
OS 3.12204700 2.38194500
OS 3.12226200 2.38226700
OS 3.15200700 2.41201400
OS 3.14970900 2.41378100
OS 3.14214400 2.41814900
OS 3.13406900 2.42149600
OS 3.12564200 2.42375600
OS 3.11696000 2.42490000
OS 3.10823900 2.42490000
OS 3.09961200 2.42376500
OS 3.09956700 2.42375700
OS 3.09113800 2.42149900
OS 3.08307000 2.41815700
OS 3.07551300 2.41379700
OS 3.07319000 2.41201700
OS 3.10293600 2.38226600
OS 3.10315100 2.38194400
OS 3.10329900 2.38158600
OS 3.10337500 2.38120500
OS 3.10337500 2.38081800
OS 3.10329900 2.38043700
OS 3.10315100 2.38007900
OS 3.10293600 2.37975700
OS 3.10266100 2.37948200
OS 3.10233900 2.37926700
OS 3.10232700 2.37926200
OS 3.10230300 2.37924600
OS 3.10224000 2.37922000
OS 3.10020500 2.37804500
OS 3.09999300 2.37790300
OS 3.09987600 2.37785400
OS 3.09828100 2.37693400
OS 3.09393800 2.37259300
OS 3.09300900 2.37098500
OS 3.09296200 2.37087200
OS 3.09282400 2.37066500
OS 3.09164500 2.36862500
OS 3.09161900 2.36856200
OS 3.09160300 2.36853800
OS 3.09159800 2.36852600
OS 3.09138300 2.36820400
OS 3.09110800 2.36792900
OS 3.09078600 2.36771400
OS 3.09042800 2.36756600
OS 3.09004700 2.36749000
OS 3.08966000 2.36749000
OS 3.08927900 2.36756600
OS 3.08892100 2.36771400
OS 3.08859900 2.36792900
OS 3.05884900 2.39767500
OS 3.05707900 2.39536900
OS 3.05491800 2.39162600
OS 3.05487200 2.39151400
OS 3.05473100 2.39130200
OS 3.05271000 2.38780100
OS 3.04936700 2.37973300
OS 3.04855000 2.37668500
OS 3.04850200 2.37644200
OS 3.04845500 2.37632800
OS 3.04710800 2.37130100
OS 3.04686200 2.36943400
OS 3.04686200 2.36931500
OS 3.04681500 2.36907900
OS 3.04596500 2.36262400
OS 3.04596500 2.35390700
OS 3.04691900 2.34665900
OS 3.04697000 2.34640200
OS 3.04697000 2.34627000
OS 3.04710200 2.34526700
OS 3.04710800 2.34523500
OS 3.04867700 2.33938000
OS 3.04872000 2.33927500
OS 3.04876500 2.33905100
OS 3.04936600 2.33680600
OS 3.05270200 2.32874700
OS 3.05521100 2.32440000
OS 3.05534200 2.32420300
OS 3.05538700 2.32409400
OS 3.05707800 2.32116400
OS 3.05884800 2.31885800
OS 3.08859900 2.34860400
OS 3.08892100 2.34881900
OS 3.08927900 2.34896700
OS 3.08966000 2.34904300
OS 3.09004700 2.34904300
OS 3.09042800 2.34896700
OS 3.09078600 2.34881900
OS 3.09110800 2.34860400
OS 3.09138300 2.34832900
OS 3.09159800 2.34800700
OS 3.09160300 2.34799500
OS 3.09161900 2.34797100
OS 3.09164500 2.34790800
OS 3.09282300 2.34586900
OS 3.09296200 2.34566000
OS 3.09301000 2.34554500
OS 3.09393200 2.34394800
OS 3.09827200 2.33960600
OS 3.09988200 2.33867600
OS 3.09999200 2.33863000
OS 3.10019300 2.33849600
OS 3.10224000 2.33731300
OS 3.10230200 2.33728700
OS 3.10233100 2.33726700
OS 3.10233700 2.33726500
OS 3.10265900 2.33705000
OS 3.10293400 2.33677500
OS 3.10314900 2.33645300
OS 3.10329700 2.33609500
OS 3.10337300 2.33571400
OS 3.10337300 2.33532700
OS 3.10329700 2.33494600
OS 3.10314900 2.33458800
OS 3.10293400 2.33426600
OS 3.07319000 2.30451800
OS 3.07547900 2.30275900
OS 3.07551800 2.30273400
OS 3.07644300 2.30220000
OS 3.07655600 2.30215300
OS 3.07676100 2.30201600
OS 3.08305600 2.29838100
OS 3.09112700 2.29503800
OS 3.09275500 2.29460100
OS 3.09298700 2.29455500
OS 3.09309600 2.29451000
OS 3.09955500 2.29277700
OS 3.10823700 2.29163300
OE
OB 1.02310000 2.21090500 H
OS 1.08397700 2.21090400
OS 1.08964400 2.21203400
OS 1.09495100 2.21423100
OS 1.09973900 2.21742900
OS 1.16222200 2.27990700
OS 1.16385700 2.28100200
OS 1.16478100 2.28138500
OS 1.16990000 2.28480300
OS 1.17424800 2.28915100
OS 1.17765200 2.29424200
OS 1.17767000 2.29427500
OS 1.17994400 2.29976600
OS 1.17994600 2.29977500
OS 1.18001900 2.29995100
OS 1.18121900 2.30597700
OS 1.18122100 2.30602800
OS 1.18122000 2.31212500
OS 1.18002000 2.31815700
OS 1.17767100 2.32383000
OS 1.17764400 2.32387400
OS 1.17425000 2.32895300
OS 1.16992100 2.33328500
OS 1.16989300 2.33330800
OS 1.16479600 2.33671700
OS 1.15912600 2.33906500
OS 1.15910400 2.33907200
OS 1.15307600 2.34027300
OS 1.14693100 2.34027400
OS 1.14091700 2.33907900
OS 1.14089500 2.33907300
OS 1.13521900 2.33672400
OS 1.13010000 2.33330400
OS 1.12575100 2.32895500
OS 1.12233800 2.32384800
OS 1.12231200 2.32379200
OS 1.12194800 2.32291300
OS 1.12085800 2.32128000
OS 1.07053600 2.27095800
OS 1.07021400 2.27074300
OS 1.07013200 2.27070900
OS 1.06994800 2.27058700
OS 1.06978600 2.27052000
OS 1.06882600 2.26999500
OS 1.06864800 2.26987600
OS 1.06848600 2.26980900
OS 1.06839700 2.26976000
OS 1.06831000 2.26970200
OS 1.06794600 2.26955100
OS 1.06756700 2.26947600
OS 1.06747200 2.26947500
OS 1.06736300 2.26946300
OS 1.06714700 2.26942100
OS 1.06709300 2.26942100
OS 1.06703200 2.26940900
OS 1.04029400 2.26940900
OS 1.03991000 2.26948500
OS 1.03982600 2.26952000
OS 1.03961300 2.26956200
OS 1.03944900 2.26963000
OS 1.03839500 2.26993900
OS 1.03818800 2.26998000
OS 1.03802600 2.27004700
OS 1.03793100 2.27007500
OS 1.03782800 2.27009500
OS 1.03746400 2.27024600
OS 1.03714000 2.27046200
OS 1.03707500 2.27052700
OS 1.03698800 2.27059700
OS 1.03680500 2.27071900
OS 1.03677100 2.27075300
OS 1.03672300 2.27078500
OS 0.95970000 2.34780800
OS 0.95948100 2.34813500
OS 0.95944600 2.34821900
OS 0.95932800 2.34839700
OS 0.95926000 2.34856200
OS 0.95882400 2.34935900
OS 0.95870800 2.34953200
OS 0.95864300 2.34968900
OS 0.95854500 2.34986800
OS 0.95848600 2.34995700
OS 0.95833400 2.35032400
OS 0.95825800 2.35070500
OS 0.95825600 2.35101600
OS 0.95825300 2.35103300
OS 0.95825300 2.35130600
OS 0.95824800 2.35170600
OS 0.95824600 2.35171800
OS 0.95824400 2.35209100
OS 0.95824200 2.35210200
OS 0.95824200 2.35248900
OS 0.95877800 2.35518900
OS 0.95878000 2.35523100
OS 0.95877900 2.36128400
OS 0.95875300 2.36141500
OS 0.95875300 2.36146300
OS 0.95757700 2.36737300
OS 0.95523200 2.37304200
OS 0.95180900 2.37816600
OS 0.94758600 2.38239100
OS 0.94757100 2.38240100
OS 0.94745300 2.38251900
OS 0.94235400 2.38593000
OS 0.94231200 2.38594900
OS 0.93667600 2.38828000
OS 0.93063300 2.38948600
OS 0.92449100 2.38948700
OS 0.91846100 2.38828700
OS 0.91843000 2.38827600
OS 0.91277900 2.38593700
OS 0.90766900 2.38252400
OS 0.90330900 2.37816700
OS 0.89989900 2.37306400
OS 0.89988100 2.37302600
OS 0.89755300 2.36740700
OS 0.89754100 2.36737300
OS 0.89636600 2.36147500
OS 0.89636600 2.36141500
OS 0.89634000 2.36128400
OS 0.89633900 2.35519900
OS 0.89753500 2.34918600
OS 0.89754400 2.34915100
OS 0.89792100 2.34823600
OS 0.89830700 2.34630400
OS 0.89830700 2.33570700
OS 0.89943200 2.33005100
OS 0.90163200 2.32473600
OS 0.90483700 2.31993700
OS 1.00733900 2.21743500
OS 1.01213300 2.21423200
OS 1.01743300 2.21203800
OS 1.02310000 2.21090500
OE
OB 1.76439900 0.61047200 H
OS 1.97851000 0.61047200
OS 1.98350100 0.61180900
OS 1.98361200 0.61185500
OS 1.98384900 0.61190200
OS 1.98444300 0.61206100
OS 1.98976700 0.61513400
OS 2.81826200 1.44362800
OS 2.82031700 1.44718500
OS 2.82036600 1.44730300
OS 2.82050900 1.44751800
OS 2.82133200 1.44894300
OS 2.82274900 1.45421800
OS 2.82280000 1.45447500
OS 2.82285200 1.45459900
OS 2.82292700 1.45488000
OS 2.82293000 1.68994500
OS 2.82300600 1.69033200
OS 2.82304200 1.69041900
OS 2.82308300 1.69062600
OS 2.82314800 1.69078400
OS 2.82329000 1.69126700
OS 2.82333100 1.69147500
OS 2.82339800 1.69163700
OS 2.82350700 1.69201000
OS 2.82354800 1.69221500
OS 2.82361400 1.69237500
OS 2.82363700 1.69248600
OS 2.82378700 1.69284900
OS 2.82724900 1.69803300
OS 2.82959300 1.70369600
OS 2.82960700 1.70374400
OS 2.83080200 1.70974500
OS 2.83080300 1.71588900
OS 2.82960300 1.72192600
OS 2.82725800 1.72759400
OS 2.82723400 1.72763300
OS 2.82383100 1.73272500
OS 2.81950300 1.73705600
OS 2.81947800 1.73707700
OS 2.81437800 1.74048700
OS 2.80869400 1.74284000
OS 2.80265800 1.74404200
OS 2.79651400 1.74404300
OS 2.79047800 1.74284200
OS 2.78470800 1.74045500
OS 2.78432700 1.74037900
OS 2.78423200 1.74037900
OS 2.78325500 1.74017600
OS 2.78324400 1.74017100
OS 2.78224100 1.73996700
OS 2.78185400 1.73996700
OS 2.78147300 1.74004300
OS 2.78143300 1.74005800
OS 2.78120700 1.74011200
OS 2.78091100 1.74017100
OS 2.78083800 1.74020100
OS 2.78052700 1.74026300
OS 2.77722100 1.74163000
OS 2.77118400 1.74283200
OS 2.76504200 1.74283300
OS 2.75900800 1.74163300
OS 2.75332800 1.73928300
OS 2.74821900 1.73586900
OS 2.74385900 1.73151200
OS 2.74044300 1.72639900
OS 2.73813400 1.72082000
OS 2.73811800 1.72074200
OS 2.73807800 1.72064500
OS 2.73689100 1.71468800
OS 2.73689000 1.70854200
OS 2.73809000 1.70251200
OS 2.74043900 1.69683700
OS 2.74386400 1.69170500
OS 2.74401200 1.69134700
OS 2.74403100 1.69125600
OS 2.74411300 1.69105600
OS 2.74414700 1.69088800
OS 2.74452900 1.68966800
OS 2.74460800 1.68947700
OS 2.74464200 1.68930600
OS 2.74468500 1.68920200
OS 2.74476200 1.68881500
OS 2.74476400 1.47643300
OS 2.74468700 1.47604600
OS 2.74465300 1.47596400
OS 2.74461000 1.47575200
OS 2.74454500 1.47559500
OS 2.74423100 1.47452400
OS 2.74419100 1.47432200
OS 2.74412700 1.47416700
OS 2.74409800 1.47406900
OS 2.74407700 1.47396300
OS 2.74392600 1.47359800
OS 2.74371100 1.47327600
OS 2.74364800 1.47321300
OS 2.74357100 1.47311700
OS 2.74345200 1.47293900
OS 2.74341900 1.47290600
OS 2.74338700 1.47285800
OS 2.09560300 0.82507500
OS 2.09528100 0.82486000
OS 2.09519200 0.82482200
OS 2.09501600 0.82470500
OS 2.09485400 0.82463800
OS 2.09419900 0.82428000
OS 2.09402200 0.82416200
OS 2.09386100 0.82409500
OS 2.09360900 0.82395800
OS 2.09351800 0.82389700
OS 2.09315000 0.82374400
OS 2.09276900 0.82366800
OS 2.09238200 0.82366800
OS 2.09231300 0.82368200
OS 2.09196500 0.82370700
OS 2.09173400 0.82370700
OS 2.09160100 0.82373300
OS 2.09139800 0.82374800
OS 2.09116300 0.82374800
OS 2.09102800 0.82377500
OS 2.09074800 0.82379500
OS 2.09062400 0.82379500
OS 2.09024300 0.82387100
OS 2.08988500 0.82401900
OS 2.08956300 0.82423400
OS 2.08951900 0.82427600
OS 2.08923500 0.82448800
OS 2.08900700 0.82464000
OS 2.08893600 0.82471100
OS 2.08876200 0.82484100
OS 2.08854300 0.82498700
OS 2.08847500 0.82505500
OS 2.08826900 0.82520900
OS 2.08814500 0.82529200
OS 2.08787000 0.82556700
OS 2.08765500 0.82588900
OS 2.08750200 0.82625800
OS 2.08749400 0.82629700
OS 2.08737100 0.82662700
OS 2.08724600 0.82692800
OS 2.08723200 0.82699600
OS 2.08701500 0.82757800
OS 2.08688600 0.82788900
OS 2.08687300 0.82795600
OS 2.08681000 0.82810700
OS 2.08673400 0.82849400
OS 2.08673300 0.92317500
OS 2.08680900 0.92355900
OS 2.08684400 0.92364200
OS 2.08688600 0.92385500
OS 2.08695400 0.92402000
OS 2.08723100 0.92496100
OS 2.08727300 0.92517500
OS 2.08729100 0.92521900
OS 2.08730300 0.92527800
OS 2.08737400 0.92544800
OS 2.08739700 0.92552800
OS 2.08741900 0.92564000
OS 2.08757100 0.92600600
OS 2.08778600 0.92632800
OS 2.08785200 0.92639400
OS 2.08792200 0.92648100
OS 2.08804200 0.92666100
OS 2.08808000 0.92669900
OS 2.08811400 0.92675000
OS 2.16277000 1.00140700
OS 2.16326800 1.00226500
OS 2.16331700 1.00238200
OS 2.16346100 1.00259700
OS 2.16348500 1.00265600
OS 2.16370200 1.00298100
OS 2.16374600 1.00302500
OS 2.16375400 1.00303700
OS 2.16379700 1.00308000
OS 2.16381500 1.00310700
OS 2.16402000 1.00331300
OS 2.16405400 1.00336400
OS 2.16834300 1.00765600
OS 2.17171600 1.01270300
OS 2.17175800 1.01280300
OS 2.17180300 1.01287000
OS 2.17411200 1.01844900
OS 2.17531400 1.02448100
OS 2.17531500 1.03062300
OS 2.17411500 1.03666000
OS 2.17176800 1.04233100
OS 2.17174000 1.04237600
OS 2.16834500 1.04745700
OS 2.16399500 1.05180800
OS 2.16295500 1.05250300
OS 2.16267700 1.05278200
OS 2.16262600 1.05285800
OS 2.16247400 1.05301000
OS 2.16237500 1.05315900
OS 2.16190700 1.05371800
OS 2.16175000 1.05387500
OS 2.16164400 1.05403300
OS 2.16146500 1.05424800
OS 2.16139300 1.05432000
OS 2.16117200 1.05464900
OS 2.16102400 1.05500700
OS 2.16094800 1.05538800
OS 2.16094700 1.05546400
OS 2.16090700 1.05577800
OS 2.16085800 1.05603100
OS 2.16085800 1.05616900
OS 2.16083400 1.05636100
OS 2.16078600 1.05660600
OS 2.16078600 1.05673900
OS 2.16075100 1.05701800
OS 2.16072600 1.05714400
OS 2.16072600 1.05753100
OS 2.16080200 1.05791200
OS 2.16095000 1.05827000
OS 2.16098100 1.05831600
OS 2.16113900 1.05864700
OS 2.16124100 1.05889400
OS 2.16129500 1.05897500
OS 2.16159300 1.05959900
OS 2.16169300 1.05984000
OS 2.16174600 1.05991900
OS 2.16180700 1.06006400
OS 2.16202200 1.06038600
OS 2.43606100 1.33442800
OS 2.43947000 1.33952900
OS 2.43948700 1.33956500
OS 2.44182600 1.34521600
OS 2.44302900 1.35124200
OS 2.44303100 1.99912600
OS 2.44185100 2.00506600
OS 2.44181900 2.00514200
OS 2.44179900 2.00524400
OS 2.43948400 2.01083500
OS 2.43945600 2.01088000
OS 2.43605900 2.01596300
OS 2.40448000 2.04754500
OS 2.40426100 2.04787200
OS 2.40422700 2.04795300
OS 2.40410600 2.04813500
OS 2.40403700 2.04830200
OS 2.40368200 2.04895100
OS 2.40356400 2.04912900
OS 2.40349600 2.04929300
OS 2.40336000 2.04954200
OS 2.40329800 2.04963400
OS 2.40314700 2.04999800
OS 2.40307000 2.05038300
OS 2.40307000 2.05077000
OS 2.40308400 2.05084600
OS 2.40310900 2.05119000
OS 2.40310900 2.05141700
OS 2.40313500 2.05154900
OS 2.40315000 2.05175400
OS 2.40315000 2.05199100
OS 2.40317700 2.05212300
OS 2.40319700 2.05239900
OS 2.40319700 2.05252800
OS 2.40327300 2.05290900
OS 2.40342100 2.05326700
OS 2.40364300 2.05359900
OS 2.40368100 2.05363700
OS 2.40387600 2.05389800
OS 2.40404200 2.05414700
OS 2.40412000 2.05422500
OS 2.40422000 2.05435900
OS 2.40438600 2.05460800
OS 2.40446400 2.05468600
OS 2.40462000 2.05489400
OS 2.40468900 2.05499900
OS 2.40496900 2.05528100
OS 2.40529100 2.05549600
OS 2.40565900 2.05564800
OS 2.40569100 2.05565400
OS 2.40599900 2.05576900
OS 2.40632700 2.05590500
OS 2.40639900 2.05591900
OS 2.40656200 2.05598000
OS 2.40686600 2.05610600
OS 2.40693800 2.05612000
OS 2.40715400 2.05620100
OS 2.40730100 2.05626200
OS 2.40768800 2.05634000
OS 2.40807500 2.05634000
OS 2.40846800 2.05626200
OS 2.40848500 2.05625500
OS 2.40885300 2.05617500
OS 2.40919900 2.05610600
OS 2.40923100 2.05609300
OS 2.40983100 2.05596200
OS 2.41019300 2.05589000
OS 2.41022600 2.05587600
OS 2.41038900 2.05584400
OS 2.41075300 2.05569300
OS 2.41082400 2.05564600
OS 2.41085200 2.05563400
OS 2.41178700 2.05501000
OS 2.41746600 2.05265900
OS 2.42350000 2.05145700
OS 2.42963700 2.05145500
OS 2.43567800 2.05265700
OS 2.44135300 2.05500500
OS 2.44647400 2.05842500
OS 2.45082500 2.06277500
OS 2.45424000 2.06788600
OS 2.45659200 2.07356700
OS 2.45779400 2.07959900
OS 2.45779500 2.08574100
OS 2.45659500 2.09177800
OS 2.45424800 2.09744900
OS 2.45422000 2.09749400
OS 2.45082500 2.10257500
OS 2.44649500 2.10690800
OS 2.44647000 2.10692900
OS 2.44137100 2.11033900
OS 2.43568600 2.11269200
OS 2.42965000 2.11389500
OS 2.42350600 2.11389600
OS 2.41746800 2.11269500
OS 2.41179500 2.11034600
OS 2.41176200 2.11032600
OS 2.40668300 2.10693200
OS 2.40232200 2.10257400
OS 2.39890700 2.09746200
OS 2.39655900 2.09178800
OS 2.39535500 2.08574700
OS 2.39535500 2.07960500
OS 2.39655600 2.07357100
OS 2.39890400 2.06789900
OS 2.39941600 2.06712800
OS 2.39956700 2.06676300
OS 2.39958500 2.06667700
OS 2.39966900 2.06647300
OS 2.39970500 2.06629500
OS 2.39992600 2.06558500
OS 2.40000700 2.06539100
OS 2.40004300 2.06520900
OS 2.40012700 2.06494300
OS 2.40016800 2.06484400
OS 2.40024600 2.06445300
OS 2.40024600 2.06406600
OS 2.40017000 2.06368500
OS 2.40014200 2.06361500
OS 2.40005400 2.06329500
OS 2.40000700 2.06305800
OS 2.39995400 2.06293100
OS 2.39990300 2.06274400
OS 2.39985500 2.06250300
OS 2.39980200 2.06237400
OS 2.39972800 2.06210600
OS 2.39970600 2.06199300
OS 2.39955600 2.06162700
OS 2.39934100 2.06130500
OS 2.39906600 2.06103000
OS 2.39901700 2.06099600
OS 2.39877400 2.06077800
OS 2.39855800 2.06056200
OS 2.39847200 2.06050500
OS 2.39833100 2.06037800
OS 2.39813000 2.06017700
OS 2.39803300 2.06011200
OS 2.39784800 2.05994600
OS 2.39774800 2.05984600
OS 2.39742600 2.05963100
OS 2.39706800 2.05948300
OS 2.39667500 2.05940500
OS 2.39664200 2.05940500
OS 2.39631000 2.05935100
OS 2.39597400 2.05928500
OS 2.39590300 2.05928500
OS 2.39572300 2.05925600
OS 2.39540900 2.05919400
OS 2.39534000 2.05919400
OS 2.39509800 2.05915500
OS 2.39494400 2.05912400
OS 2.39455700 2.05912400
OS 2.39417600 2.05920000
OS 2.39381800 2.05934800
OS 2.39379400 2.05936200
OS 2.39340700 2.05953000
OS 2.39312100 2.05964900
OS 2.39309600 2.05966600
OS 2.39248800 2.05993000
OS 2.39218700 2.06005500
OS 2.39216200 2.06007200
OS 2.39200500 2.06013700
OS 2.39167900 2.06035400
OS 2.39161700 2.06041600
OS 2.39159300 2.06043200
OS 2.35690700 2.09511700
OS 2.35181100 2.09852300
OS 2.34802800 2.10009200
OS 2.34770200 2.10030900
OS 2.34764000 2.10037100
OS 2.34762400 2.10038400
OS 2.34745600 2.10049600
OS 2.34733500 2.10061700
OS 2.34674700 2.10109100
OS 2.34657500 2.10120600
OS 2.34645100 2.10133000
OS 2.34621800 2.10151800
OS 2.34613000 2.10157700
OS 2.34585500 2.10185200
OS 2.34564000 2.10217400
OS 2.34549200 2.10253200
OS 2.34547500 2.10260900
OS 2.34536800 2.10292900
OS 2.34527800 2.10314700
OS 2.34525200 2.10327900
OS 2.34518600 2.10347700
OS 2.34509500 2.10369600
OS 2.34506900 2.10382900
OS 2.34498300 2.10408600
OS 2.34493500 2.10420200
OS 2.34485700 2.10459200
OS 2.34485700 2.10497900
OS 2.34493500 2.10536900
OS 2.34495400 2.10541500
OS 2.34503900 2.10574700
OS 2.34509500 2.10602900
OS 2.34513600 2.10612800
OS 2.34529900 2.10676800
OS 2.34535400 2.10704500
OS 2.34539500 2.10714400
OS 2.34542400 2.10728800
OS 2.34557500 2.10765200
OS 2.34794000 2.11119300
OS 2.35029200 2.11687200
OS 2.35149500 2.12290900
OS 2.35149600 2.12905300
OS 2.35029700 2.13508100
OS 2.34794700 2.14075900
OS 2.34454600 2.14585200
OS 2.34443900 2.14595900
OS 2.34441900 2.14598900
OS 2.34017500 2.15023300
OS 2.33507500 2.15364400
OS 2.33505000 2.15365600
OS 2.32940200 2.15599400
OS 2.32936700 2.15600300
OS 2.32335100 2.15720200
OS 2.14496300 2.15720300
OS 2.13892900 2.15600300
OS 2.13324900 2.15365300
OS 2.12813200 2.15023300
OS 2.12388900 2.14599200
OS 2.12386700 2.14595900
OS 2.12375700 2.14584900
OS 2.12037100 2.14078100
OS 2.12035300 2.14074400
OS 2.11801400 2.13509100
OS 2.11681200 2.12906000
OS 2.11681100 2.12291400
OS 2.11801200 2.11687800
OS 2.12036000 2.11120500
OS 2.12378100 2.10608300
OS 2.12813200 2.10173200
OS 2.13323300 2.09832300
OS 2.13326900 2.09830600
OS 2.13889000 2.09597800
OS 2.13892300 2.09596600
OS 2.14495600 2.09476400
OS 2.30569000 2.09476300
OS 2.30607700 2.09468600
OS 2.30616100 2.09465100
OS 2.30637300 2.09460900
OS 2.30653800 2.09454000
OS 2.30724600 2.09433300
OS 2.30745900 2.09429000
OS 2.30762100 2.09422200
OS 2.30789100 2.09414300
OS 2.30800300 2.09412100
OS 2.30836700 2.09397000
OS 2.30869100 2.09375400
OS 2.30897300 2.09347200
OS 2.30901000 2.09341700
OS 2.30923000 2.09316300
OS 2.30940000 2.09299300
OS 2.30947600 2.09287900
OS 2.30960200 2.09273400
OS 2.30977600 2.09256000
OS 2.30985100 2.09244700
OS 2.31003400 2.09223700
OS 2.31011800 2.09215300
OS 2.31034000 2.09182300
OS 2.31048800 2.09146500
OS 2.31056400 2.09108400
OS 2.31056500 2.09102700
OS 2.31061800 2.09065900
OS 2.31066900 2.09040400
OS 2.31066900 2.09030100
OS 2.31071400 2.08998800
OS 2.31076900 2.08971100
OS 2.31076900 2.08960100
OS 2.31079600 2.08941400
OS 2.31082300 2.08927900
OS 2.31082300 2.08889200
OS 2.31074700 2.08851100
OS 2.31067200 2.08832700
OS 2.31062600 2.08820600
OS 2.31061500 2.08815100
OS 2.31048900 2.08784700
OS 2.31034700 2.08747400
OS 2.31033600 2.08742000
OS 2.31020800 2.08711200
OS 2.31020200 2.08708000
OS 2.31005100 2.08671600
OS 2.30934100 2.08565000
OS 2.30699100 2.07997300
OS 2.30578800 2.07393600
OS 2.30578800 2.06779400
OS 2.30698900 2.06176000
OS 2.30933600 2.05608900
OS 2.31275700 2.05096500
OS 2.37904200 1.98467900
OS 2.37925700 1.98435700
OS 2.37929100 1.98427400
OS 2.37941300 1.98409100
OS 2.37948100 1.98392800
OS 2.38000500 1.98296700
OS 2.38012300 1.98279000
OS 2.38019400 1.98261900
OS 2.38023700 1.98254000
OS 2.38029600 1.98245200
OS 2.38044700 1.98208800
OS 2.38052400 1.98170100
OS 2.38052400 1.98161000
OS 2.38053600 1.98150400
OS 2.38057900 1.98128900
OS 2.38057900 1.98123900
OS 2.38059100 1.98117900
OS 2.38059100 1.50407300
OS 2.38051400 1.50368600
OS 2.38047900 1.50360100
OS 2.38043700 1.50339000
OS 2.38036800 1.50322300
OS 2.38016100 1.50251700
OS 2.38011800 1.50230300
OS 2.38004700 1.50213300
OS 2.37997300 1.50187900
OS 2.37994900 1.50176200
OS 2.37979700 1.50139400
OS 2.37958200 1.50107200
OS 2.37930700 1.50079700
OS 2.37924900 1.50075800
OS 2.37900800 1.50054900
OS 2.37882100 1.50036200
OS 2.37870200 1.50028200
OS 2.37857200 1.50017000
OS 2.37838900 1.49998700
OS 2.37826400 1.49990300
OS 2.37806500 1.49973100
OS 2.37797300 1.49963900
OS 2.37765100 1.49942400
OS 2.37729300 1.49927600
OS 2.37690100 1.49919800
OS 2.37684300 1.49919800
OS 2.37651100 1.49915000
OS 2.37623300 1.49909500
OS 2.37613000 1.49909500
OS 2.37593500 1.49906700
OS 2.37566300 1.49901300
OS 2.37556200 1.49901300
OS 2.37531200 1.49897700
OS 2.37517000 1.49894900
OS 2.37477600 1.49894800
OS 2.37439500 1.49902400
OS 2.37402600 1.49917600
OS 2.37399800 1.49919500
OS 2.37363500 1.49936100
OS 2.37337500 1.49946800
OS 2.37332200 1.49950400
OS 2.37301900 1.49964200
OS 2.37275300 1.49975200
OS 2.37270100 1.49978700
OS 2.37253800 1.49986100
OS 2.37238700 1.49992400
OS 2.37205900 1.50014300
OS 2.37178400 1.50041800
OS 2.37169800 1.50054500
OS 2.37158700 1.50070000
OS 2.37154000 1.50074700
OS 2.37137700 1.50099200
OS 2.37110300 1.50137100
OS 2.37105300 1.50142100
OS 2.37087000 1.50169400
OS 2.37084600 1.50171800
OS 2.37063000 1.50204200
OS 2.36861600 1.50690200
OS 2.36520200 1.51201600
OS 2.36086000 1.51636200
OS 2.36084000 1.51637800
OS 2.35574700 1.51978400
OS 2.35005600 1.52214100
OS 2.35002000 1.52215000
OS 2.34401700 1.52334500
OS 2.19939600 1.52334600
OS 2.19901200 1.52342200
OS 2.19892800 1.52345700
OS 2.19871600 1.52349900
OS 2.19855100 1.52356700
OS 2.19784000 1.52377600
OS 2.19762900 1.52381800
OS 2.19745900 1.52388900
OS 2.19720000 1.52396500
OS 2.19708800 1.52398700
OS 2.19672000 1.52413900
OS 2.19639800 1.52435400
OS 2.19612300 1.52462900
OS 2.19608200 1.52468900
OS 2.19587700 1.52492600
OS 2.19568800 1.52511500
OS 2.19561000 1.52523200
OS 2.19549600 1.52536400
OS 2.19531300 1.52554700
OS 2.19522900 1.52567300
OS 2.19505700 1.52587100
OS 2.19496500 1.52596300
OS 2.19475000 1.52628500
OS 2.19460200 1.52664300
OS 2.19452600 1.52702400
OS 2.19452500 1.52708600
OS 2.19447800 1.52741100
OS 2.19442100 1.52770300
OS 2.19442100 1.52780700
OS 2.19439500 1.52799100
OS 2.19433900 1.52827400
OS 2.19433900 1.52837400
OS 2.19430500 1.52861000
OS 2.19427500 1.52876500
OS 2.19427400 1.52915900
OS 2.19435100 1.52954500
OS 2.19450200 1.52990900
OS 2.19452100 1.52993700
OS 2.19466600 1.53025400
OS 2.19479400 1.53056200
OS 2.19483300 1.53062000
OS 2.19504200 1.53107800
OS 2.19515900 1.53136000
OS 2.19519600 1.53141600
OS 2.19522600 1.53148100
OS 2.19528900 1.53163200
OS 2.19550800 1.53196000
OS 2.19578300 1.53223500
OS 2.19583600 1.53227100
OS 2.19597200 1.53239100
OS 2.19615400 1.53257300
OS 2.19622000 1.53261700
OS 2.19634900 1.53274600
OS 2.19942700 1.53480300
OS 2.20377800 1.53915300
OS 2.20719200 1.54426200
OS 2.20954500 1.54994500
OS 2.21074700 1.55597800
OS 2.21074800 1.60148900
OS 2.20954800 1.60752600
OS 2.20720100 1.61319700
OS 2.20717000 1.61324700
OS 2.20377800 1.61832300
OS 2.07056400 1.75153900
OS 2.07034900 1.75186100
OS 2.07031300 1.75194700
OS 2.07019300 1.75212700
OS 2.07012400 1.75229300
OS 2.06960100 1.75325100
OS 2.06948300 1.75342800
OS 2.06941400 1.75359400
OS 2.06937000 1.75367500
OS 2.06931000 1.75376500
OS 2.06915900 1.75412900
OS 2.06908400 1.75450800
OS 2.06908300 1.75460000
OS 2.06907100 1.75471200
OS 2.06902800 1.75492900
OS 2.06902800 1.75497700
OS 2.06901600 1.75503800
OS 2.06901500 1.81015100
OS 2.06781400 1.81619000
OS 2.06546700 1.82186100
OS 2.06204600 1.82698500
OS 2.05769500 1.83133600
OS 2.05259600 1.83474400
OS 2.05255800 1.83476200
OS 2.04690500 1.83710200
OS 2.04086900 1.83830400
OS 2.03472700 1.83830500
OS 2.02869300 1.83710500
OS 2.02865000 1.83708900
OS 2.02301400 1.83475500
OS 2.01789700 1.83133700
OS 2.01354600 1.82698600
OS 2.01012800 1.82187200
OS 2.00778000 1.81620200
OS 2.00657500 1.81015800
OS 2.00657500 1.75327600
OS 2.00649800 1.75288900
OS 2.00646300 1.75280400
OS 2.00642100 1.75259300
OS 2.00637500 1.75248300
OS 2.00634700 1.75234200
OS 2.00627800 1.75217600
OS 2.00614400 1.75171800
OS 2.00610200 1.75150700
OS 2.00603300 1.75134100
OS 2.00595600 1.75107900
OS 2.00593300 1.75096300
OS 2.00578200 1.75059900
OS 2.00556600 1.75027500
OS 2.00528400 1.74999300
OS 2.00523200 1.74995800
OS 2.00497100 1.74973200
OS 2.00480500 1.74956600
OS 2.00469400 1.74949200
OS 2.00454400 1.74936200
OS 2.00437100 1.74918900
OS 2.00425500 1.74911200
OS 2.00405700 1.74894000
OS 2.00396500 1.74884800
OS 2.00363500 1.74862700
OS 2.00327700 1.74847900
OS 2.00289600 1.74840300
OS 2.00283700 1.74840200
OS 2.00250500 1.74835400
OS 2.00221500 1.74829700
OS 2.00211000 1.74829700
OS 2.00193200 1.74827100
OS 2.00164700 1.74821500
OS 2.00154100 1.74821500
OS 2.00128000 1.74817700
OS 2.00115100 1.74815200
OS 2.00075800 1.74815100
OS 2.00037600 1.74822700
OS 2.00000700 1.74837900
OS 1.99997800 1.74839800
OS 1.99961800 1.74856300
OS 1.99935900 1.74867000
OS 1.99930700 1.74870500
OS 1.99868300 1.74899000
OS 1.99842000 1.74909900
OS 1.99836700 1.74913400
OS 1.99821700 1.74919700
OS 1.99788900 1.74941500
OS 1.99777400 1.74953000
OS 1.99776500 1.74953600
OS 1.86872500 1.87857600
OS 1.86362000 1.88199000
OS 1.85793400 1.88434400
OS 1.85189300 1.88554900
OS 1.84378100 1.88555000
OS 1.83774600 1.88434900
OS 1.83206800 1.88199900
OS 1.83204500 1.88198600
OS 1.82695100 1.87858000
OS 1.82259900 1.87422900
OS 1.81918200 1.86911300
OS 1.81683500 1.86344500
OS 1.81563100 1.85740600
OS 1.81563000 1.85125700
OS 1.81683000 1.84522800
OS 1.81917900 1.83955300
OS 1.81920900 1.83950400
OS 1.82260000 1.83443000
OS 1.82695000 1.83008000
OS 1.83230100 1.82650000
OS 1.83241300 1.82638800
OS 1.83287300 1.82604500
OS 1.83310900 1.82588800
OS 2.02471100 1.63428500
OS 2.02492600 1.63396300
OS 2.02496100 1.63387900
OS 2.02508200 1.63369700
OS 2.02515100 1.63353200
OS 2.02567300 1.63257400
OS 2.02579200 1.63239600
OS 2.02586100 1.63222900
OS 2.02590600 1.63214700
OS 2.02596500 1.63205900
OS 2.02611500 1.63169700
OS 2.02619300 1.63130800
OS 2.02619300 1.63121700
OS 2.02620500 1.63110900
OS 2.02624800 1.63089500
OS 2.02624800 1.63084600
OS 2.02626000 1.63078600
OS 2.02626000 1.57566800
OS 2.02746100 1.56963500
OS 2.02980900 1.56396300
OS 2.02983400 1.56392200
OS 2.03323000 1.55883900
OS 2.03758000 1.55448800
OS 2.04268600 1.55107600
OS 2.04272700 1.55105700
OS 2.04836500 1.54872400
OS 2.05441100 1.54751800
OS 2.06055100 1.54751800
OS 2.06658500 1.54871900
OS 2.07225800 1.55106700
OS 2.07738000 1.55448800
OS 2.08173100 1.55883800
OS 2.08514600 1.56394900
OS 2.08749300 1.56961700
OS 2.08870000 1.57566200
OS 2.08870200 1.63254900
OS 2.08877800 1.63293500
OS 2.08881300 1.63302000
OS 2.08885500 1.63323100
OS 2.08892400 1.63339700
OS 2.08913100 1.63410200
OS 2.08917400 1.63431800
OS 2.08924300 1.63448400
OS 2.08932200 1.63475200
OS 2.08934300 1.63486100
OS 2.08949500 1.63522800
OS 2.08971000 1.63555000
OS 2.08998500 1.63582500
OS 2.09004900 1.63586900
OS 2.09029100 1.63607900
OS 2.09047100 1.63625900
OS 2.09058700 1.63633600
OS 2.09072700 1.63645800
OS 2.09090400 1.63663500
OS 2.09101900 1.63671200
OS 2.09122300 1.63688900
OS 2.09131000 1.63697600
OS 2.09164000 1.63719800
OS 2.09199800 1.63734600
OS 2.09237900 1.63742200
OS 2.09243600 1.63742300
OS 2.09278000 1.63747200
OS 2.09306000 1.63752800
OS 2.09316900 1.63752800
OS 2.09334300 1.63755300
OS 2.09362800 1.63761000
OS 2.09374100 1.63761000
OS 2.09398300 1.63764500
OS 2.09412400 1.63767300
OS 2.09451700 1.63767300
OS 2.09490400 1.63759600
OS 2.09526800 1.63744500
OS 2.09529700 1.63742600
OS 2.09564900 1.63726500
OS 2.09591600 1.63715400
OS 2.09597000 1.63711800
OS 2.09658100 1.63683900
OS 2.09685500 1.63672500
OS 2.09691000 1.63668900
OS 2.09705800 1.63662700
OS 2.09738600 1.63640900
OS 2.09750100 1.63629400
OS 2.09751000 1.63628800
OS 2.09806800 1.63573000
OS 2.09807400 1.63572100
OS 2.10357400 1.63022100
OS 2.10358200 1.63021600
OS 2.10414000 1.62965800
OS 2.10414500 1.62965000
OS 2.14675700 1.58704100
OS 2.14697300 1.58671800
OS 2.14701000 1.58663100
OS 2.14713000 1.58645000
OS 2.14719500 1.58629300
OS 2.14771800 1.58533500
OS 2.14783900 1.58515400
OS 2.14790800 1.58498700
OS 2.14795500 1.58490200
OS 2.14801300 1.58481600
OS 2.14816400 1.58445200
OS 2.14824100 1.58406500
OS 2.14824100 1.58397100
OS 2.14825200 1.58386800
OS 2.14829500 1.58365300
OS 2.14829500 1.58359800
OS 2.14830700 1.58353800
OS 2.14830700 1.55598500
OS 2.14950700 1.54995300
OS 2.14952400 1.54990800
OS 2.15185600 1.54427600
OS 2.15527700 1.53915400
OS 2.15962900 1.53480200
OS 2.16254200 1.53285500
OS 2.16282100 1.53257600
OS 2.16287200 1.53250000
OS 2.16302500 1.53234700
OS 2.16312700 1.53219500
OS 2.16359800 1.53163200
OS 2.16374900 1.53148100
OS 2.16385000 1.53133000
OS 2.16403400 1.53111000
OS 2.16410600 1.53103800
OS 2.16432500 1.53071100
OS 2.16447600 1.53034700
OS 2.16455300 1.52996000
OS 2.16455300 1.52988600
OS 2.16459300 1.52957100
OS 2.16464200 1.52932500
OS 2.16464200 1.52918000
OS 2.16466500 1.52899800
OS 2.16471400 1.52875300
OS 2.16471400 1.52861000
OS 2.16474700 1.52834600
OS 2.16477200 1.52822300
OS 2.16477200 1.52783000
OS 2.16469600 1.52744700
OS 2.16454400 1.52707900
OS 2.16451300 1.52703200
OS 2.16436500 1.52672300
OS 2.16425800 1.52646500
OS 2.16420100 1.52638000
OS 2.16411500 1.52620100
OS 2.16401000 1.52594700
OS 2.16395100 1.52585800
OS 2.16384400 1.52563300
OS 2.16378900 1.52550100
OS 2.16357000 1.52517100
OS 2.16329500 1.52489600
OS 2.16297300 1.52468100
OS 2.16293100 1.52466200
OS 2.16260900 1.52446300
OS 2.16236000 1.52429700
OS 2.16230000 1.52427200
OS 2.16187400 1.52400900
OS 2.16161600 1.52383600
OS 2.16155400 1.52381000
OS 2.16149400 1.52377300
OS 2.16135600 1.52368100
OS 2.16099800 1.52353300
OS 2.16061700 1.52345700
OS 2.16054700 1.52345600
OS 2.16038200 1.52343400
OS 2.16011500 1.52338100
OS 2.16003100 1.52338100
OS 2.15985400 1.52334600
OS 2.02291600 1.52334500
OS 2.01688200 1.52214500
OS 2.01120200 1.51979500
OS 2.00609300 1.51638100
OS 1.92945100 1.43974200
OS 1.92603400 1.43462800
OS 1.92368300 1.42894900
OS 1.92248200 1.42291700
OS 1.92248100 1.19913300
OS 1.92368300 1.19309500
OS 1.92602900 1.18742800
OS 1.92605400 1.18738700
OS 1.92945000 1.18230400
OS 1.93420000 1.17755300
OS 1.93931900 1.17413200
OS 1.94497400 1.17179000
OS 1.94501200 1.17177900
OS 1.95102900 1.17058000
OS 1.95717400 1.17057900
OS 1.96321000 1.17178000
OS 1.96888200 1.17412800
OS 1.97160500 1.17594400
OS 1.97196300 1.17609200
OS 1.97205500 1.17611100
OS 1.97225900 1.17619600
OS 1.97243600 1.17623100
OS 1.97260300 1.17628400
OS 1.97278500 1.17636000
OS 1.97300200 1.17646600
OS 1.97305300 1.17650000
OS 1.97307600 1.17650900
OS 1.97308100 1.17651300
OS 1.97343900 1.17666100
OS 1.97382000 1.17673700
OS 1.97404100 1.17673700
OS 1.97425600 1.17677900
OS 1.97464300 1.17677900
OS 1.97504700 1.17669700
OS 1.97510900 1.17667100
OS 1.97535200 1.17660500
OS 1.97538200 1.17659900
OS 1.97539700 1.17659900
OS 1.97561800 1.17655500
OS 1.97586000 1.17652500
OS 1.97593800 1.17652500
OS 1.97596600 1.17652100
OS 1.97634700 1.17644500
OS 1.97670500 1.17629700
OS 1.97685700 1.17619500
OS 1.97709000 1.17609800
OS 1.97741200 1.17588300
OS 1.97770200 1.17559100
OS 1.97773000 1.17554900
OS 1.97792400 1.17533500
OS 1.97798100 1.17529700
OS 1.97812000 1.17515800
OS 1.97828900 1.17501900
OS 1.97838600 1.17495200
OS 1.97866100 1.17467700
OS 1.97887600 1.17435500
OS 1.97893300 1.17421600
OS 1.97909700 1.17397100
OS 1.97924500 1.17361300
OS 1.97932500 1.17320600
OS 1.97932500 1.17317100
OS 1.97936800 1.17290500
OS 1.97938500 1.17282100
OS 1.97939300 1.17279700
OS 1.97947900 1.17258900
OS 1.97951100 1.17243000
OS 1.97954500 1.17232300
OS 1.97959100 1.17221200
OS 1.97966800 1.17182500
OS 1.97966800 1.17143200
OS 1.97964300 1.17130800
OS 1.97964100 1.17128700
OS 1.97964000 1.17090500
OS 1.97948200 1.17010400
OS 1.97947600 1.17009000
OS 1.97947000 1.17006000
OS 1.97942300 1.16994600
OS 1.97907100 1.16862900
OS 1.97902600 1.16840100
OS 1.97899500 1.16832600
OS 1.97897200 1.16820900
OS 1.97882100 1.16784500
OS 1.97875200 1.16774200
OS 1.97872400 1.16767300
OS 1.97855900 1.16742500
OS 1.97839000 1.16714600
OS 1.97833500 1.16701400
OS 1.97828400 1.16693800
OS 1.97817500 1.16669100
OS 1.97805700 1.16640700
OS 1.97803400 1.16637300
OS 1.97796900 1.16621700
OS 1.97775200 1.16589100
OS 1.97769800 1.16583700
OS 1.97768500 1.16581800
OS 1.94824800 1.13637900
OS 1.94775500 1.13552600
OS 1.94770900 1.13541400
OS 1.94757400 1.13521200
OS 1.94517700 1.13106000
OS 1.94448500 1.12848300
OS 1.94443700 1.12824200
OS 1.94439000 1.12812900
OS 1.94358500 1.12512800
OS 1.94358300 0.97330700
OS 1.94374900 0.97268500
OS 1.94379500 0.97257500
OS 1.94384200 0.97233800
OS 1.94516700 0.96738600
OS 1.94520300 0.96731700
OS 1.94618100 0.96562400
OS 1.94632800 0.96540300
OS 1.94637900 0.96528100
OS 1.94824600 0.96204700
OS 1.99195800 0.91833200
OS 1.99728200 0.91525500
OS 2.00322600 0.91366100
OS 2.03480800 0.91366000
OS 2.03519500 0.91358300
OS 2.03528000 0.91354800
OS 2.03549100 0.91350600
OS 2.03565100 0.91344000
OS 2.03637100 0.91322900
OS 2.03658100 0.91318700
OS 2.03674200 0.91312000
OS 2.03701900 0.91303800
OS 2.03712400 0.91301700
OS 2.03749000 0.91286600
OS 2.03781200 0.91265100
OS 2.03808700 0.91237600
OS 2.03813100 0.91231300
OS 2.03833900 0.91207300
OS 2.03852200 0.91189000
OS 2.03860200 0.91177100
OS 2.03881100 0.91152900
OS 2.03899100 0.91134900
OS 2.03907000 0.91123000
OS 2.03919800 0.91108300
OS 2.03928200 0.91099900
OS 2.03950100 0.91067200
OS 2.03965200 0.91030800
OS 2.03968700 0.91013000
OS 2.03971600 0.91000000
OS 2.03973000 0.90996600
OS 2.03980500 0.90959200
OS 2.03984500 0.90940900
OS 2.03985900 0.90937500
OS 2.03988200 0.90925800
OS 2.03988600 0.90924900
OS 2.03995600 0.90890000
OS 2.03996300 0.90888200
OS 2.04004000 0.90849500
OS 2.04004000 0.80634000
OS 2.03996300 0.80595300
OS 2.03992900 0.80587100
OS 2.03988600 0.80565500
OS 2.03981700 0.80548800
OS 2.03954300 0.80455300
OS 2.03950100 0.80434200
OS 2.03945300 0.80422700
OS 2.03942300 0.80407500
OS 2.03935400 0.80391000
OS 2.03933200 0.80379900
OS 2.03918100 0.80343500
OS 2.03571900 0.79824900
OS 2.03336900 0.79257400
OS 2.03216700 0.78654000
OS 2.03216600 0.78039200
OS 2.03336600 0.77436200
OS 2.03571400 0.76868800
OS 2.03913500 0.76356300
OS 2.04079300 0.76190400
OS 2.04100800 0.76158200
OS 2.04104500 0.76149400
OS 2.04116300 0.76131600
OS 2.04122700 0.76116100
OS 2.04159000 0.76049700
OS 2.04170600 0.76032300
OS 2.04177200 0.76016300
OS 2.04191000 0.75991200
OS 2.04197100 0.75982000
OS 2.04212400 0.75945200
OS 2.04220000 0.75907100
OS 2.04220000 0.75868400
OS 2.04218600 0.75861000
OS 2.04216200 0.75827900
OS 2.04216200 0.75803500
OS 2.04213900 0.75791700
OS 2.04213900 0.75771500
OS 2.04211200 0.75757700
OS 2.04211100 0.75732100
OS 2.04208300 0.75717800
OS 2.04206900 0.75698500
OS 2.04206900 0.75686100
OS 2.04199300 0.75648000
OS 2.04184500 0.75612200
OS 2.04166900 0.75585400
OS 2.04165500 0.75582000
OS 2.04144800 0.75550900
OS 2.04127000 0.75523100
OS 2.04125700 0.75520000
OS 2.04106100 0.75490500
OS 2.04105400 0.75488800
OS 2.04083500 0.75456100
OS 1.96077600 0.67450000
OS 1.96045400 0.67428500
OS 1.96037000 0.67425000
OS 1.96018800 0.67412900
OS 1.96002300 0.67406100
OS 1.95906400 0.67353700
OS 1.95888700 0.67341900
OS 1.95872000 0.67335000
OS 1.95863800 0.67330500
OS 1.95855000 0.67324600
OS 1.95818800 0.67309600
OS 1.95780700 0.67302000
OS 1.95771500 0.67301900
OS 1.95760100 0.67300700
OS 1.95738600 0.67296400
OS 1.95733800 0.67296400
OS 1.95727700 0.67295200
OS 1.89343200 0.67295200
OS 1.89304800 0.67302800
OS 1.89296500 0.67306300
OS 1.89275200 0.67310500
OS 1.89258600 0.67317400
OS 1.89187600 0.67338200
OS 1.89166600 0.67342400
OS 1.89150000 0.67349300
OS 1.89123400 0.67357100
OS 1.89112200 0.67359300
OS 1.89075800 0.67374400
OS 1.89043400 0.67396000
OS 1.89015200 0.67424200
OS 1.89011500 0.67429700
OS 1.88989400 0.67455200
OS 1.88972500 0.67472100
OS 1.88965000 0.67483400
OS 1.88952300 0.67498000
OS 1.88934800 0.67515500
OS 1.88927000 0.67527100
OS 1.88909900 0.67546900
OS 1.88900700 0.67556100
OS 1.88878600 0.67589100
OS 1.88863800 0.67624900
OS 1.88856200 0.67663000
OS 1.88856100 0.67669100
OS 1.88851400 0.67701600
OS 1.88845600 0.67731100
OS 1.88845600 0.67741900
OS 1.88843000 0.67759900
OS 1.88837400 0.67788000
OS 1.88837400 0.67798400
OS 1.88833600 0.67824400
OS 1.88830900 0.67838100
OS 1.88830900 0.67876800
OS 1.88838500 0.67914900
OS 1.88853800 0.67951800
OS 1.88855700 0.67954600
OS 1.88871600 0.67989600
OS 1.88882900 0.68016800
OS 1.88886400 0.68022000
OS 1.88910300 0.68074600
OS 1.88921000 0.68100300
OS 1.88922000 0.68101800
OS 1.88925600 0.68110500
OS 1.88929100 0.68115700
OS 1.88935500 0.68131100
OS 1.88957000 0.68163300
OS 1.88960500 0.68166800
OS 1.88961100 0.68167700
OS 1.89275200 0.68481900
OS 1.89616900 0.68993300
OS 1.89850900 0.69558200
OS 1.89852100 0.69561500
OS 1.89972300 0.70164400
OS 1.89972400 0.70778900
OS 1.89852300 0.71382800
OS 1.89617700 0.71949600
OS 1.89615800 0.71952800
OS 1.89275400 0.72462300
OS 1.88840300 0.72897500
OS 1.88330500 0.73238200
OS 1.88326800 0.73240000
OS 1.87761200 0.73474000
OS 1.87158000 0.73594200
OS 1.86561900 0.73594400
OS 1.86523500 0.73602000
OS 1.86515100 0.73605500
OS 1.86493900 0.73609700
OS 1.86477300 0.73616600
OS 1.86406100 0.73637400
OS 1.86385300 0.73641600
OS 1.86369300 0.73648300
OS 1.86341000 0.73656500
OS 1.86331000 0.73658500
OS 1.86294300 0.73673600
OS 1.86262100 0.73695100
OS 1.86234600 0.73722600
OS 1.86230300 0.73729000
OS 1.86209200 0.73753300
OS 1.86191200 0.73771300
OS 1.86183400 0.73783000
OS 1.86162200 0.73807400
OS 1.86144200 0.73825400
OS 1.86136300 0.73837300
OS 1.86124600 0.73850900
OS 1.86115100 0.73860400
OS 1.86093200 0.73893100
OS 1.86078100 0.73929500
OS 1.86075600 0.73942400
OS 1.86071800 0.73960200
OS 1.86070300 0.73963700
OS 1.86063700 0.73996900
OS 1.86056000 0.74032200
OS 1.86054700 0.74035400
OS 1.86047700 0.74070500
OS 1.86047000 0.74072100
OS 1.86039400 0.74110400
OS 1.86039400 0.92255700
OS 1.86047000 0.92294400
OS 1.86049900 0.92301400
OS 1.86054700 0.92325600
OS 1.86060200 0.92338900
OS 1.86089100 0.92443800
OS 1.86093600 0.92466300
OS 1.86098800 0.92478900
OS 1.86101500 0.92488600
OS 1.86103800 0.92500200
OS 1.86118900 0.92536600
OS 1.86125600 0.92546600
OS 1.86127300 0.92550700
OS 1.86149200 0.92583400
OS 1.86162100 0.92596500
OS 1.86167500 0.92604600
OS 1.86170000 0.92607100
OS 1.86172800 0.92611200
OS 1.86474300 0.93133500
OS 1.86514800 0.93284400
OS 1.86519400 0.93307500
OS 1.86524000 0.93318700
OS 1.86633600 0.93726600
OS 1.86633800 0.97610300
OS 1.86582300 0.97802600
OS 1.86577500 0.97814200
OS 1.86572600 0.97838800
OS 1.86475100 0.98203100
OS 1.86473200 0.98206700
OS 1.86297800 0.98510600
OS 1.86283900 0.98531400
OS 1.86279100 0.98542900
OS 1.86172400 0.98727800
OS 1.86170700 0.98729500
OS 1.86163500 0.98740300
OS 1.86150900 0.98753100
OS 1.86129100 0.98785700
OS 1.86128100 0.98788100
OS 1.86121900 0.98797400
OS 1.86107100 0.98833200
OS 1.86104600 0.98845500
OS 1.86102000 0.98855300
OS 1.86096800 0.98867800
OS 1.86092600 0.98889200
OS 1.86086100 0.98898900
OS 1.86079800 0.98914100
OS 1.86074800 0.98923400
OS 1.86068800 0.98932300
OS 1.86053700 0.98968700
OS 1.86046200 0.99006600
OS 1.86046100 0.99015900
OS 1.86044700 0.99028000
OS 1.86040600 0.99049000
OS 1.86040600 0.99053600
OS 1.86039400 0.99059700
OS 1.86039300 0.99121800
OS 1.85969800 0.99381900
OS 1.85964700 0.99394200
OS 1.85959600 0.99420000
OS 1.85880600 0.99714700
OS 1.85878600 0.99718500
OS 1.85664200 1.00090000
OS 1.85649900 1.00111400
OS 1.85645000 1.00123300
OS 1.85573100 1.00247800
OS 1.77529000 1.08292200
OS 1.77507400 1.08324600
OS 1.77504000 1.08332700
OS 1.77491900 1.08351000
OS 1.77485300 1.08366900
OS 1.77432600 1.08463300
OS 1.77420800 1.08481000
OS 1.77414100 1.08497200
OS 1.77409000 1.08506500
OS 1.77403400 1.08514800
OS 1.77388300 1.08551200
OS 1.77380800 1.08589100
OS 1.77380700 1.08598700
OS 1.77379600 1.08609000
OS 1.77375300 1.08631100
OS 1.77375300 1.08636600
OS 1.77374100 1.08642600
OS 1.77374100 1.33675300
OS 1.77381700 1.33714000
OS 1.77385200 1.33722600
OS 1.77389400 1.33743600
OS 1.77396200 1.33760000
OS 1.77417100 1.33831200
OS 1.77421300 1.33852200
OS 1.77428100 1.33868600
OS 1.77435900 1.33895100
OS 1.77438200 1.33906600
OS 1.77453400 1.33943200
OS 1.77474900 1.33975400
OS 1.77503100 1.34003600
OS 1.77508600 1.34007300
OS 1.77534000 1.34029300
OS 1.77551000 1.34046300
OS 1.77562300 1.34053800
OS 1.77577000 1.34066600
OS 1.77594400 1.34084000
OS 1.77605900 1.34091700
OS 1.77626200 1.34109300
OS 1.77635100 1.34118200
OS 1.77668000 1.34140300
OS 1.77703800 1.34155100
OS 1.77742900 1.34162900
OS 1.77748800 1.34162900
OS 1.77781700 1.34167700
OS 1.77810000 1.34173300
OS 1.77820700 1.34173300
OS 1.77870500 1.34180500
OS 1.77898100 1.34186000
OS 1.77908500 1.34186000
OS 1.77916100 1.34187100
OS 1.77930200 1.34189900
OS 1.77969500 1.34189900
OS 1.78008200 1.34182200
OS 1.78014900 1.34179400
OS 1.78029000 1.34175600
OS 1.78054100 1.34170600
OS 1.78060900 1.34167800
OS 1.78074800 1.34165000
OS 1.78458900 1.34006100
OS 1.79062600 1.33885800
OS 1.79677300 1.33885700
OS 1.80280400 1.34005700
OS 1.80847600 1.34240500
OS 1.81350400 1.34576300
OS 1.81355700 1.34581600
OS 1.81365300 1.34588000
OS 1.81795400 1.35018100
OS 1.82136000 1.35527700
OS 1.82137700 1.35531300
OS 1.82371700 1.36096600
OS 1.82409000 1.36282500
OS 1.82423800 1.36318100
OS 1.82428600 1.36325300
OS 1.82437400 1.36346300
OS 1.82447500 1.36361400
OS 1.82481400 1.36426400
OS 1.82490000 1.36447000
OS 1.82500300 1.36462400
OS 1.82512900 1.36486600
OS 1.82517200 1.36496900
OS 1.82539200 1.36530000
OS 1.82566700 1.36557500
OS 1.82598900 1.36579000
OS 1.82605900 1.36582000
OS 1.82632500 1.36597000
OS 1.82655000 1.36612000
OS 1.82668200 1.36617500
OS 1.82683800 1.36626400
OS 1.82704700 1.36640300
OS 1.82718000 1.36645800
OS 1.82741000 1.36658900
OS 1.82751500 1.36665900
OS 1.82787900 1.36681000
OS 1.82826000 1.36688600
OS 1.82865900 1.36688700
OS 1.82871200 1.36687700
OS 1.82903900 1.36685900
OS 1.82933500 1.36685900
OS 1.82944000 1.36683800
OS 1.82974400 1.36682200
OS 1.83003500 1.36682200
OS 1.83014700 1.36680000
OS 1.83033100 1.36679000
OS 1.83046900 1.36679000
OS 1.83085000 1.36671400
OS 1.83120800 1.36656600
OS 1.83134200 1.36647700
OS 1.83148100 1.36639000
OS 1.83153600 1.36636600
OS 1.83180400 1.36618700
OS 1.83215000 1.36596900
OS 1.83219900 1.36594900
OS 1.83248100 1.36576100
OS 1.83250700 1.36575000
OS 1.83283400 1.36553100
OS 1.85248500 1.34588200
OS 1.85258400 1.34581600
OS 1.85263800 1.34576200
OS 1.85764300 1.34241700
OS 1.85768000 1.34239900
OS 1.86333300 1.34006000
OS 1.86936500 1.33885800
OS 1.87551000 1.33885700
OS 1.88154200 1.34005700
OS 1.88721900 1.34240600
OS 1.89224800 1.34576500
OS 1.89229900 1.34581600
OS 1.89239200 1.34587800
OS 1.89668500 1.35017100
OS 1.90010300 1.35528100
OS 1.90245800 1.36096900
OS 1.90366000 1.36699900
OS 1.90366100 1.37314300
OS 1.90246100 1.37918000
OS 1.90011300 1.38485200
OS 1.90009600 1.38488100
OS 1.89669100 1.38997700
OS 1.83040700 1.45626300
OS 1.83019200 1.45658500
OS 1.83015600 1.45667100
OS 1.83003600 1.45685100
OS 1.82996700 1.45701700
OS 1.82944500 1.45797400
OS 1.82932600 1.45815200
OS 1.82925500 1.45832300
OS 1.82921300 1.45840000
OS 1.82915300 1.45849000
OS 1.82900300 1.45885200
OS 1.82892700 1.45923300
OS 1.82892600 1.45932300
OS 1.82891400 1.45943800
OS 1.82887100 1.45965300
OS 1.82887100 1.45970200
OS 1.82885900 1.45976300
OS 1.82885800 1.59361400
OS 1.82765800 1.59965200
OS 1.82531100 1.60532300
OS 1.82528200 1.60537000
OS 1.82188800 1.61044900
OS 1.75166800 1.68067200
OS 1.75145300 1.68099400
OS 1.75141700 1.68108000
OS 1.75129700 1.68126000
OS 1.75123000 1.68142300
OS 1.75070500 1.68238200
OS 1.75058600 1.68256000
OS 1.75051800 1.68272400
OS 1.75047200 1.68280800
OS 1.75041200 1.68289800
OS 1.75026100 1.68326200
OS 1.75018600 1.68364100
OS 1.75018500 1.68373700
OS 1.75017300 1.68384800
OS 1.75013100 1.68406100
OS 1.75013100 1.68411500
OS 1.75011900 1.68417600
OS 1.75011800 1.84164700
OS 1.74891800 1.84768400
OS 1.74657000 1.85335600
OS 1.74655300 1.85338500
OS 1.74314600 1.85848400
OS 1.49266700 2.10896400
OS 1.49244800 2.10929100
OS 1.49241300 2.10937500
OS 1.49229300 2.10955500
OS 1.49222500 2.10971800
OS 1.49186900 2.11037000
OS 1.49175200 2.11054600
OS 1.49168500 2.11070700
OS 1.49154800 2.11095900
OS 1.49148600 2.11105100
OS 1.49133500 2.11141500
OS 1.49125800 2.11180000
OS 1.49125800 2.11218700
OS 1.49127200 2.11226300
OS 1.49129700 2.11260500
OS 1.49129700 2.11283400
OS 1.49132300 2.11296300
OS 1.49136100 2.11349800
OS 1.49136100 2.11374400
OS 1.49138800 2.11387900
OS 1.49139500 2.11397100
OS 1.49139500 2.11409600
OS 1.49147100 2.11447700
OS 1.49161900 2.11483500
OS 1.49166400 2.11490400
OS 1.49172500 2.11502200
OS 1.49181700 2.11524500
OS 1.49185100 2.11529600
OS 1.49188800 2.11538500
OS 1.49459100 2.11943200
OS 1.49694600 2.12511900
OS 1.49814700 2.13114300
OS 1.49815000 2.13119500
OS 1.49814900 2.13729300
OS 1.49694800 2.14333200
OS 1.49460100 2.14900300
OS 1.49118300 2.15412100
OS 1.48683400 2.15847300
OS 1.48172400 2.16188900
OS 1.48168700 2.16190700
OS 1.47603700 2.16424500
OS 1.46999800 2.16544700
OS 1.46400500 2.16544800
OS 1.46362100 2.16552400
OS 1.46353700 2.16555900
OS 1.46332500 2.16560100
OS 1.46316000 2.16566900
OS 1.46245400 2.16587700
OS 1.46223800 2.16592000
OS 1.46207400 2.16598800
OS 1.46180600 2.16606800
OS 1.46169700 2.16608900
OS 1.46132900 2.16624100
OS 1.46100700 2.16645600
OS 1.46073200 2.16673100
OS 1.46069300 2.16678900
OS 1.46048400 2.16703000
OS 1.46029700 2.16721700
OS 1.46021400 2.16734200
OS 1.46001500 2.16757100
OS 1.45982800 2.16775800
OS 1.45974500 2.16788300
OS 1.45962400 2.16802200
OS 1.45953100 2.16811500
OS 1.45931600 2.16843700
OS 1.45916600 2.16880100
OS 1.45910200 2.16911100
OS 1.45908900 2.16914100
OS 1.45903000 2.16944100
OS 1.45894700 2.16982300
OS 1.45893300 2.16985600
OS 1.45886300 2.17020600
OS 1.45885600 2.17022400
OS 1.45878000 2.17060700
OS 1.45877900 2.19597800
OS 1.45757800 2.20201700
OS 1.45523100 2.20768800
OS 1.45521200 2.20771900
OS 1.45180900 2.21281200
OS 1.44746000 2.21716200
OS 1.44235600 2.22057300
OS 1.44231900 2.22059000
OS 1.43668500 2.22292300
OS 1.43663900 2.22293600
OS 1.43063500 2.22413100
OS 1.42449000 2.22413200
OS 1.41845400 2.22293100
OS 1.41277800 2.22058200
OS 1.40765900 2.21716200
OS 1.40330800 2.21281200
OS 1.39989200 2.20769900
OS 1.39755400 2.20205300
OS 1.39754200 2.20202000
OS 1.39633900 2.19597800
OS 1.39633900 2.12592900
OS 1.39753900 2.11989600
OS 1.39988800 2.11422000
OS 1.40330300 2.10910800
OS 1.43396500 2.07844200
OS 1.43649400 2.07675100
OS 1.43663500 2.07661000
OS 1.43679300 2.07648100
OS 1.43695400 2.07637300
OS 1.68612600 1.82720000
OS 1.68634500 1.82687300
OS 1.68637900 1.82679100
OS 1.68650100 1.82660800
OS 1.68652200 1.82655600
OS 1.68655800 1.82650300
OS 1.68662700 1.82633600
OS 1.68708700 1.82549400
OS 1.68720800 1.82531300
OS 1.68728000 1.82514000
OS 1.68731900 1.82507000
OS 1.68738300 1.82497300
OS 1.68753400 1.82460900
OS 1.68761100 1.82422200
OS 1.68761100 1.82412700
OS 1.68762200 1.82402000
OS 1.68766400 1.82381200
OS 1.68766400 1.82376000
OS 1.68767700 1.82369500
OS 1.68767700 1.66621900
OS 1.68887700 1.66018900
OS 1.69122600 1.65451200
OS 1.69464900 1.64938700
OS 1.76486600 1.57917000
OS 1.76508100 1.57884800
OS 1.76512000 1.57875800
OS 1.76523700 1.57858200
OS 1.76530400 1.57842000
OS 1.76583300 1.57745200
OS 1.76595000 1.57727700
OS 1.76601700 1.57711500
OS 1.76606300 1.57703200
OS 1.76612300 1.57694200
OS 1.76627400 1.57657800
OS 1.76635100 1.57619100
OS 1.76635100 1.57610000
OS 1.76636300 1.57599200
OS 1.76640600 1.57577600
OS 1.76640600 1.57572800
OS 1.76641800 1.57566800
OS 1.76641800 1.49675100
OS 1.76634100 1.49636400
OS 1.76630600 1.49628000
OS 1.76626400 1.49606800
OS 1.76619500 1.49590300
OS 1.76598800 1.49519500
OS 1.76594500 1.49498000
OS 1.76587500 1.49481100
OS 1.76579800 1.49455000
OS 1.76577600 1.49443800
OS 1.76562500 1.49407400
OS 1.76540900 1.49374900
OS 1.76513400 1.49347400
OS 1.76507200 1.49343100
OS 1.76483300 1.49322400
OS 1.76464800 1.49303900
OS 1.76452600 1.49295800
OS 1.76439400 1.49284300
OS 1.76421600 1.49266500
OS 1.76409500 1.49258400
OS 1.76389100 1.49240700
OS 1.76380700 1.49232300
OS 1.76347800 1.49210200
OS 1.76312000 1.49195400
OS 1.76273900 1.49187800
OS 1.76268100 1.49187700
OS 1.76233900 1.49182800
OS 1.76206000 1.49177200
OS 1.76195300 1.49177200
OS 1.76176700 1.49174500
OS 1.76148900 1.49169000
OS 1.76138800 1.49169000
OS 1.76112600 1.49165200
OS 1.76098900 1.49162500
OS 1.76060200 1.49162500
OS 1.76022100 1.49170100
OS 1.75986300 1.49184900
OS 1.75982700 1.49187100
OS 1.75950900 1.49201700
OS 1.75920100 1.49214500
OS 1.75914500 1.49218200
OS 1.75854200 1.49245700
OS 1.75826300 1.49257300
OS 1.75820800 1.49261000
OS 1.75805600 1.49267300
OS 1.75773400 1.49288800
OS 1.75770100 1.49292100
OS 1.75769200 1.49292700
OS 1.66899100 1.58162800
OS 1.66877200 1.58195500
OS 1.66874000 1.58203300
OS 1.66861800 1.58221800
OS 1.66855000 1.58238100
OS 1.66802600 1.58334000
OS 1.66790900 1.58351500
OS 1.66783900 1.58368400
OS 1.66779600 1.58376100
OS 1.66773500 1.58385300
OS 1.66758400 1.58421700
OS 1.66750800 1.58460400
OS 1.66750800 1.58469400
OS 1.66749500 1.58480800
OS 1.66745400 1.58501600
OS 1.66745400 1.58507000
OS 1.66744200 1.58513100
OS 1.66744200 1.67965300
OS 1.66746400 1.67976600
OS 1.66748100 1.68003400
OS 1.66748000 1.70566900
OS 1.66747100 1.70571500
OS 1.66747100 1.70596300
OS 1.66746500 1.70605400
OS 1.66744200 1.70617100
OS 1.66744200 1.72909100
OS 1.66751800 1.72947800
OS 1.66755300 1.72956100
OS 1.66759500 1.72977100
OS 1.66766100 1.72993100
OS 1.66790900 1.73077600
OS 1.66794800 1.73097500
OS 1.66801200 1.73113000
OS 1.66802200 1.73116300
OS 1.66806200 1.73136500
OS 1.66812700 1.73152200
OS 1.66815100 1.73163800
OS 1.66830200 1.73200200
OS 1.67176000 1.73717800
OS 1.67411200 1.74285700
OS 1.67531400 1.74888900
OS 1.67531500 1.75503300
OS 1.67411400 1.76107200
OS 1.67176800 1.76674000
OS 1.66834500 1.77186700
OS 1.66400100 1.77621100
OS 1.65888900 1.77963000
OS 1.65320400 1.78198400
OS 1.64716800 1.78318600
OS 1.64102600 1.78318700
OS 1.63499200 1.78198700
OS 1.62931400 1.77963700
OS 1.62929000 1.77962300
OS 1.62419600 1.77621800
OS 1.61984900 1.77187300
OS 1.61643400 1.76676500
OS 1.61641700 1.76673000
OS 1.61407700 1.76107700
OS 1.61287400 1.75503300
OS 1.61287400 1.74889800
OS 1.61407500 1.74286200
OS 1.61642300 1.73719100
OS 1.61984900 1.73205700
OS 1.61999700 1.73169900
OS 1.62001300 1.73161700
OS 1.62009900 1.73140500
OS 1.62013300 1.73123600
OS 1.62015600 1.73116300
OS 1.62023400 1.73097500
OS 1.62026800 1.73080700
OS 1.62051400 1.73002000
OS 1.62059200 1.72983100
OS 1.62062500 1.72966400
OS 1.62063100 1.72964500
OS 1.62066900 1.72955300
OS 1.62074500 1.72917200
OS 1.62074800 1.71753300
OS 1.62067100 1.71714600
OS 1.62063700 1.71706500
OS 1.62059400 1.71684900
OS 1.62052500 1.71668200
OS 1.62031800 1.71597600
OS 1.62027500 1.71576100
OS 1.62020400 1.71558900
OS 1.62012700 1.71532400
OS 1.62010600 1.71521800
OS 1.61995400 1.71485000
OS 1.61973900 1.71452800
OS 1.61946400 1.71425300
OS 1.61940500 1.71421400
OS 1.61915600 1.71399800
OS 1.61897800 1.71382000
OS 1.61886000 1.71374200
OS 1.61861200 1.71352600
OS 1.61843700 1.71335100
OS 1.61832100 1.71327400
OS 1.61816700 1.71314000
OS 1.61808200 1.71305500
OS 1.61776000 1.71284000
OS 1.61740200 1.71269200
OS 1.61709000 1.71262700
OS 1.61705400 1.71261200
OS 1.61672600 1.71254700
OS 1.61637000 1.71246900
OS 1.61633600 1.71245500
OS 1.61598600 1.71238500
OS 1.61596900 1.71237800
OS 1.61558600 1.71230200
OS 1.60108400 1.71230000
OS 1.60108200 1.71225000
OS 1.60108400 1.67352300
OS 1.60372800 1.67352200
OS 1.60411500 1.67344500
OS 1.60419800 1.67341000
OS 1.60441100 1.67336800
OS 1.60457600 1.67330000
OS 1.60528200 1.67309200
OS 1.60549800 1.67304900
OS 1.60567100 1.67297700
OS 1.60592700 1.67290200
OS 1.60603900 1.67288000
OS 1.60640700 1.67272800
OS 1.60672900 1.67251300
OS 1.60700400 1.67223800
OS 1.60704500 1.67217700
OS 1.60725100 1.67194000
OS 1.60743900 1.67175200
OS 1.60752100 1.67163000
OS 1.60772800 1.67139100
OS 1.60790800 1.67121100
OS 1.60799100 1.67108600
OS 1.60811400 1.67094500
OS 1.60820500 1.67085400
OS 1.60842000 1.67053200
OS 1.60856800 1.67017400
OS 1.60863500 1.66985700
OS 1.60864700 1.66982800
OS 1.60871700 1.66947800
OS 1.60878900 1.66914700
OS 1.60880300 1.66911400
OS 1.60887300 1.66876200
OS 1.60888000 1.66874600
OS 1.60895600 1.66836300
OS 1.60895900 1.57098800
OS 1.61031000 1.56963700
OS 1.61167500 1.56759500
OS 1.72239700 1.45686900
OS 1.72261200 1.45654700
OS 1.72264600 1.45646600
OS 1.72277400 1.45623100
OS 1.72283600 1.45613800
OS 1.72298600 1.45577600
OS 1.72306400 1.45538700
OS 1.72306400 1.45529300
OS 1.72308700 1.45508100
OS 1.72312800 1.45487600
OS 1.72313200 1.06705300
OS 1.72327100 1.06684400
OS 1.72341900 1.06648600
OS 1.72372300 1.06496500
OS 1.72457500 1.06290400
OS 1.72580900 1.06105600
OS 1.79588300 0.99097700
OS 1.79609800 0.99065500
OS 1.79624600 0.99029700
OS 1.79632200 0.98991600
OS 1.79632200 0.98952900
OS 1.79624600 0.98914800
OS 1.79609800 0.98879000
OS 1.79586600 0.98844500
OS 1.79582900 0.98840800
OS 1.79508500 0.98741000
OS 1.79501200 0.98730100
OS 1.79473500 0.98702300
OS 1.79440600 0.98680300
OS 1.79434000 0.98677600
OS 1.79385200 0.98649700
OS 1.79374600 0.98642600
OS 1.78876200 0.98436200
OS 1.78364500 0.98094300
OS 1.77929200 0.97659100
OS 1.77587600 0.97147800
OS 1.77352700 0.96580400
OS 1.77294700 0.96290400
OS 1.77279800 0.96254400
OS 1.77274900 0.96246900
OS 1.77266400 0.96226700
OS 1.77256700 0.96212100
OS 1.77240400 0.96180900
OS 1.77232300 0.96161400
OS 1.77222600 0.96146800
OS 1.77221400 0.96144600
OS 1.77213500 0.96125500
OS 1.77204200 0.96111600
OS 1.77190300 0.96084900
OS 1.77186500 0.96075600
OS 1.77164600 0.96042700
OS 1.77137100 0.96015200
OS 1.77104000 0.95993100
OS 1.77096700 0.95990100
OS 1.77070500 0.95975100
OS 1.77048500 0.95960500
OS 1.77035600 0.95955100
OS 1.77019700 0.95946100
OS 1.76999000 0.95932300
OS 1.76985600 0.95926700
OS 1.76962600 0.95913700
OS 1.76952200 0.95906700
OS 1.76915700 0.95891500
OS 1.76877600 0.95883900
OS 1.76838900 0.95883900
OS 1.76833400 0.95884900
OS 1.76797500 0.95886800
OS 1.76770200 0.95886800
OS 1.76760200 0.95888800
OS 1.76708500 0.95891500
OS 1.76680700 0.95891500
OS 1.76670800 0.95893500
OS 1.76662500 0.95893900
OS 1.76648500 0.95893900
OS 1.76609800 0.95901500
OS 1.76573800 0.95916400
OS 1.76567800 0.95920300
OS 1.76553500 0.95927500
OS 1.76530600 0.95937000
OS 1.76524300 0.95941200
OS 1.76512500 0.95946100
OS 1.76322000 0.96073200
OS 1.76317600 0.96075200
OS 1.75753500 0.96308600
OS 1.75749900 0.96309500
OS 1.75150100 0.96428900
OS 1.74535700 0.96429000
OS 1.73932600 0.96309100
OS 1.73364300 0.96073900
OS 1.73361300 0.96072100
OS 1.72853300 0.95732500
OS 1.72428900 0.95308300
OS 1.72427300 0.95305900
OS 1.72415700 0.95294300
OS 1.72075800 0.94785600
OS 1.71840900 0.94218100
OS 1.71720400 0.93614300
OS 1.71705500 0.93578300
OS 1.71700400 0.93570600
OS 1.71691900 0.93550100
OS 1.71682000 0.93535300
OS 1.71623700 0.93423600
OS 1.71615300 0.93403400
OS 1.71605700 0.93389000
OS 1.71601100 0.93378200
OS 1.71579500 0.93345800
OS 1.70415800 0.92181800
OS 1.70108400 0.91649600
OS 1.70072500 0.91515900
OS 1.70068200 0.91494200
OS 1.70064000 0.91484000
OS 1.69948900 0.91055200
OS 1.69948800 0.67538800
OS 1.70026700 0.67248100
OS 1.70031100 0.67237500
OS 1.70035600 0.67214800
OS 1.70107900 0.66945100
OS 1.70340900 0.66541200
OS 1.70354900 0.66520300
OS 1.70359700 0.66508700
OS 1.70415100 0.66412700
OS 1.75313900 0.61513800
OS 1.75845500 0.61206700
OS 1.75908100 0.61189900
OS 1.75930200 0.61185500
OS 1.75940600 0.61181200
OS 1.76439900 0.61047200
OE
OB 0.25706400 1.40381800 H
OS 0.27522100 1.40381800
OS 0.28344100 1.40512100
OS 0.29135400 1.40769000
OS 0.29465100 1.40937000
OS 0.29477600 1.40945300
OS 0.29498500 1.40954000
OS 0.29877200 1.41146900
OS 0.30550000 1.41635600
OS 0.31138900 1.42224300
OS 0.31266600 1.42400000
OS 0.31283800 1.42425800
OS 0.31289400 1.42431400
OS 0.31628200 1.42897600
OS 0.31746400 1.43129600
OS 0.31755000 1.43150300
OS 0.31763300 1.43162800
OS 0.32005800 1.43638700
OS 0.32075700 1.43853600
OS 0.32078500 1.43867500
OS 0.32086700 1.43887200
OS 0.32263000 1.44429600
OS 0.32285900 1.44573900
OS 0.32285900 1.44580200
OS 0.32291000 1.44605800
OS 0.32393700 1.45253000
OS 0.32393700 1.46073900
OS 0.32392200 1.46081500
OS 0.32392200 1.46093500
OS 0.32273900 1.46841000
OS 0.32267900 1.46871500
OS 0.32267900 1.46879000
OS 0.32263200 1.46907700
OS 0.32050500 1.47562900
OS 0.32041600 1.47584200
OS 0.32038600 1.47599400
OS 0.32006700 1.47697600
OS 0.31705700 1.48288800
OS 0.31697300 1.48301400
OS 0.31688800 1.48322000
OS 0.31629600 1.48438300
OS 0.31206500 1.49020900
OS 0.31201500 1.49025900
OS 0.31186000 1.49049100
OS 0.31139400 1.49113300
OS 0.30550500 1.49702300
OS 0.30494600 1.49742900
OS 0.30468800 1.49760100
OS 0.30463200 1.49765700
OS 0.29954100 1.50135500
OS 0.29928200 1.50152800
OS 0.29923100 1.50157900
OS 0.29914700 1.50163500
OS 0.29886800 1.50191400
OS 0.29881100 1.50199900
OS 0.29872400 1.50208600
OS 0.29858400 1.50229700
OS 0.29812400 1.50289200
OS 0.29803200 1.50298400
OS 0.29789800 1.50318400
OS 0.29769100 1.50345300
OS 0.29764400 1.50350000
OS 0.29742200 1.50383100
OS 0.29727400 1.50418900
OS 0.29719800 1.50457000
OS 0.29719800 1.50468100
OS 0.29717300 1.50496700
OS 0.29713900 1.50514000
OS 0.29713900 1.50537000
OS 0.29712400 1.50554100
OS 0.29709000 1.50571300
OS 0.29709000 1.50593900
OS 0.29706400 1.50624200
OS 0.29704800 1.50632300
OS 0.29704700 1.50671900
OS 0.29712300 1.50710000
OS 0.29727100 1.50745800
OS 0.29732700 1.50754400
OS 0.29745900 1.50779500
OS 0.29754500 1.50800100
OS 0.29764700 1.50815300
OS 0.29791500 1.50866300
OS 0.29799400 1.50885200
OS 0.29809600 1.50900600
OS 0.29813400 1.50907700
OS 0.29817300 1.50917100
OS 0.29839100 1.50949800
OS 0.29866600 1.50977300
OS 0.29872500 1.50981300
OS 0.29881800 1.50989400
OS 0.29898900 1.51006500
OS 0.29923800 1.51023100
OS 0.30120900 1.51166400
OS 0.30126100 1.51171600
OS 0.30150000 1.51187500
OS 0.30550800 1.51478900
OS 0.31139600 1.52067700
OS 0.31577800 1.52670800
OS 0.31594500 1.52695800
OS 0.31599900 1.52701200
OS 0.31628100 1.52740000
OS 0.31963800 1.53398600
OS 0.31972800 1.53420300
OS 0.31981500 1.53433300
OS 0.32005700 1.53481000
OS 0.32214700 1.54123800
OS 0.32217400 1.54137500
OS 0.32225300 1.54156500
OS 0.32263200 1.54273000
OS 0.32353700 1.54843500
OS 0.32353700 1.54850200
OS 0.32359100 1.54877400
OS 0.32393700 1.55095600
OS 0.32393700 1.55927000
OS 0.32331400 1.56320800
OS 0.32325300 1.56351500
OS 0.32325300 1.56359200
OS 0.32263200 1.56750300
OS 0.32167800 1.57043900
OS 0.32159400 1.57064200
OS 0.32156600 1.57078600
OS 0.32006300 1.57541100
OS 0.31890200 1.57769100
OS 0.31882000 1.57781400
OS 0.31873500 1.57801900
OS 0.31629100 1.58281900
OS 0.31470200 1.58500600
OS 0.31464900 1.58505900
OS 0.31448800 1.58530100
OS 0.31139900 1.58955200
OS 0.30551200 1.59544200
OS 0.29952300 1.59979400
OS 0.29926500 1.59996600
OS 0.29922000 1.60001100
OS 0.29913200 1.60007000
OS 0.29885400 1.60034800
OS 0.29879500 1.60043600
OS 0.29870700 1.60052400
OS 0.29857100 1.60072800
OS 0.29854400 1.60076300
OS 0.29844800 1.60085900
OS 0.29830600 1.60107200
OS 0.29811600 1.60131900
OS 0.29801500 1.60142000
OS 0.29787100 1.60163600
OS 0.29767200 1.60189400
OS 0.29762000 1.60194700
OS 0.29740500 1.60226900
OS 0.29725700 1.60262700
OS 0.29718100 1.60300800
OS 0.29718100 1.60312300
OS 0.29715700 1.60340600
OS 0.29712300 1.60357600
OS 0.29712300 1.60379700
OS 0.29710700 1.60397800
OS 0.29707300 1.60415100
OS 0.29707300 1.60437800
OS 0.29704700 1.60468000
OS 0.29703100 1.60476100
OS 0.29703000 1.60515700
OS 0.29710600 1.60553800
OS 0.29725400 1.60589600
OS 0.29730700 1.60597700
OS 0.29744800 1.60624400
OS 0.29752900 1.60643900
OS 0.29763100 1.60659100
OS 0.29789600 1.60709400
OS 0.29797800 1.60729100
OS 0.29807800 1.60744100
OS 0.29811700 1.60751500
OS 0.29815800 1.60761300
OS 0.29837300 1.60793500
OS 0.29864800 1.60821000
OS 0.29870800 1.60825100
OS 0.29880100 1.60833200
OS 0.29897300 1.60850400
OS 0.29922400 1.60867100
OS 0.30548300 1.61321900
OS 0.31138100 1.61911500
OS 0.31311200 1.62149700
OS 0.31328600 1.62175800
OS 0.31334300 1.62181500
OS 0.31626300 1.62583500
OS 0.31777100 1.62879100
OS 0.31785900 1.62900300
OS 0.31794100 1.62912500
OS 0.32003700 1.63323700
OS 0.32094700 1.63603500
OS 0.32097500 1.63617500
OS 0.32105700 1.63637300
OS 0.32261200 1.64115700
OS 0.32294200 1.64323700
OS 0.32294200 1.64330200
OS 0.32296200 1.64340100
OS 0.28475800 1.64340500
OS 0.28437700 1.64348100
OS 0.28401900 1.64362900
OS 0.28369700 1.64384400
OS 0.28342200 1.64411900
OS 0.28320700 1.64444100
OS 0.28305900 1.64479900
OS 0.28298300 1.64518000
OS 0.28298300 1.64556700
OS 0.28305900 1.64594800
OS 0.28320700 1.64630600
OS 0.28322800 1.64633700
OS 0.28323400 1.64635200
OS 0.28329200 1.64643900
OS 0.28379900 1.64833100
OS 0.28384700 1.64857100
OS 0.28389500 1.64868600
OS 0.28454100 1.65109600
OS 0.28454100 1.65120200
OS 0.28454600 1.65122700
OS 0.28454700 1.65595900
OS 0.28415400 1.65743200
OS 0.28410800 1.65754200
OS 0.28406100 1.65777800
OS 0.28389600 1.65839500
OS 0.28384800 1.65851200
OS 0.28379900 1.65876200
OS 0.28331200 1.66058400
OS 0.28329300 1.66064300
OS 0.28323400 1.66073100
OS 0.28322800 1.66074600
OS 0.28320700 1.66077700
OS 0.28305900 1.66113500
OS 0.28298300 1.66151600
OS 0.28298300 1.66190300
OS 0.28305900 1.66228400
OS 0.28320700 1.66264200
OS 0.28342200 1.66296400
OS 0.28369700 1.66323900
OS 0.28401900 1.66345400
OS 0.28437700 1.66360200
OS 0.28475800 1.66367800
OS 0.32296700 1.66368100
OS 0.32261500 1.66591500
OS 0.32027200 1.67313300
OS 0.32018500 1.67334200
OS 0.32015600 1.67349100
OS 0.32004800 1.67382200
OS 0.31670200 1.68039200
OS 0.31662100 1.68051400
OS 0.31653700 1.68071800
OS 0.31627000 1.68124100
OS 0.31157200 1.68770600
OS 0.31151900 1.68775900
OS 0.31137500 1.68797500
OS 0.30549100 1.69385900
OS 0.30400800 1.69493600
OS 0.30376100 1.69510100
OS 0.30370700 1.69515500
OS 0.29951900 1.69819700
OS 0.29926500 1.69836700
OS 0.29922000 1.69841200
OS 0.29913200 1.69847100
OS 0.29885300 1.69875000
OS 0.29879500 1.69883700
OS 0.29870700 1.69892500
OS 0.29857100 1.69912900
OS 0.29811400 1.69972200
OS 0.29801500 1.69982100
OS 0.29787100 1.70003700
OS 0.29767300 1.70029400
OS 0.29762000 1.70034800
OS 0.29740500 1.70067000
OS 0.29725700 1.70102800
OS 0.29718100 1.70140900
OS 0.29718100 1.70152400
OS 0.29715600 1.70180900
OS 0.29712300 1.70197700
OS 0.29712300 1.70219300
OS 0.29710600 1.70238900
OS 0.29707400 1.70255200
OS 0.29707400 1.70276800
OS 0.29704600 1.70308600
OS 0.29703100 1.70316200
OS 0.29703000 1.70355800
OS 0.29710600 1.70393900
OS 0.29725400 1.70429700
OS 0.29730700 1.70437700
OS 0.29744600 1.70463900
OS 0.29752900 1.70484000
OS 0.29763200 1.70499400
OS 0.29789600 1.70549500
OS 0.29797700 1.70569000
OS 0.29808100 1.70584600
OS 0.29811200 1.70590400
OS 0.29815600 1.70600900
OS 0.29837400 1.70633600
OS 0.29864900 1.70661100
OS 0.29871000 1.70665300
OS 0.29880100 1.70673200
OS 0.29897200 1.70690300
OS 0.29921100 1.70706200
OS 0.30210200 1.70916300
OS 0.30215500 1.70921600
OS 0.30239700 1.70937700
OS 0.30550600 1.71163700
OS 0.31139000 1.71752100
OS 0.31623900 1.72419300
OS 0.31628700 1.72426500
OS 0.31996900 1.73148700
OS 0.32005900 1.73170300
OS 0.32008000 1.73173400
OS 0.32235800 1.73873700
OS 0.32238500 1.73887500
OS 0.32246700 1.73907200
OS 0.32263100 1.73957700
OS 0.32364000 1.74593300
OS 0.32364000 1.74600200
OS 0.32369500 1.74628100
OS 0.32393600 1.74779800
OS 0.32393700 1.75612000
OS 0.32321000 1.76071000
OS 0.32315000 1.76101500
OS 0.32315000 1.76109100
OS 0.32263600 1.76433800
OS 0.32146700 1.76794000
OS 0.32138300 1.76814200
OS 0.32135500 1.76828500
OS 0.32006300 1.77226100
OS 0.31857000 1.77519300
OS 0.31848900 1.77531400
OS 0.31840500 1.77551600
OS 0.31628600 1.77967700
OS 0.31423100 1.78250500
OS 0.31417700 1.78255900
OS 0.31401300 1.78280600
OS 0.31139100 1.78641300
OS 0.30550400 1.79229900
OS 0.29954300 1.79662900
OS 0.29928200 1.79680400
OS 0.29923200 1.79685400
OS 0.29914700 1.79691100
OS 0.29886800 1.79719000
OS 0.29881100 1.79727500
OS 0.29872400 1.79736200
OS 0.29858300 1.79757400
OS 0.29812400 1.79816800
OS 0.29803200 1.79826000
OS 0.29789800 1.79846100
OS 0.29769100 1.79872900
OS 0.29764400 1.79877600
OS 0.29742200 1.79910700
OS 0.29727400 1.79946500
OS 0.29719800 1.79984600
OS 0.29719800 1.79995700
OS 0.29717400 1.80024100
OS 0.29713900 1.80041600
OS 0.29713900 1.80047500
OS 0.29713100 1.80051500
OS 0.29713100 1.80073500
OS 0.29712400 1.80081700
OS 0.29709000 1.80098900
OS 0.29709000 1.80120800
OS 0.29706300 1.80152200
OS 0.29704800 1.80159900
OS 0.29704700 1.80199500
OS 0.29712300 1.80237600
OS 0.29727100 1.80273400
OS 0.29732300 1.80281200
OS 0.29745800 1.80306800
OS 0.29754500 1.80327700
OS 0.29764700 1.80342900
OS 0.29791600 1.80394000
OS 0.29799400 1.80412800
OS 0.29809600 1.80428200
OS 0.29813400 1.80435300
OS 0.29817300 1.80444700
OS 0.29839100 1.80477400
OS 0.29866600 1.80504900
OS 0.29872200 1.80508700
OS 0.29882100 1.80517300
OS 0.29898900 1.80534100
OS 0.29923800 1.80550700
OS 0.30550400 1.81006000
OS 0.31139400 1.81595000
OS 0.31361600 1.81900700
OS 0.31378300 1.81925800
OS 0.31383700 1.81931200
OS 0.31627300 1.82266500
OS 0.31813600 1.82631900
OS 0.31821200 1.82650300
OS 0.31828600 1.82661400
OS 0.32006100 1.83009600
OS 0.32117800 1.83353100
OS 0.32120700 1.83367500
OS 0.32129100 1.83387900
OS 0.32263200 1.83800400
OS 0.32306500 1.84073400
OS 0.32306500 1.84080200
OS 0.32311900 1.84107500
OS 0.32393700 1.84623300
OS 0.32393700 1.85454500
OS 0.32378200 1.85552900
OS 0.32372500 1.85581500
OS 0.32372500 1.85588600
OS 0.32263700 1.86275700
OS 0.32256000 1.86294200
OS 0.32253300 1.86307800
OS 0.32008200 1.87063100
OS 0.32004000 1.87073100
OS 0.31639600 1.87788800
OS 0.31631200 1.87801400
OS 0.31626600 1.87812600
OS 0.31139500 1.88483300
OS 0.30550600 1.89072300
OS 0.30315200 1.89243300
OS 0.30290000 1.89260100
OS 0.30284500 1.89265600
OS 0.29953800 1.89505800
OS 0.29928200 1.89522900
OS 0.29923200 1.89527900
OS 0.29914700 1.89533600
OS 0.29886800 1.89561500
OS 0.29881000 1.89570100
OS 0.29872400 1.89578700
OS 0.29858400 1.89599700
OS 0.29812400 1.89659300
OS 0.29803200 1.89668500
OS 0.29789800 1.89688500
OS 0.29769200 1.89715300
OS 0.29764400 1.89720100
OS 0.29742200 1.89753200
OS 0.29727400 1.89789000
OS 0.29719800 1.89827100
OS 0.29719800 1.89838200
OS 0.29717400 1.89866400
OS 0.29713900 1.89884100
OS 0.29713900 1.89907100
OS 0.29712400 1.89924500
OS 0.29709000 1.89941400
OS 0.29709000 1.89964200
OS 0.29706300 1.89994800
OS 0.29704800 1.90002400
OS 0.29704700 1.90042000
OS 0.29712300 1.90080100
OS 0.29727100 1.90115900
OS 0.29732600 1.90124300
OS 0.29745800 1.90149300
OS 0.29754500 1.90170200
OS 0.29764800 1.90185600
OS 0.29791400 1.90235900
OS 0.29799400 1.90255300
OS 0.29809600 1.90270700
OS 0.29813200 1.90277400
OS 0.29817300 1.90287200
OS 0.29839100 1.90319900
OS 0.29866600 1.90347400
OS 0.29872800 1.90351600
OS 0.29881800 1.90359500
OS 0.29898900 1.90376600
OS 0.29923500 1.90393000
OS 0.30299500 1.90666300
OS 0.30304800 1.90671600
OS 0.30328900 1.90687700
OS 0.30550700 1.90848900
OS 0.31138700 1.91436700
OS 0.31628100 1.92110100
OS 0.31636500 1.92130300
OS 0.31644700 1.92142600
OS 0.32002300 1.92844300
OS 0.32002900 1.92847500
OS 0.32011200 1.92867600
OS 0.32256700 1.93623000
OS 0.32259600 1.93637500
OS 0.32264000 1.93648200
OS 0.32374300 1.94343300
OS 0.32374300 1.94350200
OS 0.32379800 1.94378100
OS 0.32393700 1.94465600
OS 0.32393700 1.95296600
OS 0.32310500 1.95822500
OS 0.32304800 1.95851500
OS 0.32304800 1.95858600
OS 0.32263700 1.96118400
OS 0.32125500 1.96544200
OS 0.32117200 1.96564200
OS 0.32114400 1.96578400
OS 0.32006600 1.96910500
OS 0.31823900 1.97269200
OS 0.31815800 1.97281400
OS 0.31807300 1.97301800
OS 0.31629000 1.97652000
OS 0.31375800 1.98000600
OS 0.31370500 1.98005900
OS 0.31354200 1.98030300
OS 0.31139400 1.98325900
OS 0.30550700 1.98914700
OS 0.29954700 1.99347700
OS 0.29928200 1.99365400
OS 0.29923100 1.99370500
OS 0.29914700 1.99376100
OS 0.29886800 1.99404000
OS 0.29881100 1.99412500
OS 0.29872400 1.99421200
OS 0.29858300 1.99442400
OS 0.29812500 1.99501700
OS 0.29803200 1.99511000
OS 0.29789700 1.99531200
OS 0.29769100 1.99557900
OS 0.29764400 1.99562600
OS 0.29742200 1.99595700
OS 0.29727400 1.99631500
OS 0.29719800 1.99669600
OS 0.29719800 1.99680700
OS 0.29717300 1.99709400
OS 0.29713900 1.99726600
OS 0.29713900 1.99749100
OS 0.29712400 1.99766900
OS 0.29709000 1.99783900
OS 0.29709000 1.99805800
OS 0.29706300 1.99837300
OS 0.29704800 1.99844900
OS 0.29704700 1.99884500
OS 0.29712300 1.99922600
OS 0.29727100 1.99958400
OS 0.29732600 1.99966800
OS 0.29746000 1.99992200
OS 0.29754500 2.00012700
OS 0.29759700 2.00020500
OS 0.29763800 2.00030300
OS 0.29774100 2.00045700
OS 0.29791500 2.00078800
OS 0.29799400 2.00097800
OS 0.29809400 2.00112800
OS 0.29813300 2.00120200
OS 0.29817300 2.00129700
OS 0.29839100 2.00162400
OS 0.29866600 2.00189900
OS 0.29872700 2.00194100
OS 0.29881900 2.00202100
OS 0.29898900 2.00219100
OS 0.29923800 2.00235700
OS 0.30550600 2.00691300
OS 0.31139500 2.01280100
OS 0.31409300 2.01651500
OS 0.31425500 2.01675800
OS 0.31430800 2.01681100
OS 0.31628300 2.01953000
OS 0.31845600 2.02379200
OS 0.31854300 2.02400300
OS 0.31862800 2.02413000
OS 0.32004800 2.02691500
OS 0.32005700 2.02693600
OS 0.32139100 2.03103700
OS 0.32141800 2.03117500
OS 0.32149900 2.03137100
OS 0.32263200 2.03485400
OS 0.32316800 2.03823300
OS 0.32316800 2.03830200
OS 0.32322300 2.03858000
OS 0.32393700 2.04308200
OS 0.32393700 2.05139600
OS 0.32367800 2.05303200
OS 0.32362200 2.05331500
OS 0.32362200 2.05338600
OS 0.32263600 2.05961400
OS 0.32243200 2.06024500
OS 0.32235000 2.06044200
OS 0.32232200 2.06058200
OS 0.32007100 2.06751400
OS 0.32000400 2.06761400
OS 0.31991900 2.06781800
OS 0.31631900 2.07488900
OS 0.31620900 2.07505300
OS 0.31139400 2.08168400
OS 0.30597800 2.08710300
OS 0.30576300 2.08742500
OS 0.30572300 2.08751900
OS 0.30560700 2.08769200
OS 0.30554400 2.08784500
OS 0.30518000 2.08851200
OS 0.30506400 2.08868500
OS 0.30499900 2.08884300
OS 0.30485500 2.08910600
OS 0.30479900 2.08918900
OS 0.30464600 2.08955600
OS 0.30457000 2.08993700
OS 0.30457000 2.09032400
OS 0.30458400 2.09039600
OS 0.30460900 2.09074200
OS 0.30460900 2.09097300
OS 0.30463500 2.09110600
OS 0.30465000 2.09130900
OS 0.30465000 2.09154600
OS 0.30467700 2.09168100
OS 0.30469700 2.09195900
OS 0.30469700 2.09208300
OS 0.30477300 2.09246400
OS 0.30492100 2.09282200
OS 0.30513600 2.09314400
OS 0.30517800 2.09318800
OS 0.30538400 2.09346400
OS 0.30554300 2.09370200
OS 0.30561700 2.09377600
OS 0.30599300 2.09428000
OS 0.30615000 2.09451500
OS 0.30622500 2.09459000
OS 0.30631900 2.09472900
OS 0.30659800 2.09500800
OS 0.30703600 2.09530200
OS 0.30707100 2.09531600
OS 0.30736300 2.09551000
OS 0.30742900 2.09553700
OS 0.30911700 2.09657800
OS 0.30937900 2.09675300
OS 0.30944400 2.09678000
OS 0.31294600 2.09894000
OS 0.31778500 2.10377800
OS 0.32137300 2.10959200
OS 0.32152300 2.11004600
OS 0.32154900 2.11017500
OS 0.32163500 2.11038200
OS 0.32352100 2.11607200
OS 0.32363200 2.11714400
OS 0.32363200 2.11730200
OS 0.32366600 2.11747600
OS 0.32393700 2.12008800
OS 0.32393700 2.17123700
OS 0.32389700 2.17162800
OS 0.32386000 2.17181500
OS 0.32386000 2.17199100
OS 0.32352900 2.17522800
OS 0.32352100 2.17526400
OS 0.32238300 2.17870300
OS 0.32228400 2.17894200
OS 0.32225500 2.17909000
OS 0.32138200 2.18172600
OS 0.31882700 2.18586800
OS 0.31866300 2.18611400
OS 0.31863800 2.18617500
OS 0.31778900 2.18755100
OS 0.31298000 2.19236100
OS 0.31272400 2.19253000
OS 0.30713600 2.19598000
OS 0.30710200 2.19599300
OS 0.30067600 2.19812000
OS 0.30063900 2.19813000
OS 0.29663900 2.19854200
OS 0.23565000 2.19854200
OS 0.23165900 2.19813400
OS 0.23162800 2.19812700
OS 0.22515900 2.19598400
OS 0.21954900 2.19252400
OS 0.21930500 2.19236300
OS 0.21449700 2.18755500
OS 0.21364600 2.18617800
OS 0.21362000 2.18611400
OS 0.21344400 2.18585000
OS 0.21090900 2.18174000
OS 0.21002700 2.17908400
OS 0.20999900 2.17894200
OS 0.20990600 2.17871800
OS 0.20875900 2.17525200
OS 0.20842500 2.17200100
OS 0.20842500 2.17181500
OS 0.20838600 2.17161700
OS 0.20834700 2.17124300
OS 0.20834700 2.12009700
OS 0.20861200 2.11750300
OS 0.20865200 2.11730200
OS 0.20865200 2.11711100
OS 0.20875600 2.11609300
OS 0.21064000 2.11040100
OS 0.21073400 2.11017500
OS 0.21076300 2.11002900
OS 0.21090400 2.10960700
OS 0.21449400 2.10378600
OS 0.21932800 2.09894900
OS 0.22284700 2.09677800
OS 0.22290600 2.09675300
OS 0.22314500 2.09659400
OS 0.22467200 2.09565100
OS 0.22473300 2.09562600
OS 0.22498000 2.09546100
OS 0.22505000 2.09541800
OS 0.22508300 2.09540400
OS 0.22540800 2.09518700
OS 0.22568900 2.09490600
OS 0.22571700 2.09486500
OS 0.22576100 2.09481600
OS 0.22594600 2.09463100
OS 0.22600100 2.09454900
OS 0.22650500 2.09398700
OS 0.22670500 2.09378700
OS 0.22676400 2.09369900
OS 0.22693700 2.09350600
OS 0.22703600 2.09340700
OS 0.22725100 2.09308500
OS 0.22739900 2.09272700
OS 0.22747700 2.09233500
OS 0.22747700 2.09230000
OS 0.22753600 2.09193800
OS 0.22759700 2.09163100
OS 0.22759700 2.09156700
OS 0.22763100 2.09135900
OS 0.22769000 2.09106300
OS 0.22769000 2.09099800
OS 0.22773000 2.09075300
OS 0.22775900 2.09060800
OS 0.22775900 2.09021500
OS 0.22768300 2.08983300
OS 0.22753100 2.08946400
OS 0.22752300 2.08945200
OS 0.22736000 2.08907900
OS 0.22723400 2.08877500
OS 0.22721700 2.08875000
OS 0.22696400 2.08816500
OS 0.22683100 2.08784500
OS 0.22681300 2.08781800
OS 0.22674900 2.08766300
OS 0.22653100 2.08733700
OS 0.22647000 2.08727600
OS 0.22645200 2.08724900
OS 0.22092000 2.08171700
OS 0.22088500 2.08167900
OS 0.21609800 2.07508900
OS 0.21597100 2.07489800
OS 0.21237000 2.06783300
OS 0.21227900 2.06761400
OS 0.21221500 2.06751800
OS 0.20996300 2.06058800
OS 0.20993400 2.06044200
OS 0.20984900 2.06023700
OS 0.20965200 2.05962900
OS 0.20866200 2.05338800
OS 0.20866200 2.05331500
OS 0.20860600 2.05303100
OS 0.20834800 2.05140800
OS 0.20834700 2.04309400
OS 0.20834900 2.04307200
OS 0.20905500 2.03862000
OS 0.20911800 2.03830200
OS 0.20911800 2.03822000
OS 0.20964900 2.03487000
OS 0.21078100 2.03138100
OS 0.21086600 2.03117500
OS 0.21089500 2.03102700
OS 0.21221700 2.02695700
OS 0.21222700 2.02693300
OS 0.21365400 2.02413200
OS 0.21374000 2.02400300
OS 0.21382900 2.02378900
OS 0.21599500 2.01953700
OS 0.21797700 2.01680900
OS 0.21802800 2.01675800
OS 0.21818400 2.01652400
OS 0.22089200 2.01279700
OS 0.22677800 2.00691100
OS 0.23273500 2.00258400
OS 0.23300200 2.00240500
OS 0.23305000 2.00235700
OS 0.23313800 2.00229800
OS 0.23341300 2.00202300
OS 0.23347300 2.00193400
OS 0.23356000 2.00184700
OS 0.23370300 2.00163300
OS 0.23414800 2.00105600
OS 0.23424600 2.00095800
OS 0.23439700 2.00073200
OS 0.23459400 2.00047700
OS 0.23463900 2.00043200
OS 0.23486100 2.00010100
OS 0.23500900 1.99974300
OS 0.23508500 1.99936200
OS 0.23508600 1.99923900
OS 0.23511000 1.99896500
OS 0.23514400 1.99879500
OS 0.23514400 1.99856700
OS 0.23515900 1.99839300
OS 0.23519300 1.99822100
OS 0.23519300 1.99799700
OS 0.23521900 1.99769500
OS 0.23523600 1.99761000
OS 0.23523600 1.99721400
OS 0.23516000 1.99683300
OS 0.23500800 1.99646600
OS 0.23495500 1.99638600
OS 0.23481900 1.99612800
OS 0.23473800 1.99593300
OS 0.23463600 1.99578000
OS 0.23437000 1.99527400
OS 0.23429100 1.99508300
OS 0.23419000 1.99493200
OS 0.23415200 1.99485900
OS 0.23411300 1.99476400
OS 0.23389500 1.99443700
OS 0.23362000 1.99416200
OS 0.23355700 1.99411900
OS 0.23346900 1.99404300
OS 0.23329600 1.99387000
OS 0.23304400 1.99370200
OS 0.22677900 1.98914800
OS 0.22089200 1.98326300
OS 0.21874200 1.98030300
OS 0.21857900 1.98005900
OS 0.21852500 1.98000500
OS 0.21600400 1.97653500
OS 0.21421000 1.97301600
OS 0.21412600 1.97281400
OS 0.21404500 1.97269200
OS 0.21223000 1.96913300
OS 0.21114100 1.96578500
OS 0.21111200 1.96564200
OS 0.21102900 1.96544200
OS 0.20965200 1.96120500
OS 0.20923700 1.95858900
OS 0.20923700 1.95851500
OS 0.20917900 1.95822500
OS 0.20834700 1.95297900
OS 0.20834700 1.94466100
OS 0.20848200 1.94380600
OS 0.20854300 1.94350200
OS 0.20854300 1.94342400
OS 0.20964200 1.93648900
OS 0.20968900 1.93637500
OS 0.20971700 1.93623200
OS 0.21217100 1.92867600
OS 0.21225400 1.92847500
OS 0.21226000 1.92844600
OS 0.21583500 1.92142600
OS 0.21591700 1.92130300
OS 0.21599800 1.92110800
OS 0.22087900 1.91438800
OS 0.22090000 1.91436400
OS 0.22677700 1.90848700
OS 0.22898700 1.90688100
OS 0.22923500 1.90671600
OS 0.22928900 1.90666200
OS 0.23275100 1.90414700
OS 0.23300200 1.90398000
OS 0.23304800 1.90393400
OS 0.23313300 1.90387700
OS 0.23341300 1.90359800
OS 0.23347200 1.90351000
OS 0.23356000 1.90342200
OS 0.23370900 1.90319900
OS 0.23415200 1.90262500
OS 0.23425100 1.90252600
OS 0.23439700 1.90230700
OS 0.23459300 1.90205300
OS 0.23463900 1.90200700
OS 0.23486100 1.90167600
OS 0.23500900 1.90131800
OS 0.23508500 1.90093700
OS 0.23508500 1.90082800
OS 0.23511000 1.90054200
OS 0.23514400 1.90037000
OS 0.23514400 1.90014300
OS 0.23516000 1.89996300
OS 0.23519300 1.89979600
OS 0.23519300 1.89958700
OS 0.23521900 1.89927000
OS 0.23523600 1.89918500
OS 0.23523600 1.89878900
OS 0.23516000 1.89840800
OS 0.23500800 1.89804100
OS 0.23495600 1.89796300
OS 0.23481800 1.89770000
OS 0.23473800 1.89750800
OS 0.23463700 1.89735700
OS 0.23437100 1.89685000
OS 0.23429100 1.89665800
OS 0.23418900 1.89650500
OS 0.23415400 1.89643800
OS 0.23411300 1.89633900
OS 0.23389500 1.89601200
OS 0.23362000 1.89573700
OS 0.23356000 1.89569600
OS 0.23346500 1.89561400
OS 0.23329600 1.89544500
OS 0.23305000 1.89528100
OS 0.22943500 1.89265300
OS 0.22938300 1.89260100
OS 0.22914500 1.89244200
OS 0.22677600 1.89072000
OS 0.22089700 1.88484300
OS 0.21602500 1.87813900
OS 0.21597300 1.87801400
OS 0.21588900 1.87788800
OS 0.21224800 1.87074300
OS 0.21221000 1.87065100
OS 0.20975400 1.86309500
OS 0.20972400 1.86294200
OS 0.20964900 1.86276100
OS 0.20856000 1.85589400
OS 0.20856000 1.85581500
OS 0.20849900 1.85550700
OS 0.20834800 1.85455700
OS 0.20834700 1.84623300
OS 0.20916300 1.84108800
OS 0.20922000 1.84080200
OS 0.20922000 1.84072900
OS 0.20965200 1.83800500
OS 0.21099200 1.83387900
OS 0.21107700 1.83367500
OS 0.21110700 1.83352400
OS 0.21221800 1.83010300
OS 0.21398900 1.82662500
OS 0.21407100 1.82650300
OS 0.21415600 1.82629900
OS 0.21599800 1.82268200
OS 0.21844900 1.81930900
OS 0.21850000 1.81925800
OS 0.21865600 1.81902400
OS 0.22089200 1.81594700
OS 0.22677200 1.81006600
OS 0.23273800 1.80573000
OS 0.23300100 1.80555500
OS 0.23304900 1.80550700
OS 0.23313700 1.80544800
OS 0.23341200 1.80517300
OS 0.23347100 1.80508500
OS 0.23355900 1.80499700
OS 0.23370200 1.80478300
OS 0.23415500 1.80419600
OS 0.23425100 1.80410000
OS 0.23439400 1.80388600
OS 0.23459300 1.80362800
OS 0.23463900 1.80358200
OS 0.23486100 1.80325100
OS 0.23500900 1.80289300
OS 0.23508500 1.80251200
OS 0.23508600 1.80239100
OS 0.23511000 1.80210900
OS 0.23514300 1.80194400
OS 0.23514300 1.80173000
OS 0.23516000 1.80153800
OS 0.23519300 1.80137100
OS 0.23519400 1.80113200
OS 0.23522000 1.80084100
OS 0.23523600 1.80076000
OS 0.23523600 1.80036400
OS 0.23516000 1.79998300
OS 0.23500800 1.79961600
OS 0.23495600 1.79953800
OS 0.23481800 1.79927600
OS 0.23473800 1.79908300
OS 0.23471900 1.79905400
OS 0.23470200 1.79901400
OS 0.23459900 1.79886000
OS 0.23437100 1.79842500
OS 0.23429100 1.79823300
OS 0.23419100 1.79808400
OS 0.23415300 1.79801100
OS 0.23411300 1.79791400
OS 0.23389500 1.79758700
OS 0.23362000 1.79731200
OS 0.23356000 1.79727100
OS 0.23346400 1.79718800
OS 0.23329600 1.79702000
OS 0.23305600 1.79686000
OS 0.22677800 1.79229700
OS 0.22089200 1.78641300
OS 0.21827200 1.78280600
OS 0.21810700 1.78255900
OS 0.21805300 1.78250500
OS 0.21599700 1.77967500
OS 0.21388300 1.77552500
OS 0.21379500 1.77531400
OS 0.21371000 1.77518700
OS 0.21222400 1.77227000
OS 0.21092900 1.76828500
OS 0.21090100 1.76814200
OS 0.21081700 1.76793900
OS 0.20965200 1.76435400
OS 0.20913400 1.76108900
OS 0.20913400 1.76101500
OS 0.20907600 1.76072500
OS 0.20834800 1.75613500
OS 0.20834700 1.74781400
OS 0.20859000 1.74628100
OS 0.20864600 1.74600200
OS 0.20864600 1.74592600
OS 0.20964900 1.73959400
OS 0.20981900 1.73907100
OS 0.20990000 1.73887500
OS 0.20992800 1.73873400
OS 0.21219600 1.73174500
OS 0.21222400 1.73170300
OS 0.21230700 1.73150300
OS 0.21598600 1.72428100
OS 0.21604300 1.72419500
OS 0.22089100 1.71752200
OS 0.22677800 1.71163600
OS 0.22986400 1.70939400
OS 0.23013000 1.70921600
OS 0.23018800 1.70915800
OS 0.23276000 1.70728900
OS 0.23301900 1.70711700
OS 0.23306700 1.70706900
OS 0.23315500 1.70701000
OS 0.23343000 1.70673500
OS 0.23348800 1.70664800
OS 0.23357700 1.70655900
OS 0.23372000 1.70634500
OS 0.23417300 1.70575800
OS 0.23426800 1.70566300
OS 0.23441500 1.70544300
OS 0.23461000 1.70519000
OS 0.23465600 1.70514400
OS 0.23487800 1.70481300
OS 0.23502600 1.70445500
OS 0.23510200 1.70407400
OS 0.23510300 1.70394800
OS 0.23512600 1.70368400
OS 0.23516100 1.70350700
OS 0.23516100 1.70328000
OS 0.23517700 1.70309600
OS 0.23520900 1.70293300
OS 0.23520900 1.70272100
OS 0.23523700 1.70239700
OS 0.23525200 1.70232300
OS 0.23525300 1.70192700
OS 0.23517700 1.70154600
OS 0.23502900 1.70118800
OS 0.23497400 1.70110400
OS 0.23483400 1.70083900
OS 0.23475400 1.70064500
OS 0.23465200 1.70049200
OS 0.23438800 1.69999000
OS 0.23430600 1.69979300
OS 0.23420200 1.69963600
OS 0.23416500 1.69956700
OS 0.23412700 1.69947500
OS 0.23390900 1.69914800
OS 0.23363400 1.69887300
OS 0.23357700 1.69883400
OS 0.23348700 1.69875600
OS 0.23331100 1.69858000
OS 0.23305000 1.69840600
OS 0.22857700 1.69515500
OS 0.22852300 1.69510100
OS 0.22827500 1.69493500
OS 0.22679100 1.69385700
OS 0.22090900 1.68797500
OS 0.22076500 1.68775900
OS 0.22070800 1.68770200
OS 0.21601400 1.68124100
OS 0.21574800 1.68071900
OS 0.21566300 1.68051400
OS 0.21558100 1.68039100
OS 0.21224300 1.67383900
OS 0.21212700 1.67348100
OS 0.21209900 1.67334200
OS 0.21201800 1.67314700
OS 0.20967100 1.66592400
OS 0.20931700 1.66368200
OS 0.24752600 1.66367900
OS 0.24790700 1.66360300
OS 0.24826500 1.66345500
OS 0.24858700 1.66324000
OS 0.24886200 1.66296500
OS 0.24907700 1.66264300
OS 0.24922500 1.66228500
OS 0.24930100 1.66190400
OS 0.24930100 1.66151700
OS 0.24922500 1.66113600
OS 0.24907700 1.66077800
OS 0.24905600 1.66074600
OS 0.24905000 1.66073200
OS 0.24899300 1.66064700
OS 0.24848700 1.65876200
OS 0.24843700 1.65851300
OS 0.24838800 1.65839500
OS 0.24822900 1.65780200
OS 0.24817700 1.65754200
OS 0.24812600 1.65741900
OS 0.24773900 1.65597800
OS 0.24773700 1.65595600
OS 0.24773600 1.65123200
OS 0.24774200 1.65120200
OS 0.24774200 1.65110100
OS 0.24838900 1.64868600
OS 0.24843600 1.64857200
OS 0.24848400 1.64833100
OS 0.24898700 1.64645000
OS 0.24905100 1.64635300
OS 0.24905900 1.64633400
OS 0.24907700 1.64630700
OS 0.24922500 1.64594900
OS 0.24930100 1.64556800
OS 0.24930100 1.64518100
OS 0.24922500 1.64480000
OS 0.24907700 1.64444200
OS 0.24886200 1.64412000
OS 0.24858700 1.64384500
OS 0.24826500 1.64363000
OS 0.24790700 1.64348200
OS 0.24752600 1.64340600
OS 0.20932400 1.64340300
OS 0.20934400 1.64330200
OS 0.20934400 1.64322600
OS 0.20966900 1.64116700
OS 0.21122400 1.63637800
OS 0.21130800 1.63617500
OS 0.21133700 1.63602900
OS 0.21223500 1.63326400
OS 0.21434200 1.62912500
OS 0.21442300 1.62900300
OS 0.21450700 1.62880000
OS 0.21601300 1.62584400
OS 0.21894100 1.62181400
OS 0.21899700 1.62175800
OS 0.21917100 1.62149700
OS 0.22090100 1.61911700
OS 0.22678500 1.61323100
OS 0.23276500 1.60888500
OS 0.23301900 1.60871600
OS 0.23306500 1.60867000
OS 0.23315300 1.60861100
OS 0.23342800 1.60833600
OS 0.23348700 1.60824800
OS 0.23357700 1.60815800
OS 0.23372100 1.60794300
OS 0.23417200 1.60735800
OS 0.23426800 1.60726200
OS 0.23441100 1.60704800
OS 0.23461200 1.60678700
OS 0.23465600 1.60674300
OS 0.23487800 1.60641200
OS 0.23502600 1.60605400
OS 0.23510200 1.60567300
OS 0.23510200 1.60556400
OS 0.23512700 1.60527500
OS 0.23516100 1.60510600
OS 0.23516100 1.60488200
OS 0.23517700 1.60469700
OS 0.23520900 1.60453300
OS 0.23520900 1.60431600
OS 0.23523600 1.60400500
OS 0.23525300 1.60392000
OS 0.23525300 1.60352700
OS 0.23517600 1.60314000
OS 0.23502500 1.60277600
OS 0.23497300 1.60269800
OS 0.23482700 1.60242100
OS 0.23475400 1.60224500
OS 0.23466000 1.60210300
OS 0.23444400 1.60169400
OS 0.23436900 1.60151400
OS 0.23433400 1.60146100
OS 0.23430500 1.60139200
OS 0.23420600 1.60124400
OS 0.23417000 1.60117600
OS 0.23412800 1.60107400
OS 0.23390900 1.60074700
OS 0.23363000 1.60046800
OS 0.23357400 1.60043000
OS 0.23347400 1.60034300
OS 0.23331000 1.60017900
OS 0.23304800 1.60000400
OS 0.22678000 1.59544900
OS 0.22088700 1.58955600
OS 0.21779600 1.58530100
OS 0.21763500 1.58505900
OS 0.21757900 1.58500300
OS 0.21600700 1.58283900
OS 0.21599200 1.58281400
OS 0.21354900 1.57801900
OS 0.21346400 1.57781400
OS 0.21338100 1.57768900
OS 0.21222400 1.57541900
OS 0.21071900 1.57078900
OS 0.21069000 1.57064200
OS 0.21060500 1.57043600
OS 0.20965200 1.56750500
OS 0.20903100 1.56358900
OS 0.20903100 1.56351500
OS 0.20897300 1.56322600
OS 0.20834800 1.55928200
OS 0.20834700 1.55096300
OS 0.20869000 1.54879800
OS 0.20874900 1.54850200
OS 0.20874900 1.54842600
OS 0.20965000 1.54273900
OS 0.21002700 1.54157700
OS 0.21011100 1.54137500
OS 0.21014000 1.54123000
OS 0.21221700 1.53483100
OS 0.21247400 1.53432500
OS 0.21255500 1.53420300
OS 0.21263900 1.53400000
OS 0.21599900 1.52740300
OS 0.21628100 1.52701500
OS 0.21633800 1.52695800
OS 0.21651200 1.52669700
OS 0.22089200 1.52067100
OS 0.22677900 1.51478500
OS 0.23076200 1.51189100
OS 0.23102400 1.51171600
OS 0.23108100 1.51165900
OS 0.23274400 1.51045100
OS 0.23300200 1.51027900
OS 0.23305000 1.51023100
OS 0.23313800 1.51017200
OS 0.23341300 1.50989700
OS 0.23347100 1.50981000
OS 0.23356000 1.50972100
OS 0.23370300 1.50950700
OS 0.23415500 1.50892100
OS 0.23425100 1.50882500
OS 0.23439600 1.50860800
OS 0.23459400 1.50835100
OS 0.23463900 1.50830600
OS 0.23486100 1.50797500
OS 0.23500900 1.50761700
OS 0.23508500 1.50723600
OS 0.23508600 1.50711600
OS 0.23511000 1.50684100
OS 0.23514400 1.50666900
OS 0.23514400 1.50644300
OS 0.23516000 1.50626200
OS 0.23519300 1.50609500
OS 0.23519300 1.50588200
OS 0.23521900 1.50556900
OS 0.23523600 1.50548400
OS 0.23523600 1.50508800
OS 0.23516000 1.50470700
OS 0.23500800 1.50434000
OS 0.23495800 1.50426500
OS 0.23481600 1.50399600
OS 0.23473800 1.50380700
OS 0.23463900 1.50365800
OS 0.23437000 1.50314800
OS 0.23429100 1.50295700
OS 0.23418900 1.50280400
OS 0.23415400 1.50273700
OS 0.23411300 1.50263800
OS 0.23389500 1.50231100
OS 0.23362000 1.50203600
OS 0.23355500 1.50199200
OS 0.23347100 1.50191900
OS 0.23329600 1.50174400
OS 0.23305600 1.50158400
OS 0.22764900 1.49765400
OS 0.22759600 1.49760100
OS 0.22735300 1.49743900
OS 0.22677800 1.49702100
OS 0.22089200 1.49113700
OS 0.22043900 1.49051400
OS 0.22026900 1.49025900
OS 0.22021300 1.49020300
OS 0.21599900 1.48440200
OS 0.21539600 1.48322000
OS 0.21531100 1.48301400
OS 0.21522800 1.48289000
OS 0.21223000 1.47700800
OS 0.21189500 1.47598200
OS 0.21186700 1.47584200
OS 0.21178600 1.47564700
OS 0.20965200 1.46907900
OS 0.20960600 1.46878900
OS 0.20960600 1.46871500
OS 0.20954800 1.46842600
OS 0.20836300 1.46095400
OS 0.20836300 1.46081500
OS 0.20834700 1.46073500
OS 0.20834700 1.45253700
OS 0.20937200 1.44607200
OS 0.20942600 1.44580200
OS 0.20942600 1.44573000
OS 0.20965200 1.44430400
OS 0.21141200 1.43888500
OS 0.21149900 1.43867500
OS 0.21152900 1.43852500
OS 0.21221700 1.43640600
OS 0.21465500 1.43161900
OS 0.21473200 1.43150300
OS 0.21481200 1.43130900
OS 0.21599800 1.42898100
OS 0.21939300 1.42430900
OS 0.21944400 1.42425800
OS 0.21960100 1.42402200
OS 0.22089200 1.42224600
OS 0.22678100 1.41635800
OS 0.23350300 1.41147500
OS 0.23729800 1.40954000
OS 0.23750800 1.40945300
OS 0.23763500 1.40936800
OS 0.24091700 1.40769500
OS 0.24883200 1.40512300
OS 0.25706400 1.40381800
OE
OB 3.82914800 1.99721200 H
OS 3.90785400 1.99721200
OS 3.91184500 1.99762000
OS 3.91188100 1.99762800
OS 3.91834200 1.99976800
OS 3.92163000 2.00179500
OS 3.92186700 2.00195300
OS 3.92192700 2.00197800
OS 3.92416400 2.00335700
OS 3.92898900 2.00817900
OS 3.92899900 2.00820300
OS 3.92916000 2.00844400
OS 3.93259000 2.01400400
OS 3.93260800 2.01404700
OS 3.93300100 2.01523600
OS 3.93302900 2.01537500
OS 3.93312100 2.01559800
OS 3.93474500 2.02050200
OS 3.93493300 2.02232900
OS 3.93493300 2.02250200
OS 3.93497000 2.02268900
OS 3.93515700 2.02450800
OS 3.93515700 2.10321800
OS 3.93474800 2.10721900
OS 3.93461800 2.10761500
OS 3.93452400 2.10784200
OS 3.93449600 2.10798200
OS 3.93260000 2.11370700
OS 3.93193900 2.11477900
OS 3.93178200 2.11501400
OS 3.93175800 2.11507300
OS 3.92900900 2.11952900
OS 3.92417300 2.12436700
OS 3.91835700 2.12795600
OS 3.91571200 2.12883400
OS 3.91557000 2.12886200
OS 3.91534300 2.12895600
OS 3.91186300 2.13010700
OS 3.90786000 2.13051900
OS 3.82915400 2.13051900
OS 3.82516300 2.13011100
OS 3.82512900 2.13010300
OS 3.82166000 2.12895500
OS 3.82143700 2.12886200
OS 3.82129600 2.12883400
OS 3.81866500 2.12796300
OS 3.81284000 2.12437000
OS 3.80800700 2.11953900
OS 3.80799200 2.11951800
OS 3.80525100 2.11507300
OS 3.80522600 2.11501400
OS 3.80505700 2.11476000
OS 3.80441100 2.11371200
OS 3.80251100 2.10797900
OS 3.80248400 2.10784200
OS 3.80239000 2.10761500
OS 3.80226600 2.10724100
OS 3.80226200 2.10722400
OS 3.80185200 2.10322100
OS 3.80185100 2.02454800
OS 3.80185300 2.02449700
OS 3.80203600 2.02270100
OS 3.80207600 2.02250200
OS 3.80207600 2.02231300
OS 3.80226000 2.02051300
OS 3.80226400 2.02049500
OS 3.80388800 2.01559500
OS 3.80397900 2.01537500
OS 3.80400700 2.01523600
OS 3.80440800 2.01402500
OS 3.80785100 2.00844400
OS 3.80801200 2.00820300
OS 3.80802100 2.00818100
OS 3.81282300 2.00337600
OS 3.81284100 2.00336100
OS 3.81508200 2.00197800
OS 3.81514200 2.00195300
OS 3.81538600 2.00179000
OS 3.81865300 1.99977400
OS 3.82512800 1.99762800
OS 3.82514500 1.99762400
OS 3.82914800 1.99721200
OE
OB 3.07324100 1.99633700 H
OS 3.15194800 1.99633700
OS 3.15593900 1.99674500
OS 3.15597500 1.99675300
OS 3.16242300 1.99888800
OS 3.16245000 1.99890000
OS 3.16713300 2.00179000
OS 3.16737700 2.00195300
OS 3.16743700 2.00197800
OS 3.16826200 2.00248700
OS 3.17307300 2.00729400
OS 3.17310300 2.00732800
OS 3.17360100 2.00813400
OS 3.17363000 2.00820300
OS 3.17381000 2.00847300
OS 3.17668900 2.01313800
OS 3.17738400 2.01522900
OS 3.17741300 2.01537500
OS 3.17751000 2.01560900
OS 3.17883600 2.01961400
OS 3.17911700 2.02233200
OS 3.17911700 2.02250200
OS 3.17915400 2.02268800
OS 3.17925100 2.02362700
OS 3.17925300 2.02367200
OS 3.17925200 2.10234100
OS 3.17884300 2.10634000
OS 3.17841800 2.10762600
OS 3.17832800 2.10784200
OS 3.17830100 2.10797900
OS 3.17669600 2.11283100
OS 3.17550600 2.11476000
OS 3.17533700 2.11501400
OS 3.17531100 2.11507800
OS 3.17310700 2.11865100
OS 3.16826500 2.12349300
OS 3.16245000 2.12708100
OS 3.16239900 2.12710000
OS 3.15716200 2.12883500
OS 3.15702500 2.12886200
OS 3.15680700 2.12895300
OS 3.15596900 2.12923000
OS 3.15195500 2.12964400
OS 3.07324800 2.12964400
OS 3.06926200 2.12923700
OS 3.06922300 2.12922900
OS 3.06839700 2.12895500
OS 3.06817200 2.12886200
OS 3.06803100 2.12883400
OS 3.06275500 2.12708600
OS 3.05693500 2.12349600
OS 3.05209500 2.11865700
OS 3.04988300 2.11507200
OS 3.04985900 2.11501400
OS 3.04969000 2.11476000
OS 3.04850700 2.11284200
OS 3.04689500 2.10797900
OS 3.04686800 2.10784200
OS 3.04677400 2.10761500
OS 3.04635900 2.10636300
OS 3.04594500 2.10234800
OS 3.04594500 2.02364100
OS 3.04604200 2.02269500
OS 3.04608000 2.02250200
OS 3.04608000 2.02231900
OS 3.04635400 2.01963500
OS 3.04768800 2.01560500
OS 3.04778300 2.01537500
OS 3.04781200 2.01522900
OS 3.04850200 2.01315100
OS 3.05140500 2.00844400
OS 3.05156600 2.00820300
OS 3.05159100 2.00814200
OS 3.05209400 2.00732700
OS 3.05693300 2.00248600
OS 3.05775900 2.00197600
OS 3.05781500 2.00195300
OS 3.05804000 2.00180300
OS 3.06274400 1.99890000
OS 3.06920100 1.99676000
OS 3.06924300 1.99674900
OS 3.07324100 1.99633700
OE
OB 1.15989000 1.94692300 H
OS 1.20706600 1.94692300
OS 1.20850000 1.94707000
OS 1.20869700 1.94710900
OS 1.20888400 1.94710900
OS 1.21106300 1.94733200
OS 1.21108500 1.94733700
OS 1.21756000 1.94948200
OS 1.22336100 1.95305800
OS 1.22337600 1.95306900
OS 1.22821900 1.95790900
OS 1.22996900 1.96074400
OS 1.22999300 1.96080300
OS 1.23015100 1.96104000
OS 1.23180800 1.96372500
OS 1.23316900 1.96783000
OS 1.23319800 1.96797500
OS 1.23329100 1.96819700
OS 1.23395300 1.97019600
OS 1.23395800 1.97021600
OS 1.23437000 1.97421800
OS 1.23437000 2.02143000
OS 1.23436000 2.02152800
OS 1.23432300 2.02171500
OS 1.23432300 2.02189100
OS 1.23396700 2.02538000
OS 1.23395800 2.02544300
OS 1.23290900 2.02861300
OS 1.23281400 2.02884200
OS 1.23278500 2.02898700
OS 1.23181500 2.03191900
OS 1.22944600 2.03576100
OS 1.22927700 2.03601400
OS 1.22925100 2.03607700
OS 1.22822500 2.03774100
OS 1.22555100 2.04041700
OS 1.22533300 2.04074300
OS 1.22529700 2.04083000
OS 1.22518100 2.04100400
OS 1.22511500 2.04116300
OS 1.22475200 2.04182700
OS 1.22463800 2.04199800
OS 1.22457300 2.04215500
OS 1.22443400 2.04240900
OS 1.22437300 2.04250100
OS 1.22422200 2.04286500
OS 1.22414500 2.04325000
OS 1.22414500 2.04363700
OS 1.22415900 2.04371200
OS 1.22418300 2.04404300
OS 1.22418300 2.04428600
OS 1.22421000 2.04442300
OS 1.22424600 2.04492100
OS 1.22424600 2.04515800
OS 1.22427300 2.04529300
OS 1.22428100 2.04540800
OS 1.22428100 2.04553300
OS 1.22435700 2.04591500
OS 1.22450800 2.04627900
OS 1.22456600 2.04636500
OS 1.22462200 2.04647000
OS 1.22470100 2.04665900
OS 1.22477700 2.04677200
OS 1.22483000 2.04690100
OS 1.22489600 2.04699900
OS 1.22490300 2.04701700
OS 1.22512200 2.04734400
OS 1.22513200 2.04735400
OS 1.22526700 2.04755600
OS 1.22532400 2.04761300
OS 1.22567700 2.04809900
OS 1.22585000 2.04835800
OS 1.22590700 2.04841500
OS 1.22695900 2.04986200
OS 1.22699400 2.04991700
OS 1.22978000 2.05538300
OS 1.22987100 2.05560300
OS 1.22995900 2.05573500
OS 1.23061100 2.05701400
OS 1.23244000 2.06263400
OS 1.23246800 2.06277500
OS 1.23255100 2.06297500
OS 1.23309400 2.06464500
OS 1.23391700 2.06983500
OS 1.23391700 2.06990200
OS 1.23396800 2.07015800
OS 1.23434900 2.07256000
OS 1.23435000 2.08056700
OS 1.23370300 2.08464500
OS 1.23365000 2.08491500
OS 1.23365000 2.08498200
OS 1.23309400 2.08848900
OS 1.23201200 2.09182100
OS 1.23192100 2.09204200
OS 1.23189200 2.09219100
OS 1.23062600 2.09608800
OS 1.22909300 2.09910000
OS 1.22901700 2.09921400
OS 1.22893800 2.09940500
OS 1.22699200 2.10322800
OS 1.22592700 2.10469000
OS 1.20138600 2.08015300
OS 1.20106400 2.07993800
OS 1.20070600 2.07979000
OS 1.20032500 2.07971400
OS 1.19993800 2.07971400
OS 1.19955700 2.07979000
OS 1.19919900 2.07993800
OS 1.19887700 2.08015300
OS 1.19860200 2.08042800
OS 1.19838700 2.08075000
OS 1.19823900 2.08110800
OS 1.19823300 2.08113700
OS 1.19822400 2.08115900
OS 1.19820000 2.08127900
OS 1.19786900 2.08252000
OS 1.19748300 2.08319200
OS 1.19733500 2.08341400
OS 1.19728500 2.08353300
OS 1.19583200 2.08605200
OS 1.19295700 2.08892900
OS 1.19292900 2.08894700
OS 1.19177200 2.08961500
OS 1.19165400 2.08966400
OS 1.19144100 2.08980600
OS 1.19042600 2.09039200
OS 1.19030900 2.09044100
OS 1.19009500 2.09058400
OS 1.18943700 2.09096400
OS 1.18817100 2.09130400
OS 1.18805600 2.09132700
OS 1.18803900 2.09133400
OS 1.18800500 2.09134100
OS 1.18764700 2.09148900
OS 1.18732500 2.09170400
OS 1.18705000 2.09197900
OS 1.18683500 2.09230100
OS 1.18668700 2.09265900
OS 1.18661100 2.09304000
OS 1.18661100 2.09342700
OS 1.18668700 2.09380800
OS 1.18683500 2.09416600
OS 1.18705000 2.09448800
OS 1.21158500 2.11903000
OS 1.21014200 2.12008400
OS 1.20799400 2.12117900
OS 1.20779000 2.12126400
OS 1.20766600 2.12134700
OS 1.20302000 2.12371600
OS 1.19538700 2.12619800
OS 1.18746400 2.12745500
OS 1.17946300 2.12745500
OS 1.17154900 2.12619900
OS 1.16393600 2.12372800
OS 1.15925900 2.12134500
OS 1.15913800 2.12126400
OS 1.15893300 2.12117900
OS 1.15680000 2.12009200
OS 1.15534300 2.11903100
OS 1.17988100 2.09448900
OS 1.18009600 2.09416700
OS 1.18024400 2.09380900
OS 1.18032000 2.09342800
OS 1.18032000 2.09304100
OS 1.18024400 2.09266000
OS 1.18009600 2.09230200
OS 1.17988100 2.09198000
OS 1.17960600 2.09170500
OS 1.17928400 2.09149000
OS 1.17892600 2.09134200
OS 1.17889700 2.09133600
OS 1.17887500 2.09132700
OS 1.17874000 2.09130000
OS 1.17756400 2.09098600
OS 1.17750100 2.09096600
OS 1.17682100 2.09057400
OS 1.17662200 2.09044100
OS 1.17651100 2.09039500
OS 1.17548100 2.08980100
OS 1.17527600 2.08966400
OS 1.17516200 2.08961700
OS 1.17398200 2.08893600
OS 1.17113600 2.08609300
OS 1.17109600 2.08604900
OS 1.16964100 2.08353100
OS 1.16959300 2.08341400
OS 1.16944600 2.08319300
OS 1.16906800 2.08253800
OS 1.16873100 2.08128800
OS 1.16870600 2.08116100
OS 1.16869900 2.08114400
OS 1.16869200 2.08110900
OS 1.16854400 2.08075100
OS 1.16832900 2.08042900
OS 1.16805400 2.08015400
OS 1.16773200 2.07993900
OS 1.16737400 2.07979100
OS 1.16699300 2.07971500
OS 1.16660600 2.07971500
OS 1.16622500 2.07979100
OS 1.16586700 2.07993900
OS 1.16554500 2.08015400
OS 1.14100300 2.10468900
OS 1.13994400 2.10323800
OS 1.13800100 2.09942500
OS 1.13791300 2.09921400
OS 1.13782800 2.09908700
OS 1.13631700 2.09612200
OS 1.13630800 2.09610100
OS 1.13503600 2.09218500
OS 1.13500800 2.09204200
OS 1.13492200 2.09183400
OS 1.13383500 2.08848900
OS 1.13328000 2.08499200
OS 1.13328000 2.08491500
OS 1.13322000 2.08461400
OS 1.13257900 2.08057400
OS 1.13257900 2.07257000
OS 1.13295400 2.07020200
OS 1.13301400 2.06990200
OS 1.13301400 2.06982400
OS 1.13383200 2.06465900
OS 1.13437800 2.06297700
OS 1.13446200 2.06277500
OS 1.13449100 2.06263000
OS 1.13630600 2.05704000
OS 1.13697600 2.05572400
OS 1.13705700 2.05560300
OS 1.13714100 2.05540000
OS 1.13994300 2.04989900
OS 1.14102200 2.04841400
OS 1.14107800 2.04835800
OS 1.14124900 2.04810200
OS 1.14143700 2.04784300
OS 1.14149300 2.04778700
OS 1.14167200 2.04751900
OS 1.14170100 2.04747900
OS 1.14172600 2.04745400
OS 1.14194700 2.04712500
OS 1.14209500 2.04676700
OS 1.14210500 2.04671900
OS 1.14212800 2.04665400
OS 1.14223200 2.04640400
OS 1.14225100 2.04630900
OS 1.14251200 2.04557800
OS 1.14261300 2.04533500
OS 1.14263100 2.04524500
OS 1.14271700 2.04500400
OS 1.14277200 2.04487000
OS 1.14285000 2.04448200
OS 1.14285000 2.04409500
OS 1.14277200 2.04370300
OS 1.14275900 2.04367200
OS 1.14267000 2.04328900
OS 1.14261300 2.04300200
OS 1.14259000 2.04294600
OS 1.14247800 2.04246900
OS 1.14241500 2.04215000
OS 1.14239000 2.04209000
OS 1.14237600 2.04202900
OS 1.14234400 2.04186600
OS 1.14219300 2.04150200
OS 1.14197900 2.04118200
OS 1.14193200 2.04113300
OS 1.14183400 2.04100400
OS 1.14167600 2.04076700
OS 1.14161600 2.04070700
OS 1.14151300 2.04055200
OS 1.13872000 2.03776000
OS 1.13870500 2.03774100
OS 1.13767500 2.03607200
OS 1.13765100 2.03601400
OS 1.13749400 2.03577900
OS 1.13512200 2.03193500
OS 1.13511000 2.03190400
OS 1.13414300 2.02898300
OS 1.13411500 2.02884200
OS 1.13402100 2.02861600
OS 1.13298100 2.02547400
OS 1.13297100 2.02543900
OS 1.13260700 2.02190000
OS 1.13260700 2.02171500
OS 1.13256800 2.02151900
OS 1.13255900 2.02143600
OS 1.13255900 1.97422600
OS 1.13296800 1.97023200
OS 1.13297500 1.97019900
OS 1.13363500 1.96820700
OS 1.13373100 1.96797500
OS 1.13376000 1.96782800
OS 1.13511400 1.96374100
OS 1.13678200 1.96103500
OS 1.13693700 1.96080300
OS 1.13696100 1.96074500
OS 1.13870600 1.95791500
OS 1.14354300 1.95307600
OS 1.14936100 1.94948600
OS 1.15584000 1.94733800
OS 1.15806100 1.94710900
OS 1.15823600 1.94710900
OS 1.15842400 1.94707200
OS 1.15984600 1.94692500
OS 1.15989000 1.94692300
OE
OB 0.92363500 1.94692300 H
OS 0.97084400 1.94692300
OS 0.97228000 1.94707000
OS 0.97247700 1.94710900
OS 0.97266400 1.94710900
OS 0.97483700 1.94733100
OS 0.97486900 1.94733800
OS 0.98133800 1.94948200
OS 0.98715600 1.95306900
OS 0.99199800 1.95790900
OS 0.99374500 1.96073900
OS 0.99377200 1.96080300
OS 0.99393600 1.96104800
OS 0.99558700 1.96372600
OS 0.99695100 1.96783800
OS 0.99697800 1.96797500
OS 0.99706900 1.96819500
OS 0.99773400 1.97019900
OS 0.99773800 1.97021800
OS 0.99814900 1.97421800
OS 0.99815000 2.02140600
OS 0.99813900 2.02152800
OS 0.99810200 2.02171500
OS 0.99810200 2.02189100
OS 0.99774600 2.02538700
OS 0.99773900 2.02543900
OS 0.99668500 2.02862200
OS 0.99659400 2.02884200
OS 0.99656700 2.02898100
OS 0.99559100 2.03192400
OS 0.99323100 2.03575100
OS 0.99305600 2.03601400
OS 0.99302900 2.03608000
OS 0.99200700 2.03773700
OS 0.98933400 2.04041400
OS 0.98911600 2.04074000
OS 0.98908300 2.04082000
OS 0.98896000 2.04100500
OS 0.98889200 2.04116800
OS 0.98853600 2.04182100
OS 0.98841800 2.04199800
OS 0.98835000 2.04216300
OS 0.98821600 2.04240800
OS 0.98815300 2.04250200
OS 0.98800200 2.04286600
OS 0.98792500 2.04325100
OS 0.98792500 2.04363800
OS 0.98793900 2.04371000
OS 0.98796300 2.04403600
OS 0.98796300 2.04428600
OS 0.98799000 2.04442400
OS 0.98802600 2.04492100
OS 0.98802600 2.04516000
OS 0.98805300 2.04529500
OS 0.98806100 2.04541000
OS 0.98806100 2.04553500
OS 0.98813700 2.04591600
OS 0.98828500 2.04627400
OS 0.98834200 2.04636100
OS 0.98840600 2.04648100
OS 0.98848100 2.04666100
OS 0.98855700 2.04677500
OS 0.98860800 2.04689800
OS 0.98867100 2.04699300
OS 0.98868200 2.04701800
OS 0.98890100 2.04734500
OS 0.98891700 2.04736100
OS 0.98904500 2.04755300
OS 0.98909800 2.04760600
OS 0.98946700 2.04811400
OS 0.98963000 2.04835800
OS 0.98968300 2.04841100
OS 0.99074700 2.04987500
OS 0.99076900 2.04990900
OS 0.99356000 2.05538400
OS 0.99365100 2.05560300
OS 0.99373900 2.05573500
OS 0.99439700 2.05702700
OS 0.99621900 2.06263200
OS 0.99624700 2.06277500
OS 0.99633100 2.06297800
OS 0.99687200 2.06464200
OS 0.99769600 2.06982900
OS 0.99769600 2.06990200
OS 0.99775500 2.07019900
OS 0.99813000 2.07256100
OS 0.99813000 2.08056600
OS 0.99748900 2.08461200
OS 0.99742900 2.08491500
OS 0.99742900 2.08499000
OS 0.99688200 2.08844300
OS 0.99687400 2.08848400
OS 0.99578700 2.09183400
OS 0.99570100 2.09204200
OS 0.99567300 2.09218500
OS 0.99440500 2.09609100
OS 0.99287400 2.09909800
OS 0.99279700 2.09921400
OS 0.99271600 2.09940800
OS 0.99077100 2.10323000
OS 0.98970700 2.10469100
OS 0.96516500 2.08015200
OS 0.96484300 2.07993700
OS 0.96448500 2.07978900
OS 0.96410400 2.07971300
OS 0.96371700 2.07971300
OS 0.96333600 2.07978900
OS 0.96297800 2.07993700
OS 0.96265600 2.08015200
OS 0.96238100 2.08042700
OS 0.96216600 2.08074900
OS 0.96201800 2.08110700
OS 0.96201200 2.08113600
OS 0.96200300 2.08115800
OS 0.96197800 2.08128500
OS 0.96164900 2.08251600
OS 0.96162700 2.08255900
OS 0.96125700 2.08320100
OS 0.96111700 2.08341000
OS 0.96106900 2.08352600
OS 0.95961100 2.08605200
OS 0.95673600 2.08892900
OS 0.95671700 2.08894200
OS 0.95555000 2.08961500
OS 0.95543300 2.08966400
OS 0.95522200 2.08980500
OS 0.95420100 2.09039400
OS 0.95408800 2.09044100
OS 0.95388900 2.09057400
OS 0.95321200 2.09096500
OS 0.95195700 2.09130300
OS 0.95183500 2.09132700
OS 0.95181700 2.09133400
OS 0.95178400 2.09134100
OS 0.95142600 2.09148900
OS 0.95110400 2.09170400
OS 0.95082900 2.09197900
OS 0.95061400 2.09230100
OS 0.95046600 2.09265900
OS 0.95039000 2.09304000
OS 0.95039000 2.09342700
OS 0.95046600 2.09380800
OS 0.95061400 2.09416600
OS 0.95082900 2.09448800
OS 0.97536400 2.11903000
OS 0.97391800 2.12008600
OS 0.97177500 2.12117900
OS 0.97156900 2.12126400
OS 0.97144500 2.12134700
OS 0.96679000 2.12372000
OS 0.95916300 2.12619800
OS 0.95124400 2.12745500
OS 0.94325100 2.12745500
OS 0.93532800 2.12619900
OS 0.92771700 2.12372800
OS 0.92303700 2.12134400
OS 0.92291800 2.12126400
OS 0.92272000 2.12118200
OS 0.92057700 2.12009000
OS 0.91913400 2.11904100
OS 0.91912300 2.11903100
OS 0.94366100 2.09448900
OS 0.94387600 2.09416700
OS 0.94402400 2.09380900
OS 0.94410000 2.09342800
OS 0.94410000 2.09304100
OS 0.94402400 2.09266000
OS 0.94387600 2.09230200
OS 0.94366100 2.09198000
OS 0.94338600 2.09170500
OS 0.94306400 2.09149000
OS 0.94270600 2.09134200
OS 0.94267700 2.09133600
OS 0.94265500 2.09132700
OS 0.94252300 2.09130100
OS 0.94133500 2.09098400
OS 0.94128000 2.09096600
OS 0.94060100 2.09057400
OS 0.94040200 2.09044100
OS 0.94028900 2.09039400
OS 0.93926300 2.08980200
OS 0.93905600 2.08966400
OS 0.93894100 2.08961600
OS 0.93776200 2.08893600
OS 0.93488000 2.08605500
OS 0.93342100 2.08352900
OS 0.93337300 2.08341400
OS 0.93322600 2.08319300
OS 0.93284800 2.08253800
OS 0.93251000 2.08128300
OS 0.93248600 2.08116100
OS 0.93247900 2.08114400
OS 0.93247200 2.08110900
OS 0.93232400 2.08075100
OS 0.93210900 2.08042900
OS 0.93183400 2.08015400
OS 0.93151200 2.07993900
OS 0.93115400 2.07979100
OS 0.93077300 2.07971500
OS 0.93038600 2.07971500
OS 0.93000500 2.07979100
OS 0.92964700 2.07993900
OS 0.92932500 2.08015400
OS 0.90478100 2.10469000
OS 0.90373100 2.10324800
OS 0.90371800 2.10322700
OS 0.90178200 2.09942900
OS 0.90169300 2.09921400
OS 0.90160700 2.09908500
OS 0.90008900 2.09610700
OS 0.89881500 2.09218500
OS 0.89878700 2.09204200
OS 0.89870100 2.09183400
OS 0.89761600 2.08849200
OS 0.89705900 2.08498500
OS 0.89705900 2.08491500
OS 0.89700400 2.08463900
OS 0.89635800 2.08057200
OS 0.89635800 2.07257100
OS 0.89673500 2.07019300
OS 0.89679300 2.06990200
OS 0.89679300 2.06982700
OS 0.89761300 2.06465500
OS 0.89815600 2.06298300
OS 0.89824200 2.06277500
OS 0.89827200 2.06262600
OS 0.90008200 2.05704900
OS 0.90075800 2.05572100
OS 0.90083700 2.05560300
OS 0.90091900 2.05540500
OS 0.90372200 2.04990100
OS 0.90480300 2.04841300
OS 0.90485800 2.04835800
OS 0.90503100 2.04809900
OS 0.90521700 2.04784300
OS 0.90527300 2.04778700
OS 0.90544800 2.04752500
OS 0.90548200 2.04747900
OS 0.90550700 2.04745400
OS 0.90572600 2.04712700
OS 0.90587700 2.04676300
OS 0.90588700 2.04671400
OS 0.90590800 2.04665400
OS 0.90601200 2.04640400
OS 0.90603100 2.04630900
OS 0.90628200 2.04560400
OS 0.90639300 2.04533600
OS 0.90641100 2.04524200
OS 0.90650000 2.04499200
OS 0.90655100 2.04487100
OS 0.90662900 2.04448300
OS 0.90662900 2.04409600
OS 0.90655100 2.04370400
OS 0.90653700 2.04367100
OS 0.90645900 2.04333400
OS 0.90639300 2.04300300
OS 0.90636800 2.04294200
OS 0.90625700 2.04246800
OS 0.90619400 2.04215000
OS 0.90616900 2.04209000
OS 0.90615500 2.04202900
OS 0.90612300 2.04186600
OS 0.90597200 2.04150200
OS 0.90575800 2.04118200
OS 0.90571100 2.04113300
OS 0.90561400 2.04100500
OS 0.90545500 2.04076700
OS 0.90539500 2.04070700
OS 0.90528900 2.04054800
OS 0.90248800 2.03774700
OS 0.90145500 2.03607200
OS 0.90143100 2.03601400
OS 0.90127200 2.03577500
OS 0.89890100 2.03193200
OS 0.89792200 2.02897900
OS 0.89789500 2.02884200
OS 0.89780200 2.02861700
OS 0.89675200 2.02544800
OS 0.89674800 2.02542300
OS 0.89638700 2.02190600
OS 0.89638700 2.02171500
OS 0.89634700 2.02151200
OS 0.89633900 2.02143800
OS 0.89633900 1.97422600
OS 0.89674700 1.97023000
OS 0.89675200 1.97020600
OS 0.89741800 1.96819700
OS 0.89751000 1.96797500
OS 0.89753900 1.96783000
OS 0.89889500 1.96373700
OS 0.90056200 1.96103500
OS 0.90071700 1.96080300
OS 0.90074100 1.96074500
OS 0.90248900 1.95791200
OS 0.90732300 1.95307600
OS 0.91313900 1.94948700
OS 0.91963500 1.94733500
OS 0.92182900 1.94710900
OS 0.92201500 1.94710900
OS 0.92221400 1.94706900
OS 0.92363500 1.94692300
OE
OB 4.59958800 1.72862100 H
OS 4.60986000 1.72862100
OS 4.62006400 1.72996500
OS 4.63000100 1.73262900
OS 4.63949300 1.73655800
OS 4.64738700 1.74111500
OS 4.64759400 1.74125300
OS 4.64770800 1.74130000
OS 4.64840400 1.74170200
OS 4.64843300 1.74172200
OS 4.65655900 1.74795800
OS 4.66384100 1.75523800
OS 4.66432300 1.75586500
OS 4.66445100 1.75605800
OS 4.66453400 1.75614100
OS 4.67002900 1.76330100
OS 4.67016500 1.76350600
OS 4.67454600 1.77109100
OS 4.67459200 1.77120300
OS 4.67472700 1.77140500
OS 4.67524500 1.77230300
OS 4.67918000 1.78180200
OS 4.68031800 1.78604500
OS 4.68036300 1.78627500
OS 4.68040900 1.78638500
OS 4.68184300 1.79173500
OS 4.68204700 1.79328200
OS 4.68204700 1.79340200
OS 4.68209400 1.79364100
OS 4.68308900 1.80118600
OS 4.68308900 1.80130200
OS 4.68313500 1.80153200
OS 4.68318900 1.80194500
OS 4.68318900 1.81221800
OS 4.68268100 1.81607600
OS 4.68263400 1.81631500
OS 4.68263400 1.81643500
OS 4.68185100 1.82238500
OS 4.68184300 1.82243000
OS 4.68160100 1.82333400
OS 4.68155600 1.82344200
OS 4.68151100 1.82367000
OS 4.67948500 1.83123300
OS 4.67944000 1.83134200
OS 4.67939600 1.83156800
OS 4.67918400 1.83235700
OS 4.67525500 1.84184500
OS 4.67273300 1.84621700
OS 4.67260100 1.84641400
OS 4.67255600 1.84652400
OS 4.67010600 1.85077000
OS 4.66796000 1.85356700
OS 4.66786800 1.85365900
OS 4.66772500 1.85387300
OS 4.66385400 1.85891800
OS 4.65657500 1.86619900
OS 4.65324100 1.86875800
OS 4.65302700 1.86890100
OS 4.65293400 1.86899400
OS 4.64842000 1.87245900
OS 4.64173500 1.87631900
OS 4.64162500 1.87636400
OS 4.64142700 1.87649600
OS 4.63950100 1.87760800
OS 4.63000600 1.88154100
OS 4.62116100 1.88391300
OS 4.62091500 1.88396200
OS 4.62079700 1.88401100
OS 4.62008100 1.88420300
OS 4.60986100 1.88555000
OS 4.59958900 1.88555000
OS 4.58943100 1.88421300
OS 4.58938000 1.88420400
OS 4.58863900 1.88400500
OS 4.58853400 1.88396200
OS 4.58831400 1.88391900
OS 4.57945200 1.88154400
OS 4.56995500 1.87761100
OS 4.56802500 1.87649700
OS 4.56782500 1.87636400
OS 4.56771400 1.87631800
OS 4.56105000 1.87247300
OS 4.55650600 1.86898700
OS 4.55642000 1.86890100
OS 4.55621900 1.86876700
OS 4.55288600 1.86621000
OS 4.54561900 1.85894500
OS 4.54558000 1.85889900
OS 4.54172400 1.85387300
OS 4.54158100 1.85365900
OS 4.54148800 1.85356600
OS 4.54042300 1.85217800
OS 4.54028100 1.85196500
OS 4.54019700 1.85188200
OS 4.54013900 1.85179400
OS 4.53986200 1.85151600
OS 4.53977100 1.85145600
OS 4.53972300 1.85140700
OS 4.53947700 1.85124300
OS 4.53886300 1.85079500
OS 4.53880500 1.85073700
OS 4.53855700 1.85057100
OS 4.53826300 1.85035700
OS 4.53823500 1.85032900
OS 4.53790500 1.85010800
OS 4.53754700 1.84996000
OS 4.53715700 1.84988200
OS 4.53701300 1.84988200
OS 4.53676000 1.84986700
OS 4.53664900 1.84984500
OS 4.53638800 1.84984500
OS 4.53618500 1.84983300
OS 4.53607400 1.84981100
OS 4.53581400 1.84981100
OS 4.53547100 1.84979100
OS 4.53541100 1.84977900
OS 4.53501300 1.84977800
OS 4.53463200 1.84985400
OS 4.53427400 1.85000200
OS 4.53417100 1.85007000
OS 4.53392600 1.85020800
OS 4.53378600 1.85026600
OS 4.53359200 1.85039600
OS 4.53343400 1.85048500
OS 4.53328900 1.85054500
OS 4.53308600 1.85068100
OS 4.53281700 1.85083200
OS 4.53274400 1.85086200
OS 4.53241500 1.85108100
OS 4.53214000 1.85135600
OS 4.53191900 1.85168700
OS 4.53187800 1.85178500
OS 4.53174800 1.85203000
OS 4.53163900 1.85219500
OS 4.53156300 1.85237800
OS 4.53130100 1.85287200
OS 4.53119900 1.85302400
OS 4.53112600 1.85320100
OS 4.53107400 1.85329800
OS 4.53102100 1.85337700
OS 4.53087000 1.85374100
OS 4.53079400 1.85412800
OS 4.53079400 1.85422100
OS 4.53078300 1.85432900
OS 4.53074400 1.85452500
OS 4.53074400 1.85456200
OS 4.53073600 1.85460200
OS 4.53073500 1.85739900
OS 4.52953500 1.86343300
OS 4.52718700 1.86910500
OS 4.52376800 1.87422500
OS 4.51941500 1.87857900
OS 4.51431200 1.88199200
OS 4.51426900 1.88201200
OS 4.50863000 1.88434400
OS 4.50258900 1.88554900
OS 4.49644500 1.88555000
OS 4.49041100 1.88434900
OS 4.48473000 1.88199700
OS 4.48077700 1.87935800
OS 4.48041900 1.87921000
OS 4.48032100 1.87918900
OS 4.48012900 1.87910900
OS 4.47996100 1.87907600
OS 4.47923000 1.87884600
OS 4.47904600 1.87877000
OS 4.47888300 1.87873800
OS 4.47858500 1.87864400
OS 4.47850000 1.87860900
OS 4.47811100 1.87853000
OS 4.47772400 1.87853000
OS 4.47734300 1.87860600
OS 4.47726800 1.87863600
OS 4.47695500 1.87872200
OS 4.47671300 1.87877000
OS 4.47658400 1.87882300
OS 4.47590700 1.87900900
OS 4.47567500 1.87905500
OS 4.47555000 1.87910700
OS 4.47541400 1.87913500
OS 4.47505600 1.87928300
OS 4.47102400 1.88197900
OS 4.47097900 1.88200300
OS 4.46532500 1.88434300
OS 4.45928300 1.88554900
OS 4.45313900 1.88555000
OS 4.44710200 1.88434800
OS 4.44142300 1.88199800
OS 4.43747300 1.87935900
OS 4.43711500 1.87921100
OS 4.43703400 1.87919500
OS 4.43701500 1.87918900
OS 4.43682200 1.87910900
OS 4.43665000 1.87907500
OS 4.43592600 1.87884800
OS 4.43573900 1.87877000
OS 4.43557300 1.87873700
OS 4.43527800 1.87864400
OS 4.43519300 1.87860900
OS 4.43480400 1.87853000
OS 4.43441700 1.87853000
OS 4.43403600 1.87860600
OS 4.43396100 1.87863600
OS 4.43364600 1.87872200
OS 4.43340600 1.87877000
OS 4.43327900 1.87882300
OS 4.43259500 1.87901000
OS 4.43236800 1.87905500
OS 4.43224600 1.87910600
OS 4.43210700 1.87913500
OS 4.43174900 1.87928300
OS 4.42769600 1.88199200
OS 4.42204300 1.88433400
OS 4.42201200 1.88434500
OS 4.41597200 1.88554900
OS 4.40983200 1.88555000
OS 4.40379200 1.88434800
OS 4.39811800 1.88199900
OS 4.39416600 1.87935900
OS 4.39380800 1.87921100
OS 4.39372300 1.87919400
OS 4.39370700 1.87918900
OS 4.39351500 1.87910900
OS 4.39334500 1.87907500
OS 4.39261900 1.87884800
OS 4.39243200 1.87877000
OS 4.39226800 1.87873800
OS 4.39197700 1.87864600
OS 4.39188600 1.87860900
OS 4.39149700 1.87853000
OS 4.39111000 1.87853000
OS 4.39072900 1.87860600
OS 4.39065100 1.87863700
OS 4.39034000 1.87872200
OS 4.39009900 1.87877000
OS 4.38997100 1.87882300
OS 4.38929100 1.87900900
OS 4.38906100 1.87905500
OS 4.38893700 1.87910700
OS 4.38880300 1.87913400
OS 4.38844500 1.87928200
OS 4.38438000 1.88199600
OS 4.37870300 1.88434600
OS 4.37266700 1.88554900
OS 4.36652500 1.88555000
OS 4.36048900 1.88434900
OS 4.35482000 1.88200300
OS 4.35478800 1.88198600
OS 4.34969400 1.87858000
OS 4.34534300 1.87422900
OS 4.34192600 1.86911600
OS 4.33957600 1.86343900
OS 4.33837400 1.85740500
OS 4.33837300 1.85126100
OS 4.33957300 1.84522700
OS 4.34192200 1.83955100
OS 4.34324700 1.83756500
OS 4.34339800 1.83720100
OS 4.34341600 1.83711300
OS 4.34349900 1.83691000
OS 4.34353400 1.83673300
OS 4.34375700 1.83602100
OS 4.34383700 1.83582900
OS 4.34387200 1.83565600
OS 4.34395900 1.83537800
OS 4.34399800 1.83528300
OS 4.34407600 1.83489400
OS 4.34407600 1.83450700
OS 4.34399800 1.83411600
OS 4.34397100 1.83405000
OS 4.34388500 1.83373500
OS 4.34383700 1.83349600
OS 4.34378500 1.83337000
OS 4.34360000 1.83269500
OS 4.34355300 1.83245900
OS 4.34350100 1.83233400
OS 4.34347400 1.83220100
OS 4.34332300 1.83183700
OS 4.34192700 1.82974700
OS 4.33957600 1.82406900
OS 4.33837400 1.81803700
OS 4.33837300 1.81189100
OS 4.33957300 1.80585700
OS 4.34192200 1.80018100
OS 4.34324700 1.79819500
OS 4.34339800 1.79783100
OS 4.34341600 1.79774300
OS 4.34349900 1.79754000
OS 4.34353400 1.79736300
OS 4.34375300 1.79666400
OS 4.34383700 1.79645900
OS 4.34387200 1.79628300
OS 4.34395800 1.79600800
OS 4.34399800 1.79591300
OS 4.34407600 1.79552400
OS 4.34407600 1.79513700
OS 4.34399800 1.79474600
OS 4.34397100 1.79468000
OS 4.34388500 1.79436500
OS 4.34383700 1.79412600
OS 4.34378500 1.79400000
OS 4.34360000 1.79332500
OS 4.34355300 1.79308900
OS 4.34350100 1.79296400
OS 4.34347400 1.79283100
OS 4.34332300 1.79246700
OS 4.34192700 1.79037700
OS 4.33957600 1.78470000
OS 4.33837400 1.77866700
OS 4.33837300 1.77252000
OS 4.33957300 1.76648800
OS 4.34192200 1.76081100
OS 4.34534300 1.75569000
OS 4.34969300 1.75133900
OS 4.35479900 1.74792700
OS 4.35483600 1.74791000
OS 4.36048500 1.74557200
OS 4.36651900 1.74437000
OS 4.37266200 1.74436900
OS 4.37869500 1.74556900
OS 4.37873600 1.74558400
OS 4.38436800 1.74791700
OS 4.38440800 1.74794100
OS 4.38832800 1.75055900
OS 4.38868600 1.75070700
OS 4.38876700 1.75072300
OS 4.38878600 1.75072900
OS 4.38897900 1.75080900
OS 4.38914700 1.75084200
OS 4.38987700 1.75107100
OS 4.39006200 1.75114800
OS 4.39022500 1.75118000
OS 4.39052300 1.75127400
OS 4.39060800 1.75130900
OS 4.39099700 1.75138800
OS 4.39138400 1.75138800
OS 4.39176500 1.75131200
OS 4.39184000 1.75128200
OS 4.39215400 1.75119600
OS 4.39239500 1.75114800
OS 4.39252200 1.75109500
OS 4.39320000 1.75091000
OS 4.39343400 1.75086300
OS 4.39355800 1.75081200
OS 4.39369100 1.75078400
OS 4.39405200 1.75063500
OS 4.39811200 1.74792400
OS 4.40379200 1.74557200
OS 4.40983100 1.74436900
OS 4.41597100 1.74436900
OS 4.42199800 1.74556800
OS 4.42203600 1.74558100
OS 4.42767600 1.74791700
OS 4.43163500 1.75055900
OS 4.43199300 1.75070700
OS 4.43207400 1.75072300
OS 4.43209300 1.75072900
OS 4.43228600 1.75080900
OS 4.43245400 1.75084200
OS 4.43318400 1.75107100
OS 4.43336900 1.75114800
OS 4.43353200 1.75118000
OS 4.43383000 1.75127400
OS 4.43391500 1.75130900
OS 4.43430400 1.75138800
OS 4.43469100 1.75138800
OS 4.43507200 1.75131200
OS 4.43514900 1.75128100
OS 4.43546000 1.75119600
OS 4.43570200 1.75114800
OS 4.43582900 1.75109500
OS 4.43650700 1.75091000
OS 4.43674100 1.75086300
OS 4.43686500 1.75081200
OS 4.43699800 1.75078400
OS 4.43735900 1.75063500
OS 4.44142100 1.74792300
OS 4.44705900 1.74558700
OS 4.44710000 1.74557200
OS 4.45313600 1.74436900
OS 4.45927800 1.74436900
OS 4.46531000 1.74556900
OS 4.47098200 1.74791700
OS 4.47494200 1.75055900
OS 4.47530000 1.75070700
OS 4.47538100 1.75072300
OS 4.47540100 1.75072900
OS 4.47559300 1.75080900
OS 4.47576100 1.75084200
OS 4.47649000 1.75107100
OS 4.47667600 1.75114800
OS 4.47683900 1.75118100
OS 4.47713700 1.75127400
OS 4.47722200 1.75130900
OS 4.47761100 1.75138800
OS 4.47799800 1.75138800
OS 4.47837900 1.75131200
OS 4.47845400 1.75128200
OS 4.47876800 1.75119600
OS 4.47900900 1.75114800
OS 4.47913700 1.75109500
OS 4.47981000 1.75091000
OS 4.48004800 1.75086300
OS 4.48017500 1.75081000
OS 4.48030500 1.75078400
OS 4.48066600 1.75063500
OS 4.48472600 1.74792400
OS 4.49037000 1.74558500
OS 4.49040600 1.74557200
OS 4.49644000 1.74437000
OS 4.50258200 1.74436900
OS 4.50861600 1.74556900
OS 4.51428900 1.74791700
OS 4.51431800 1.74793400
OS 4.51941400 1.75133900
OS 4.52375800 1.75568100
OS 4.52717600 1.76079200
OS 4.52885300 1.76483500
OS 4.52906800 1.76515700
OS 4.52913200 1.76522100
OS 4.52925500 1.76540400
OS 4.52938200 1.76553100
OS 4.52985200 1.76611400
OS 4.52996600 1.76628500
OS 4.53008900 1.76640800
OS 4.53027600 1.76664000
OS 4.53033500 1.76672900
OS 4.53061000 1.76700400
OS 4.53093200 1.76721900
OS 4.53129000 1.76736700
OS 4.53136500 1.76738300
OS 4.53168300 1.76748900
OS 4.53190700 1.76758200
OS 4.53204100 1.76760900
OS 4.53222300 1.76766900
OS 4.53245400 1.76776500
OS 4.53259400 1.76779300
OS 4.53284200 1.76787600
OS 4.53296100 1.76792500
OS 4.53335100 1.76800300
OS 4.53373800 1.76800300
OS 4.53411900 1.76792700
OS 4.53417500 1.76790500
OS 4.53450200 1.76782200
OS 4.53478700 1.76776500
OS 4.53488800 1.76772300
OS 4.53511800 1.76766400
OS 4.53540000 1.76760800
OS 4.53550000 1.76756600
OS 4.53571300 1.76751200
OS 4.53584800 1.76748500
OS 4.53621300 1.76733500
OS 4.53653500 1.76712000
OS 4.53734100 1.76631100
OS 4.53734700 1.76630200
OS 4.53801500 1.76563000
OS 4.53802100 1.76562100
OS 4.53806600 1.76557600
OS 4.53828600 1.76524700
OS 4.53831200 1.76518500
OS 4.53845200 1.76497500
OS 4.53850000 1.76485900
OS 4.53927400 1.76351800
OS 4.53941800 1.76330300
OS 4.54490900 1.75614600
OS 4.54499700 1.75605800
OS 4.54513400 1.75585200
OS 4.54559400 1.75525300
OS 4.55285500 1.74798900
OS 4.55291300 1.74793900
OS 4.56103400 1.74170900
OS 4.56174600 1.74129800
OS 4.56185400 1.74125300
OS 4.56205000 1.74112200
OS 4.56993400 1.73656900
OS 4.57944300 1.73263000
OS 4.58936700 1.72996800
OS 4.59958800 1.72862100
OE
OB 1.26214200 1.62234100 H
OS 1.27014200 1.62234100
OS 1.27522800 1.62314700
OS 1.27553700 1.62320900
OS 1.27561600 1.62320900
OS 1.27805800 1.62359700
OS 1.28568000 1.62607200
OS 1.29280500 1.62970200
OS 1.29343800 1.63016300
OS 1.29349100 1.63021600
OS 1.29372500 1.63037200
OS 1.29426300 1.63076400
OS 1.26972500 1.65530600
OS 1.26951000 1.65562800
OS 1.26936200 1.65598600
OS 1.26928600 1.65636700
OS 1.26928600 1.65675400
OS 1.26936200 1.65713500
OS 1.26951000 1.65749300
OS 1.26972500 1.65781500
OS 1.27000000 1.65809000
OS 1.27032200 1.65830500
OS 1.27068000 1.65845300
OS 1.27070900 1.65845900
OS 1.27073100 1.65846800
OS 1.27086600 1.65849500
OS 1.27208500 1.65882100
OS 1.27213700 1.65884600
OS 1.27276400 1.65920800
OS 1.27298300 1.65935400
OS 1.27310200 1.65940300
OS 1.27562000 1.66085800
OS 1.27564100 1.66087600
OS 1.27846200 1.66369400
OS 1.27850600 1.66374100
OS 1.27996600 1.66626800
OS 1.28001400 1.66638300
OS 1.28015400 1.66659200
OS 1.28053800 1.66725800
OS 1.28087600 1.66851400
OS 1.28090000 1.66863600
OS 1.28090700 1.66865400
OS 1.28091400 1.66868700
OS 1.28106200 1.66904500
OS 1.28127700 1.66936700
OS 1.28155200 1.66964200
OS 1.28187400 1.66985700
OS 1.28223200 1.67000500
OS 1.28261300 1.67008100
OS 1.28300000 1.67008100
OS 1.28338100 1.67000500
OS 1.28373900 1.66985700
OS 1.28406100 1.66964200
OS 1.30858400 1.64512400
OS 1.30860400 1.64510700
OS 1.30868400 1.64521600
OS 1.30884500 1.64545800
OS 1.30890100 1.64551400
OS 1.30965000 1.64654000
OS 1.30966600 1.64656500
OS 1.31268800 1.65249400
OS 1.31277400 1.65270300
OS 1.31285800 1.65282800
OS 1.31329500 1.65368900
OS 1.31525900 1.65973100
OS 1.31528800 1.65987500
OS 1.31537200 1.66007800
OS 1.31577100 1.66130400
OS 1.31666400 1.66693500
OS 1.31666400 1.66700200
OS 1.31671500 1.66725800
OS 1.31702700 1.66922400
OS 1.31702700 1.67722700
OS 1.31631900 1.68170000
OS 1.31625700 1.68201500
OS 1.31625700 1.68209200
OS 1.31577700 1.68512500
OS 1.31454000 1.68893600
OS 1.31445500 1.68914200
OS 1.31442600 1.68928800
OS 1.31330100 1.69275300
OS 1.31155200 1.69618800
OS 1.31146800 1.69631400
OS 1.31138000 1.69652500
OS 1.30966400 1.69989600
OS 1.30817100 1.70195000
OS 1.30811200 1.70200900
OS 1.30793800 1.70227000
OS 1.30790500 1.70231600
OS 1.30787900 1.70234200
OS 1.30765900 1.70267000
OS 1.30750900 1.70303300
OS 1.30749900 1.70308200
OS 1.30748500 1.70312100
OS 1.30737300 1.70339200
OS 1.30735300 1.70349100
OS 1.30710300 1.70419300
OS 1.30699300 1.70445900
OS 1.30697300 1.70455800
OS 1.30689000 1.70479200
OS 1.30683500 1.70492500
OS 1.30675700 1.70531300
OS 1.30675700 1.70570000
OS 1.30683500 1.70609200
OS 1.30684800 1.70612300
OS 1.30692900 1.70647000
OS 1.30699300 1.70679200
OS 1.30701800 1.70685300
OS 1.30704800 1.70698000
OS 1.30710600 1.70727500
OS 1.30713000 1.70733200
OS 1.30719200 1.70764500
OS 1.30721600 1.70770300
OS 1.30723500 1.70778500
OS 1.30726500 1.70793400
OS 1.30741300 1.70829200
OS 1.30762800 1.70861400
OS 1.30767200 1.70865900
OS 1.30777900 1.70880000
OS 1.30793100 1.70902800
OS 1.30799100 1.70908800
OS 1.30809500 1.70924400
OS 1.31089800 1.71204900
OS 1.31323600 1.71583800
OS 1.31326300 1.71590300
OS 1.31342900 1.71615200
OS 1.31448300 1.71786000
OS 1.31616800 1.72294200
OS 1.31619400 1.72307500
OS 1.31628200 1.72328700
OS 1.31663600 1.72435500
OS 1.31704700 1.72835600
OS 1.31704700 1.77556900
OS 1.31693900 1.77662900
OS 1.31690200 1.77681500
OS 1.31690200 1.77699000
OS 1.31663800 1.77957300
OS 1.31526800 1.78371300
OS 1.31517300 1.78394200
OS 1.31514500 1.78408500
OS 1.31448800 1.78606300
OS 1.31152600 1.79086700
OS 1.31136100 1.79111400
OS 1.31133500 1.79117600
OS 1.31090300 1.79187700
OS 1.30606500 1.79671800
OS 1.30505700 1.79734000
OS 1.30499900 1.79736400
OS 1.30476300 1.79752100
OS 1.30024900 1.80030700
OS 1.29378100 1.80245300
OS 1.29375100 1.80246100
OS 1.28975000 1.80287200
OS 1.24253900 1.80287200
OS 1.23855300 1.80246500
OS 1.23852400 1.80246000
OS 1.23204800 1.80031500
OS 1.22751400 1.79751800
OS 1.22728400 1.79736400
OS 1.22722800 1.79734100
OS 1.22622600 1.79672300
OS 1.22138900 1.79188800
OS 1.22094900 1.79117600
OS 1.22092300 1.79111400
OS 1.22075400 1.79086100
OS 1.21780000 1.78607200
OS 1.21714000 1.78408700
OS 1.21711100 1.78394200
OS 1.21701600 1.78371300
OS 1.21565100 1.77959200
OS 1.21538300 1.77700100
OS 1.21538300 1.77681500
OS 1.21534300 1.77661600
OS 1.21523600 1.77557600
OS 1.21523600 1.72836500
OS 1.21564400 1.72437300
OS 1.21565200 1.72433900
OS 1.21599900 1.72329300
OS 1.21608900 1.72307500
OS 1.21611600 1.72293700
OS 1.21779400 1.71787400
OS 1.21885600 1.71615200
OS 1.21902200 1.71590300
OS 1.21904800 1.71584100
OS 1.22137900 1.71205900
OS 1.22405300 1.70938100
OS 1.22426800 1.70905900
OS 1.22430300 1.70897500
OS 1.22442400 1.70879200
OS 1.22449000 1.70863300
OS 1.22473700 1.70818000
OS 1.22485500 1.70800300
OS 1.22489600 1.70790400
OS 1.22496800 1.70779600
OS 1.22503500 1.70763300
OS 1.22517000 1.70738700
OS 1.22523300 1.70729300
OS 1.22538600 1.70692500
OS 1.22546200 1.70654400
OS 1.22546200 1.70615700
OS 1.22544800 1.70608300
OS 1.22542400 1.70575000
OS 1.22542400 1.70550800
OS 1.22539600 1.70536500
OS 1.22536200 1.70489000
OS 1.22536200 1.70464300
OS 1.22533400 1.70450100
OS 1.22532600 1.70439100
OS 1.22532600 1.70426700
OS 1.22525000 1.70388600
OS 1.22510200 1.70352800
OS 1.22504500 1.70344100
OS 1.22497800 1.70331600
OS 1.22490600 1.70314200
OS 1.22482600 1.70302200
OS 1.22477100 1.70288900
OS 1.22470800 1.70279400
OS 1.22470000 1.70277500
OS 1.22448500 1.70245400
OS 1.22447300 1.70244100
OS 1.22433400 1.70223400
OS 1.22427700 1.70217700
OS 1.22261900 1.69989400
OS 1.22090300 1.69652700
OS 1.22081500 1.69631400
OS 1.22073000 1.69618600
OS 1.21898900 1.69277000
OS 1.21785600 1.68928400
OS 1.21782800 1.68914200
OS 1.21774600 1.68894300
OS 1.21651200 1.68514800
OS 1.21602700 1.68209100
OS 1.21602700 1.68201500
OS 1.21596800 1.68171800
OS 1.21525800 1.67724400
OS 1.21525600 1.67722100
OS 1.21525600 1.66922900
OS 1.21555900 1.66731400
OS 1.21562100 1.66700200
OS 1.21562100 1.66692200
OS 1.21650900 1.66131900
OS 1.21691500 1.66006900
OS 1.21699500 1.65987500
OS 1.21702300 1.65973600
OS 1.21898400 1.65369600
OS 1.21942800 1.65282500
OS 1.21950900 1.65270300
OS 1.21959300 1.65250000
OS 1.22261900 1.64656000
OS 1.22338100 1.64551300
OS 1.22343600 1.64545800
OS 1.22360100 1.64521100
OS 1.22367500 1.64510900
OS 1.22367900 1.64510600
OS 1.24822000 1.66964300
OS 1.24854200 1.66985800
OS 1.24890000 1.67000600
OS 1.24928100 1.67008200
OS 1.24966800 1.67008200
OS 1.25004900 1.67000600
OS 1.25040700 1.66985800
OS 1.25072900 1.66964300
OS 1.25100400 1.66936800
OS 1.25121900 1.66904600
OS 1.25136700 1.66868800
OS 1.25137300 1.66865900
OS 1.25138200 1.66863700
OS 1.25140700 1.66850900
OS 1.25173500 1.66728500
OS 1.25175800 1.66723700
OS 1.25212500 1.66660200
OS 1.25226900 1.66638600
OS 1.25231900 1.66626600
OS 1.25377700 1.66374100
OS 1.25665000 1.66086700
OS 1.25918900 1.65940100
OS 1.25929900 1.65935500
OS 1.25949900 1.65922200
OS 1.26017700 1.65883000
OS 1.26143500 1.65849200
OS 1.26155100 1.65846900
OS 1.26156700 1.65846200
OS 1.26160300 1.65845500
OS 1.26196100 1.65830700
OS 1.26228300 1.65809200
OS 1.26255800 1.65781700
OS 1.26277300 1.65749500
OS 1.26292100 1.65713700
OS 1.26299700 1.65675600
OS 1.26299700 1.65636900
OS 1.26292100 1.65598800
OS 1.26277300 1.65563000
OS 1.26255800 1.65530800
OS 1.23802100 1.63076500
OS 1.23856200 1.63037000
OS 1.23879300 1.63021600
OS 1.23884700 1.63016200
OS 1.23946500 1.62971100
OS 1.24659500 1.62607600
OS 1.25421900 1.62359800
OS 1.25667100 1.62320900
OS 1.25674700 1.62320900
OS 1.25704500 1.62315000
OS 1.26214200 1.62234100
OE
OB 1.02592100 1.62234100 H
OS 1.03392200 1.62234100
OS 1.03900800 1.62314700
OS 1.03931700 1.62320900
OS 1.03939600 1.62320900
OS 1.04183800 1.62359700
OS 1.04944700 1.62606700
OS 1.05658300 1.62970100
OS 1.05721700 1.63016300
OS 1.05727000 1.63021600
OS 1.05750600 1.63037300
OS 1.05804200 1.63076400
OS 1.03350300 1.65530700
OS 1.03328800 1.65562900
OS 1.03314000 1.65598700
OS 1.03306400 1.65636800
OS 1.03306400 1.65675500
OS 1.03314000 1.65713600
OS 1.03328800 1.65749400
OS 1.03350300 1.65781600
OS 1.03377800 1.65809100
OS 1.03410000 1.65830600
OS 1.03445800 1.65845400
OS 1.03449300 1.65846100
OS 1.03451000 1.65846800
OS 1.03463800 1.65849300
OS 1.03587900 1.65882700
OS 1.03655500 1.65921700
OS 1.03676200 1.65935500
OS 1.03687800 1.65940300
OS 1.03940400 1.66086000
OS 1.04227200 1.66372500
OS 1.04228100 1.66373700
OS 1.04374900 1.66627600
OS 1.04379400 1.66638300
OS 1.04392600 1.66658100
OS 1.04431600 1.66725500
OS 1.04465600 1.66851400
OS 1.04468000 1.66863600
OS 1.04468700 1.66865400
OS 1.04469400 1.66868700
OS 1.04484200 1.66904500
OS 1.04505700 1.66936700
OS 1.04533200 1.66964200
OS 1.04565400 1.66985700
OS 1.04601200 1.67000500
OS 1.04639300 1.67008100
OS 1.04678000 1.67008100
OS 1.04716100 1.67000500
OS 1.04751900 1.66985700
OS 1.04784100 1.66964200
OS 1.07236400 1.64512400
OS 1.07238400 1.64510700
OS 1.07246300 1.64521600
OS 1.07262500 1.64545800
OS 1.07268100 1.64551400
OS 1.07343800 1.64655100
OS 1.07646900 1.65249700
OS 1.07655400 1.65270300
OS 1.07663700 1.65282700
OS 1.07707200 1.65368100
OS 1.07903800 1.65972600
OS 1.07906800 1.65987500
OS 1.07915600 1.66008800
OS 1.07954800 1.66129200
OS 1.08044400 1.66693300
OS 1.08044400 1.66700200
OS 1.08049700 1.66726900
OS 1.08080600 1.66921800
OS 1.08080700 1.67722100
OS 1.08009800 1.68170500
OS 1.08003700 1.68201500
OS 1.08003700 1.68208800
OS 1.07955600 1.68512900
OS 1.07831900 1.68894000
OS 1.07823500 1.68914200
OS 1.07820700 1.68928600
OS 1.07708000 1.69275600
OS 1.07533200 1.69618800
OS 1.07524800 1.69631400
OS 1.07516100 1.69652400
OS 1.07344500 1.69989400
OS 1.07195000 1.70195200
OS 1.07189100 1.70201100
OS 1.07171500 1.70227500
OS 1.07168500 1.70231600
OS 1.07165900 1.70234200
OS 1.07143900 1.70267100
OS 1.07128900 1.70303300
OS 1.07128000 1.70308100
OS 1.07126900 1.70311300
OS 1.07115200 1.70339400
OS 1.07113200 1.70349600
OS 1.07088600 1.70418300
OS 1.07077200 1.70445900
OS 1.07075200 1.70455900
OS 1.07066900 1.70479200
OS 1.07061400 1.70492500
OS 1.07053600 1.70531300
OS 1.07053600 1.70570000
OS 1.07061400 1.70609200
OS 1.07062700 1.70612300
OS 1.07071100 1.70648200
OS 1.07077200 1.70679200
OS 1.07079700 1.70685300
OS 1.07082700 1.70698000
OS 1.07088500 1.70727500
OS 1.07090900 1.70733200
OS 1.07097100 1.70764400
OS 1.07099400 1.70770000
OS 1.07101400 1.70778500
OS 1.07104400 1.70793400
OS 1.07119200 1.70829200
OS 1.07140700 1.70861400
OS 1.07145100 1.70865900
OS 1.07156400 1.70880800
OS 1.07171000 1.70902700
OS 1.07176800 1.70908500
OS 1.07187400 1.70924400
OS 1.07465600 1.71202800
OS 1.07468300 1.71205900
OS 1.07701500 1.71583800
OS 1.07704200 1.71590300
OS 1.07720800 1.71615200
OS 1.07826300 1.71786300
OS 1.07994700 1.72294400
OS 1.07997300 1.72307500
OS 1.08006000 1.72328400
OS 1.08041500 1.72435600
OS 1.08082700 1.72835600
OS 1.08082600 1.77556600
OS 1.08071800 1.77662100
OS 1.08068000 1.77681500
OS 1.08068000 1.77699800
OS 1.08041700 1.77957300
OS 1.07904800 1.78371000
OS 1.07895200 1.78394200
OS 1.07892300 1.78408600
OS 1.07826800 1.78606300
OS 1.07530600 1.79086600
OS 1.07514000 1.79111400
OS 1.07511400 1.79117600
OS 1.07468400 1.79187400
OS 1.07464900 1.79191200
OS 1.06984100 1.79672100
OS 1.06883600 1.79734100
OS 1.06878100 1.79736400
OS 1.06855900 1.79751200
OS 1.06402500 1.80031000
OS 1.05754000 1.80246000
OS 1.05352900 1.80287200
OS 1.00631900 1.80287200
OS 1.00231400 1.80246200
OS 0.99582600 1.80031400
OS 0.99131300 1.79753100
OS 0.99106300 1.79736400
OS 0.99100000 1.79733800
OS 0.99000800 1.79672600
OS 0.98516700 1.79188800
OS 0.98472800 1.79117600
OS 0.98470200 1.79111400
OS 0.98453300 1.79086100
OS 0.98159200 1.78609400
OS 0.98157400 1.78606000
OS 0.98091700 1.78407800
OS 0.98089000 1.78394200
OS 0.98080100 1.78372700
OS 0.97942900 1.77958800
OS 0.97916300 1.77700100
OS 0.97916300 1.77681500
OS 0.97912300 1.77661300
OS 0.97901600 1.77557600
OS 0.97901600 1.72836500
OS 0.97942500 1.72435900
OS 0.97978100 1.72328400
OS 0.97986800 1.72307500
OS 0.97989500 1.72294200
OS 0.98157500 1.71787000
OS 0.98264500 1.71613600
OS 0.98280000 1.71590300
OS 0.98282400 1.71584500
OS 0.98516300 1.71205300
OS 0.98783300 1.70938000
OS 0.98804800 1.70905800
OS 0.98808200 1.70897600
OS 0.98820500 1.70879000
OS 0.98827200 1.70862700
OS 0.98851700 1.70818000
OS 0.98863500 1.70800300
OS 0.98867600 1.70790300
OS 0.98874800 1.70779700
OS 0.98881800 1.70762900
OS 0.98895200 1.70738500
OS 0.98901300 1.70729300
OS 0.98916500 1.70692600
OS 0.98924100 1.70654500
OS 0.98924100 1.70614900
OS 0.98922600 1.70607200
OS 0.98920400 1.70576700
OS 0.98920400 1.70550900
OS 0.98917500 1.70536300
OS 0.98914100 1.70489200
OS 0.98914100 1.70464200
OS 0.98911300 1.70450100
OS 0.98910500 1.70439200
OS 0.98910500 1.70426700
OS 0.98902900 1.70388600
OS 0.98888100 1.70352800
OS 0.98882000 1.70343400
OS 0.98876100 1.70332300
OS 0.98868500 1.70314100
OS 0.98860600 1.70302200
OS 0.98855000 1.70288800
OS 0.98848700 1.70279200
OS 0.98848100 1.70277700
OS 0.98826300 1.70245100
OS 0.98824900 1.70243700
OS 0.98811300 1.70223300
OS 0.98805500 1.70217500
OS 0.98640100 1.69989700
OS 0.98467800 1.69651600
OS 0.98459400 1.69631400
OS 0.98451300 1.69619200
OS 0.98276900 1.69277100
OS 0.98163600 1.68928400
OS 0.98160800 1.68914200
OS 0.98152300 1.68893600
OS 0.98029200 1.68514800
OS 0.97980700 1.68208800
OS 0.97980700 1.68201500
OS 0.97974800 1.68171800
OS 0.97903600 1.67723000
OS 0.97903600 1.66922900
OS 0.97934100 1.66730600
OS 0.97940100 1.66700200
OS 0.97940100 1.66692200
OS 0.98028800 1.66132100
OS 0.98069400 1.66007000
OS 0.98077500 1.65987500
OS 0.98080400 1.65973100
OS 0.98276300 1.65369600
OS 0.98320700 1.65282500
OS 0.98328800 1.65270300
OS 0.98337200 1.65250000
OS 0.98639600 1.64656400
OS 0.98716600 1.64550800
OS 0.98721600 1.64545800
OS 0.98736300 1.64523800
OS 0.98745900 1.64510600
OS 1.01200000 1.66964300
OS 1.01232200 1.66985800
OS 1.01268000 1.67000600
OS 1.01306100 1.67008200
OS 1.01344800 1.67008200
OS 1.01382900 1.67000600
OS 1.01418700 1.66985800
OS 1.01450900 1.66964300
OS 1.01478400 1.66936800
OS 1.01499900 1.66904600
OS 1.01514700 1.66868800
OS 1.01515300 1.66865900
OS 1.01516200 1.66863700
OS 1.01518900 1.66850500
OS 1.01551900 1.66727300
OS 1.01591700 1.66658300
OS 1.01604900 1.66638500
OS 1.01609500 1.66627400
OS 1.01755400 1.66374400
OS 1.02043000 1.66086600
OS 1.02296000 1.65940400
OS 1.02307800 1.65935500
OS 1.02329400 1.65921100
OS 1.02395300 1.65883100
OS 1.02519800 1.65849600
OS 1.02533100 1.65846900
OS 1.02534900 1.65846100
OS 1.02538200 1.65845500
OS 1.02574000 1.65830700
OS 1.02606200 1.65809200
OS 1.02633700 1.65781700
OS 1.02655200 1.65749500
OS 1.02670000 1.65713700
OS 1.02677600 1.65675600
OS 1.02677600 1.65636900
OS 1.02670000 1.65598800
OS 1.02655200 1.65563000
OS 1.02633700 1.65530800
OS 1.00182100 1.63078700
OS 1.00180100 1.63076400
OS 1.00233000 1.63037800
OS 1.00257300 1.63021600
OS 1.00262900 1.63016000
OS 1.00323900 1.62971500
OS 1.00326100 1.62970100
OS 1.01037400 1.62607600
OS 1.01799900 1.62359800
OS 1.02045100 1.62320900
OS 1.02052600 1.62320900
OS 1.02082100 1.62315000
OS 1.02592100 1.62234100
OE
OB 3.07718000 1.52389600 H
OS 3.15588400 1.52389600
OS 3.15987600 1.52430400
OS 3.15990600 1.52431000
OS 3.16635900 1.52644700
OS 3.16638500 1.52645800
OS 3.16855200 1.52779500
OS 3.16878800 1.52795300
OS 3.16884700 1.52797700
OS 3.17219900 1.53004600
OS 3.17695500 1.53479800
OS 3.17699500 1.53485800
OS 3.17706300 1.53492600
OS 3.18062700 1.54069800
OS 3.18080800 1.54124500
OS 3.18083400 1.54137500
OS 3.18092100 1.54158400
OS 3.18277100 1.54716600
OS 3.18277700 1.54719000
OS 3.18289400 1.54832700
OS 3.18289400 1.54850200
OS 3.18293100 1.54869100
OS 3.18318800 1.55118500
OS 3.18319000 1.55123100
OS 3.18318900 1.62990000
OS 3.18278800 1.63382600
OS 3.18278100 1.63384200
OS 3.18275200 1.63398600
OS 3.18063200 1.64039000
OS 3.18038500 1.64079100
OS 3.18023600 1.64101400
OS 3.18021300 1.64107000
OS 3.17704400 1.64621000
OS 3.17220400 1.65105000
OS 3.16638700 1.65464000
OS 3.16634700 1.65465500
OS 3.16580800 1.65483400
OS 3.16566700 1.65486200
OS 3.16544100 1.65495600
OS 3.15991400 1.65678700
OS 3.15989300 1.65679200
OS 3.15589200 1.65720300
OS 3.07718500 1.65720300
OS 3.07319900 1.65679600
OS 3.07316600 1.65679000
OS 3.06762400 1.65495400
OS 3.06740200 1.65486200
OS 3.06726300 1.65483400
OS 3.06669100 1.65464500
OS 3.06087500 1.65105800
OS 3.05603300 1.64621800
OS 3.05285900 1.64107300
OS 3.05283400 1.64101400
OS 3.05267000 1.64076800
OS 3.05244500 1.64040300
OS 3.05031700 1.63398500
OS 3.05028600 1.63383400
OS 3.04988200 1.62990600
OS 3.04988200 1.55120100
OS 3.05013800 1.54869800
OS 3.05017700 1.54850200
OS 3.05017700 1.54831600
OS 3.05029100 1.54720100
OS 3.05029400 1.54718700
OS 3.05214400 1.54160000
OS 3.05223700 1.54137500
OS 3.05226500 1.54123200
OS 3.05243800 1.54071100
OS 3.05600200 1.53493200
OS 3.05607600 1.53485800
OS 3.05611000 1.53480700
OS 3.06086700 1.53004800
OS 3.06422100 1.52797800
OS 3.06428200 1.52795300
OS 3.06452600 1.52779000
OS 3.06667200 1.52646600
OS 3.06672100 1.52644500
OS 3.07316100 1.52431200
OS 3.07718000 1.52389600
OE
OB 3.82127300 1.52389600 H
OS 3.89997900 1.52389600
OS 3.90396700 1.52430400
OS 3.90400200 1.52431100
OS 3.91047200 1.52645400
OS 3.91264100 1.52779200
OS 3.91288200 1.52795300
OS 3.91294200 1.52797800
OS 3.91629400 1.53004600
OS 3.92105200 1.53480100
OS 3.92109000 1.53485800
OS 3.92116400 1.53493200
OS 3.92472100 1.54069900
OS 3.92490300 1.54124700
OS 3.92492800 1.54137500
OS 3.92501300 1.54158000
OS 3.92686900 1.54717800
OS 3.92698900 1.54834100
OS 3.92698900 1.54850200
OS 3.92702400 1.54867700
OS 3.92728300 1.55119200
OS 3.92728300 1.62990000
OS 3.92688200 1.63382700
OS 3.92687600 1.63384200
OS 3.92684800 1.63398300
OS 3.92472500 1.64039300
OS 3.92448900 1.64077500
OS 3.92433000 1.64101400
OS 3.92430500 1.64107400
OS 3.92113800 1.64621000
OS 3.91629900 1.65105100
OS 3.91048300 1.65464000
OS 3.91044500 1.65465500
OS 3.90990800 1.65483300
OS 3.90976100 1.65486200
OS 3.90952700 1.65495900
OS 3.90400900 1.65678700
OS 3.90398800 1.65679200
OS 3.89998600 1.65720300
OS 3.82128000 1.65720300
OS 3.81727700 1.65679400
OS 3.81171700 1.65495300
OS 3.81149700 1.65486200
OS 3.81135900 1.65483500
OS 3.81078600 1.65464500
OS 3.80496600 1.65105400
OS 3.80012800 1.64621800
OS 3.79695200 1.64107000
OS 3.79692900 1.64101400
OS 3.79676500 1.64076800
OS 3.79653900 1.64040100
OS 3.79441100 1.63398200
OS 3.79438300 1.63384200
OS 3.79397700 1.62990700
OS 3.79397700 1.55119800
OS 3.79423200 1.54870400
OS 3.79427200 1.54850200
OS 3.79427200 1.54831000
OS 3.79438600 1.54719400
OS 3.79623800 1.54160000
OS 3.79633100 1.54137500
OS 3.79636000 1.54123000
OS 3.79652100 1.54074400
OS 3.79653400 1.54071000
OS 3.80009900 1.53493000
OS 3.80017100 1.53485800
OS 3.80020500 1.53480700
OS 3.80496200 1.53004800
OS 3.80831700 1.52797700
OS 3.80837600 1.52795300
OS 3.80861300 1.52779500
OS 3.81076800 1.52646500
OS 3.81725900 1.52431100
OS 3.81727300 1.52430800
OS 3.82127300 1.52389600
OE
OB 7.63708200 1.39003900 H
OS 7.64322600 1.39003800
OS 7.64924700 1.39123500
OS 7.64930100 1.39125300
OS 7.65489900 1.39357300
OS 7.65501900 1.39365300
OS 7.65506200 1.39367100
OS 7.66005700 1.39700800
OS 7.66441000 1.40136100
OS 7.66782200 1.40646700
OS 7.67017300 1.41214300
OS 7.67018300 1.41218300
OS 7.67137700 1.41818000
OS 7.67137800 1.42432400
OS 7.67017800 1.43036100
OS 7.67016600 1.43039400
OS 7.66782900 1.43603500
OS 7.66440800 1.44115800
OS 7.66005800 1.44550900
OS 7.65495200 1.44892100
OS 7.64926900 1.45127500
OS 7.64323200 1.45247800
OS 7.63708900 1.45247900
OS 7.63106200 1.45128100
OS 7.63102200 1.45126600
OS 7.62537100 1.44892700
OS 7.62025200 1.44550600
OS 7.61988800 1.44535500
OS 7.61979900 1.44533700
OS 7.61960100 1.44525600
OS 7.61943400 1.44522300
OS 7.61821700 1.44484100
OS 7.61802000 1.44476000
OS 7.61784900 1.44472600
OS 7.61774500 1.44468300
OS 7.61736200 1.44460700
OS 7.52523800 1.44460600
OS 7.52485300 1.44468200
OS 7.52477100 1.44471600
OS 7.52455900 1.44475900
OS 7.52440500 1.44482300
OS 7.52316500 1.44518600
OS 7.52296400 1.44522600
OS 7.52280800 1.44529100
OS 7.52269100 1.44531500
OS 7.52232700 1.44546600
OS 7.51715600 1.44892100
OS 7.51147000 1.45127600
OS 7.50543800 1.45247800
OS 7.49929400 1.45247900
OS 7.49327100 1.45128200
OS 7.48758000 1.44892800
OS 7.48755300 1.44891200
OS 7.48246300 1.44550900
OS 7.47811200 1.44115800
OS 7.47469500 1.43604500
OS 7.47234500 1.43036700
OS 7.47114300 1.42433500
OS 7.47114200 1.41818800
OS 7.47234200 1.41215600
OS 7.47469100 1.40648000
OS 7.47811200 1.40135900
OS 7.48245200 1.39701700
OS 7.48247900 1.39699600
OS 7.48745500 1.39367100
OS 7.48749800 1.39365300
OS 7.48761800 1.39357300
OS 7.49325300 1.39124100
OS 7.49928600 1.39003900
OS 7.50543100 1.39003800
OS 7.51146700 1.39123900
OS 7.51710800 1.39357400
OS 7.51722600 1.39365300
OS 7.51725700 1.39366600
OS 7.52226900 1.39701100
OS 7.52263200 1.39716100
OS 7.52271600 1.39717700
OS 7.52292000 1.39726100
OS 7.52309000 1.39729500
OS 7.52431100 1.39767800
OS 7.52450000 1.39775600
OS 7.52466600 1.39778900
OS 7.52477500 1.39783300
OS 7.52516200 1.39791000
OS 7.61728000 1.39791200
OS 7.61766700 1.39783500
OS 7.61774600 1.39780200
OS 7.61796100 1.39775800
OS 7.61812100 1.39769200
OS 7.61934500 1.39733400
OS 7.61954800 1.39729300
OS 7.61970500 1.39722800
OS 7.61982000 1.39720400
OS 7.62018300 1.39705400
OS 7.62525000 1.39367000
OS 7.62529200 1.39365300
OS 7.62541000 1.39357500
OS 7.63104800 1.39124100
OS 7.63708200 1.39003900
OE
OB 7.92532000 0.96307100 H
OS 7.94554300 0.96307000
OS 7.95386300 0.96438900
OS 7.96184400 0.96698100
OS 7.96195200 0.96705300
OS 7.96215900 0.96713900
OS 7.96936000 0.97080800
OS 7.97438900 0.97446200
OS 7.97444300 0.97451600
OS 7.97469100 0.97468100
OS 7.97616300 0.97575100
OS 7.98209400 0.98167900
OS 7.98221400 0.98185800
OS 7.98227100 0.98191500
OS 7.98706400 0.98851200
OS 7.98726200 0.98890100
OS 7.98734600 0.98910300
OS 7.98742700 0.98922500
OS 7.99088200 0.99600400
OS 7.99092400 0.99613300
OS 7.99095200 0.99627500
OS 7.99103500 0.99647500
OS 7.99347500 1.00398600
OS 7.99349900 1.00410800
OS 7.99462900 1.01123100
OS 7.99462900 1.01130200
OS 7.99468500 1.01158700
OS 7.99480300 1.01232800
OS 7.99480300 1.02073400
OS 7.99396300 1.02603300
OS 7.99390700 1.02631500
OS 7.99390700 1.02638500
OS 7.99348300 1.02905900
OS 7.99212600 1.03323600
OS 7.99204100 1.03344200
OS 7.99201200 1.03358800
OS 7.99089000 1.03704300
OS 7.98913200 1.04049800
OS 7.98905400 1.04061400
OS 7.98897300 1.04081000
OS 7.98706700 1.04455400
OS 7.98470400 1.04780600
OS 7.98465100 1.04785900
OS 7.98449000 1.04810000
OS 7.98212200 1.05135900
OS 7.97616800 1.05731200
OS 7.96971900 1.06199900
OS 7.96947800 1.06216000
OS 7.96943400 1.06220400
OS 7.96934400 1.06226400
OS 7.96906900 1.06253900
OS 7.96900600 1.06263200
OS 7.96892000 1.06271800
OS 7.96878200 1.06292500
OS 7.96832300 1.06352000
OS 7.96822900 1.06361400
OS 7.96809200 1.06381900
OS 7.96789000 1.06408100
OS 7.96784100 1.06413000
OS 7.96761900 1.06446100
OS 7.96747100 1.06481900
OS 7.96739500 1.06520000
OS 7.96739500 1.06531500
OS 7.96737000 1.06560100
OS 7.96733700 1.06577000
OS 7.96733700 1.06579500
OS 7.96733300 1.06581500
OS 7.96733300 1.06603300
OS 7.96732100 1.06616900
OS 7.96728700 1.06634300
OS 7.96728700 1.06656700
OS 7.96726100 1.06687500
OS 7.96724500 1.06695400
OS 7.96724400 1.06735000
OS 7.96732000 1.06773100
OS 7.96747200 1.06809800
OS 7.96752200 1.06817300
OS 7.96766300 1.06844100
OS 7.96774200 1.06863100
OS 7.96784200 1.06878100
OS 7.96811200 1.06929400
OS 7.96818900 1.06948000
OS 7.96828700 1.06962700
OS 7.96832600 1.06970100
OS 7.96836700 1.06980000
OS 7.96858500 1.07012700
OS 7.96886000 1.07040200
OS 7.96892500 1.07044600
OS 7.96901500 1.07052400
OS 7.96918400 1.07069300
OS 7.96941300 1.07084600
OS 7.97616800 1.07575600
OS 7.98211700 1.08170300
OS 7.98400200 1.08429700
OS 7.98417600 1.08455800
OS 7.98423200 1.08461400
OS 7.98706100 1.08850700
OS 7.98863100 1.09158700
OS 7.98872100 1.09180300
OS 7.98880500 1.09192900
OS 7.99028200 1.09482600
OS 7.99037500 1.09505100
OS 7.99045800 1.09517600
OS 7.99049800 1.09527100
OS 7.99071300 1.09559300
OS 7.99078400 1.09566400
OS 7.99081200 1.09570600
OS 7.99105800 1.09595200
OS 7.99136200 1.09627400
OS 7.99139200 1.09631900
OS 7.99162000 1.09654700
OS 7.99208200 1.09703600
OS 7.99209700 1.09705800
OS 7.99237900 1.09734100
OS 7.99270100 1.09755600
OS 7.99305900 1.09770400
OS 7.99321500 1.09773600
OS 7.99450400 1.09805500
OS 7.99454900 1.09807400
OS 7.99495000 1.09815400
OS 7.99533700 1.09815400
OS 7.99571800 1.09807800
OS 7.99607600 1.09793000
OS 7.99639800 1.09771500
OS 7.99668600 1.09742500
OS 7.99673800 1.09734700
OS 7.99746500 1.09646100
OS 7.99760700 1.09631900
OS 7.99771800 1.09615200
OS 7.99784400 1.09599900
OS 7.99997000 1.09387200
OS 8.00087800 1.09312600
OS 8.00104300 1.09301600
OS 8.00118300 1.09287600
OS 8.00229100 1.09196700
OS 8.00476300 1.09031600
OS 8.00743100 1.08888900
OS 8.01019100 1.08774500
OS 8.01306200 1.08687400
OS 8.01599400 1.08629100
OS 8.01885200 1.08600900
OS 8.01904500 1.08600900
OS 8.01911000 1.08599600
OS 8.02185500 1.08599500
OS 8.02192500 1.08600900
OS 8.02212400 1.08600900
OS 8.02494700 1.08628700
OS 8.02787400 1.08686700
OS 8.02794700 1.08688600
OS 8.03074100 1.08773200
OS 8.03078000 1.08774600
OS 8.03353000 1.08888500
OS 8.03618500 1.09030200
OS 8.03868000 1.09196800
OS 8.03978800 1.09287700
OS 8.03992700 1.09301600
OS 8.04009100 1.09312600
OS 8.04099600 1.09386800
OS 8.04312000 1.09599200
OS 8.04502500 1.09831300
OS 8.04668400 1.10079700
OS 8.04810300 1.10345300
OS 8.04924700 1.10621300
OS 8.04939100 1.10668700
OS 8.04942800 1.10687500
OS 8.04950100 1.10705200
OS 8.05011800 1.10908400
OS 8.05070100 1.11201500
OS 8.05087900 1.11381900
OS 8.05087900 1.11400200
OS 8.05091500 1.11418400
OS 8.05099700 1.11501100
OS 8.05099700 1.11800400
OS 8.05071100 1.12091300
OS 8.05067100 1.12111500
OS 8.05067100 1.12115000
OS 8.05012900 1.12387900
OS 8.05010600 1.12396900
OS 8.04924900 1.12679500
OS 8.04810700 1.12955200
OS 8.04668800 1.13221000
OS 8.04505300 1.13465900
OS 8.04495300 1.13475900
OS 8.04485100 1.13491200
OS 8.04312400 1.13701700
OS 8.04100000 1.13914200
OS 8.03867900 1.14104700
OS 8.03620700 1.14269800
OS 8.03353900 1.14412500
OS 8.03077900 1.14526900
OS 8.02790800 1.14614000
OS 8.02497700 1.14672300
OS 8.02198100 1.14701900
OS 8.01898900 1.14701900
OS 8.01599800 1.14672400
OS 8.01311100 1.14615000
OS 8.01302400 1.14612900
OS 8.01019000 1.14526800
OS 8.00744200 1.14413000
OS 8.00478000 1.14270900
OS 8.00228600 1.14104300
OS 7.99997400 1.13914500
OS 7.99784800 1.13702000
OS 7.99773400 1.13688100
OS 7.99762500 1.13671800
OS 7.99748300 1.13657600
OS 7.99683600 1.13578900
OS 7.99678000 1.13570500
OS 7.99649400 1.13541700
OS 7.99617200 1.13520200
OS 7.99581400 1.13505400
OS 7.99543300 1.13497800
OS 7.99504600 1.13497800
OS 7.99496600 1.13499300
OS 7.99405300 1.13505800
OS 7.99392800 1.13505800
OS 7.99354700 1.13513400
OS 7.99318900 1.13528200
OS 7.99286700 1.13549700
OS 7.99282500 1.13553800
OS 7.99220100 1.13600500
OS 7.99196800 1.13616000
OS 7.99189400 1.13623400
OS 7.99177400 1.13632400
OS 7.99153400 1.13648400
OS 7.99145900 1.13655900
OS 7.99142000 1.13658800
OS 7.99130500 1.13666500
OS 7.99103000 1.13694000
OS 7.99081000 1.13726900
OS 7.99079800 1.13729800
OS 7.99070100 1.13745400
OS 7.99053900 1.13769700
OS 7.99045100 1.13790800
OS 7.98776200 1.14318900
OS 7.98767900 1.14331400
OS 7.98759200 1.14352300
OS 7.98707000 1.14454800
OS 7.98274100 1.15050600
OS 7.98268800 1.15055900
OS 7.98253300 1.15079200
OS 7.98212200 1.15135800
OS 7.97616400 1.15731600
OS 7.97559200 1.15773200
OS 7.97533800 1.15790100
OS 7.97528300 1.15795600
OS 7.96972600 1.16199300
OS 7.96947900 1.16215800
OS 7.96943400 1.16220300
OS 7.96934300 1.16226400
OS 7.96906800 1.16253900
OS 7.96900700 1.16263000
OS 7.96892100 1.16271600
OS 7.96878300 1.16292200
OS 7.96831900 1.16352400
OS 7.96822900 1.16361400
OS 7.96809500 1.16381400
OS 7.96788900 1.16408200
OS 7.96784100 1.16413000
OS 7.96761900 1.16446100
OS 7.96747100 1.16481900
OS 7.96739500 1.16520000
OS 7.96739500 1.16530900
OS 7.96737000 1.16560100
OS 7.96733700 1.16577000
OS 7.96733700 1.16598500
OS 7.96732100 1.16617100
OS 7.96728700 1.16634300
OS 7.96728700 1.16656800
OS 7.96726100 1.16687100
OS 7.96724500 1.16695400
OS 7.96724400 1.16735000
OS 7.96732000 1.16773100
OS 7.96747200 1.16809800
OS 7.96752500 1.16817800
OS 7.96766000 1.16843500
OS 7.96774200 1.16863100
OS 7.96784200 1.16878100
OS 7.96811200 1.16929400
OS 7.96818900 1.16948000
OS 7.96828700 1.16962600
OS 7.96832800 1.16970500
OS 7.96836700 1.16980000
OS 7.96858500 1.17012700
OS 7.96886000 1.17040200
OS 7.96892300 1.17044500
OS 7.96901700 1.17052600
OS 7.96918400 1.17069300
OS 7.96940900 1.17084300
OS 7.97095400 1.17196600
OS 7.97100400 1.17201600
OS 7.97123500 1.17217000
OS 7.97616600 1.17575400
OS 7.98211800 1.18170400
OS 7.98596200 1.18699400
OS 7.98613800 1.18725800
OS 7.98619500 1.18731500
OS 7.98706200 1.18850800
OS 7.99000700 1.19428600
OS 7.99009700 1.19450300
OS 7.99018400 1.19463300
OS 7.99087900 1.19599700
OS 7.99267900 1.20153500
OS 7.99270700 1.20167500
OS 7.99278900 1.20187400
OS 7.99348300 1.20400700
OS 7.99423300 1.20873500
OS 7.99423300 1.20880200
OS 7.99428700 1.20907300
OS 7.99480300 1.21232800
OS 7.99480300 1.22073400
OS 7.99436000 1.22353200
OS 7.99430400 1.22381500
OS 7.99430400 1.22388600
OS 7.99348800 1.22903900
OS 7.99293900 1.23073500
OS 7.99285300 1.23094200
OS 7.99282400 1.23108900
OS 7.99089000 1.23704600
OS 7.99041000 1.23799000
OS 7.99032700 1.23811400
OS 7.99024100 1.23832200
OS 7.98706700 1.24455400
OS 7.98652200 1.24530400
OS 7.98646700 1.24535900
OS 7.98629800 1.24561200
OS 7.98212500 1.25135500
OS 7.97843300 1.25504900
OS 7.97821600 1.25537400
OS 7.97817700 1.25546600
OS 7.97806100 1.25563900
OS 7.97799400 1.25579900
OS 7.97763100 1.25646500
OS 7.97751900 1.25663300
OS 7.97745400 1.25678900
OS 7.97731400 1.25704600
OS 7.97725300 1.25713700
OS 7.97710100 1.25750400
OS 7.97702500 1.25788500
OS 7.97702500 1.25827200
OS 7.97704000 1.25835000
OS 7.97706400 1.25868200
OS 7.97706400 1.25892100
OS 7.97709100 1.25905800
OS 7.97710500 1.25925100
OS 7.97710500 1.25949300
OS 7.97713300 1.25963300
OS 7.97715200 1.25990000
OS 7.97715200 1.26003100
OS 7.97722800 1.26041200
OS 7.97737600 1.26077000
OS 7.97759800 1.26110200
OS 7.97763400 1.26113800
OS 7.97784100 1.26141500
OS 7.97799700 1.26164900
OS 7.97807100 1.26172300
OS 7.97835600 1.26210500
OS 7.97851100 1.26233700
OS 7.97858400 1.26241000
OS 7.97864600 1.26249300
OS 7.97872400 1.26260900
OS 7.97900300 1.26288900
OS 7.97933000 1.26310700
OS 7.97941300 1.26314100
OS 7.97955500 1.26322000
OS 7.97972400 1.26333200
OS 7.97985900 1.26338800
OS 7.98000500 1.26348600
OS 7.98009600 1.26352400
OS 7.98011600 1.26353700
OS 7.98048000 1.26368800
OS 7.98050300 1.26369300
OS 7.98073300 1.26378800
OS 7.98080200 1.26380200
OS 7.98477300 1.26528300
OS 7.98672700 1.26674400
OS 7.98679900 1.26681600
OS 7.98702600 1.26696800
OS 7.98921500 1.26860400
OS 7.98924200 1.26862600
OS 7.99258100 1.27308300
OS 7.99453500 1.27832200
OS 7.99468700 1.27972300
OS 7.99468700 1.27990200
OS 7.99473000 1.28011800
OS 7.99478400 1.28063200
OS 7.99478200 1.30639500
OS 7.99474000 1.30639700
OS 7.95556900 1.30639700
OS 7.95518800 1.30647300
OS 7.95483000 1.30662100
OS 7.95450800 1.30683600
OS 7.95423300 1.30711100
OS 7.95401800 1.30743300
OS 7.95387000 1.30779100
OS 7.95379400 1.30817200
OS 7.95379400 1.30855900
OS 7.95387000 1.30894000
OS 7.95387600 1.30895500
OS 7.95388100 1.30898000
OS 7.95390300 1.30903300
OS 7.95451300 1.31130600
OS 7.95456400 1.31156300
OS 7.95461300 1.31168200
OS 7.95470700 1.31203100
OS 7.95475500 1.31227500
OS 7.95480300 1.31239200
OS 7.95521500 1.31392700
OS 7.95521500 1.31913900
OS 7.95461200 1.32139000
OS 7.95456500 1.32150400
OS 7.95451800 1.32174300
OS 7.95390400 1.32403500
OS 7.95388200 1.32408700
OS 7.95387700 1.32411300
OS 7.95387100 1.32412700
OS 7.95379500 1.32450800
OS 7.95379500 1.32489500
OS 7.95387100 1.32527600
OS 7.95401900 1.32563400
OS 7.95423400 1.32595600
OS 7.95450900 1.32623100
OS 7.95483100 1.32644600
OS 7.95518900 1.32659400
OS 7.95557000 1.32667000
OS 7.99478100 1.32667300
OS 7.99478400 1.32671500
OS 7.99478300 1.35244400
OS 7.99453700 1.35474100
OS 7.99368200 1.35703700
OS 7.99355600 1.35734200
OS 7.99354100 1.35741500
OS 7.99258900 1.35996900
OS 7.98974100 1.36377900
OS 7.98966100 1.36385900
OS 7.98949900 1.36410200
OS 7.98924900 1.36443500
OS 7.98478500 1.36777800
OS 7.97955400 1.36973000
OS 7.97724500 1.36997900
OS 7.94557200 1.36997800
OS 7.94557000 1.33667000
OS 7.94549400 1.33628900
OS 7.94534600 1.33593100
OS 7.94513100 1.33560900
OS 7.94485600 1.33533400
OS 7.94453400 1.33511900
OS 7.94417600 1.33497100
OS 7.94379500 1.33489500
OS 7.94340800 1.33489500
OS 7.94302700 1.33497100
OS 7.94301200 1.33497700
OS 7.94298700 1.33498200
OS 7.94293400 1.33500400
OS 7.94065200 1.33561600
OS 7.94040400 1.33566500
OS 7.94028500 1.33571400
OS 7.93804500 1.33631500
OS 7.93283400 1.33631700
OS 7.93057500 1.33571200
OS 7.93046300 1.33566600
OS 7.93022700 1.33561900
OS 7.92793900 1.33500700
OS 7.92788000 1.33498200
OS 7.92785000 1.33497600
OS 7.92784000 1.33497200
OS 7.92745900 1.33489600
OS 7.92707200 1.33489600
OS 7.92669100 1.33497200
OS 7.92633300 1.33512000
OS 7.92601100 1.33533500
OS 7.92573600 1.33561000
OS 7.92552100 1.33593200
OS 7.92537300 1.33629000
OS 7.92529700 1.33667100
OS 7.92529400 1.36997700
OS 7.89361700 1.36997900
OS 7.89131800 1.36973200
OS 7.88609800 1.36778700
OS 7.88608600 1.36778000
OS 7.88162300 1.36444200
OS 7.88135600 1.36408600
OS 7.88120500 1.36385900
OS 7.88113200 1.36378600
OS 7.87828400 1.35998200
OS 7.87732200 1.35740500
OS 7.87731000 1.35734200
OS 7.87720200 1.35708100
OS 7.87633100 1.35474700
OS 7.87608200 1.35243600
OS 7.87608400 1.32667300
OS 7.91529600 1.32667100
OS 7.91567700 1.32659500
OS 7.91603500 1.32644700
OS 7.91635700 1.32623200
OS 7.91663200 1.32595700
OS 7.91684700 1.32563500
OS 7.91699500 1.32527700
OS 7.91707100 1.32489600
OS 7.91707100 1.32450900
OS 7.91699500 1.32412800
OS 7.91699100 1.32411800
OS 7.91698500 1.32408800
OS 7.91696000 1.32402700
OS 7.91635300 1.32176000
OS 7.91630200 1.32150500
OS 7.91625300 1.32138600
OS 7.91565100 1.31914000
OS 7.91565000 1.31393400
OS 7.91606300 1.31239000
OS 7.91611100 1.31227500
OS 7.91616000 1.31202800
OS 7.91625500 1.31167400
OS 7.91630100 1.31156400
OS 7.91634800 1.31132800
OS 7.91696300 1.30903200
OS 7.91698400 1.30898100
OS 7.91698900 1.30895500
OS 7.91699500 1.30894100
OS 7.91707100 1.30856000
OS 7.91707100 1.30817300
OS 7.91699500 1.30779200
OS 7.91684700 1.30743400
OS 7.91663200 1.30711200
OS 7.91635700 1.30683700
OS 7.91603500 1.30662200
OS 7.91567700 1.30647400
OS 7.91529600 1.30639800
OS 7.87608500 1.30639500
OS 7.87608300 1.30634900
OS 7.87608300 1.28062400
OS 7.87613900 1.28010500
OS 7.87617900 1.27990200
OS 7.87617900 1.27972300
OS 7.87632900 1.27832500
OS 7.87827800 1.27309600
OS 7.88160900 1.26864300
OS 7.88163400 1.26861900
OS 7.88382900 1.26697500
OS 7.88406800 1.26681600
OS 7.88414600 1.26673800
OS 7.88608000 1.26529000
OS 7.88982300 1.26389400
OS 7.88988200 1.26388200
OS 7.89012900 1.26378000
OS 7.89023500 1.26374000
OS 7.89026500 1.26373400
OS 7.89062800 1.26358400
OS 7.89095000 1.26336900
OS 7.89099300 1.26332700
OS 7.89102800 1.26330100
OS 7.89126500 1.26314300
OS 7.89134400 1.26306400
OS 7.89193100 1.26262400
OS 7.89217000 1.26246500
OS 7.89224800 1.26238700
OS 7.89245500 1.26223200
OS 7.89256400 1.26215900
OS 7.89284500 1.26188000
OS 7.89306000 1.26155800
OS 7.89321300 1.26118900
OS 7.89322000 1.26115500
OS 7.89335300 1.26079800
OS 7.89346700 1.26052400
OS 7.89348000 1.26045900
OS 7.89355400 1.26026100
OS 7.89367000 1.25998100
OS 7.89368400 1.25991200
OS 7.89376000 1.25970900
OS 7.89382700 1.25954800
OS 7.89390400 1.25916100
OS 7.89390400 1.25876800
OS 7.89382700 1.25838100
OS 7.89382000 1.25836400
OS 7.89373200 1.25795900
OS 7.89367000 1.25764800
OS 7.89365800 1.25761900
OS 7.89355200 1.25712900
OS 7.89348900 1.25681500
OS 7.89347700 1.25678600
OS 7.89342900 1.25655000
OS 7.89327900 1.25618700
OS 7.89306400 1.25586500
OS 7.89302500 1.25582500
OS 7.89290400 1.25566300
OS 7.89275000 1.25543200
OS 7.89269000 1.25537200
OS 7.89255700 1.25517300
OS 7.88876200 1.25137800
OS 7.88872600 1.25133400
OS 7.88660700 1.24841600
OS 7.88643400 1.24815700
OS 7.88638800 1.24811100
OS 7.88632900 1.24802300
OS 7.88605100 1.24774400
OS 7.88596000 1.24768300
OS 7.88587600 1.24759900
OS 7.88567400 1.24746400
OS 7.88491400 1.24687800
OS 7.88482100 1.24678500
OS 7.88461500 1.24664700
OS 7.88443200 1.24650600
OS 7.88438800 1.24646200
OS 7.88405900 1.24624100
OS 7.88370100 1.24609300
OS 7.88332000 1.24601700
OS 7.88287700 1.24593400
OS 7.88266500 1.24589200
OS 7.88265100 1.24589200
OS 7.88210200 1.24578700
OS 7.59575000 1.24578600
OS 7.58971400 1.24458500
OS 7.58403800 1.24223600
OS 7.57891900 1.23881600
OS 7.57456900 1.23446600
OS 7.57115700 1.22936000
OS 7.57113500 1.22931300
OS 7.56880200 1.22367500
OS 7.56760000 1.21764300
OS 7.56759900 1.21149600
OS 7.56879900 1.20546200
OS 7.57114700 1.19979000
OS 7.57117200 1.19974900
OS 7.57456600 1.19466900
OS 7.57891100 1.19032200
OS 7.57894300 1.19029800
OS 7.58402100 1.18690500
OS 7.58405700 1.18688800
OS 7.58970900 1.18454800
OS 7.59574400 1.18334600
OS 7.88491000 1.18334500
OS 7.88529700 1.18326800
OS 7.88538000 1.18323400
OS 7.88559400 1.18319100
OS 7.88576000 1.18312200
OS 7.88681100 1.18281400
OS 7.88701900 1.18277300
OS 7.88717900 1.18270700
OS 7.88727300 1.18267900
OS 7.88737900 1.18265800
OS 7.88774300 1.18250700
OS 7.88806700 1.18229100
OS 7.88813300 1.18222500
OS 7.88822000 1.18215600
OS 7.88840200 1.18203400
OS 7.88843400 1.18200200
OS 7.88847900 1.18197200
OS 7.89470200 1.17575200
OS 7.89962200 1.17217800
OS 7.89986400 1.17201600
OS 7.89991700 1.17196300
OS 7.90112700 1.17108400
OS 7.90138800 1.17090900
OS 7.90143500 1.17086200
OS 7.90152000 1.17080500
OS 7.90179900 1.17052700
OS 7.90185700 1.17044000
OS 7.90194600 1.17035100
OS 7.90209000 1.17013500
OS 7.90253800 1.16955400
OS 7.90263700 1.16945500
OS 7.90278200 1.16923700
OS 7.90297900 1.16898200
OS 7.90302500 1.16893600
OS 7.90324700 1.16860500
OS 7.90339500 1.16824700
OS 7.90347100 1.16786600
OS 7.90347200 1.16774600
OS 7.90349600 1.16747100
OS 7.90353000 1.16729900
OS 7.90353000 1.16707300
OS 7.90354500 1.16689900
OS 7.90358000 1.16672500
OS 7.90358000 1.16649100
OS 7.90360500 1.16619900
OS 7.90362200 1.16611400
OS 7.90362200 1.16571800
OS 7.90354600 1.16533700
OS 7.90339400 1.16497000
OS 7.90334400 1.16489500
OS 7.90320300 1.16462700
OS 7.90312400 1.16443700
OS 7.90302400 1.16428800
OS 7.90275600 1.16377700
OS 7.90267700 1.16358700
OS 7.90257500 1.16343400
OS 7.90253900 1.16336500
OS 7.90249900 1.16326800
OS 7.90228100 1.16294100
OS 7.90200600 1.16266600
OS 7.90194600 1.16262500
OS 7.90185200 1.16254400
OS 7.90168200 1.16237400
OS 7.90144400 1.16221500
OS 7.89558200 1.15795500
OS 7.89552800 1.15790100
OS 7.89527500 1.15773200
OS 7.89470000 1.15731400
OS 7.88874800 1.15136400
OS 7.88834700 1.15081200
OS 7.88817800 1.15055900
OS 7.88812300 1.15050400
OS 7.88380300 1.14456000
OS 7.88327000 1.14351400
OS 7.88318700 1.14331400
OS 7.88310400 1.14318900
OS 7.87998900 1.13707600
OS 7.87972800 1.13627400
OS 7.87970200 1.13614200
OS 7.87962500 1.13595700
OS 7.87738800 1.12907500
OS 7.87738800 1.12901500
OS 7.87732800 1.12871600
OS 7.87613500 1.12119300
OS 7.87613500 1.12111500
OS 7.87607400 1.12081100
OS 7.87606300 1.12073900
OS 7.87606300 1.11233400
OS 7.87700300 1.10640500
OS 7.87706300 1.10610200
OS 7.87706300 1.10602400
OS 7.87738000 1.10402400
OS 7.87738500 1.10400300
OS 7.87894800 1.09918900
OS 7.87903700 1.09897500
OS 7.87906800 1.09882200
OS 7.87997800 1.09601800
OS 7.88206000 1.09192900
OS 7.88214400 1.09180300
OS 7.88223400 1.09158700
OS 7.88379600 1.08851900
OS 7.88663700 1.08460900
OS 7.88668800 1.08455800
OS 7.88684600 1.08432100
OS 7.88874100 1.08171300
OS 7.89469400 1.07576000
OS 7.90115400 1.07106400
OS 7.90138900 1.07090700
OS 7.90143200 1.07086400
OS 7.90152200 1.07080400
OS 7.90179700 1.07052900
OS 7.90185800 1.07043800
OS 7.90194700 1.07034900
OS 7.90209000 1.07013500
OS 7.90253800 1.06955400
OS 7.90263700 1.06945500
OS 7.90278200 1.06923700
OS 7.90297900 1.06898200
OS 7.90302500 1.06893600
OS 7.90324700 1.06860500
OS 7.90339500 1.06824700
OS 7.90347100 1.06786600
OS 7.90347200 1.06774600
OS 7.90349600 1.06747100
OS 7.90353000 1.06729900
OS 7.90353000 1.06707200
OS 7.90354500 1.06690300
OS 7.90358000 1.06672500
OS 7.90358000 1.06648600
OS 7.90360500 1.06619900
OS 7.90362200 1.06611400
OS 7.90362200 1.06571800
OS 7.90354600 1.06533700
OS 7.90339400 1.06497000
OS 7.90334200 1.06489200
OS 7.90320400 1.06462900
OS 7.90312400 1.06443700
OS 7.90308700 1.06438200
OS 7.90305900 1.06431400
OS 7.90295900 1.06416400
OS 7.90275400 1.06377400
OS 7.90267700 1.06358700
OS 7.90257700 1.06343700
OS 7.90253900 1.06336500
OS 7.90249900 1.06326800
OS 7.90228100 1.06294100
OS 7.90200600 1.06266600
OS 7.90194300 1.06262300
OS 7.90185400 1.06254600
OS 7.90168200 1.06237400
OS 7.90143800 1.06221100
OS 7.89470700 1.05732000
OS 7.88874900 1.05136500
OS 7.88638100 1.04810700
OS 7.88621600 1.04785900
OS 7.88616200 1.04780500
OS 7.88380100 1.04455600
OS 7.88317100 1.04331800
OS 7.88308300 1.04310700
OS 7.88300300 1.04298700
OS 7.88296200 1.04288900
OS 7.88274700 1.04256700
OS 7.88267400 1.04249400
OS 7.88264600 1.04245200
OS 7.88239700 1.04220300
OS 7.88186700 1.04164300
OS 7.88183600 1.04159600
OS 7.88158500 1.04134500
OS 7.88136100 1.04110800
OS 7.88134700 1.04108700
OS 7.88106500 1.04080400
OS 7.88074300 1.04058900
OS 7.88038500 1.04044100
OS 7.88024500 1.04041200
OS 7.88002100 1.04035100
OS 7.87989500 1.04029900
OS 7.87965000 1.04025100
OS 7.87904800 1.04008700
OS 7.87892200 1.04003500
OS 7.87867800 1.03998700
OS 7.87860700 1.03995800
OS 7.87822000 1.03988100
OS 7.27926800 1.03988100
OS 7.27888400 1.03995700
OS 7.27882300 1.03998200
OS 7.27856200 1.04003400
OS 7.27844200 1.04008400
OS 7.27732200 1.04038300
OS 7.27706500 1.04043400
OS 7.27696100 1.04047700
OS 7.27687500 1.04049400
OS 7.27651100 1.04064500
OS 7.27643700 1.04069500
OS 7.27633700 1.04073600
OS 7.27612500 1.04087700
OS 7.27515900 1.04143500
OS 7.26972800 1.04289300
OS 7.26968700 1.04290100
OS 7.26956700 1.04293600
OS 7.26936000 1.04299200
OS 7.26922100 1.04301900
OS 7.26917500 1.04303800
OS 7.26893800 1.04308500
OS 7.26865100 1.04320400
OS 7.26727400 1.04360700
OS 7.26706700 1.04364800
OS 7.26690600 1.04371500
OS 7.26679400 1.04373800
OS 7.26643000 1.04388800
OS 7.26124700 1.04735000
OS 7.25556800 1.04970000
OS 7.25553600 1.04970800
OS 7.24953200 1.05090300
OS 7.24338800 1.05090400
OS 7.23735200 1.04970300
OS 7.23167700 1.04735400
OS 7.23164400 1.04733400
OS 7.22655800 1.04393500
OS 7.22220500 1.03958300
OS 7.21878900 1.03447000
OS 7.21643900 1.02879100
OS 7.21523600 1.02275500
OS 7.21523600 1.01661300
OS 7.21643700 1.01057900
OS 7.21875200 1.00498500
OS 7.21880700 1.00490300
OS 7.21884000 1.00482400
OS 7.22220600 0.99978400
OS 7.22655600 0.99543300
OS 7.23166900 0.99201700
OS 7.23735100 0.98966500
OS 7.24338200 0.98846400
OS 7.24952500 0.98846300
OS 7.25555300 0.98966200
OS 7.25558700 0.98967300
OS 7.26123900 0.99201600
OS 7.26192500 0.99247200
OS 7.26228100 0.99261900
OS 7.26236900 0.99263700
OS 7.26257500 0.99272200
OS 7.26275200 0.99275700
OS 7.26373700 0.99306600
OS 7.26393400 0.99314800
OS 7.26410800 0.99318300
OS 7.26423000 0.99322100
OS 7.26433300 0.99326400
OS 7.26472000 0.99334100
OS 7.26511300 0.99334100
OS 7.26523200 0.99331700
OS 7.26535500 0.99330200
OS 7.26549400 0.99330200
OS 7.26567500 0.99326600
OS 7.26578600 0.99326600
OS 7.26593800 0.99323600
OS 7.26597000 0.99323600
OS 7.26611500 0.99320700
OS 7.26622500 0.99318900
OS 7.87819000 0.99318700
OS 7.87857900 0.99311100
OS 7.87866500 0.99307600
OS 7.87887200 0.99303400
OS 7.87902600 0.99297000
OS 7.87980200 0.99274300
OS 7.88000500 0.99270200
OS 7.88016200 0.99263700
OS 7.88041400 0.99256300
OS 7.88052400 0.99254100
OS 7.88089200 0.99238900
OS 7.88121400 0.99217400
OS 7.88148900 0.99189900
OS 7.88151800 0.99185600
OS 7.88173800 0.99161300
OS 7.88194600 0.99140500
OS 7.88200200 0.99132200
OS 7.88241400 0.99086600
OS 7.88262100 0.99065900
OS 7.88266500 0.99059300
OS 7.88273000 0.99052800
OS 7.88294500 0.99020600
OS 7.88298200 0.99011700
OS 7.88305800 0.99000400
OS 7.88314500 0.98979500
OS 7.88343400 0.98922900
OS 7.88351800 0.98910300
OS 7.88360600 0.98889200
OS 7.88379700 0.98851800
OS 7.88860000 0.98190800
OS 7.88865000 0.98185800
OS 7.88876000 0.98169300
OS 7.89470000 0.97575400
OS 7.89617700 0.97468100
OS 7.89642400 0.97451600
OS 7.89647800 0.97446200
OS 7.90150600 0.97080800
OS 7.90870600 0.96713900
OS 7.90891300 0.96705300
OS 7.90901700 0.96698300
OS 7.91700100 0.96438900
OS 7.92532000 0.96307100
OE
OB 3.85627100 1.22864100 H
OS 3.86498900 1.22864100
OS 3.87364700 1.22978100
OS 3.88208800 1.23204100
OS 3.89015800 1.23538200
OS 3.89035800 1.23549700
OS 3.89059500 1.23565300
OS 3.89071400 1.23570200
OS 3.89772000 1.23974700
OS 3.89774800 1.23976600
OS 3.90003800 1.24152400
OS 3.87029300 1.27127400
OS 3.87007800 1.27159600
OS 3.86993000 1.27195400
OS 3.86985400 1.27233500
OS 3.86985400 1.27272200
OS 3.86993000 1.27310300
OS 3.87007800 1.27346100
OS 3.87029300 1.27378300
OS 3.87056800 1.27405800
OS 3.87089000 1.27427300
OS 3.87090200 1.27427800
OS 3.87092600 1.27429400
OS 3.87098700 1.27431900
OS 3.87303300 1.27550100
OS 3.87323700 1.27563700
OS 3.87334900 1.27568300
OS 3.87494800 1.27660700
OS 3.87929100 1.28094700
OS 3.87948800 1.28128800
OS 3.87953600 1.28140300
OS 3.87967800 1.28161600
OS 3.88021500 1.28254400
OS 3.88026600 1.28266800
OS 3.88041500 1.28289100
OS 3.88158500 1.28491700
OS 3.88161000 1.28497700
OS 3.88162600 1.28500100
OS 3.88163100 1.28501300
OS 3.88184600 1.28533500
OS 3.88212100 1.28561000
OS 3.88244300 1.28582500
OS 3.88280100 1.28597300
OS 3.88318200 1.28604900
OS 3.88356900 1.28604900
OS 3.88395000 1.28597300
OS 3.88430800 1.28582500
OS 3.88463000 1.28561000
OS 3.91435900 1.25588200
OS 3.91437800 1.25586600
OS 3.91612600 1.25814100
OS 3.91616000 1.25819100
OS 3.92037500 1.26548900
OS 3.92042200 1.26560300
OS 3.92052600 1.26575900
OS 3.92385900 1.27380100
OS 3.92563900 1.28043700
OS 3.92568600 1.28067500
OS 3.92573300 1.28078900
OS 3.92611900 1.28222700
OS 3.92683900 1.28768600
OS 3.92683900 1.28780200
OS 3.92688500 1.28803300
OS 3.92726400 1.29090900
OS 3.92726400 1.29963100
OS 3.92687700 1.30257100
OS 3.92682900 1.30281500
OS 3.92682900 1.30293800
OS 3.92612700 1.30827200
OS 3.92611900 1.30831700
OS 3.92571600 1.30982100
OS 3.92566600 1.30994200
OS 3.92561500 1.31019700
OS 3.92387100 1.31671200
OS 3.92385700 1.31675200
OS 3.92052600 1.32479200
OS 3.92050600 1.32482600
OS 3.92038100 1.32501400
OS 3.92033800 1.32511800
OS 3.91621800 1.33225900
OS 3.91607700 1.33247000
OS 3.91438000 1.33468200
OS 3.88463000 1.30493700
OS 3.88430800 1.30472200
OS 3.88395000 1.30457400
OS 3.88356900 1.30449800
OS 3.88318200 1.30449800
OS 3.88280100 1.30457400
OS 3.88244300 1.30472200
OS 3.88212100 1.30493700
OS 3.88184600 1.30521200
OS 3.88163100 1.30553400
OS 3.88162600 1.30554600
OS 3.88161000 1.30557000
OS 3.88158500 1.30563100
OS 3.88040700 1.30767100
OS 3.88026700 1.30788100
OS 3.88021900 1.30799700
OS 3.87964100 1.30899800
OS 3.87949700 1.30921400
OS 3.87944800 1.30933200
OS 3.87929800 1.30959200
OS 3.87495600 1.31393600
OS 3.87335800 1.31485900
OS 3.87323600 1.31491000
OS 3.87301600 1.31505700
OS 3.87099000 1.31622800
OS 3.87092700 1.31625400
OS 3.87090300 1.31627000
OS 3.87089100 1.31627500
OS 3.87056900 1.31649000
OS 3.87029400 1.31676500
OS 3.87007900 1.31708700
OS 3.86993100 1.31744500
OS 3.86985500 1.31782600
OS 3.86985500 1.31821300
OS 3.86993100 1.31859400
OS 3.87007900 1.31895200
OS 3.87029400 1.31927400
OS 3.90001600 1.34899700
OS 3.90003800 1.34902200
OS 3.89775200 1.35077900
OS 3.89770900 1.35080700
OS 3.89059000 1.35491700
OS 3.89047700 1.35496400
OS 3.89027300 1.35510000
OS 3.89016400 1.35516300
OS 3.88210000 1.35850400
OS 3.87367400 1.36076400
OS 3.87363200 1.36077100
OS 3.86500800 1.36190600
OS 3.86495300 1.36190900
OS 3.85627100 1.36190800
OS 3.84764400 1.36077300
OS 3.84759900 1.36076500
OS 3.83916900 1.35850600
OS 3.83110000 1.35516400
OS 3.83098700 1.35509900
OS 3.83078500 1.35496400
OS 3.83067300 1.35491700
OS 3.82353000 1.35079600
OS 3.82122200 1.34902500
OS 3.85096700 1.31927400
OS 3.85118200 1.31895200
OS 3.85133000 1.31859400
OS 3.85140600 1.31821300
OS 3.85140600 1.31782600
OS 3.85133000 1.31744500
OS 3.85118200 1.31708700
OS 3.85096700 1.31676500
OS 3.85069200 1.31649000
OS 3.85037000 1.31627500
OS 3.85035800 1.31627000
OS 3.85033400 1.31625400
OS 3.85027100 1.31622800
OS 3.84823100 1.31505000
OS 3.84802300 1.31491100
OS 3.84790800 1.31486300
OS 3.84631100 1.31394100
OS 3.84196800 1.30960000
OS 3.84181000 1.30932700
OS 3.84176300 1.30921400
OS 3.84162200 1.30900200
OS 3.84104000 1.30799500
OS 3.84099300 1.30788100
OS 3.84085300 1.30767100
OS 3.83967700 1.30563400
OS 3.83965000 1.30557000
OS 3.83963300 1.30554500
OS 3.83962900 1.30553500
OS 3.83941400 1.30521300
OS 3.83913900 1.30493800
OS 3.83881700 1.30472300
OS 3.83845900 1.30457500
OS 3.83807800 1.30449900
OS 3.83769100 1.30449900
OS 3.83731000 1.30457500
OS 3.83695200 1.30472300
OS 3.83663000 1.30493800
OS 3.80688200 1.33468300
OS 3.80686600 1.33466500
OS 3.80518200 1.33247000
OS 3.80506900 1.33230100
OS 3.80092500 1.32512600
OS 3.80087900 1.32501400
OS 3.80074100 1.32480600
OS 3.79740000 1.31674300
OS 3.79564100 1.31018800
OS 3.79559200 1.30994200
OS 3.79554400 1.30982600
OS 3.79514000 1.30832100
OS 3.79443100 1.30293700
OS 3.79443100 1.30281500
OS 3.79438400 1.30257700
OS 3.79399600 1.29963400
OS 3.79399600 1.29091200
OS 3.79437400 1.28804400
OS 3.79442200 1.28780200
OS 3.79442200 1.28767400
OS 3.79513300 1.28227500
OS 3.79514000 1.28223900
OS 3.79553000 1.28078400
OS 3.79557500 1.28067500
OS 3.79562100 1.28044200
OS 3.79739700 1.27381400
OS 3.80073000 1.26576600
OS 3.80083900 1.26560300
OS 3.80088600 1.26549000
OS 3.80508200 1.25821800
OS 3.80513500 1.25813800
OS 3.80688000 1.25586500
OS 3.83663000 1.28561100
OS 3.83695200 1.28582600
OS 3.83731000 1.28597400
OS 3.83769100 1.28605000
OS 3.83807800 1.28605000
OS 3.83845900 1.28597400
OS 3.83881700 1.28582600
OS 3.83913900 1.28561100
OS 3.83941400 1.28533600
OS 3.83962900 1.28501400
OS 3.83963400 1.28500200
OS 3.83965000 1.28497800
OS 3.83967600 1.28491500
OS 3.84085600 1.28287300
OS 3.84099300 1.28266700
OS 3.84104000 1.28255300
OS 3.84158100 1.28161500
OS 3.84172300 1.28140300
OS 3.84177200 1.28128600
OS 3.84196200 1.28095600
OS 3.84630400 1.27661200
OS 3.84789900 1.27569000
OS 3.84802400 1.27563800
OS 3.84825100 1.27548600
OS 3.85027300 1.27431900
OS 3.85033300 1.27429400
OS 3.85035700 1.27427800
OS 3.85036900 1.27427300
OS 3.85069100 1.27405800
OS 3.85096600 1.27378300
OS 3.85118100 1.27346100
OS 3.85132900 1.27310300
OS 3.85140500 1.27272200
OS 3.85140500 1.27233500
OS 3.85132900 1.27195400
OS 3.85118100 1.27159600
OS 3.85096600 1.27127400
OS 3.82124400 1.24155100
OS 3.82122200 1.24152600
OS 3.82350800 1.23976900
OS 3.82354800 1.23974300
OS 3.83054700 1.23570200
OS 3.83066400 1.23565300
OS 3.83087600 1.23551200
OS 3.83109000 1.23538800
OS 3.83916300 1.23204400
OS 3.84758000 1.22978600
OS 3.85627100 1.22864100
OE
OB 3.11219600 1.22864100 H
OS 3.12089600 1.22864100
OS 3.12954100 1.22977900
OS 3.12956700 1.22978400
OS 3.13799700 1.23204200
OS 3.14605900 1.23538100
OS 3.14630500 1.23552300
OS 3.14650000 1.23565300
OS 3.14660800 1.23569800
OS 3.15363300 1.23975100
OS 3.15593800 1.24151900
OS 3.15594300 1.24152500
OS 3.12619900 1.27127300
OS 3.12598400 1.27159500
OS 3.12583600 1.27195300
OS 3.12576000 1.27233400
OS 3.12576000 1.27272100
OS 3.12583600 1.27310200
OS 3.12598400 1.27346000
OS 3.12619900 1.27378200
OS 3.12647400 1.27405700
OS 3.12679600 1.27427200
OS 3.12683100 1.27429300
OS 3.12689300 1.27431900
OS 3.12892800 1.27549400
OS 3.12914200 1.27563700
OS 3.12926000 1.27568600
OS 3.13085100 1.27660500
OS 3.13519700 1.28094800
OS 3.13539200 1.28128300
OS 3.13544200 1.28140300
OS 3.13558400 1.28161500
OS 3.13612200 1.28254700
OS 3.13617200 1.28266800
OS 3.13631700 1.28288500
OS 3.13748900 1.28491600
OS 3.13751500 1.28497800
OS 3.13775200 1.28533500
OS 3.13802700 1.28561000
OS 3.13834900 1.28582500
OS 3.13870700 1.28597300
OS 3.13908800 1.28604900
OS 3.13947500 1.28604900
OS 3.13985600 1.28597300
OS 3.14021400 1.28582500
OS 3.14053600 1.28561000
OS 3.17028300 1.25586600
OS 3.17031000 1.25589800
OS 3.17203200 1.25814000
OS 3.17207600 1.25820600
OS 3.17627900 1.26549000
OS 3.17632600 1.26560300
OS 3.17643400 1.26576400
OS 3.17976400 1.27380100
OS 3.18154300 1.28043200
OS 3.18159100 1.28067500
OS 3.18163900 1.28079200
OS 3.18202500 1.28222900
OS 3.18203000 1.28225400
OS 3.18274400 1.28768000
OS 3.18274400 1.28780200
OS 3.18279200 1.28804400
OS 3.18316900 1.29091000
OS 3.18316900 1.29963100
OS 3.18278300 1.30257000
OS 3.18273400 1.30281500
OS 3.18273400 1.30293900
OS 3.18203500 1.30825400
OS 3.18202500 1.30830900
OS 3.18161600 1.30983600
OS 3.18157200 1.30994200
OS 3.18152800 1.31016400
OS 3.17976800 1.31673400
OS 3.17642700 1.32480300
OS 3.17628700 1.32501400
OS 3.17624000 1.32512600
OS 3.17212400 1.33225900
OS 3.17197600 1.33248100
OS 3.17028500 1.33468300
OS 3.14053500 1.30493600
OS 3.14021300 1.30472100
OS 3.13985500 1.30457300
OS 3.13947400 1.30449700
OS 3.13908700 1.30449700
OS 3.13870600 1.30457300
OS 3.13834800 1.30472100
OS 3.13802600 1.30493600
OS 3.13775100 1.30521100
OS 3.13753600 1.30553300
OS 3.13753100 1.30554500
OS 3.13751500 1.30556900
OS 3.13748900 1.30563200
OS 3.13630700 1.30767700
OS 3.13617200 1.30788000
OS 3.13612600 1.30799100
OS 3.13553200 1.30901900
OS 3.13540200 1.30921400
OS 3.13535800 1.30932100
OS 3.13519700 1.30959900
OS 3.13086200 1.31393500
OS 3.13083900 1.31395000
OS 3.12925800 1.31486300
OS 3.12914200 1.31491100
OS 3.12893100 1.31505200
OS 3.12689400 1.31622800
OS 3.12683200 1.31625400
OS 3.12680400 1.31627300
OS 3.12679600 1.31627600
OS 3.12647400 1.31649100
OS 3.12619900 1.31676600
OS 3.12598400 1.31708800
OS 3.12583600 1.31744600
OS 3.12576000 1.31782700
OS 3.12576000 1.31821400
OS 3.12583600 1.31859500
OS 3.12598400 1.31895300
OS 3.12619900 1.31927500
OS 3.15594400 1.34902200
OS 3.15363900 1.35079200
OS 3.14649900 1.35491600
OS 3.14638300 1.35496400
OS 3.14617300 1.35510400
OS 3.14607800 1.35515900
OS 3.13800700 1.35850300
OS 3.12957500 1.36076500
OS 3.12089500 1.36190800
OS 3.11217600 1.36190800
OS 3.10354700 1.36077300
OS 3.10350400 1.36076500
OS 3.09507400 1.35850600
OS 3.08701000 1.35516700
OS 3.08689300 1.35510000
OS 3.08669000 1.35496400
OS 3.08657700 1.35491700
OS 3.07943400 1.35079500
OS 3.07712700 1.34902500
OS 3.10687200 1.31927400
OS 3.10708700 1.31895200
OS 3.10723500 1.31859400
OS 3.10731100 1.31821300
OS 3.10731100 1.31782600
OS 3.10723500 1.31744500
OS 3.10708700 1.31708700
OS 3.10687200 1.31676500
OS 3.10659700 1.31649000
OS 3.10627500 1.31627500
OS 3.10626300 1.31627000
OS 3.10623900 1.31625400
OS 3.10617800 1.31622900
OS 3.10414300 1.31505300
OS 3.10392900 1.31491100
OS 3.10381100 1.31486200
OS 3.10221800 1.31394200
OS 3.09787300 1.30959900
OS 3.09771600 1.30932800
OS 3.09766900 1.30921400
OS 3.09753000 1.30900600
OS 3.09694800 1.30799800
OS 3.09689900 1.30788000
OS 3.09675300 1.30766100
OS 3.09558200 1.30563200
OS 3.09555600 1.30557000
OS 3.09531900 1.30521300
OS 3.09504400 1.30493800
OS 3.09472200 1.30472300
OS 3.09436400 1.30457500
OS 3.09398300 1.30449900
OS 3.09359600 1.30449900
OS 3.09321500 1.30457500
OS 3.09285700 1.30472300
OS 3.09253500 1.30493800
OS 3.06278700 1.33468300
OS 3.06109200 1.33247600
OS 3.06094700 1.33225900
OS 3.05683000 1.32512600
OS 3.05678400 1.32501400
OS 3.05664800 1.32480900
OS 3.05330500 1.31674200
OS 3.05154800 1.31019000
OS 3.05149800 1.30994200
OS 3.05144800 1.30982100
OS 3.05104600 1.30832100
OS 3.05033700 1.30293500
OS 3.05033700 1.30281500
OS 3.05029000 1.30258100
OS 3.04990200 1.29963100
OS 3.04990200 1.29091600
OS 3.05028000 1.28804100
OS 3.05032800 1.28780200
OS 3.05032800 1.28767600
OS 3.05104000 1.28227000
OS 3.05104500 1.28224300
OS 3.05143600 1.28078400
OS 3.05148100 1.28067500
OS 3.05152800 1.28044100
OS 3.05330300 1.27381200
OS 3.05663500 1.26576800
OS 3.05674500 1.26560300
OS 3.05679200 1.26548900
OS 3.06099800 1.25820200
OS 3.06103900 1.25814100
OS 3.06278500 1.25586600
OS 3.09253600 1.28561200
OS 3.09285800 1.28582700
OS 3.09321600 1.28597500
OS 3.09359700 1.28605100
OS 3.09398400 1.28605100
OS 3.09436500 1.28597500
OS 3.09472300 1.28582700
OS 3.09504500 1.28561200
OS 3.09532000 1.28533700
OS 3.09553500 1.28501500
OS 3.09554000 1.28500300
OS 3.09555600 1.28497900
OS 3.09558200 1.28491700
OS 3.09675900 1.28287800
OS 3.09689900 1.28266800
OS 3.09694700 1.28255200
OS 3.09749200 1.28160900
OS 3.09762900 1.28140300
OS 3.09767600 1.28129000
OS 3.09787100 1.28095200
OS 3.10221000 1.27661200
OS 3.10382200 1.27568100
OS 3.10392800 1.27563700
OS 3.10412300 1.27550700
OS 3.10617700 1.27432100
OS 3.10623900 1.27429500
OS 3.10626800 1.27427500
OS 3.10627400 1.27427300
OS 3.10659600 1.27405800
OS 3.10687100 1.27378300
OS 3.10708600 1.27346100
OS 3.10723400 1.27310300
OS 3.10731000 1.27272200
OS 3.10731000 1.27233500
OS 3.10723400 1.27195400
OS 3.10708600 1.27159600
OS 3.10687100 1.27127400
OS 3.07712700 1.24152700
OS 3.07716700 1.24149400
OS 3.07942200 1.23976300
OS 3.07944600 1.23974700
OS 3.08645600 1.23569900
OS 3.08656800 1.23565300
OS 3.08677000 1.23551800
OS 3.08699900 1.23538600
OS 3.09506000 1.23204600
OS 3.10350500 1.22978300
OS 3.11216100 1.22864300
OS 3.11219600 1.22864100
OE
OB 7.42054600 1.18531500 H
OS 7.42669100 1.18531400
OS 7.43272700 1.18651500
OS 7.43840000 1.18886300
OS 7.44352200 1.19228400
OS 7.44786800 1.19662900
OS 7.45128500 1.20174000
OS 7.45363700 1.20741900
OS 7.45364300 1.20744100
OS 7.45484100 1.21345500
OS 7.45484200 1.21960400
OS 7.45365100 1.22559700
OS 7.45364100 1.22563900
OS 7.45129400 1.23131000
OS 7.44787200 1.23643400
OS 7.44352300 1.24078400
OS 7.43841700 1.24419600
OS 7.43838200 1.24421300
OS 7.43273300 1.24655000
OS 7.42669800 1.24775300
OS 7.42055300 1.24775400
OS 7.41452000 1.24655400
OS 7.40884500 1.24420600
OS 7.40881500 1.24418800
OS 7.40372200 1.24078400
OS 7.39937100 1.23643400
OS 7.39595400 1.23131900
OS 7.39361700 1.22567500
OS 7.39360500 1.22564200
OS 7.39240200 1.21960700
OS 7.39240200 1.21346300
OS 7.39360200 1.20743200
OS 7.39595000 1.20175800
OS 7.39596700 1.20173000
OS 7.39937400 1.19663200
OS 7.40372200 1.19228400
OS 7.40882900 1.18887000
OS 7.40887300 1.18885000
OS 7.41451000 1.18651800
OS 7.42054600 1.18531500
OE
OB 4.34813200 1.01998000 H
OS 4.35737400 1.01997900
OS 4.36652000 1.02142900
OS 4.37003000 1.02256900
OS 4.37023700 1.02265500
OS 4.37038500 1.02268500
OS 4.37530600 1.02428300
OS 4.38354500 1.02847900
OS 4.38531200 1.02976400
OS 4.38536400 1.02981600
OS 4.38560200 1.02997500
OS 4.38651400 1.03063800
OS 4.35953000 1.05762700
OS 4.35931500 1.05794900
OS 4.35916700 1.05830700
OS 4.35909100 1.05868800
OS 4.35909100 1.05907500
OS 4.35916700 1.05945600
OS 4.35931500 1.05981400
OS 4.35953000 1.06013600
OS 4.35980500 1.06041100
OS 4.36012700 1.06062600
OS 4.36022800 1.06066800
OS 4.36027300 1.06069100
OS 4.36226600 1.06184100
OS 4.36248000 1.06198400
OS 4.36259800 1.06203300
OS 4.36465600 1.06322100
OS 4.36826600 1.06682900
OS 4.36893800 1.06799100
OS 4.36898500 1.06810300
OS 4.36912100 1.06830600
OS 4.36946400 1.06890100
OS 4.36951100 1.06901400
OS 4.36964800 1.06921900
OS 4.37081600 1.07124200
OS 4.37086800 1.07136700
OS 4.37108300 1.07168900
OS 4.37135800 1.07196400
OS 4.37168000 1.07217900
OS 4.37203800 1.07232700
OS 4.37241900 1.07240300
OS 4.37280600 1.07240300
OS 4.37318700 1.07232700
OS 4.37354500 1.07217900
OS 4.37386700 1.07196400
OS 4.40085000 1.04498500
OS 4.40089800 1.04505800
OS 4.40094200 1.04510200
OS 4.40300600 1.04793500
OS 4.40512700 1.05209600
OS 4.40521300 1.05230300
OS 4.40529600 1.05242800
OS 4.40720600 1.05617400
OS 4.40823400 1.05933700
OS 4.40826100 1.05947500
OS 4.40834200 1.05967000
OS 4.41006300 1.06496600
OS 4.41031200 1.06653500
OS 4.41031200 1.06660200
OS 4.41036600 1.06687400
OS 4.41151500 1.07411400
OS 4.41151500 1.08335100
OS 4.41058500 1.08922800
OS 4.41052800 1.08951500
OS 4.41052800 1.08958700
OS 4.41006900 1.09248700
OS 4.40878300 1.09645000
OS 4.40870300 1.09664200
OS 4.40867600 1.09677900
OS 4.40720900 1.10129800
OS 4.40599300 1.10368500
OS 4.40590700 1.10381400
OS 4.40581800 1.10402900
OS 4.40301700 1.10952700
OS 4.40194100 1.11100700
OS 4.40188900 1.11105900
OS 4.40173100 1.11129600
OS 4.40085700 1.11249800
OS 4.37386800 1.08551300
OS 4.37354600 1.08529800
OS 4.37318800 1.08515000
OS 4.37280700 1.08507400
OS 4.37242000 1.08507400
OS 4.37203900 1.08515000
OS 4.37168100 1.08529800
OS 4.37135900 1.08551300
OS 4.37108400 1.08578800
OS 4.37086900 1.08611000
OS 4.37082900 1.08620700
OS 4.37081000 1.08624500
OS 4.36965900 1.08823900
OS 4.36951000 1.08846200
OS 4.36945900 1.08858500
OS 4.36827300 1.09063900
OS 4.36468100 1.09423400
OS 4.36460800 1.09426400
OS 4.36441100 1.09439500
OS 4.36258900 1.09544800
OS 4.36248100 1.09549300
OS 4.36228400 1.09562400
OS 4.36023900 1.09680600
OS 4.36012900 1.09685200
OS 4.35980700 1.09706700
OS 4.35953200 1.09734200
OS 4.35931700 1.09766400
OS 4.35916900 1.09802200
OS 4.35909300 1.09840300
OS 4.35909300 1.09879000
OS 4.35916900 1.09917100
OS 4.35931700 1.09952900
OS 4.35953200 1.09985100
OS 4.38651400 1.12683800
OS 4.38356000 1.12898900
OS 4.37533400 1.13318300
OS 4.37531000 1.13319300
OS 4.37456900 1.13343400
OS 4.37442600 1.13346200
OS 4.37422400 1.13354600
OS 4.36652500 1.13604700
OS 4.35737600 1.13749800
OS 4.34813600 1.13749800
OS 4.33900900 1.13605200
OS 4.33898800 1.13604700
OS 4.33128700 1.13354600
OS 4.33108500 1.13346200
OS 4.33093900 1.13343300
OS 4.33020900 1.13319600
OS 4.32196400 1.12899700
OS 4.31899800 1.12683800
OS 4.34598100 1.09985100
OS 4.34619600 1.09952900
OS 4.34634400 1.09917100
OS 4.34642000 1.09879000
OS 4.34642000 1.09840300
OS 4.34634400 1.09802200
OS 4.34619600 1.09766400
OS 4.34598100 1.09734200
OS 4.34570600 1.09706700
OS 4.34538400 1.09685200
OS 4.34528700 1.09681200
OS 4.34523800 1.09678600
OS 4.34323900 1.09563200
OS 4.34303200 1.09549400
OS 4.34291700 1.09544600
OS 4.34111400 1.09440600
OS 4.34090200 1.09426400
OS 4.34083500 1.09423600
OS 4.33725200 1.09065600
OS 4.33722700 1.09062000
OS 4.33605200 1.08858400
OS 4.33600200 1.08846300
OS 4.33585100 1.08823600
OS 4.33469900 1.08624000
OS 4.33464400 1.08611000
OS 4.33442900 1.08578800
OS 4.33415400 1.08551300
OS 4.33383200 1.08529800
OS 4.33347400 1.08515000
OS 4.33309300 1.08507400
OS 4.33270600 1.08507400
OS 4.33232500 1.08515000
OS 4.33196700 1.08529800
OS 4.33164500 1.08551300
OS 4.30465700 1.11249600
OS 4.30377700 1.11128800
OS 4.30362400 1.11105900
OS 4.30357200 1.11100700
OS 4.30250600 1.10954400
OS 4.29968900 1.10401700
OS 4.29960500 1.10381400
OS 4.29952400 1.10369200
OS 4.29830300 1.10129700
OS 4.29683900 1.09679000
OS 4.29680900 1.09664200
OS 4.29672300 1.09643400
OS 4.29544600 1.09250500
OS 4.29498400 1.08959100
OS 4.29498400 1.08951500
OS 4.29492500 1.08921800
OS 4.29399600 1.08336000
OS 4.29399600 1.07411900
OS 4.29513800 1.06691500
OS 4.29520000 1.06660200
OS 4.29520000 1.06652100
OS 4.29544300 1.06498800
OS 4.29716700 1.05967900
OS 4.29725100 1.05947500
OS 4.29728000 1.05932800
OS 4.29829900 1.05619000
OS 4.30021500 1.05242700
OS 4.30029800 1.05230300
OS 4.30038400 1.05209500
OS 4.30249500 1.04795000
OS 4.30456500 1.04510500
OS 4.30461200 1.04505800
OS 4.30466100 1.04498500
OS 4.33164400 1.07196400
OS 4.33196600 1.07217900
OS 4.33232400 1.07232700
OS 4.33270500 1.07240300
OS 4.33309200 1.07240300
OS 4.33347300 1.07232700
OS 4.33383100 1.07217900
OS 4.33415300 1.07196400
OS 4.33442800 1.07168900
OS 4.33464300 1.07136700
OS 4.33468300 1.07127000
OS 4.33471400 1.07121100
OS 4.33586400 1.06921900
OS 4.33600100 1.06901400
OS 4.33604900 1.06889700
OS 4.33638200 1.06832000
OS 4.33652700 1.06810300
OS 4.33657700 1.06798300
OS 4.33723800 1.06683800
OS 4.34084700 1.06322700
OS 4.34291900 1.06203100
OS 4.34303100 1.06198400
OS 4.34323500 1.06184800
OS 4.34525900 1.06067900
OS 4.34538400 1.06062700
OS 4.34570600 1.06041200
OS 4.34598100 1.06013700
OS 4.34619600 1.05981500
OS 4.34634400 1.05945700
OS 4.34642000 1.05907600
OS 4.34642000 1.05868900
OS 4.34634400 1.05830800
OS 4.34619600 1.05795000
OS 4.34598100 1.05762800
OS 4.31899900 1.03064000
OS 4.31903600 1.03061000
OS 4.31987700 1.02999800
OS 4.32015000 1.02981600
OS 4.32021000 1.02975600
OS 4.32195000 1.02849000
OS 4.33019300 1.02428800
OS 4.33513000 1.02268400
OS 4.33527400 1.02265500
OS 4.33547600 1.02257100
OS 4.33899100 1.02142900
OS 4.34813200 1.01998000
OE
OB 7.20398900 0.07739500 H
OS 7.20698200 0.07739500
OS 7.20994700 0.07768700
OS 7.21287700 0.07826800
OS 7.21295700 0.07828800
OS 7.21574000 0.07913200
OS 7.21578000 0.07914600
OS 7.21854300 0.08029100
OS 7.22118500 0.08170200
OS 7.22368000 0.08336900
OS 7.22599600 0.08526800
OS 7.22812000 0.08739200
OS 7.22943900 0.08899900
OS 7.22954500 0.08915800
OS 7.22968200 0.08929500
OS 7.23002500 0.08971300
OS 7.23168400 0.09219700
OS 7.23310300 0.09485300
OS 7.23424800 0.09761600
OS 7.23511800 0.10048400
OS 7.23569800 0.10340100
OS 7.23599700 0.10641100
OS 7.23599700 0.10940200
OS 7.23596500 0.10972900
OS 7.23592800 0.10991500
OS 7.23592800 0.11010300
OS 7.23570300 0.11238900
OS 7.23512800 0.11528100
OS 7.23510800 0.11536300
OS 7.23465200 0.11686500
OS 7.23457900 0.11704200
OS 7.23454200 0.11722900
OS 7.23424900 0.11819500
OS 7.23310700 0.12095200
OS 7.23168700 0.12361300
OS 7.23002400 0.12610200
OS 7.22812400 0.12841700
OS 7.22600300 0.13053900
OS 7.22587800 0.13064200
OS 7.22571700 0.13074900
OS 7.22557300 0.13089300
OS 7.22476300 0.13155600
OS 7.22468500 0.13160900
OS 7.22439700 0.13189500
OS 7.22418200 0.13221700
OS 7.22403400 0.13257500
OS 7.22395800 0.13295600
OS 7.22395800 0.13334300
OS 7.22397300 0.13342400
OS 7.22403600 0.13429500
OS 7.22403600 0.13441700
OS 7.22411200 0.13479800
OS 7.22426000 0.13515600
OS 7.22447500 0.13547800
OS 7.22451600 0.13552000
OS 7.22499400 0.13615900
OS 7.22515900 0.13640600
OS 7.22519700 0.13644400
OS 7.22527300 0.13655800
OS 7.22533300 0.13661800
OS 7.22546100 0.13681000
OS 7.22554200 0.13689100
OS 7.22556000 0.13691500
OS 7.22564300 0.13704000
OS 7.22591800 0.13731500
OS 7.22624700 0.13753500
OS 7.22627900 0.13754800
OS 7.22641600 0.13763300
OS 7.22667400 0.13780500
OS 7.22688500 0.13789200
OS 7.23351300 0.14126800
OS 7.23860400 0.14496600
OS 7.23865400 0.14501600
OS 7.23888500 0.14517000
OS 7.24034000 0.14622700
OS 7.24628000 0.15216600
OS 7.24640800 0.15235800
OS 7.24645800 0.15240800
OS 7.25096800 0.15861500
OS 7.25113500 0.15886500
OS 7.25118100 0.15891100
OS 7.25124100 0.15900100
OS 7.25151600 0.15927600
OS 7.25160600 0.15933600
OS 7.25169300 0.15942300
OS 7.25189900 0.15956000
OS 7.25249900 0.16002300
OS 7.25259200 0.16011600
OS 7.25279500 0.16025100
OS 7.25306000 0.16045600
OS 7.25310800 0.16050400
OS 7.25343900 0.16072600
OS 7.25379700 0.16087400
OS 7.25417800 0.16095000
OS 7.25428800 0.16095000
OS 7.25457800 0.16097500
OS 7.25474800 0.16100800
OS 7.25496600 0.16100800
OS 7.25515300 0.16102400
OS 7.25531900 0.16105700
OS 7.25553300 0.16105700
OS 7.25585700 0.16108500
OS 7.25594000 0.16110100
OS 7.25632700 0.16110100
OS 7.25670800 0.16102500
OS 7.25706600 0.16087700
OS 7.25715000 0.16082200
OS 7.25742400 0.16067800
OS 7.25760700 0.16060200
OS 7.25775000 0.16050700
OS 7.25828300 0.16022700
OS 7.25846000 0.16015300
OS 7.25859900 0.16006000
OS 7.25868700 0.16001400
OS 7.25878000 0.15997500
OS 7.25910800 0.15975700
OS 7.25938300 0.15948200
OS 7.25942200 0.15942400
OS 7.25951900 0.15931200
OS 7.25967300 0.15915800
OS 7.25982800 0.15892600
OS 7.26456400 0.15241000
OS 7.26461600 0.15235800
OS 7.26474200 0.15216900
OS 7.27068100 0.14622800
OS 7.27211200 0.14518800
OS 7.27237000 0.14501600
OS 7.27242600 0.14496000
OS 7.27748600 0.14128300
OS 7.28463500 0.13764000
OS 7.28484500 0.13755300
OS 7.28497300 0.13746700
OS 7.29298800 0.13486200
OS 7.30131100 0.13354200
OS 7.30970900 0.13354200
OS 7.31802100 0.13485800
OS 7.32604000 0.13746200
OS 7.32617900 0.13755300
OS 7.32638700 0.13763900
OS 7.33352800 0.14127700
OS 7.33860500 0.14496600
OS 7.33865500 0.14501600
OS 7.33888400 0.14516900
OS 7.34033900 0.14622600
OS 7.34402900 0.14991400
OS 7.34435100 0.15012900
OS 7.34443600 0.15016500
OS 7.34461700 0.15028500
OS 7.34478100 0.15035200
OS 7.34543100 0.15070700
OS 7.34560900 0.15082600
OS 7.34577200 0.15089300
OS 7.34602300 0.15103000
OS 7.34611500 0.15109200
OS 7.34647900 0.15124300
OS 7.34686300 0.15132000
OS 7.34725900 0.15132000
OS 7.34733000 0.15130600
OS 7.34765700 0.15128200
OS 7.34789700 0.15128200
OS 7.34803200 0.15125500
OS 7.34823500 0.15124000
OS 7.34847000 0.15124000
OS 7.34860600 0.15121300
OS 7.34888400 0.15119300
OS 7.34900800 0.15119300
OS 7.34938900 0.15111700
OS 7.34974700 0.15096900
OS 7.35007900 0.15074700
OS 7.35011500 0.15071100
OS 7.35038200 0.15051100
OS 7.35062600 0.15034800
OS 7.35070100 0.15027300
OS 7.35108200 0.14998800
OS 7.35131500 0.14983300
OS 7.35138900 0.14975900
OS 7.35147100 0.14969800
OS 7.35159000 0.14961800
OS 7.35186500 0.14934300
OS 7.35208000 0.14902100
OS 7.35212000 0.14892700
OS 7.35218500 0.14880700
OS 7.35231000 0.14862000
OS 7.35236400 0.14848900
OS 7.35246200 0.14834300
OS 7.35250300 0.14824300
OS 7.35251700 0.14822300
OS 7.35266500 0.14786500
OS 7.35267100 0.14784000
OS 7.35276400 0.14761500
OS 7.35277800 0.14754700
OS 7.35426300 0.14356700
OS 7.35760400 0.13910200
OS 7.36004800 0.13727200
OS 7.36028100 0.13711600
OS 7.36035700 0.13704000
OS 7.36206300 0.13576300
OS 7.36729800 0.13381100
OS 7.36957800 0.13356300
OS 7.39537200 0.13356300
OS 7.39537500 0.17277600
OS 7.39545100 0.17315700
OS 7.39559900 0.17351500
OS 7.39581400 0.17383700
OS 7.39608900 0.17411200
OS 7.39641100 0.17432700
OS 7.39676900 0.17447500
OS 7.39715000 0.17455100
OS 7.39753700 0.17455100
OS 7.39791800 0.17447500
OS 7.39793200 0.17446900
OS 7.39795800 0.17446400
OS 7.39801100 0.17444200
OS 7.40028500 0.17383200
OS 7.40054100 0.17378100
OS 7.40066200 0.17373100
OS 7.40290300 0.17313000
OS 7.40811100 0.17312900
OS 7.41037400 0.17373500
OS 7.41048200 0.17378000
OS 7.41070800 0.17382500
OS 7.41301200 0.17444200
OS 7.41306500 0.17446400
OS 7.41309100 0.17446900
OS 7.41310500 0.17447500
OS 7.41348600 0.17455100
OS 7.41387300 0.17455100
OS 7.41425400 0.17447500
OS 7.41461200 0.17432700
OS 7.41493400 0.17411200
OS 7.41520900 0.17383700
OS 7.41542400 0.17351500
OS 7.41557200 0.17315700
OS 7.41564800 0.17277600
OS 7.41565100 0.13356300
OS 7.44142100 0.13356200
OS 7.44372100 0.13380900
OS 7.44894900 0.13575800
OS 7.45067200 0.13704600
OS 7.45074200 0.13711600
OS 7.45096000 0.13726200
OS 7.45341400 0.13909600
OS 7.45675500 0.14355800
OS 7.45870600 0.14878800
OS 7.45884200 0.15002900
OS 7.45884200 0.15020200
OS 7.45888400 0.15041400
OS 7.45895700 0.15110700
OS 7.45895500 0.18277300
OS 7.45891300 0.18277500
OS 7.42564800 0.18277500
OS 7.42526700 0.18285100
OS 7.42490900 0.18299900
OS 7.42458700 0.18321400
OS 7.42431200 0.18348900
OS 7.42409700 0.18381100
OS 7.42394900 0.18416900
OS 7.42387300 0.18455000
OS 7.42387300 0.18493700
OS 7.42394900 0.18531800
OS 7.42395500 0.18533300
OS 7.42396000 0.18535800
OS 7.42398100 0.18540900
OS 7.42459400 0.18769600
OS 7.42464300 0.18794100
OS 7.42469200 0.18805900
OS 7.42527100 0.19021600
OS 7.42529300 0.19032900
OS 7.42529500 0.19551200
OS 7.42518200 0.19593300
OS 7.42513700 0.19604200
OS 7.42509100 0.19627300
OS 7.42469100 0.19777000
OS 7.42464400 0.19788200
OS 7.42459700 0.19811800
OS 7.42398400 0.20041100
OS 7.42396100 0.20046500
OS 7.42395600 0.20049100
OS 7.42395000 0.20050500
OS 7.42387400 0.20088600
OS 7.42387400 0.20127300
OS 7.42395000 0.20165400
OS 7.42409800 0.20201200
OS 7.42431300 0.20233400
OS 7.42458800 0.20260900
OS 7.42491000 0.20282400
OS 7.42526800 0.20297200
OS 7.42564900 0.20304800
OS 7.45895100 0.20305100
OS 7.45895500 0.20305400
OS 7.45895700 0.20309300
OS 7.45895600 0.23472800
OS 7.45880600 0.23612200
OS 7.45876800 0.23631500
OS 7.45876800 0.23647800
OS 7.45870900 0.23702700
OS 7.45676500 0.24224500
OS 7.45673900 0.24228300
OS 7.45342300 0.24671800
OS 7.45004600 0.24924900
OS 7.44981800 0.24940100
OS 7.44974400 0.24947500
OS 7.44896800 0.25005700
OS 7.44372700 0.25201300
OS 7.44140900 0.25226300
OS 7.41565200 0.25226100
OS 7.41565000 0.25222800
OS 7.41564900 0.21304800
OS 7.41557300 0.21266700
OS 7.41542500 0.21230900
OS 7.41521000 0.21198700
OS 7.41493500 0.21171200
OS 7.41461300 0.21149700
OS 7.41425500 0.21134900
OS 7.41387400 0.21127300
OS 7.41348700 0.21127300
OS 7.41310600 0.21134900
OS 7.41309600 0.21135300
OS 7.41306600 0.21135900
OS 7.41300700 0.21138400
OS 7.41073300 0.21199400
OS 7.41048300 0.21204300
OS 7.41036300 0.21209300
OS 7.40812900 0.21269200
OS 7.40811400 0.21269400
OS 7.40291300 0.21269500
OS 7.40065200 0.21209000
OS 7.40054200 0.21204400
OS 7.40030900 0.21199800
OS 7.39801800 0.21138500
OS 7.39795900 0.21136000
OS 7.39792900 0.21135400
OS 7.39791900 0.21135000
OS 7.39753800 0.21127400
OS 7.39715100 0.21127400
OS 7.39677000 0.21135000
OS 7.39641200 0.21149800
OS 7.39609000 0.21171300
OS 7.39581500 0.21198800
OS 7.39560000 0.21231000
OS 7.39545200 0.21266800
OS 7.39537600 0.21304900
OS 7.39537300 0.25226100
OS 7.36960100 0.25226200
OS 7.36729900 0.25201400
OS 7.36209000 0.25007300
OS 7.36206700 0.25006200
OS 7.36128100 0.24947400
OS 7.36120800 0.24940100
OS 7.36098000 0.24924900
OS 7.35760800 0.24672600
OS 7.35428200 0.24228600
OS 7.35426700 0.24226300
OS 7.35287100 0.23852600
OS 7.35285800 0.23846000
OS 7.35273800 0.23817100
OS 7.35271700 0.23811400
OS 7.35271000 0.23807800
OS 7.35256000 0.23771500
OS 7.35234500 0.23739300
OS 7.35230500 0.23735200
OS 7.35228000 0.23731900
OS 7.35211900 0.23707700
OS 7.35204700 0.23700500
OS 7.35174500 0.23659900
OS 7.35146400 0.23618100
OS 7.35144900 0.23616600
OS 7.35120000 0.23579800
OS 7.35092500 0.23552300
OS 7.35060300 0.23530800
OS 7.35024500 0.23516000
OS 7.35020500 0.23515100
OS 7.34981600 0.23500500
OS 7.34952300 0.23488400
OS 7.34948600 0.23487700
OS 7.34896900 0.23466000
OS 7.34896000 0.23465400
OS 7.34859100 0.23450100
OS 7.34821000 0.23442500
OS 7.34782300 0.23442500
OS 7.34742900 0.23450300
OS 7.34741200 0.23451000
OS 7.34696500 0.23460600
OS 7.34661500 0.23467500
OS 7.34657500 0.23467500
OS 7.34630200 0.23472900
OS 7.34601300 0.23477900
OS 7.34598600 0.23477900
OS 7.34559900 0.23485600
OS 7.34523700 0.23500500
OS 7.34491500 0.23522000
OS 7.34489000 0.23524400
OS 7.34468700 0.23538800
OS 7.34441900 0.23556700
OS 7.34439700 0.23558900
OS 7.34425600 0.23568300
OS 7.34034700 0.23959100
OS 7.33912100 0.24048400
OS 7.33888900 0.24063900
OS 7.33883800 0.24069000
OS 7.33878600 0.24072800
OS 7.33866000 0.24081200
OS 7.33838500 0.24108700
OS 7.33816400 0.24141700
OS 7.33814700 0.24145900
OS 7.33805500 0.24161000
OS 7.33789400 0.24185200
OS 7.33786300 0.24192700
OS 7.33782100 0.24199700
OS 7.33775900 0.24205900
OS 7.33774200 0.24208500
OS 7.33772700 0.24210000
OS 7.33759200 0.24230200
OS 7.33745200 0.24248400
OS 7.33740600 0.24253000
OS 7.33718200 0.24286400
OS 7.33703400 0.24322200
OS 7.33701400 0.24332200
OS 7.33697700 0.24341200
OS 7.33690100 0.24379300
OS 7.33690100 0.24391500
OS 7.33683500 0.24425600
OS 7.33683500 0.24427400
OS 7.33679900 0.24447100
OS 7.33673300 0.24480600
OS 7.33673200 0.53062800
OS 7.33553200 0.53666000
OS 7.33318500 0.54233100
OS 7.33315700 0.54237600
OS 7.32976200 0.54745700
OS 7.32543100 0.55179000
OS 7.32540700 0.55181100
OS 7.32030800 0.55522100
OS 7.31462300 0.55757400
OS 7.30858600 0.55877700
OS 7.30244300 0.55877800
OS 7.29640700 0.55757700
OS 7.29073200 0.55522800
OS 7.29069900 0.55520800
OS 7.28562000 0.55181400
OS 7.28126000 0.54745700
OS 7.27784400 0.54234400
OS 7.27549600 0.53666900
OS 7.27429300 0.53063300
OS 7.27429200 0.24491000
OS 7.27421500 0.24452300
OS 7.27418000 0.24443900
OS 7.27413800 0.24422700
OS 7.27407000 0.24406400
OS 7.27395100 0.24365600
OS 7.27390800 0.24344200
OS 7.27384000 0.24327900
OS 7.27380500 0.24315800
OS 7.27376300 0.24294800
OS 7.27369600 0.24278600
OS 7.27364500 0.24261200
OS 7.27362400 0.24250700
OS 7.27347300 0.24214100
OS 7.27325800 0.24181900
OS 7.27312700 0.24168800
OS 7.27305600 0.24161200
OS 7.27302400 0.24156500
OS 7.27278500 0.24132600
OS 7.27266700 0.24120100
OS 7.27263600 0.24115400
OS 7.27242000 0.24093800
OS 7.27240700 0.24091900
OS 7.27213200 0.24064400
OS 7.27211200 0.24063000
OS 7.27207800 0.24059600
OS 7.27181500 0.24042000
OS 7.27068200 0.23959700
OS 7.26473100 0.23364400
OS 7.26006200 0.22721800
OS 7.25988900 0.22695900
OS 7.25984200 0.22691200
OS 7.25978300 0.22682400
OS 7.25950800 0.22654900
OS 7.25941800 0.22648800
OS 7.25933100 0.22640100
OS 7.25913000 0.22626700
OS 7.25852600 0.22580200
OS 7.25843300 0.22570900
OS 7.25822900 0.22557300
OS 7.25796000 0.22536500
OS 7.25790800 0.22531400
OS 7.25758600 0.22509900
OS 7.25722800 0.22495100
OS 7.25684700 0.22487500
OS 7.25673400 0.22487500
OS 7.25644300 0.22485000
OS 7.25627700 0.22481700
OS 7.25622500 0.22481700
OS 7.25618500 0.22480900
OS 7.25597000 0.22480900
OS 7.25586600 0.22480000
OS 7.25570200 0.22476700
OS 7.25549200 0.22476700
OS 7.25517500 0.22474000
OS 7.25509000 0.22472300
OS 7.25469500 0.22472200
OS 7.25431400 0.22479800
OS 7.25395600 0.22494600
OS 7.25386900 0.22500300
OS 7.25359600 0.22514700
OS 7.25341400 0.22522200
OS 7.25338000 0.22524500
OS 7.25333400 0.22526400
OS 7.25318600 0.22536300
OS 7.25274900 0.22559300
OS 7.25256400 0.22567000
OS 7.25241600 0.22576900
OS 7.25234300 0.22580700
OS 7.25224600 0.22584700
OS 7.25191800 0.22606600
OS 7.25164300 0.22634100
OS 7.25160600 0.22639600
OS 7.25152400 0.22649200
OS 7.25135100 0.22666500
OS 7.25119000 0.22690600
OS 7.24629200 0.23364500
OS 7.24033800 0.23960000
OS 7.23796200 0.24132600
OS 7.23770000 0.24150100
OS 7.23764300 0.24155800
OS 7.23354400 0.24453600
OS 7.22605700 0.24835400
OS 7.22601500 0.24837100
OS 7.22521000 0.24863300
OS 7.22506100 0.24866200
OS 7.22484900 0.24875000
OS 7.21803800 0.25096200
OS 7.20971400 0.25228200
OS 7.20130900 0.25228200
OS 7.19300000 0.25096500
OS 7.18617400 0.24875000
OS 7.18596300 0.24866200
OS 7.18581300 0.24863200
OS 7.18499900 0.24836800
OS 7.17749000 0.24454300
OS 7.17337700 0.24155500
OS 7.17332300 0.24150100
OS 7.17307300 0.24133400
OS 7.17068300 0.23959800
OS 7.16473100 0.23364500
OS 7.16005400 0.22720700
OS 7.15988900 0.22695900
OS 7.15984100 0.22691200
OS 7.15978300 0.22682400
OS 7.15950800 0.22654900
OS 7.15942000 0.22649000
OS 7.15933100 0.22640100
OS 7.15912400 0.22626300
OS 7.15852500 0.22580100
OS 7.15843300 0.22570900
OS 7.15823200 0.22557500
OS 7.15796000 0.22536500
OS 7.15790800 0.22531400
OS 7.15758600 0.22509900
OS 7.15722800 0.22495100
OS 7.15684700 0.22487500
OS 7.15673500 0.22487500
OS 7.15644200 0.22485000
OS 7.15627700 0.22481700
OS 7.15622500 0.22481700
OS 7.15618500 0.22480900
OS 7.15597300 0.22480900
OS 7.15586900 0.22480000
OS 7.15570200 0.22476700
OS 7.15548800 0.22476700
OS 7.15517500 0.22474000
OS 7.15509000 0.22472300
OS 7.15469500 0.22472200
OS 7.15431400 0.22479800
OS 7.15395600 0.22494600
OS 7.15386800 0.22500300
OS 7.15359700 0.22514600
OS 7.15341400 0.22522200
OS 7.15337900 0.22524500
OS 7.15333400 0.22526400
OS 7.15318500 0.22536300
OS 7.15274900 0.22559300
OS 7.15256400 0.22567000
OS 7.15241600 0.22576900
OS 7.15234800 0.22580500
OS 7.15224600 0.22584700
OS 7.15191800 0.22606600
OS 7.15164300 0.22634100
OS 7.15160500 0.22639800
OS 7.15151700 0.22649900
OS 7.15135100 0.22666500
OS 7.15118900 0.22690800
OS 7.14629300 0.23364500
OS 7.14033700 0.23960000
OS 7.13794900 0.24133500
OS 7.13770000 0.24150100
OS 7.13764600 0.24155500
OS 7.13352900 0.24454600
OS 7.13228500 0.24518000
OS 7.13208500 0.24526300
OS 7.13197000 0.24534000
OS 7.13186800 0.24538200
OS 7.13154100 0.24560000
OS 7.13146300 0.24567800
OS 7.13143000 0.24570000
OS 7.13121300 0.24591700
OS 7.13061900 0.24647900
OS 7.13057400 0.24650900
OS 7.13034300 0.24674000
OS 7.13008400 0.24698500
OS 7.13006500 0.24699800
OS 7.12978200 0.24727900
OS 7.12956700 0.24760100
OS 7.12941900 0.24795900
OS 7.12939200 0.24809200
OS 7.12933000 0.24832200
OS 7.12927700 0.24845000
OS 7.12922900 0.24869400
OS 7.12906500 0.24929800
OS 7.12901300 0.24942300
OS 7.12896400 0.24966800
OS 7.12893600 0.24973700
OS 7.12886100 0.25012100
OS 7.12885900 0.82939100
OS 7.12893500 0.82977800
OS 7.12896100 0.82984100
OS 7.12901100 0.83009300
OS 7.12901100 0.83047900
OS 7.12908700 0.83086400
OS 7.12917600 0.83108000
OS 7.12918100 0.83110500
OS 7.12922700 0.83121500
OS 7.12923200 0.83124100
OS 7.12925600 0.83129900
OS 7.12926200 0.83133000
OS 7.12941000 0.83168800
OS 7.12943100 0.83172200
OS 7.12957100 0.83205900
OS 7.12957600 0.83206600
OS 7.12960300 0.83213200
OS 7.12974600 0.83234600
OS 7.13041200 0.83350200
OS 7.13162900 0.83803500
OS 7.13167700 0.83827500
OS 7.13172500 0.83839100
OS 7.13187500 0.83894900
OS 7.13188200 0.83898500
OS 7.13191300 0.83908900
OS 7.13197000 0.83930300
OS 7.13199700 0.83943900
OS 7.13201600 0.83948400
OS 7.13206300 0.83972200
OS 7.13218200 0.84001000
OS 7.13258700 0.84139300
OS 7.13262900 0.84160400
OS 7.13269500 0.84176200
OS 7.13271700 0.84187300
OS 7.13286900 0.84223900
OS 7.13632400 0.84740800
OS 7.13866500 0.85305900
OS 7.13867600 0.85309000
OS 7.13988100 0.85912700
OS 7.13988200 0.86526900
OS 7.13868100 0.87130800
OS 7.13633500 0.87697600
OS 7.13301200 0.88195300
OS 7.13300600 0.88195900
OS 7.13290600 0.88210900
OS 7.12856200 0.88645400
OS 7.12345600 0.88986600
OS 7.11777400 0.89221900
OS 7.11173600 0.89342300
OS 7.10559300 0.89342400
OS 7.09955700 0.89222300
OS 7.09387900 0.88987300
OS 7.09385600 0.88986000
OS 7.08877000 0.88646000
OS 7.08441600 0.88210900
OS 7.08431600 0.88195900
OS 7.08430900 0.88195200
OS 7.08099400 0.87699000
OS 7.07864400 0.87131200
OS 7.07744100 0.86526900
OS 7.07744100 0.85913300
OS 7.07864100 0.85310200
OS 7.08099200 0.84742300
OS 7.08145100 0.84673300
OS 7.08159900 0.84637500
OS 7.08161800 0.84628300
OS 7.08170200 0.84608100
OS 7.08173800 0.84590000
OS 7.08206700 0.84485100
OS 7.08215000 0.84465000
OS 7.08218600 0.84446900
OS 7.08223000 0.84433000
OS 7.08227100 0.84423000
OS 7.08234800 0.84384300
OS 7.08234800 0.84345000
OS 7.08234300 0.84342500
OS 7.08234100 0.84316500
OS 7.08226400 0.84277800
OS 7.08223800 0.84271600
OS 7.08220300 0.84258200
OS 7.08216700 0.84240300
OS 7.08216600 0.25015300
OS 7.08208900 0.24976600
OS 7.08205300 0.24968000
OS 7.08201200 0.24947300
OS 7.08194600 0.24931500
OS 7.08172000 0.24854300
OS 7.08168000 0.24834000
OS 7.08161200 0.24817500
OS 7.08154000 0.24792800
OS 7.08151900 0.24782100
OS 7.08136700 0.24745300
OS 7.08115200 0.24713100
OS 7.08087700 0.24685600
OS 7.08083400 0.24682700
OS 7.08059100 0.24660700
OS 7.08038300 0.24639900
OS 7.08030000 0.24634400
OS 7.07984100 0.24592800
OS 7.07963600 0.24572300
OS 7.07956900 0.24567800
OS 7.07950500 0.24561400
OS 7.07918300 0.24539900
OS 7.07909400 0.24536100
OS 7.07898100 0.24528600
OS 7.07877200 0.24519900
OS 7.07749300 0.24454600
OS 7.07337400 0.24155300
OS 7.07332200 0.24150100
OS 7.07308100 0.24134000
OS 7.07068400 0.23959800
OS 7.06473100 0.23364500
OS 7.05985000 0.22692700
OS 7.05984500 0.22691400
OS 7.05975700 0.22678200
OS 7.05661500 0.22061900
OS 7.05596400 0.21933800
OS 7.05357500 0.21198500
OS 7.05354700 0.21184200
OS 7.05346400 0.21164300
OS 7.05336700 0.21134300
OS 7.05232800 0.20479400
OS 7.05232800 0.20471500
OS 7.05226600 0.20440600
OS 7.05204700 0.20302200
OS 7.05204700 0.18280400
OS 7.05215900 0.18210000
OS 7.05221800 0.18180200
OS 7.05221800 0.18172600
OS 7.05335200 0.17457500
OS 7.05337700 0.17444900
OS 7.05580100 0.16698500
OS 7.05588800 0.16677500
OS 7.05591800 0.16662400
OS 7.05596000 0.16649500
OS 7.05940800 0.15972400
OS 7.05948900 0.15960300
OS 7.05957300 0.15940000
OS 7.05978200 0.15899000
OS 7.06456000 0.15241400
OS 7.06461600 0.15235800
OS 7.06474200 0.15216900
OS 7.07068100 0.14622800
OS 7.07211400 0.14518700
OS 7.07237000 0.14501600
OS 7.07242600 0.14496000
OS 7.07748700 0.14128300
OS 7.08463500 0.13764000
OS 7.08484500 0.13755300
OS 7.08497300 0.13746700
OS 7.09298800 0.13486200
OS 7.10130900 0.13354200
OS 7.10971500 0.13354200
OS 7.11802400 0.13485900
OS 7.12602900 0.13745800
OS 7.12606100 0.13747400
OS 7.12617900 0.13755300
OS 7.12637600 0.13763500
OS 7.13352900 0.14127700
OS 7.13860400 0.14496500
OS 7.13865500 0.14501600
OS 7.13889300 0.14517500
OS 7.14033900 0.14622500
OS 7.14628200 0.15216900
OS 7.14640800 0.15235800
OS 7.14645700 0.15240700
OS 7.15095300 0.15859300
OS 7.15113500 0.15886500
OS 7.15118500 0.15891500
OS 7.15124200 0.15900000
OS 7.15152100 0.15927900
OS 7.15160700 0.15933700
OS 7.15169300 0.15942300
OS 7.15190200 0.15956300
OS 7.15249900 0.16002300
OS 7.15259200 0.16011600
OS 7.15279600 0.16025200
OS 7.15305900 0.16045500
OS 7.15310800 0.16050400
OS 7.15343900 0.16072600
OS 7.15379700 0.16087400
OS 7.15417800 0.16095000
OS 7.15428800 0.16095000
OS 7.15457800 0.16097500
OS 7.15474800 0.16100800
OS 7.15496600 0.16100800
OS 7.15515100 0.16102400
OS 7.15531900 0.16105700
OS 7.15553700 0.16105700
OS 7.15585700 0.16108500
OS 7.15594000 0.16110100
OS 7.15632700 0.16110100
OS 7.15670800 0.16102500
OS 7.15706600 0.16087700
OS 7.15715000 0.16082200
OS 7.15742500 0.16067800
OS 7.15760700 0.16060200
OS 7.15775000 0.16050700
OS 7.15828200 0.16022700
OS 7.15846000 0.16015300
OS 7.15859800 0.16006000
OS 7.15869300 0.16001100
OS 7.15878000 0.15997500
OS 7.15910800 0.15975700
OS 7.15938300 0.15948200
OS 7.15942200 0.15942400
OS 7.15951800 0.15931300
OS 7.15967300 0.15915800
OS 7.15982600 0.15892900
OS 7.16456400 0.15241000
OS 7.16461600 0.15235800
OS 7.16474200 0.15216900
OS 7.17068200 0.14622700
OS 7.17211100 0.14518900
OS 7.17237000 0.14501600
OS 7.17242600 0.14496000
OS 7.17748900 0.14128100
OS 7.18381500 0.13805600
OS 7.18403100 0.13796700
OS 7.18415300 0.13788600
OS 7.18424700 0.13784700
OS 7.18457400 0.13762900
OS 7.18464700 0.13755600
OS 7.18468600 0.13753000
OS 7.18492200 0.13729400
OS 7.18507600 0.13714900
OS 7.18512500 0.13711600
OS 7.18524600 0.13699500
OS 7.18527000 0.13697900
OS 7.18550800 0.13674100
OS 7.18601600 0.13626200
OS 7.18603500 0.13624900
OS 7.18631900 0.13596700
OS 7.18653400 0.13564500
OS 7.18668200 0.13528700
OS 7.18671200 0.13514000
OS 7.18702600 0.13386900
OS 7.18704100 0.13383400
OS 7.18712200 0.13343300
OS 7.18712200 0.13304600
OS 7.18704600 0.13266500
OS 7.18689800 0.13230700
OS 7.18668300 0.13198500
OS 7.18640800 0.13171000
OS 7.18639200 0.13169700
OS 7.18630900 0.13164200
OS 7.18540300 0.13089700
OS 7.18527000 0.13076400
OS 7.18511700 0.13066200
OS 7.18497000 0.13054100
OS 7.18285000 0.12842200
OS 7.18094500 0.12610000
OS 7.17929300 0.12362800
OS 7.17786600 0.12095900
OS 7.17672200 0.11819700
OS 7.17642700 0.11722500
OS 7.17639100 0.11704200
OS 7.17631800 0.11686500
OS 7.17585200 0.11533000
OS 7.17527100 0.11240800
OS 7.17504300 0.11010500
OS 7.17504300 0.10991500
OS 7.17500500 0.10972200
OS 7.17497300 0.10940300
OS 7.17497300 0.10640600
OS 7.17526700 0.10342500
OS 7.17584500 0.10052100
OS 7.17586400 0.10044500
OS 7.17672400 0.09761200
OS 7.17786300 0.09486200
OS 7.17928200 0.09220400
OS 7.18095200 0.08970500
OS 7.18129000 0.08929300
OS 7.18142500 0.08915800
OS 7.18153200 0.08899800
OS 7.18284600 0.08739600
OS 7.18497000 0.08527200
OS 7.18729100 0.08336700
OS 7.18977500 0.08170800
OS 7.19242200 0.08029300
OS 7.19519500 0.07914400
OS 7.19805600 0.07827600
OS 7.20098400 0.07769300
OS 7.20398900 0.07739500
OE
OB 5.43238900 0.07739500 H
OS 5.43537000 0.07739500
OS 5.43833900 0.07768600
OS 5.43838300 0.07769200
OS 5.44126500 0.07826500
OS 5.44134700 0.07828600
OS 5.44412900 0.07912900
OS 5.44418000 0.07914600
OS 5.44694100 0.08029000
OS 5.44958800 0.08170400
OS 5.45208500 0.08337300
OS 5.45439600 0.08526800
OS 5.45652000 0.08739200
OS 5.45783600 0.08899500
OS 5.45794500 0.08915800
OS 5.45808500 0.08929800
OS 5.45842000 0.08970600
OS 5.46008500 0.09219900
OS 5.46150200 0.09485000
OS 5.46264800 0.09761600
OS 5.46351600 0.10047900
OS 5.46409900 0.10340200
OS 5.46439600 0.10641000
OS 5.46439800 0.10645100
OS 5.46439700 0.10940400
OS 5.46436500 0.10972700
OS 5.46432800 0.10991500
OS 5.46432800 0.11010500
OS 5.46410300 0.11238900
OS 5.46352900 0.11527900
OS 5.46350700 0.11536600
OS 5.46305200 0.11686500
OS 5.46297900 0.11704200
OS 5.46294200 0.11722900
OS 5.46264900 0.11819500
OS 5.46150700 0.12095200
OS 5.46009100 0.12360600
OS 5.45843300 0.12608900
OS 5.45653900 0.12840000
OS 5.45440200 0.13054000
OS 5.45424700 0.13066900
OS 5.45408500 0.13077700
OS 5.45394600 0.13091600
OS 5.45311900 0.13159500
OS 5.45303500 0.13165100
OS 5.45274700 0.13193700
OS 5.45253200 0.13225900
OS 5.45238400 0.13261700
OS 5.45230800 0.13299800
OS 5.45230800 0.13338500
OS 5.45232300 0.13346500
OS 5.45238300 0.13429400
OS 5.45238300 0.13441600
OS 5.45245900 0.13479700
OS 5.45260700 0.13515500
OS 5.45282900 0.13548700
OS 5.45286700 0.13552500
OS 5.45336900 0.13619700
OS 5.45352700 0.13643400
OS 5.45355500 0.13646200
OS 5.45361900 0.13655800
OS 5.45367900 0.13661800
OS 5.45380600 0.13680900
OS 5.45388300 0.13688600
OS 5.45391000 0.13692200
OS 5.45398700 0.13703700
OS 5.45426600 0.13731600
OS 5.45459300 0.13753500
OS 5.45462300 0.13754700
OS 5.45477200 0.13764000
OS 5.45501900 0.13780400
OS 5.45522900 0.13789100
OS 5.46187500 0.14127800
OS 5.46695000 0.14496500
OS 5.46700100 0.14501600
OS 5.46723600 0.14517300
OS 5.46868500 0.14622500
OS 5.47462400 0.15216300
OS 5.47475400 0.15235800
OS 5.47480900 0.15241300
OS 5.47931200 0.15861100
OS 5.47948200 0.15886600
OS 5.47953000 0.15891400
OS 5.47958900 0.15900200
OS 5.47986400 0.15927700
OS 5.47995100 0.15933500
OS 5.48004000 0.15942400
OS 5.48025100 0.15956500
OS 5.48084000 0.16001900
OS 5.48093700 0.16011600
OS 5.48116300 0.16026700
OS 5.48141200 0.16045900
OS 5.48145700 0.16050400
OS 5.48178700 0.16072600
OS 5.48214500 0.16087400
OS 5.48252600 0.16095000
OS 5.48263700 0.16095000
OS 5.48292400 0.16097500
OS 5.48309300 0.16100800
OS 5.48331400 0.16100800
OS 5.48349900 0.16102400
OS 5.48366600 0.16105700
OS 5.48388500 0.16105700
OS 5.48420000 0.16108400
OS 5.48428600 0.16110100
OS 5.48467300 0.16110100
OS 5.48505400 0.16102500
OS 5.48541200 0.16087700
OS 5.48549300 0.16082400
OS 5.48576800 0.16067900
OS 5.48595400 0.16060200
OS 5.48610100 0.16050400
OS 5.48662900 0.16022700
OS 5.48680600 0.16015300
OS 5.48694500 0.16006000
OS 5.48703300 0.16001400
OS 5.48712600 0.15997500
OS 5.48745400 0.15975700
OS 5.48772900 0.15948200
OS 5.48776800 0.15942400
OS 5.48786600 0.15931100
OS 5.48801900 0.15915800
OS 5.48817400 0.15892600
OS 5.49291100 0.15240900
OS 5.49296200 0.15235800
OS 5.49308800 0.15216900
OS 5.49902600 0.14623000
OS 5.50045900 0.14518800
OS 5.50071600 0.14501600
OS 5.50077200 0.14496000
OS 5.50583200 0.14128300
OS 5.51298100 0.13764000
OS 5.51319100 0.13755300
OS 5.51331900 0.13746700
OS 5.52132900 0.13486300
OS 5.52965600 0.13354200
OS 5.53806200 0.13354200
OS 5.54636900 0.13485900
OS 5.54638900 0.13486400
OS 5.55438200 0.13746000
OS 5.55439700 0.13746800
OS 5.55452500 0.13755300
OS 5.55473500 0.13764000
OS 5.56188000 0.14128000
OS 5.56694500 0.14496000
OS 5.56700100 0.14501600
OS 5.56725000 0.14518200
OS 5.56868300 0.14622300
OS 5.57237600 0.14991400
OS 5.57269800 0.15012900
OS 5.57278400 0.15016500
OS 5.57296400 0.15028500
OS 5.57313200 0.15035500
OS 5.57378400 0.15071100
OS 5.57395600 0.15082600
OS 5.57411400 0.15089200
OS 5.57437300 0.15103300
OS 5.57446200 0.15109200
OS 5.57482600 0.15124300
OS 5.57521000 0.15132000
OS 5.57560600 0.15132000
OS 5.57567700 0.15130600
OS 5.57600600 0.15128200
OS 5.57624400 0.15128200
OS 5.57638100 0.15125500
OS 5.57658200 0.15124000
OS 5.57681700 0.15124000
OS 5.57695300 0.15121300
OS 5.57723100 0.15119300
OS 5.57735500 0.15119300
OS 5.57773600 0.15111700
OS 5.57809400 0.15096900
OS 5.57842600 0.15074700
OS 5.57846200 0.15071100
OS 5.57873800 0.15050500
OS 5.57897300 0.15034800
OS 5.57904700 0.15027400
OS 5.57943100 0.14998700
OS 5.57966200 0.14983300
OS 5.57973700 0.14975800
OS 5.57981700 0.14969800
OS 5.57993700 0.14961800
OS 5.58021200 0.14934300
OS 5.58043000 0.14901500
OS 5.58046400 0.14893300
OS 5.58053700 0.14880000
OS 5.58065700 0.14862000
OS 5.58071100 0.14848900
OS 5.58080900 0.14834300
OS 5.58085000 0.14824400
OS 5.58086400 0.14822300
OS 5.58101200 0.14786500
OS 5.58101600 0.14784300
OS 5.58111100 0.14761500
OS 5.58112400 0.14754900
OS 5.58260900 0.14356900
OS 5.58593200 0.13912500
OS 5.58595100 0.13910200
OS 5.58840500 0.13726400
OS 5.58862700 0.13711600
OS 5.58869900 0.13704400
OS 5.59040800 0.13576400
OS 5.59564300 0.13381100
OS 5.59795600 0.13356100
OS 5.62371800 0.13356300
OS 5.62372100 0.13359400
OS 5.62372100 0.17277600
OS 5.62379700 0.17315700
OS 5.62394500 0.17351500
OS 5.62416000 0.17383700
OS 5.62443500 0.17411200
OS 5.62475700 0.17432700
OS 5.62511500 0.17447500
OS 5.62549600 0.17455100
OS 5.62588300 0.17455100
OS 5.62626400 0.17447500
OS 5.62627400 0.17447100
OS 5.62630400 0.17446500
OS 5.62636300 0.17444000
OS 5.62864100 0.17383000
OS 5.62888700 0.17378100
OS 5.62900200 0.17373300
OS 5.63125300 0.17313000
OS 5.63645700 0.17312900
OS 5.63871700 0.17373400
OS 5.63882800 0.17378000
OS 5.63906300 0.17382600
OS 5.64135000 0.17443900
OS 5.64141100 0.17446400
OS 5.64144200 0.17447000
OS 5.64145100 0.17447400
OS 5.64183200 0.17455000
OS 5.64221900 0.17455000
OS 5.64260000 0.17447400
OS 5.64295800 0.17432600
OS 5.64328000 0.17411100
OS 5.64355500 0.17383600
OS 5.64377000 0.17351400
OS 5.64391800 0.17315600
OS 5.64399400 0.17277500
OS 5.64399700 0.13356300
OS 5.66976800 0.13356200
OS 5.67206500 0.13380800
OS 5.67727900 0.13575000
OS 5.67730300 0.13576200
OS 5.67901400 0.13704200
OS 5.67908800 0.13711600
OS 5.67931700 0.13726900
OS 5.68175800 0.13909500
OS 5.68510100 0.14355600
OS 5.68705400 0.14878900
OS 5.68718900 0.15002600
OS 5.68718900 0.15020200
OS 5.68723000 0.15040900
OS 5.68730300 0.15109400
OS 5.68730200 0.18277300
OS 5.68726000 0.18277500
OS 5.65399400 0.18277500
OS 5.65361300 0.18285100
OS 5.65325500 0.18299900
OS 5.65293300 0.18321400
OS 5.65265800 0.18348900
OS 5.65244300 0.18381100
OS 5.65229500 0.18416900
OS 5.65221900 0.18455000
OS 5.65221900 0.18493700
OS 5.65229500 0.18531800
OS 5.65230100 0.18533300
OS 5.65230600 0.18535800
OS 5.65232700 0.18540900
OS 5.65293900 0.18768900
OS 5.65298900 0.18794100
OS 5.65303900 0.18806200
OS 5.65361600 0.19021100
OS 5.65364000 0.19033400
OS 5.65364100 0.19551100
OS 5.65352800 0.19593400
OS 5.65348300 0.19604200
OS 5.65343800 0.19626900
OS 5.65303600 0.19777100
OS 5.65299000 0.19788200
OS 5.65294400 0.19811700
OS 5.65233000 0.20041100
OS 5.65230700 0.20046500
OS 5.65230200 0.20049100
OS 5.65229600 0.20050500
OS 5.65222000 0.20088600
OS 5.65222000 0.20127300
OS 5.65229600 0.20165400
OS 5.65244400 0.20201200
OS 5.65265900 0.20233400
OS 5.65293400 0.20260900
OS 5.65325600 0.20282400
OS 5.65361400 0.20297200
OS 5.65399500 0.20304800
OS 5.68730200 0.20305100
OS 5.68730400 0.20309400
OS 5.68730300 0.23472800
OS 5.68715300 0.23612200
OS 5.68711500 0.23631500
OS 5.68711500 0.23647800
OS 5.68705600 0.23702700
OS 5.68511100 0.24224600
OS 5.68509300 0.24227400
OS 5.68176600 0.24672200
OS 5.67839000 0.24925000
OS 5.67816400 0.24940100
OS 5.67809000 0.24947500
OS 5.67731000 0.25005900
OS 5.67207200 0.25201300
OS 5.66980900 0.25225900
OS 5.66975500 0.25226300
OS 5.64399800 0.25226100
OS 5.64399500 0.21304800
OS 5.64391900 0.21266700
OS 5.64377100 0.21230900
OS 5.64355600 0.21198700
OS 5.64328100 0.21171200
OS 5.64295900 0.21149700
OS 5.64260100 0.21134900
OS 5.64222000 0.21127300
OS 5.64183300 0.21127300
OS 5.64145200 0.21134900
OS 5.64143700 0.21135500
OS 5.64141200 0.21136000
OS 5.64135900 0.21138200
OS 5.63907600 0.21199400
OS 5.63882900 0.21204300
OS 5.63870800 0.21209300
OS 5.63647000 0.21269300
OS 5.63126000 0.21269500
OS 5.62899500 0.21208800
OS 5.62888800 0.21204400
OS 5.62866300 0.21199900
OS 5.62635900 0.21138300
OS 5.62630500 0.21136000
OS 5.62627900 0.21135500
OS 5.62626500 0.21134900
OS 5.62588400 0.21127300
OS 5.62549700 0.21127300
OS 5.62511600 0.21134900
OS 5.62475800 0.21149700
OS 5.62443600 0.21171200
OS 5.62416100 0.21198700
OS 5.62394600 0.21230900
OS 5.62379800 0.21266700
OS 5.62372200 0.21304800
OS 5.62371900 0.25226000
OS 5.62365700 0.25226300
OS 5.59794900 0.25226200
OS 5.59565100 0.25201500
OS 5.59042200 0.25006700
OS 5.58962500 0.24947100
OS 5.58955500 0.24940100
OS 5.58933800 0.24925600
OS 5.58595500 0.24672600
OS 5.58261500 0.24226400
OS 5.58121700 0.23852300
OS 5.58120500 0.23846100
OS 5.58109500 0.23819500
OS 5.58106400 0.23811100
OS 5.58105700 0.23807800
OS 5.58090700 0.23771500
OS 5.58069200 0.23739300
OS 5.58065400 0.23735400
OS 5.58062200 0.23731100
OS 5.58046600 0.23707800
OS 5.58039500 0.23700700
OS 5.58012200 0.23663900
OS 5.57999900 0.23646200
OS 5.57981200 0.23618100
OS 5.57979100 0.23616000
OS 5.57955100 0.23580600
OS 5.57927200 0.23552500
OS 5.57895000 0.23531000
OS 5.57858100 0.23515700
OS 5.57854900 0.23515100
OS 5.57814800 0.23499900
OS 5.57787100 0.23488400
OS 5.57783300 0.23487700
OS 5.57731400 0.23465900
OS 5.57730700 0.23465400
OS 5.57693800 0.23450100
OS 5.57655700 0.23442500
OS 5.57617000 0.23442500
OS 5.57577600 0.23450300
OS 5.57576100 0.23450900
OS 5.57527600 0.23461400
OS 5.57497200 0.23467300
OS 5.57492400 0.23467300
OS 5.57460000 0.23473800
OS 5.57436100 0.23477900
OS 5.57433200 0.23477900
OS 5.57394500 0.23485600
OS 5.57358500 0.23500500
OS 5.57325400 0.23522600
OS 5.57323300 0.23524700
OS 5.57303500 0.23538800
OS 5.57276800 0.23556600
OS 5.57274600 0.23558800
OS 5.57259800 0.23568700
OS 5.56870100 0.23958400
OS 5.56748700 0.24047000
OS 5.56723600 0.24063700
OS 5.56717900 0.24069400
OS 5.56713400 0.24072700
OS 5.56700600 0.24081200
OS 5.56673100 0.24108700
OS 5.56651600 0.24140900
OS 5.56649500 0.24145700
OS 5.56641400 0.24159100
OS 5.56624100 0.24185000
OS 5.56620800 0.24193000
OS 5.56616800 0.24199600
OS 5.56610500 0.24205900
OS 5.56608700 0.24208600
OS 5.56607500 0.24209800
OS 5.56595000 0.24228600
OS 5.56579400 0.24248900
OS 5.56574400 0.24254000
OS 5.56552900 0.24286200
OS 5.56538100 0.24322000
OS 5.56536000 0.24332300
OS 5.56532700 0.24340400
OS 5.56524800 0.24379300
OS 5.56524800 0.24391400
OS 5.56521700 0.24408500
OS 5.56518300 0.24425400
OS 5.56518300 0.24426600
OS 5.56514100 0.24449400
OS 5.56507900 0.24480800
OS 5.56507800 0.53062800
OS 5.56387700 0.53666300
OS 5.56153200 0.54233000
OS 5.55811200 0.54745300
OS 5.55377900 0.55178900
OS 5.55375300 0.55181100
OS 5.54865300 0.55522100
OS 5.54296800 0.55757500
OS 5.53693300 0.55877700
OS 5.53079000 0.55877800
OS 5.52475600 0.55757800
OS 5.51908100 0.55523000
OS 5.51395900 0.55180800
OS 5.50960700 0.54745600
OS 5.50619300 0.54234900
OS 5.50384100 0.53666700
OS 5.50263900 0.53063400
OS 5.50263800 0.24491000
OS 5.50256100 0.24452300
OS 5.50252600 0.24443800
OS 5.50248400 0.24422700
OS 5.50241600 0.24406400
OS 5.50229700 0.24365600
OS 5.50225400 0.24344200
OS 5.50218600 0.24327900
OS 5.50215100 0.24315800
OS 5.50210900 0.24294800
OS 5.50204100 0.24278300
OS 5.50198900 0.24260600
OS 5.50197000 0.24250900
OS 5.50181900 0.24214300
OS 5.50160400 0.24182100
OS 5.50148600 0.24170300
OS 5.50140400 0.24161600
OS 5.50137000 0.24156500
OS 5.50113000 0.24132500
OS 5.50101400 0.24120200
OS 5.50098200 0.24115400
OS 5.50076600 0.24093800
OS 5.50075100 0.24091600
OS 5.50047600 0.24064100
OS 5.50045500 0.24062700
OS 5.50042400 0.24059600
OS 5.50017700 0.24043100
OS 5.49903000 0.23959800
OS 5.49307200 0.23363900
OS 5.48839600 0.22720300
OS 5.48823300 0.22695700
OS 5.48818500 0.22690900
OS 5.48812800 0.22682400
OS 5.48784900 0.22654500
OS 5.48776500 0.22648900
OS 5.48767500 0.22639900
OS 5.48746200 0.22625700
OS 5.48688000 0.22580800
OS 5.48678100 0.22570900
OS 5.48656700 0.22556600
OS 5.48630800 0.22536600
OS 5.48625500 0.22531400
OS 5.48593300 0.22509900
OS 5.48557500 0.22495100
OS 5.48519400 0.22487500
OS 5.48508300 0.22487500
OS 5.48479700 0.22485000
OS 5.48462500 0.22481600
OS 5.48456800 0.22481600
OS 5.48453300 0.22480900
OS 5.48432200 0.22480900
OS 5.48421300 0.22480000
OS 5.48404800 0.22476700
OS 5.48383400 0.22476700
OS 5.48352100 0.22474000
OS 5.48343600 0.22472300
OS 5.48304100 0.22472200
OS 5.48266000 0.22479800
OS 5.48230200 0.22494600
OS 5.48221400 0.22500300
OS 5.48194200 0.22514700
OS 5.48176000 0.22522200
OS 5.48172500 0.22524500
OS 5.48168000 0.22526400
OS 5.48153300 0.22536200
OS 5.48109500 0.22559300
OS 5.48091000 0.22567000
OS 5.48076200 0.22576900
OS 5.48069400 0.22580500
OS 5.48059200 0.22584700
OS 5.48026400 0.22606600
OS 5.47998900 0.22634100
OS 5.47995100 0.22639800
OS 5.47986500 0.22649700
OS 5.47969700 0.22666500
OS 5.47954200 0.22689800
OS 5.47463800 0.23364500
OS 5.46868800 0.23959700
OS 5.46630500 0.24132800
OS 5.46604600 0.24150100
OS 5.46599100 0.24155600
OS 5.46188400 0.24454000
OS 5.45438800 0.24836100
OS 5.45354700 0.24863400
OS 5.45340700 0.24866200
OS 5.45320900 0.24874400
OS 5.44638700 0.25096100
OS 5.43806100 0.25228200
OS 5.42966300 0.25228200
OS 5.42134800 0.25096600
OS 5.41452300 0.24875000
OS 5.41431000 0.24866200
OS 5.41415800 0.24863200
OS 5.41334500 0.24836800
OS 5.40583700 0.24454400
OS 5.40172600 0.24155700
OS 5.40167000 0.24150100
OS 5.40140700 0.24132500
OS 5.39903200 0.23959900
OS 5.39307400 0.23364100
OS 5.38840500 0.22721500
OS 5.38823300 0.22695700
OS 5.38818500 0.22690900
OS 5.38812800 0.22682400
OS 5.38784900 0.22654500
OS 5.38776300 0.22648700
OS 5.38767500 0.22639900
OS 5.38745900 0.22625500
OS 5.38687900 0.22580700
OS 5.38678100 0.22570900
OS 5.38656700 0.22556600
OS 5.38630800 0.22536600
OS 5.38625500 0.22531400
OS 5.38593300 0.22509900
OS 5.38557500 0.22495100
OS 5.38519400 0.22487500
OS 5.38508200 0.22487500
OS 5.38479700 0.22485000
OS 5.38462500 0.22481600
OS 5.38456800 0.22481600
OS 5.38453300 0.22480900
OS 5.38432400 0.22480900
OS 5.38421100 0.22479900
OS 5.38404800 0.22476700
OS 5.38383900 0.22476700
OS 5.38351700 0.22473900
OS 5.38343600 0.22472300
OS 5.38304100 0.22472200
OS 5.38266000 0.22479800
OS 5.38230200 0.22494600
OS 5.38221000 0.22500600
OS 5.38194700 0.22514400
OS 5.38176000 0.22522200
OS 5.38172500 0.22524500
OS 5.38168000 0.22526400
OS 5.38153000 0.22536400
OS 5.38109500 0.22559300
OS 5.38091000 0.22567000
OS 5.38076200 0.22576900
OS 5.38069700 0.22580300
OS 5.38059200 0.22584700
OS 5.38026400 0.22606600
OS 5.37998900 0.22634100
OS 5.37994900 0.22640000
OS 5.37986500 0.22649700
OS 5.37969700 0.22666500
OS 5.37954200 0.22689800
OS 5.37463800 0.23364500
OS 5.36868800 0.23959700
OS 5.36629800 0.24133400
OS 5.36604700 0.24150100
OS 5.36599200 0.24155600
OS 5.36188400 0.24454100
OS 5.36063600 0.24517700
OS 5.36043100 0.24526200
OS 5.36031400 0.24534000
OS 5.36021400 0.24538200
OS 5.35988700 0.24560100
OS 5.35981500 0.24567300
OS 5.35977600 0.24569900
OS 5.35954300 0.24593200
OS 5.35896400 0.24648000
OS 5.35892000 0.24650900
OS 5.35870400 0.24672500
OS 5.35842600 0.24698800
OS 5.35841100 0.24699800
OS 5.35812800 0.24727900
OS 5.35791300 0.24760100
OS 5.35776500 0.24795900
OS 5.35773600 0.24809800
OS 5.35767400 0.24832700
OS 5.35762300 0.24845000
OS 5.35757500 0.24869200
OS 5.35741200 0.24929600
OS 5.35735900 0.24942300
OS 5.35731000 0.24967100
OS 5.35728200 0.24973700
OS 5.35720600 0.25012200
OS 5.35720500 0.80936600
OS 5.35646400 0.81213500
OS 5.35641900 0.81224200
OS 5.35637400 0.81246800
OS 5.35561500 0.81530300
OS 5.35336200 0.81920600
OS 5.35322300 0.81941400
OS 5.35317500 0.81952900
OS 5.35254200 0.82062600
OS 5.35000500 0.82316800
OS 5.34979000 0.82349000
OS 5.34975900 0.82356500
OS 5.34974400 0.82359200
OS 5.34963400 0.82375700
OS 5.34957000 0.82391200
OS 5.34895300 0.82504000
OS 5.34884000 0.82520900
OS 5.34877600 0.82536300
OS 5.34871000 0.82546500
OS 5.34855900 0.82582900
OS 5.34734300 0.83193600
OS 5.34499600 0.83760600
OS 5.34157300 0.84273300
OS 5.33722300 0.84708400
OS 5.33211000 0.85050000
OS 5.32643400 0.85284900
OS 5.32039700 0.85405200
OS 5.31425400 0.85405300
OS 5.30821800 0.85285200
OS 5.30254600 0.85050500
OS 5.29742500 0.84708500
OS 5.29308100 0.84274300
OS 5.29305900 0.84271300
OS 5.28965600 0.83762000
OS 5.28730600 0.83194400
OS 5.28610400 0.82591000
OS 5.28610300 0.81976300
OS 5.28730300 0.81373000
OS 5.28965100 0.80805600
OS 5.29307400 0.80293100
OS 5.29742300 0.79858300
OS 5.30253500 0.79516700
OS 5.30726900 0.79320500
OS 5.30759300 0.79298900
OS 5.30765600 0.79292600
OS 5.30784000 0.79280200
OS 5.30796600 0.79267600
OS 5.30855400 0.79220200
OS 5.30872100 0.79209100
OS 5.30884500 0.79196700
OS 5.30906900 0.79178600
OS 5.30915800 0.79172700
OS 5.30943900 0.79144700
OS 5.30965400 0.79112500
OS 5.30980700 0.79075700
OS 5.30982200 0.79068300
OS 5.30992500 0.79037500
OS 5.31001800 0.79015000
OS 5.31004500 0.79001500
OS 5.31026300 0.78936200
OS 5.31035800 0.78913300
OS 5.31038500 0.78899600
OS 5.31043500 0.78887500
OS 5.31051200 0.78848800
OS 5.31051200 0.25015100
OS 5.31043500 0.24976400
OS 5.31040200 0.24968400
OS 5.31035800 0.24946800
OS 5.31028700 0.24929600
OS 5.31007200 0.24856300
OS 5.31002800 0.24834200
OS 5.30995700 0.24817100
OS 5.30988700 0.24793200
OS 5.30986500 0.24782000
OS 5.30971300 0.24745300
OS 5.30949800 0.24713100
OS 5.30922300 0.24685600
OS 5.30917700 0.24682400
OS 5.30893600 0.24660600
OS 5.30873100 0.24640100
OS 5.30865000 0.24634800
OS 5.30818900 0.24593000
OS 5.30798200 0.24572300
OS 5.30791600 0.24567900
OS 5.30785100 0.24561400
OS 5.30752900 0.24539900
OS 5.30744200 0.24536300
OS 5.30732700 0.24528600
OS 5.30712000 0.24520000
OS 5.30584000 0.24454600
OS 5.30171900 0.24155100
OS 5.30166900 0.24150100
OS 5.30143100 0.24134200
OS 5.29903100 0.23959800
OS 5.29307200 0.23363900
OS 5.28819600 0.22692600
OS 5.28819100 0.22691400
OS 5.28810200 0.22678000
OS 5.28431500 0.21934700
OS 5.28192200 0.21198500
OS 5.28189400 0.21184200
OS 5.28181000 0.21164000
OS 5.28171400 0.21134400
OS 5.28067500 0.20479200
OS 5.28067500 0.20471500
OS 5.28061500 0.20441500
OS 5.28039400 0.20302000
OS 5.28039400 0.18280100
OS 5.28050500 0.18210300
OS 5.28056500 0.18180200
OS 5.28056500 0.18172200
OS 5.28169700 0.17458400
OS 5.28172200 0.17445900
OS 5.28414900 0.16698000
OS 5.28423400 0.16677500
OS 5.28426300 0.16662700
OS 5.28430800 0.16649000
OS 5.28775500 0.15972300
OS 5.28783500 0.15960300
OS 5.28791900 0.15940000
OS 5.28812700 0.15899200
OS 5.29290900 0.15241100
OS 5.29296200 0.15235800
OS 5.29308800 0.15216900
OS 5.29902600 0.14623000
OS 5.30047600 0.14517600
OS 5.30071600 0.14501600
OS 5.30076900 0.14496300
OS 5.30583200 0.14128300
OS 5.31298300 0.13763900
OS 5.31319100 0.13755300
OS 5.31331600 0.13747000
OS 5.31333100 0.13746200
OS 5.32133200 0.13486200
OS 5.32965600 0.13354200
OS 5.33805900 0.13354200
OS 5.34638200 0.13486200
OS 5.35437100 0.13745600
OS 5.35440700 0.13747500
OS 5.35452500 0.13755300
OS 5.35472200 0.13763500
OS 5.36187800 0.14127900
OS 5.36694300 0.14495800
OS 5.36700100 0.14501600
OS 5.36726700 0.14519400
OS 5.36868600 0.14622600
OS 5.37462300 0.15216300
OS 5.37475300 0.15235800
OS 5.37480800 0.15241300
OS 5.37931100 0.15860900
OS 5.37948200 0.15886600
OS 5.37952800 0.15891200
OS 5.37958700 0.15900000
OS 5.37986200 0.15927500
OS 5.37995000 0.15933400
OS 5.38004000 0.15942400
OS 5.38025200 0.15956600
OS 5.38084000 0.16001900
OS 5.38093700 0.16011600
OS 5.38114900 0.16025700
OS 5.38141300 0.16046000
OS 5.38145700 0.16050400
OS 5.38178700 0.16072600
OS 5.38214500 0.16087400
OS 5.38252600 0.16095000
OS 5.38263700 0.16095000
OS 5.38292000 0.16097400
OS 5.38309300 0.16100800
OS 5.38330800 0.16100800
OS 5.38350400 0.16102500
OS 5.38366600 0.16105700
OS 5.38387700 0.16105700
OS 5.38420200 0.16108400
OS 5.38428600 0.16110100
OS 5.38467300 0.16110100
OS 5.38505400 0.16102500
OS 5.38541200 0.16087700
OS 5.38549800 0.16082100
OS 5.38576800 0.16067900
OS 5.38595400 0.16060200
OS 5.38610300 0.16050200
OS 5.38662000 0.16023000
OS 5.38680600 0.16015300
OS 5.38695200 0.16005600
OS 5.38703300 0.16001300
OS 5.38712600 0.15997500
OS 5.38745400 0.15975700
OS 5.38772900 0.15948200
OS 5.38776800 0.15942400
OS 5.38786600 0.15931100
OS 5.38801900 0.15915800
OS 5.38817400 0.15892600
OS 5.39291000 0.15241000
OS 5.39296200 0.15235800
OS 5.39308800 0.15216900
OS 5.39903400 0.14622300
OS 5.40045900 0.14518800
OS 5.40071600 0.14501600
OS 5.40077200 0.14496000
OS 5.40583600 0.14128100
OS 5.41216800 0.13805400
OS 5.41237800 0.13796700
OS 5.41249800 0.13788700
OS 5.41259500 0.13784700
OS 5.41292100 0.13762900
OS 5.41299400 0.13755600
OS 5.41303300 0.13753000
OS 5.41326000 0.13730300
OS 5.41342500 0.13714700
OS 5.41347200 0.13711600
OS 5.41361100 0.13697700
OS 5.41364200 0.13695600
OS 5.41388300 0.13671500
OS 5.41436300 0.13626200
OS 5.41438200 0.13624900
OS 5.41466600 0.13596700
OS 5.41488100 0.13564500
OS 5.41502900 0.13528700
OS 5.41505900 0.13513900
OS 5.41538000 0.13383900
OS 5.41539700 0.13379900
OS 5.41547800 0.13339800
OS 5.41547800 0.13301100
OS 5.41540200 0.13263000
OS 5.41525400 0.13227200
OS 5.41503900 0.13195000
OS 5.41476400 0.13167500
OS 5.41474800 0.13166200
OS 5.41466700 0.13160800
OS 5.41378300 0.13088200
OS 5.41364200 0.13074100
OS 5.41348000 0.13063300
OS 5.41338400 0.13055400
OS 5.41125000 0.12842200
OS 5.40934800 0.12610600
OS 5.40768400 0.12361300
OS 5.40626700 0.12096100
OS 5.40512100 0.11819500
OS 5.40482700 0.11722500
OS 5.40479100 0.11704200
OS 5.40471800 0.11686500
OS 5.40425400 0.11533500
OS 5.40366700 0.11238900
OS 5.40344300 0.11011000
OS 5.40344300 0.10991500
OS 5.40340400 0.10972100
OS 5.40337300 0.10940300
OS 5.40337300 0.10641000
OS 5.40366500 0.10344200
OS 5.40424500 0.10051900
OS 5.40426700 0.10043400
OS 5.40512400 0.09761200
OS 5.40626300 0.09486200
OS 5.40768200 0.09220400
OS 5.40934400 0.08971500
OS 5.40969100 0.08929200
OS 5.40982500 0.08915800
OS 5.40993200 0.08899800
OS 5.41124600 0.08739600
OS 5.41337200 0.08527000
OS 5.41569100 0.08336700
OS 5.41817900 0.08170600
OS 5.42083100 0.08028900
OS 5.42359500 0.07914400
OS 5.42646200 0.07827400
OS 5.42938400 0.07769300
OS 5.43238900 0.07739500
OE
OB 5.90106300 0.25015300 H
OS 5.90098600 0.24976600
OS 5.90095300 0.24968700
OS 5.90094800 0.24967000
OS 5.90090900 0.24947300
OS 5.90084500 0.24931800
OS 5.90061700 0.24853900
OS 5.90057700 0.24834000
OS 5.90051300 0.24818700
OS 5.90043700 0.24792600
OS 5.90041600 0.24782000
OS 5.90026500 0.24745600
OS 5.90004900 0.24713200
OS 5.89976700 0.24685000
OS 5.89972900 0.24682500
OS 5.89948500 0.24660400
OS 5.89928000 0.24639900
OS 5.89919900 0.24634500
OS 5.89874000 0.24592900
OS 5.89853400 0.24572300
OS 5.89846500 0.24567700
OS 5.89840000 0.24561200
OS 5.89807800 0.24539700
OS 5.89799200 0.24536100
OS 5.89787900 0.24528600
OS 5.89767000 0.24519900
OS 5.89638700 0.24454400
OS 5.89227300 0.24155400
OS 5.89222000 0.24150100
OS 5.89197900 0.24134100
OS 5.88958200 0.23959800
OS 5.88362500 0.23364100
OS 5.87874800 0.22692900
OS 5.87874200 0.22691400
OS 5.87865300 0.22678000
OS 5.87487100 0.21935900
OS 5.87247400 0.21198500
OS 5.87244500 0.21184200
OS 5.87236100 0.21164100
OS 5.87226500 0.21134400
OS 5.87122600 0.20479400
OS 5.87122600 0.20471500
OS 5.87116400 0.20440600
OS 5.87094500 0.20302300
OS 5.87094500 0.18280600
OS 5.87105600 0.18210300
OS 5.87111600 0.18180200
OS 5.87111600 0.18172500
OS 5.87224700 0.17458400
OS 5.87227400 0.17445400
OS 5.87470500 0.16696900
OS 5.87478600 0.16677500
OS 5.87481400 0.16663600
OS 5.87486500 0.16647800
OS 5.87830600 0.15972300
OS 5.87838600 0.15960300
OS 5.87847000 0.15940000
OS 5.87867900 0.15899000
OS 5.88345600 0.15241500
OS 5.88351300 0.15235800
OS 5.88363900 0.15216900
OS 5.88958400 0.14622400
OS 5.89101200 0.14518600
OS 5.89126700 0.14501600
OS 5.89132300 0.14496000
OS 5.89637900 0.14128700
OS 5.89639700 0.14127600
OS 5.90352900 0.13764100
OS 5.90374200 0.13755300
OS 5.90387900 0.13746300
OS 5.91188400 0.13486200
OS 5.92020700 0.13354200
OS 5.92861000 0.13354200
OS 5.93691900 0.13485800
OS 5.94493100 0.13745900
OS 5.94496000 0.13747400
OS 5.94507800 0.13755300
OS 5.94527600 0.13763500
OS 5.95243100 0.14128000
OS 5.95749500 0.14495900
OS 5.95755200 0.14501600
OS 5.95781400 0.14519100
OS 5.95922500 0.14621600
OS 5.96518000 0.15216900
OS 5.96530600 0.15235800
OS 5.96536100 0.15241300
OS 5.96987300 0.15862500
OS 5.97003400 0.15886600
OS 5.97007600 0.15890800
OS 5.97013600 0.15899700
OS 5.97041500 0.15927700
OS 5.97050600 0.15933800
OS 5.97059200 0.15942400
OS 5.97080100 0.15956300
OS 5.97138900 0.16001700
OS 5.97148800 0.16011600
OS 5.97171300 0.16026600
OS 5.97196200 0.16045800
OS 5.97200800 0.16050400
OS 5.97233400 0.16072300
OS 5.97269600 0.16087400
OS 5.97307700 0.16095000
OS 5.97319900 0.16095100
OS 5.97347200 0.16097400
OS 5.97364400 0.16100800
OS 5.97385900 0.16100800
OS 5.97405500 0.16102500
OS 5.97421700 0.16105700
OS 5.97442800 0.16105700
OS 5.97475300 0.16108400
OS 5.97483700 0.16110100
OS 5.97522400 0.16110100
OS 5.97560500 0.16102500
OS 5.97596300 0.16087700
OS 5.97604900 0.16082100
OS 5.97631700 0.16068000
OS 5.97650500 0.16060200
OS 5.97665300 0.16050300
OS 5.97717700 0.16022800
OS 5.97735700 0.16015300
OS 5.97749900 0.16005800
OS 5.97758500 0.16001300
OS 5.97767700 0.15997500
OS 5.97800500 0.15975700
OS 5.97828000 0.15948200
OS 5.97831800 0.15942500
OS 5.97841600 0.15931200
OS 5.97857000 0.15915800
OS 5.97872700 0.15892300
OS 5.98346100 0.15241000
OS 5.98351300 0.15235800
OS 5.98363900 0.15216900
OS 5.98957900 0.14622900
OS 5.99103200 0.14517300
OS 5.99126700 0.14501600
OS 5.99131800 0.14496500
OS 5.99638200 0.14128500
OS 6.00271000 0.13805800
OS 6.00292900 0.13796700
OS 6.00304900 0.13788700
OS 6.00314500 0.13784700
OS 6.00347200 0.13762900
OS 6.00354500 0.13755600
OS 6.00358400 0.13753000
OS 6.00382700 0.13728700
OS 6.00397400 0.13714900
OS 6.00402300 0.13711600
OS 6.00414500 0.13699400
OS 6.00416900 0.13697800
OS 6.00440400 0.13674300
OS 6.00491400 0.13626200
OS 6.00493300 0.13624900
OS 6.00521700 0.13596700
OS 6.00543200 0.13564500
OS 6.00558000 0.13528700
OS 6.00561000 0.13513700
OS 6.00592300 0.13387100
OS 6.00593900 0.13383300
OS 6.00602000 0.13343200
OS 6.00602000 0.13304500
OS 6.00594400 0.13266400
OS 6.00579600 0.13230600
OS 6.00558100 0.13198400
OS 6.00530600 0.13170900
OS 6.00529000 0.13169600
OS 6.00520900 0.13164100
OS 6.00430700 0.13090100
OS 6.00416900 0.13076300
OS 6.00400600 0.13065400
OS 6.00387400 0.13054600
OS 6.00175000 0.12842200
OS 5.99984500 0.12610100
OS 5.99818600 0.12361700
OS 5.99676700 0.12096100
OS 5.99562200 0.11819700
OS 5.99532700 0.11722500
OS 5.99529100 0.11704200
OS 5.99521800 0.11686500
OS 5.99475100 0.11532600
OS 5.99416800 0.11239200
OS 5.99394300 0.11011000
OS 5.99394300 0.10991500
OS 5.99390400 0.10972100
OS 5.99387300 0.10940300
OS 5.99387300 0.10641000
OS 5.99416500 0.10344200
OS 5.99474400 0.10052300
OS 5.99476600 0.10043800
OS 5.99561000 0.09765400
OS 5.99562500 0.09761000
OS 5.99676700 0.09485300
OS 5.99818200 0.09220400
OS 5.99984900 0.08970800
OS 6.00018900 0.08929400
OS 6.00032500 0.08915800
OS 6.00043200 0.08899800
OS 6.00174900 0.08739400
OS 6.00386400 0.08527800
OS 6.00389400 0.08525100
OS 6.00619000 0.08336800
OS 6.00865500 0.08172100
OS 6.01132800 0.08029000
OS 6.01409400 0.07914400
OS 6.01695900 0.07827500
OS 6.01990200 0.07769000
OS 6.02288700 0.07739600
OS 6.02588200 0.07739500
OS 6.02885800 0.07768700
OS 6.03176500 0.07826600
OS 6.03184600 0.07828600
OS 6.03464600 0.07913400
OS 6.03468000 0.07914600
OS 6.03743900 0.08028900
OS 6.04008800 0.08170400
OS 6.04257400 0.08336400
OS 6.04487700 0.08525200
OS 6.04703000 0.08740300
OS 6.04833800 0.08899800
OS 6.04844500 0.08915800
OS 6.04858100 0.08929400
OS 6.04892500 0.08971300
OS 6.05058700 0.09220200
OS 6.05200300 0.09485300
OS 6.05314900 0.09761900
OS 6.05401800 0.10048400
OS 6.05460000 0.10340700
OS 6.05489700 0.10641100
OS 6.05489700 0.10940600
OS 6.05486600 0.10972500
OS 6.05482800 0.10991500
OS 6.05482800 0.11010600
OS 6.05460300 0.11238900
OS 6.05402800 0.11528100
OS 6.05400600 0.11536800
OS 6.05355600 0.11685600
OS 6.05347900 0.11704200
OS 6.05344100 0.11723500
OS 6.05314900 0.11819500
OS 6.05200800 0.12094900
OS 6.05058500 0.12361600
OS 6.04892400 0.12610200
OS 6.04703900 0.12840000
OS 6.04490200 0.13054000
OS 6.04477100 0.13064700
OS 6.04461600 0.13075100
OS 6.04448100 0.13088600
OS 6.04366800 0.13155400
OS 6.04358300 0.13161100
OS 6.04329500 0.13189700
OS 6.04308000 0.13221900
OS 6.04293200 0.13257700
OS 6.04285600 0.13295800
OS 6.04285600 0.13334500
OS 6.04287100 0.13342700
OS 6.04293400 0.13429500
OS 6.04293400 0.13441600
OS 6.04301000 0.13479700
OS 6.04315800 0.13515500
OS 6.04338000 0.13548700
OS 6.04341800 0.13552500
OS 6.04389600 0.13616500
OS 6.04405800 0.13640800
OS 6.04409400 0.13644400
OS 6.04417000 0.13655800
OS 6.04422900 0.13661700
OS 6.04435700 0.13680900
OS 6.04443300 0.13688500
OS 6.04445700 0.13691700
OS 6.04453800 0.13703700
OS 6.04481700 0.13731600
OS 6.04514400 0.13753500
OS 6.04517700 0.13754900
OS 6.04533800 0.13764900
OS 6.04557000 0.13780400
OS 6.04578500 0.13789300
OS 6.05242600 0.14127700
OS 6.05750000 0.14496400
OS 6.05755200 0.14501600
OS 6.05779000 0.14517500
OS 6.05923800 0.14622700
OS 6.06517500 0.15216300
OS 6.06530500 0.15235800
OS 6.06535800 0.15241100
OS 6.06985700 0.15860200
OS 6.07003300 0.15886600
OS 6.07008100 0.15891400
OS 6.07014000 0.15900200
OS 6.07041500 0.15927700
OS 6.07050400 0.15933700
OS 6.07059100 0.15942400
OS 6.07080100 0.15956400
OS 6.07139100 0.16001900
OS 6.07148800 0.16011600
OS 6.07169600 0.16025400
OS 6.07196100 0.16045700
OS 6.07200800 0.16050400
OS 6.07233400 0.16072300
OS 6.07269600 0.16087400
OS 6.07307700 0.16095000
OS 6.07318800 0.16095000
OS 6.07347600 0.16097500
OS 6.07364400 0.16100800
OS 6.07386300 0.16100800
OS 6.07405200 0.16102400
OS 6.07421700 0.16105700
OS 6.07443100 0.16105700
OS 6.07475500 0.16108500
OS 6.07483700 0.16110100
OS 6.07522400 0.16110100
OS 6.07560500 0.16102500
OS 6.07596300 0.16087700
OS 6.07604100 0.16082600
OS 6.07631600 0.16068100
OS 6.07650500 0.16060200
OS 6.07665200 0.16050400
OS 6.07718300 0.16022500
OS 6.07735700 0.16015300
OS 6.07749600 0.16006000
OS 6.07758400 0.16001400
OS 6.07767700 0.15997500
OS 6.07800500 0.15975700
OS 6.07828000 0.15948200
OS 6.07831900 0.15942400
OS 6.07841600 0.15931200
OS 6.07857000 0.15915800
OS 6.07872000 0.15893300
OS 6.08345900 0.15241200
OS 6.08351300 0.15235800
OS 6.08364100 0.15216600
OS 6.08958500 0.14622300
OS 6.09101100 0.14518600
OS 6.09126700 0.14501600
OS 6.09132300 0.14496000
OS 6.09637800 0.14128700
OS 6.10352300 0.13764400
OS 6.10374200 0.13755300
OS 6.10387000 0.13746800
OS 6.11188300 0.13486200
OS 6.12020700 0.13354200
OS 6.12861300 0.13354200
OS 6.13692000 0.13485800
OS 6.14492500 0.13745700
OS 6.14496400 0.13747700
OS 6.14507800 0.13755300
OS 6.14526900 0.13763200
OS 6.15243100 0.14128000
OS 6.15749600 0.14496000
OS 6.15755200 0.14501600
OS 6.15780700 0.14518600
OS 6.15923400 0.14622300
OS 6.16292700 0.14991400
OS 6.16324900 0.15012900
OS 6.16333600 0.15016600
OS 6.16351500 0.15028500
OS 6.16368300 0.15035500
OS 6.16432900 0.15070700
OS 6.16450700 0.15082600
OS 6.16467300 0.15089500
OS 6.16492200 0.15103100
OS 6.16501300 0.15109200
OS 6.16537700 0.15124300
OS 6.16576100 0.15132000
OS 6.16615700 0.15132000
OS 6.16622700 0.15130600
OS 6.16655500 0.15128200
OS 6.16679500 0.15128200
OS 6.16693300 0.15125500
OS 6.16713900 0.15124000
OS 6.16736800 0.15124000
OS 6.16750100 0.15121400
OS 6.16778400 0.15119300
OS 6.16790600 0.15119300
OS 6.16828700 0.15111700
OS 6.16864500 0.15096900
OS 6.16897700 0.15074700
OS 6.16901300 0.15071100
OS 6.16927900 0.15051200
OS 6.16952400 0.15034800
OS 6.16959900 0.15027300
OS 6.16997600 0.14999100
OS 6.17021300 0.14983300
OS 6.17028900 0.14975700
OS 6.17036800 0.14969800
OS 6.17048800 0.14961800
OS 6.17076300 0.14934300
OS 6.17097800 0.14902100
OS 6.17101500 0.14893300
OS 6.17108800 0.14880000
OS 6.17120800 0.14862000
OS 6.17126200 0.14849000
OS 6.17136000 0.14834300
OS 6.17140100 0.14824400
OS 6.17141500 0.14822300
OS 6.17156300 0.14786500
OS 6.17156800 0.14784100
OS 6.17166200 0.14761500
OS 6.17167500 0.14755200
OS 6.17316300 0.14356500
OS 6.17649900 0.13910400
OS 6.17894700 0.13727100
OS 6.17917900 0.13711600
OS 6.17925500 0.13704000
OS 6.18095900 0.13576400
OS 6.18619400 0.13381100
OS 6.18850500 0.13356100
OS 6.21426900 0.13356300
OS 6.21427200 0.17277600
OS 6.21434800 0.17315700
OS 6.21449600 0.17351500
OS 6.21471100 0.17383700
OS 6.21498600 0.17411200
OS 6.21530800 0.17432700
OS 6.21566600 0.17447500
OS 6.21604700 0.17455100
OS 6.21643400 0.17455100
OS 6.21681500 0.17447500
OS 6.21682500 0.17447100
OS 6.21685500 0.17446500
OS 6.21691500 0.17444000
OS 6.21918200 0.17383200
OS 6.21943800 0.17378100
OS 6.21955800 0.17373100
OS 6.22179200 0.17313200
OS 6.22180500 0.17313000
OS 6.22700800 0.17312900
OS 6.22926700 0.17373400
OS 6.22937900 0.17378000
OS 6.22961500 0.17382700
OS 6.23190300 0.17443900
OS 6.23196200 0.17446400
OS 6.23199200 0.17447000
OS 6.23200200 0.17447400
OS 6.23238300 0.17455000
OS 6.23277000 0.17455000
OS 6.23315100 0.17447400
OS 6.23350900 0.17432600
OS 6.23383100 0.17411100
OS 6.23410600 0.17383600
OS 6.23432100 0.17351400
OS 6.23446900 0.17315600
OS 6.23454500 0.17277500
OS 6.23454800 0.13356300
OS 6.26032000 0.13356200
OS 6.26261900 0.13380900
OS 6.26784300 0.13575600
OS 6.26957200 0.13704800
OS 6.26964000 0.13711600
OS 6.26985400 0.13725800
OS 6.27227900 0.13907100
OS 6.27231800 0.13910300
OS 6.27565300 0.14355800
OS 6.27760500 0.14878700
OS 6.27774000 0.15003700
OS 6.27774000 0.15020200
OS 6.27777900 0.15040100
OS 6.27785400 0.15109200
OS 6.27785300 0.18277300
OS 6.24454400 0.18277500
OS 6.24416300 0.18285100
OS 6.24380500 0.18299900
OS 6.24348300 0.18321400
OS 6.24320800 0.18348900
OS 6.24299300 0.18381100
OS 6.24284500 0.18416900
OS 6.24276900 0.18455000
OS 6.24276900 0.18493700
OS 6.24284500 0.18531800
OS 6.24285100 0.18533200
OS 6.24285600 0.18535800
OS 6.24287800 0.18541200
OS 6.24349300 0.18770200
OS 6.24354000 0.18794100
OS 6.24358800 0.18805600
OS 6.24417200 0.19023300
OS 6.24419200 0.19033400
OS 6.24419300 0.19551100
OS 6.24407900 0.19593500
OS 6.24403500 0.19604200
OS 6.24399000 0.19626700
OS 6.24358700 0.19777400
OS 6.24354200 0.19788200
OS 6.24349700 0.19810800
OS 6.24288000 0.20041200
OS 6.24285800 0.20046500
OS 6.24285300 0.20049100
OS 6.24284700 0.20050500
OS 6.24277100 0.20088600
OS 6.24277100 0.20127300
OS 6.24284700 0.20165400
OS 6.24299500 0.20201200
OS 6.24321000 0.20233400
OS 6.24348500 0.20260900
OS 6.24380700 0.20282400
OS 6.24416500 0.20297200
OS 6.24454600 0.20304800
OS 6.27785200 0.20305100
OS 6.27785500 0.20309300
OS 6.27785500 0.23472200
OS 6.27770500 0.23611600
OS 6.27766600 0.23631500
OS 6.27766600 0.23648300
OS 6.27760800 0.23702300
OS 6.27566200 0.24224800
OS 6.27563300 0.24229100
OS 6.27232000 0.24671900
OS 6.26894700 0.24924600
OS 6.26871400 0.24940100
OS 6.26863800 0.24947700
OS 6.26786100 0.25005900
OS 6.26262600 0.25201300
OS 6.26031200 0.25226300
OS 6.23454900 0.25226100
OS 6.23454600 0.21304800
OS 6.23447000 0.21266700
OS 6.23432200 0.21230900
OS 6.23410700 0.21198700
OS 6.23383200 0.21171200
OS 6.23351000 0.21149700
OS 6.23315200 0.21134900
OS 6.23277100 0.21127300
OS 6.23238400 0.21127300
OS 6.23200300 0.21134900
OS 6.23198800 0.21135500
OS 6.23196300 0.21136000
OS 6.23191000 0.21138200
OS 6.22962700 0.21199400
OS 6.22938000 0.21204300
OS 6.22925700 0.21209400
OS 6.22702100 0.21269300
OS 6.22181100 0.21269500
OS 6.21954600 0.21208800
OS 6.21943900 0.21204400
OS 6.21921500 0.21200000
OS 6.21690900 0.21138200
OS 6.21685600 0.21136000
OS 6.21683000 0.21135500
OS 6.21681600 0.21134900
OS 6.21643500 0.21127300
OS 6.21604800 0.21127300
OS 6.21566700 0.21134900
OS 6.21530900 0.21149700
OS 6.21498700 0.21171200
OS 6.21471200 0.21198700
OS 6.21449700 0.21230900
OS 6.21434900 0.21266700
OS 6.21427300 0.21304800
OS 6.21427000 0.25226100
OS 6.18849900 0.25226200
OS 6.18620000 0.25201500
OS 6.18097100 0.25006600
OS 6.18017800 0.24947300
OS 6.18010600 0.24940100
OS 6.17988100 0.24925100
OS 6.17650600 0.24672700
OS 6.17316300 0.24226000
OS 6.17176900 0.23852700
OS 6.17175600 0.23846000
OS 6.17163800 0.23817500
OS 6.17161500 0.23811400
OS 6.17160800 0.23807800
OS 6.17145800 0.23771500
OS 6.17124300 0.23739300
OS 6.17120300 0.23735200
OS 6.17101700 0.23707700
OS 6.17094400 0.23700400
OS 6.17065000 0.23660900
OS 6.17036300 0.23618100
OS 6.17034500 0.23616300
OS 6.17009900 0.23580000
OS 6.16982400 0.23552500
OS 6.16950200 0.23531000
OS 6.16913300 0.23515700
OS 6.16910100 0.23515100
OS 6.16870600 0.23500200
OS 6.16842200 0.23488400
OS 6.16838400 0.23487700
OS 6.16786600 0.23465900
OS 6.16785800 0.23465400
OS 6.16748900 0.23450100
OS 6.16710800 0.23442500
OS 6.16672100 0.23442500
OS 6.16632700 0.23450300
OS 6.16631200 0.23450900
OS 6.16586600 0.23460600
OS 6.16552500 0.23467300
OS 6.16547500 0.23467300
OS 6.16514600 0.23473900
OS 6.16491200 0.23477900
OS 6.16488200 0.23477900
OS 6.16449500 0.23485600
OS 6.16413100 0.23500700
OS 6.16380400 0.23522600
OS 6.16378500 0.23524500
OS 6.16356500 0.23540200
OS 6.16331900 0.23556600
OS 6.16329700 0.23558800
OS 6.16314900 0.23568700
OS 6.15923500 0.23959900
OS 6.15805100 0.24046100
OS 6.15778700 0.24063700
OS 6.15773000 0.24069400
OS 6.15768500 0.24072700
OS 6.15755700 0.24081200
OS 6.15728200 0.24108700
OS 6.15706200 0.24141700
OS 6.15704600 0.24145600
OS 6.15696100 0.24159600
OS 6.15679200 0.24185000
OS 6.15675900 0.24193000
OS 6.15672000 0.24199400
OS 6.15665500 0.24205900
OS 6.15663700 0.24208600
OS 6.15662500 0.24209800
OS 6.15649400 0.24229500
OS 6.15634400 0.24249000
OS 6.15629500 0.24254000
OS 6.15608000 0.24286200
OS 6.15593200 0.24322000
OS 6.15591200 0.24332300
OS 6.15587500 0.24341200
OS 6.15579900 0.24379300
OS 6.15579900 0.24391500
OS 6.15573300 0.24425400
OS 6.15573300 0.24427400
OS 6.15569000 0.24450800
OS 6.15563100 0.24480600
OS 6.15563000 0.53062800
OS 6.15443600 0.53663500
OS 6.15442400 0.53667600
OS 6.15208700 0.54232200
OS 6.15205200 0.54238100
OS 6.14866000 0.54745700
OS 6.14431000 0.55180800
OS 6.13920400 0.55522000
OS 6.13917200 0.55523600
OS 6.13356400 0.55755800
OS 6.13351900 0.55757500
OS 6.12748400 0.55877700
OS 6.12134100 0.55877800
OS 6.11530700 0.55757800
OS 6.10962600 0.55522800
OS 6.10451000 0.55180800
OS 6.10015900 0.54745700
OS 6.09674100 0.54234300
OS 6.09439500 0.53667600
OS 6.09319200 0.53064300
OS 6.09318900 0.53057700
OS 6.09318900 0.24491000
OS 6.09311200 0.24452300
OS 6.09307700 0.24443900
OS 6.09303500 0.24422700
OS 6.09296600 0.24406100
OS 6.09284800 0.24365600
OS 6.09280500 0.24344200
OS 6.09273800 0.24328000
OS 6.09270300 0.24316100
OS 6.09266000 0.24294800
OS 6.09259200 0.24278400
OS 6.09254100 0.24261200
OS 6.09252100 0.24250900
OS 6.09237000 0.24214300
OS 6.09215500 0.24182100
OS 6.09203400 0.24170000
OS 6.09195500 0.24161600
OS 6.09192100 0.24156500
OS 6.09167600 0.24132000
OS 6.09156400 0.24120100
OS 6.09153300 0.24115400
OS 6.09131700 0.24093800
OS 6.09130200 0.24091600
OS 6.09102700 0.24064100
OS 6.09100400 0.24062500
OS 6.09097500 0.24059600
OS 6.09072800 0.24043100
OS 6.08958100 0.23959800
OS 6.08362600 0.23364200
OS 6.07895100 0.22720800
OS 6.07878400 0.22695700
OS 6.07873600 0.22690900
OS 6.07867900 0.22682400
OS 6.07840000 0.22654500
OS 6.07831500 0.22648800
OS 6.07822600 0.22639900
OS 6.07801400 0.22625800
OS 6.07743200 0.22580900
OS 6.07733200 0.22570900
OS 6.07711900 0.22556700
OS 6.07685800 0.22536500
OS 6.07680600 0.22531400
OS 6.07648400 0.22509900
OS 6.07612600 0.22495100
OS 6.07574500 0.22487500
OS 6.07563300 0.22487500
OS 6.07534800 0.22485000
OS 6.07517600 0.22481600
OS 6.07511900 0.22481600
OS 6.07508400 0.22480900
OS 6.07487300 0.22480900
OS 6.07476300 0.22480000
OS 6.07459900 0.22476700
OS 6.07438600 0.22476700
OS 6.07407300 0.22474000
OS 6.07398800 0.22472300
OS 6.07359200 0.22472200
OS 6.07321100 0.22479800
OS 6.07285300 0.22494600
OS 6.07276700 0.22500200
OS 6.07249800 0.22514400
OS 6.07231100 0.22522200
OS 6.07227600 0.22524500
OS 6.07223100 0.22526400
OS 6.07208200 0.22536400
OS 6.07165000 0.22559200
OS 6.07145900 0.22567100
OS 6.07130500 0.22577400
OS 6.07123800 0.22580900
OS 6.07114200 0.22584900
OS 6.07081600 0.22606600
OS 6.07054100 0.22634100
OS 6.07050000 0.22640100
OS 6.07042200 0.22649000
OS 6.07024600 0.22666600
OS 6.07008100 0.22691400
OS 6.06519200 0.23364300
OS 6.05923400 0.23960100
OS 6.05684600 0.24133500
OS 6.05659800 0.24150100
OS 6.05654400 0.24155500
OS 6.05243300 0.24454100
OS 6.04494200 0.24836000
OS 6.04409800 0.24863400
OS 6.04395800 0.24866200
OS 6.04376000 0.24874400
OS 6.03693500 0.25096200
OS 6.02862500 0.25228000
OS 6.02858100 0.25228300
OS 6.02021600 0.25228200
OS 6.01190000 0.25096600
OS 6.00507000 0.24874900
OS 6.00486100 0.24866200
OS 6.00471200 0.24863200
OS 6.00389100 0.24836600
OS 5.99639100 0.24454500
OS 5.99227700 0.24155700
OS 5.99222100 0.24150100
OS 5.99196300 0.24132900
OS 5.98960200 0.23961400
OS 5.98956700 0.23958500
OS 5.98362600 0.23364200
OS 5.97895300 0.22721000
OS 5.97878400 0.22695700
OS 5.97873600 0.22690900
OS 5.97867900 0.22682400
OS 5.97840000 0.22654500
OS 5.97831500 0.22648800
OS 5.97822600 0.22639900
OS 5.97800600 0.22625200
OS 5.97743100 0.22580800
OS 5.97733200 0.22570900
OS 5.97711900 0.22556700
OS 5.97685800 0.22536500
OS 5.97680600 0.22531400
OS 5.97648400 0.22509900
OS 5.97612600 0.22495100
OS 5.97574500 0.22487500
OS 5.97563300 0.22487500
OS 5.97534500 0.22485000
OS 5.97517600 0.22481600
OS 5.97511900 0.22481600
OS 5.97508400 0.22480900
OS 5.97487300 0.22480900
OS 5.97476300 0.22479900
OS 5.97459900 0.22476700
OS 5.97438900 0.22476700
OS 5.97407000 0.22473900
OS 5.97398800 0.22472300
OS 5.97359200 0.22472200
OS 5.97321100 0.22479800
OS 5.97285300 0.22494600
OS 5.97276900 0.22500100
OS 5.97249800 0.22514400
OS 5.97231100 0.22522200
OS 5.97227600 0.22524500
OS 5.97223100 0.22526400
OS 5.97208000 0.22536500
OS 5.97165600 0.22558900
OS 5.97145900 0.22567100
OS 5.97130900 0.22577200
OS 5.97124400 0.22580700
OS 5.97114200 0.22584900
OS 5.97081600 0.22606600
OS 5.97054100 0.22634100
OS 5.97050200 0.22639900
OS 5.97042200 0.22649000
OS 5.97024600 0.22666600
OS 5.97007300 0.22692500
OS 5.96519000 0.23364500
OS 5.95923500 0.23960000
OS 5.95685000 0.24133300
OS 5.95659800 0.24150100
OS 5.95654300 0.24155600
OS 5.95243600 0.24454000
OS 5.95118600 0.24517700
OS 5.95098200 0.24526200
OS 5.95086500 0.24534000
OS 5.95076500 0.24538200
OS 5.95043800 0.24560100
OS 5.95036600 0.24567300
OS 5.95032700 0.24569900
OS 5.95009000 0.24593600
OS 5.94951800 0.24647800
OS 5.94947100 0.24650900
OS 5.94923900 0.24674100
OS 5.94898500 0.24698200
OS 5.94896300 0.24699600
OS 5.94867900 0.24727900
OS 5.94846400 0.24760100
OS 5.94831600 0.24795900
OS 5.94829300 0.24807400
OS 5.94822400 0.24833000
OS 5.94817400 0.24845000
OS 5.94812700 0.24868900
OS 5.94796200 0.24929800
OS 5.94791100 0.24942100
OS 5.94785900 0.24967900
OS 5.94783400 0.24974000
OS 5.94775800 0.25012100
OS 5.94775700 0.77699700
OS 5.94783300 0.77738100
OS 5.94786900 0.77746800
OS 5.94791000 0.77767500
OS 5.94797600 0.77783300
OS 5.94829000 0.77890600
OS 5.94833000 0.77910700
OS 5.94839300 0.77925900
OS 5.94842400 0.77936400
OS 5.94844400 0.77946700
OS 5.94859500 0.77983100
OS 5.94881000 0.78015300
OS 5.94887700 0.78022100
OS 5.94895100 0.78031300
OS 5.94906900 0.78049000
OS 5.94910200 0.78052300
OS 5.94913400 0.78057100
OS 5.95180300 0.78324200
OS 5.95522100 0.78835200
OS 5.95757600 0.79404000
OS 5.95877700 0.80006500
OS 5.95878000 0.80011200
OS 5.95877900 0.80621900
OS 5.95759700 0.81215800
OS 5.95756200 0.81224200
OS 5.95754200 0.81234200
OS 5.95523200 0.81792200
OS 5.95181000 0.82304700
OS 5.94745700 0.82740100
OS 5.94234800 0.83081400
OS 5.93668500 0.83315900
OS 5.93663900 0.83317200
OS 5.93063400 0.83436700
OS 5.92449000 0.83436800
OS 5.91845300 0.83316700
OS 5.91278200 0.83082000
OS 5.90766100 0.82740000
OS 5.90330800 0.82304800
OS 5.89989200 0.81793400
OS 5.89757600 0.81234500
OS 5.89755600 0.81224200
OS 5.89752300 0.81216200
OS 5.89634000 0.80622600
OS 5.89633900 0.80007500
OS 5.89754100 0.79404000
OS 5.89988400 0.78838100
OS 5.89990200 0.78834600
OS 5.90016100 0.78795700
OS 5.90031200 0.78759300
OS 5.90033000 0.78750200
OS 5.90041000 0.78730900
OS 5.90044400 0.78713900
OS 5.90082600 0.78592000
OS 5.90090700 0.78572500
OS 5.90094100 0.78555300
OS 5.90098400 0.78545000
OS 5.90106000 0.78506600
OS 5.90106300 0.25015300
OE
OB 4.84178900 0.07739500 H
OS 4.84476800 0.07739500
OS 4.84774300 0.07768600
OS 4.85067100 0.07826700
OS 4.85074600 0.07828600
OS 4.85353600 0.07913100
OS 4.85358000 0.07914600
OS 4.85632700 0.08028400
OS 4.85899100 0.08170500
OS 4.86148000 0.08336800
OS 4.86378100 0.08525500
OS 4.86591700 0.08738900
OS 4.86723700 0.08899600
OS 4.86734500 0.08915800
OS 4.86748100 0.08929400
OS 4.86782300 0.08971100
OS 4.86946500 0.09216800
OS 4.86949000 0.09220900
OS 4.87090300 0.09485300
OS 4.87204700 0.09761300
OS 4.87291600 0.10047900
OS 4.87350100 0.10341500
OS 4.87379700 0.10641100
OS 4.87379700 0.10940300
OS 4.87376500 0.10972700
OS 4.87372800 0.10991500
OS 4.87372800 0.11010600
OS 4.87350400 0.11237900
OS 4.87292800 0.11528100
OS 4.87290300 0.11538000
OS 4.87245400 0.11686100
OS 4.87237900 0.11704200
OS 4.87234100 0.11723400
OS 4.87207900 0.11810100
OS 4.87204700 0.11820000
OS 4.87090000 0.12096800
OS 4.86948800 0.12361000
OS 4.86782400 0.12610100
OS 4.86595200 0.12838500
OS 4.86592200 0.12841900
OS 4.86379900 0.13054300
OS 4.86367300 0.13064700
OS 4.86351500 0.13075200
OS 4.86337800 0.13088900
OS 4.86256400 0.13155800
OS 4.86246800 0.13162300
OS 4.86219300 0.13189800
OS 4.86197800 0.13222000
OS 4.86183000 0.13257800
OS 4.86175400 0.13295900
OS 4.86175400 0.13334600
OS 4.86176800 0.13342300
OS 4.86183100 0.13428700
OS 4.86183100 0.13441700
OS 4.86190700 0.13479800
OS 4.86205500 0.13515600
OS 4.86227000 0.13547800
OS 4.86231300 0.13552200
OS 4.86280600 0.13618200
OS 4.86295700 0.13640900
OS 4.86299200 0.13644400
OS 4.86306800 0.13655800
OS 4.86312800 0.13661800
OS 4.86325700 0.13681000
OS 4.86332800 0.13688100
OS 4.86335500 0.13691700
OS 4.86343800 0.13704100
OS 4.86371300 0.13731600
OS 4.86403500 0.13753100
OS 4.86406800 0.13754500
OS 4.86425000 0.13765900
OS 4.86447000 0.13780500
OS 4.86468700 0.13789500
OS 4.87131900 0.14127400
OS 4.87639900 0.14496500
OS 4.87645000 0.14501600
OS 4.87668500 0.14517300
OS 4.87813300 0.14622400
OS 4.88407700 0.15216900
OS 4.88420300 0.15235800
OS 4.88425500 0.15241000
OS 4.88875400 0.15860100
OS 4.88893000 0.15886500
OS 4.88898000 0.15891500
OS 4.88903700 0.15900000
OS 4.88931600 0.15927900
OS 4.88940100 0.15933600
OS 4.88948800 0.15942300
OS 4.88969900 0.15956300
OS 4.89029200 0.16002100
OS 4.89038700 0.16011600
OS 4.89059300 0.16025400
OS 4.89085500 0.16045600
OS 4.89090300 0.16050400
OS 4.89123400 0.16072600
OS 4.89159200 0.16087400
OS 4.89197300 0.16095000
OS 4.89208300 0.16095000
OS 4.89237800 0.16097500
OS 4.89254300 0.16100800
OS 4.89275900 0.16100800
OS 4.89294600 0.16102400
OS 4.89311400 0.16105700
OS 4.89333200 0.16105700
OS 4.89365100 0.16108400
OS 4.89373500 0.16110100
OS 4.89412200 0.16110100
OS 4.89450300 0.16102500
OS 4.89486100 0.16087700
OS 4.89494700 0.16082100
OS 4.89522400 0.16067600
OS 4.89540200 0.16060200
OS 4.89554600 0.16050600
OS 4.89607500 0.16022800
OS 4.89625500 0.16015300
OS 4.89639700 0.16005800
OS 4.89648300 0.16001300
OS 4.89657500 0.15997500
OS 4.89690300 0.15975700
OS 4.89717800 0.15948200
OS 4.89721600 0.15942500
OS 4.89731300 0.15931300
OS 4.89746800 0.15915800
OS 4.89762100 0.15892900
OS 4.90235900 0.15241000
OS 4.90241100 0.15235800
OS 4.90253700 0.15216900
OS 4.90847700 0.14622700
OS 4.90990800 0.14518800
OS 4.91016500 0.14501600
OS 4.91022200 0.14495900
OS 4.91528100 0.14128300
OS 4.92243200 0.13763900
OS 4.92264000 0.13755300
OS 4.92277600 0.13746400
OS 4.93078200 0.13486200
OS 4.93910500 0.13354200
OS 4.94750800 0.13354200
OS 4.95581800 0.13485900
OS 4.96382600 0.13745800
OS 4.96385000 0.13747000
OS 4.96397400 0.13755300
OS 4.96418200 0.13763900
OS 4.97132800 0.14127900
OS 4.97639300 0.14495900
OS 4.97645000 0.14501600
OS 4.97671400 0.14519200
OS 4.97813200 0.14622300
OS 4.98182500 0.14991400
OS 4.98214700 0.15012900
OS 4.98223200 0.15016500
OS 4.98241300 0.15028500
OS 4.98258000 0.15035400
OS 4.98322900 0.15070900
OS 4.98340500 0.15082600
OS 4.98356600 0.15089300
OS 4.98381900 0.15103100
OS 4.98391100 0.15109200
OS 4.98427500 0.15124300
OS 4.98465900 0.15132000
OS 4.98505500 0.15132000
OS 4.98512600 0.15130600
OS 4.98545300 0.15128200
OS 4.98569300 0.15128200
OS 4.98583100 0.15125500
OS 4.98603100 0.15124000
OS 4.98626600 0.15124000
OS 4.98640100 0.15121300
OS 4.98668000 0.15119300
OS 4.98680400 0.15119300
OS 4.98718500 0.15111700
OS 4.98754300 0.15096900
OS 4.98787500 0.15074700
OS 4.98791100 0.15071100
OS 4.98818400 0.15050700
OS 4.98842200 0.15034800
OS 4.98849800 0.15027200
OS 4.98887500 0.14999000
OS 4.98911100 0.14983300
OS 4.98918600 0.14975800
OS 4.98926100 0.14970200
OS 4.98938600 0.14961800
OS 4.98966100 0.14934300
OS 4.98987600 0.14902100
OS 4.98991600 0.14892700
OS 4.98998500 0.14880100
OS 4.99010600 0.14862000
OS 4.99015900 0.14849100
OS 4.99025800 0.14834300
OS 4.99029900 0.14824400
OS 4.99031300 0.14822300
OS 4.99046100 0.14786500
OS 4.99046600 0.14783900
OS 4.99056000 0.14761500
OS 4.99057300 0.14755000
OS 4.99205700 0.14357200
OS 4.99539500 0.13910700
OS 4.99785900 0.13726100
OS 4.99807600 0.13711600
OS 4.99814700 0.13704500
OS 4.99985800 0.13576300
OS 5.00509300 0.13381100
OS 5.00740500 0.13356100
OS 5.03316700 0.13356300
OS 5.03317000 0.13360300
OS 5.03317000 0.17277600
OS 5.03324600 0.17315700
OS 5.03339400 0.17351500
OS 5.03360900 0.17383700
OS 5.03388400 0.17411200
OS 5.03420600 0.17432700
OS 5.03456400 0.17447500
OS 5.03494500 0.17455100
OS 5.03533200 0.17455100
OS 5.03571300 0.17447500
OS 5.03572700 0.17446900
OS 5.03575300 0.17446400
OS 5.03580600 0.17444200
OS 5.03808300 0.17383100
OS 5.03833600 0.17378100
OS 5.03845500 0.17373200
OS 5.04069500 0.17313100
OS 5.04590600 0.17312900
OS 5.04816600 0.17373400
OS 5.04827700 0.17378000
OS 5.04851200 0.17382600
OS 5.05079900 0.17443900
OS 5.05086000 0.17446400
OS 5.05089100 0.17447000
OS 5.05090000 0.17447400
OS 5.05128100 0.17455000
OS 5.05166800 0.17455000
OS 5.05204900 0.17447400
OS 5.05240700 0.17432600
OS 5.05272900 0.17411100
OS 5.05300400 0.17383600
OS 5.05321900 0.17351400
OS 5.05336700 0.17315600
OS 5.05344300 0.17277500
OS 5.05344600 0.13356300
OS 5.07921800 0.13356200
OS 5.08151700 0.13380900
OS 5.08673400 0.13575300
OS 5.08675300 0.13576300
OS 5.08846400 0.13704300
OS 5.08853700 0.13711600
OS 5.08876300 0.13726700
OS 5.09121200 0.13909900
OS 5.09455200 0.14356100
OS 5.09650300 0.14878900
OS 5.09663800 0.15003800
OS 5.09663800 0.15020200
OS 5.09667700 0.15039900
OS 5.09675200 0.15109300
OS 5.09675100 0.18277300
OS 5.06344300 0.18277500
OS 5.06306200 0.18285100
OS 5.06270400 0.18299900
OS 5.06238200 0.18321400
OS 5.06210700 0.18348900
OS 5.06189200 0.18381100
OS 5.06174400 0.18416900
OS 5.06166800 0.18455000
OS 5.06166800 0.18493700
OS 5.06174400 0.18531800
OS 5.06175000 0.18533300
OS 5.06175500 0.18535800
OS 5.06177700 0.18541100
OS 5.06238700 0.18768400
OS 5.06243800 0.18794100
OS 5.06248900 0.18806300
OS 5.06306500 0.19021100
OS 5.06309000 0.19033900
OS 5.06309000 0.19551200
OS 5.06297800 0.19593200
OS 5.06293200 0.19604200
OS 5.06288600 0.19627400
OS 5.06248600 0.19776800
OS 5.06243900 0.19788200
OS 5.06239100 0.19812300
OS 5.06177900 0.20041100
OS 5.06175600 0.20046500
OS 5.06175100 0.20049100
OS 5.06174500 0.20050500
OS 5.06166900 0.20088600
OS 5.06166900 0.20127300
OS 5.06174500 0.20165400
OS 5.06189300 0.20201200
OS 5.06210800 0.20233400
OS 5.06238300 0.20260900
OS 5.06270500 0.20282400
OS 5.06306300 0.20297200
OS 5.06344400 0.20304800
OS 5.09675100 0.20305200
OS 5.09675300 0.20309300
OS 5.09675200 0.23472800
OS 5.09660200 0.23612200
OS 5.09656400 0.23631500
OS 5.09656400 0.23647800
OS 5.09650500 0.23702700
OS 5.09456200 0.24224200
OS 5.09453400 0.24228300
OS 5.09121700 0.24671900
OS 5.08783900 0.24925000
OS 5.08761300 0.24940100
OS 5.08754000 0.24947400
OS 5.08676100 0.25005800
OS 5.08152400 0.25201300
OS 5.07923800 0.25226100
OS 5.07919800 0.25226300
OS 5.05344600 0.25226100
OS 5.05344400 0.21304800
OS 5.05336800 0.21266700
OS 5.05322000 0.21230900
OS 5.05300500 0.21198700
OS 5.05273000 0.21171200
OS 5.05240800 0.21149700
OS 5.05205000 0.21134900
OS 5.05166900 0.21127300
OS 5.05128200 0.21127300
OS 5.05090100 0.21134900
OS 5.05088600 0.21135500
OS 5.05086100 0.21136000
OS 5.05080800 0.21138200
OS 5.04852600 0.21199400
OS 5.04827800 0.21204300
OS 5.04815900 0.21209200
OS 5.04591900 0.21269300
OS 5.04070800 0.21269500
OS 5.03844900 0.21209000
OS 5.03833700 0.21204400
OS 5.03810100 0.21199700
OS 5.03581300 0.21138500
OS 5.03575400 0.21136000
OS 5.03572400 0.21135400
OS 5.03571400 0.21135000
OS 5.03533300 0.21127400
OS 5.03494600 0.21127400
OS 5.03456500 0.21135000
OS 5.03420700 0.21149800
OS 5.03388500 0.21171300
OS 5.03361000 0.21198800
OS 5.03339500 0.21231000
OS 5.03324700 0.21266800
OS 5.03317100 0.21304900
OS 5.03316800 0.25226100
OS 5.00739600 0.25226200
OS 5.00509600 0.25201500
OS 4.99988200 0.25007200
OS 4.99986200 0.25006200
OS 4.99907600 0.24947400
OS 4.99900300 0.24940100
OS 4.99877600 0.24925000
OS 4.99540800 0.24673000
OS 4.99207600 0.24228300
OS 4.99206100 0.24226000
OS 4.99066800 0.23853000
OS 4.99065500 0.23846300
OS 4.99053800 0.23818100
OS 4.99051300 0.23811400
OS 4.99050700 0.23808000
OS 4.99035700 0.23771700
OS 4.99014200 0.23739500
OS 4.99010000 0.23735200
OS 4.99007500 0.23731900
OS 4.98991600 0.23708000
OS 4.98984300 0.23700700
OS 4.98957900 0.23665400
OS 4.98926100 0.23618100
OS 4.98923800 0.23615800
OS 4.98899600 0.23580000
OS 4.98872100 0.23552500
OS 4.98839900 0.23531000
OS 4.98802900 0.23515600
OS 4.98799600 0.23515000
OS 4.98761800 0.23500800
OS 4.98732000 0.23488400
OS 4.98728400 0.23487700
OS 4.98676300 0.23465900
OS 4.98675600 0.23465400
OS 4.98638700 0.23450100
OS 4.98600600 0.23442500
OS 4.98561900 0.23442500
OS 4.98522500 0.23450300
OS 4.98520800 0.23451000
OS 4.98475700 0.23460800
OS 4.98442300 0.23467300
OS 4.98437300 0.23467300
OS 4.98404800 0.23473800
OS 4.98380900 0.23477900
OS 4.98378100 0.23477900
OS 4.98339400 0.23485600
OS 4.98303400 0.23500500
OS 4.98270300 0.23522600
OS 4.98268300 0.23524600
OS 4.98248000 0.23539000
OS 4.98221700 0.23556600
OS 4.98219400 0.23558900
OS 4.98204700 0.23568700
OS 4.97813700 0.23959600
OS 4.97694100 0.24046600
OS 4.97668400 0.24063700
OS 4.97662800 0.24069300
OS 4.97658000 0.24072800
OS 4.97645500 0.24081200
OS 4.97618000 0.24108700
OS 4.97595900 0.24141700
OS 4.97594200 0.24145800
OS 4.97585900 0.24159400
OS 4.97568900 0.24185000
OS 4.97565600 0.24192900
OS 4.97561500 0.24199700
OS 4.97555300 0.24205900
OS 4.97553500 0.24208600
OS 4.97552400 0.24209700
OS 4.97538800 0.24230100
OS 4.97524800 0.24248300
OS 4.97520200 0.24252900
OS 4.97497800 0.24286200
OS 4.97483000 0.24322000
OS 4.97480900 0.24332500
OS 4.97477300 0.24341200
OS 4.97469700 0.24379300
OS 4.97469700 0.24391400
OS 4.97463200 0.24425300
OS 4.97463200 0.24426100
OS 4.97452800 0.24480800
OS 4.97452700 0.53062900
OS 4.97332700 0.53665900
OS 4.97331500 0.53669200
OS 4.97097800 0.54233800
OS 4.96756000 0.54745400
OS 4.96322600 0.55179000
OS 4.96320300 0.55181000
OS 4.95810200 0.55522100
OS 4.95241700 0.55757500
OS 4.94638200 0.55877700
OS 4.94023800 0.55877800
OS 4.93532000 0.55780100
OS 4.93420200 0.55757700
OS 4.92852700 0.55522800
OS 4.92341400 0.55181300
OS 4.91905700 0.54745800
OS 4.91564400 0.54235200
OS 4.91330200 0.53669900
OS 4.91329000 0.53666600
OS 4.91208800 0.53063400
OS 4.91208700 0.24491000
OS 4.91201000 0.24452300
OS 4.91197500 0.24444000
OS 4.91193300 0.24422700
OS 4.91186400 0.24406000
OS 4.91174700 0.24366100
OS 4.91170300 0.24344200
OS 4.91163300 0.24327400
OS 4.91160100 0.24316400
OS 4.91155800 0.24294800
OS 4.91148900 0.24278200
OS 4.91143900 0.24261100
OS 4.91141900 0.24250800
OS 4.91126800 0.24214100
OS 4.91105300 0.24181900
OS 4.91092200 0.24168800
OS 4.91085100 0.24161200
OS 4.91081900 0.24156500
OS 4.91057500 0.24132100
OS 4.91046300 0.24120200
OS 4.91043100 0.24115400
OS 4.91021400 0.24093700
OS 4.91020200 0.24091900
OS 4.90992700 0.24064400
OS 4.90990900 0.24063200
OS 4.90987300 0.24059600
OS 4.90961000 0.24042100
OS 4.90847500 0.23959500
OS 4.90253200 0.23365100
OS 4.89784000 0.22719400
OS 4.89768200 0.22695700
OS 4.89763900 0.22691400
OS 4.89757800 0.22682300
OS 4.89730300 0.22654800
OS 4.89721200 0.22648800
OS 4.89712400 0.22639900
OS 4.89691400 0.22625900
OS 4.89632500 0.22580400
OS 4.89623000 0.22570900
OS 4.89602300 0.22557100
OS 4.89575500 0.22536400
OS 4.89570400 0.22531400
OS 4.89538200 0.22509900
OS 4.89502400 0.22495100
OS 4.89464300 0.22487500
OS 4.89453100 0.22487500
OS 4.89424900 0.22485100
OS 4.89407400 0.22481600
OS 4.89401700 0.22481600
OS 4.89398200 0.22480900
OS 4.89377100 0.22480900
OS 4.89366200 0.22480000
OS 4.89349700 0.22476700
OS 4.89328300 0.22476700
OS 4.89297000 0.22474000
OS 4.89288500 0.22472300
OS 4.89249000 0.22472200
OS 4.89210900 0.22479800
OS 4.89175100 0.22494600
OS 4.89166300 0.22500300
OS 4.89139300 0.22514600
OS 4.89120900 0.22522200
OS 4.89117400 0.22524600
OS 4.89112900 0.22526400
OS 4.89098000 0.22536300
OS 4.89053900 0.22559600
OS 4.89035900 0.22567000
OS 4.89021700 0.22576600
OS 4.89014200 0.22580500
OS 4.89004100 0.22584700
OS 4.88971300 0.22606600
OS 4.88943800 0.22634100
OS 4.88939900 0.22639900
OS 4.88931400 0.22649700
OS 4.88914600 0.22666500
OS 4.88898000 0.22691400
OS 4.88408700 0.23364500
OS 4.87813500 0.23959800
OS 4.87574700 0.24133300
OS 4.87549500 0.24150100
OS 4.87544000 0.24155600
OS 4.87133100 0.24454100
OS 4.86383700 0.24836100
OS 4.86299600 0.24863400
OS 4.86285600 0.24866200
OS 4.86265700 0.24874400
OS 4.85583200 0.25096200
OS 4.84751000 0.25228200
OS 4.83910300 0.25228200
OS 4.83079700 0.25096500
OS 4.83075500 0.25095400
OS 4.82397200 0.24875000
OS 4.82375900 0.24866200
OS 4.82360800 0.24863200
OS 4.82279200 0.24836700
OS 4.81528300 0.24454200
OS 4.81117200 0.24155500
OS 4.81111800 0.24150100
OS 4.81086800 0.24133400
OS 4.80847700 0.23959700
OS 4.80252600 0.23364400
OS 4.79784100 0.22719500
OS 4.79768200 0.22695700
OS 4.79763900 0.22691400
OS 4.79757800 0.22682300
OS 4.79730300 0.22654800
OS 4.79721200 0.22648800
OS 4.79712400 0.22639900
OS 4.79691500 0.22625900
OS 4.79632600 0.22580500
OS 4.79623000 0.22570900
OS 4.79601900 0.22556800
OS 4.79575600 0.22536500
OS 4.79570400 0.22531400
OS 4.79538200 0.22509900
OS 4.79502400 0.22495100
OS 4.79464300 0.22487500
OS 4.79453200 0.22487500
OS 4.79424400 0.22485000
OS 4.79407400 0.22481600
OS 4.79401700 0.22481600
OS 4.79398200 0.22480900
OS 4.79377600 0.22480900
OS 4.79366100 0.22479900
OS 4.79349700 0.22476700
OS 4.79328700 0.22476700
OS 4.79296600 0.22473900
OS 4.79288500 0.22472300
OS 4.79249000 0.22472200
OS 4.79210900 0.22479800
OS 4.79175100 0.22494600
OS 4.79165900 0.22500600
OS 4.79139200 0.22514600
OS 4.79120900 0.22522200
OS 4.79117400 0.22524500
OS 4.79112900 0.22526400
OS 4.79098200 0.22536200
OS 4.79054500 0.22559300
OS 4.79035900 0.22567000
OS 4.79020800 0.22577100
OS 4.79014700 0.22580300
OS 4.79004100 0.22584700
OS 4.78971300 0.22606600
OS 4.78943800 0.22634100
OS 4.78939800 0.22640000
OS 4.78931400 0.22649700
OS 4.78914600 0.22666500
OS 4.78898500 0.22690600
OS 4.78408700 0.23364500
OS 4.77814100 0.23959300
OS 4.77573400 0.24134200
OS 4.77549600 0.24150100
OS 4.77544400 0.24155300
OS 4.77133100 0.24454200
OS 4.77008400 0.24517800
OS 4.76988000 0.24526200
OS 4.76976200 0.24534100
OS 4.76966300 0.24538200
OS 4.76933600 0.24560100
OS 4.76926400 0.24567300
OS 4.76922500 0.24569900
OS 4.76897900 0.24594500
OS 4.76841500 0.24647800
OS 4.76836900 0.24650900
OS 4.76813900 0.24673900
OS 4.76787800 0.24698600
OS 4.76786000 0.24699800
OS 4.76757700 0.24727900
OS 4.76736200 0.24760100
OS 4.76721400 0.24795900
OS 4.76718800 0.24808500
OS 4.76712200 0.24832800
OS 4.76707200 0.24845000
OS 4.76702400 0.24869000
OS 4.76685900 0.24930100
OS 4.76680800 0.24942300
OS 4.76675800 0.24967300
OS 4.76673100 0.24973700
OS 4.76665500 0.25012200
OS 4.76665300 0.75031300
OS 4.76508100 0.75618900
OS 4.76506400 0.75621400
OS 4.76501300 0.75633600
OS 4.76199000 0.76157300
OS 4.75263600 0.77093000
OS 4.75241700 0.77125700
OS 4.75238300 0.77134000
OS 4.75226500 0.77151800
OS 4.75219800 0.77167900
OS 4.75210600 0.77184800
OS 4.75199500 0.77201400
OS 4.75193000 0.77217000
OS 4.75183300 0.77234600
OS 4.75172300 0.77251200
OS 4.75166100 0.77266200
OS 4.75151800 0.77292300
OS 4.75145700 0.77301500
OS 4.75130600 0.77337900
OS 4.75122900 0.77376400
OS 4.75122900 0.77415100
OS 4.75124300 0.77422600
OS 4.75126800 0.77457200
OS 4.75126800 0.77480000
OS 4.75129400 0.77493000
OS 4.75130900 0.77514200
OS 4.75130900 0.77537200
OS 4.75133500 0.77550200
OS 4.75135500 0.77578500
OS 4.75135500 0.77591000
OS 4.75143100 0.77629100
OS 4.75157900 0.77664900
OS 4.75179400 0.77697100
OS 4.75183700 0.77701600
OS 4.75204400 0.77729200
OS 4.75220100 0.77752800
OS 4.75227700 0.77760400
OS 4.75239000 0.77775500
OS 4.75254600 0.77798900
OS 4.75262100 0.77806400
OS 4.75276800 0.77826000
OS 4.75285400 0.77838900
OS 4.75312900 0.77866400
OS 4.75345100 0.77887900
OS 4.75382000 0.77903200
OS 4.75385500 0.77903900
OS 4.75422000 0.77917500
OS 4.75448700 0.77928600
OS 4.75455000 0.77929800
OS 4.75517400 0.77953100
OS 4.75545500 0.77964800
OS 4.75551800 0.77966100
OS 4.75566900 0.77972300
OS 4.75605300 0.77979900
OS 4.75608200 0.77979900
OS 4.75609700 0.77980200
OS 4.92043000 0.77980200
OS 4.92081700 0.77972500
OS 4.92089900 0.77969100
OS 4.92111500 0.77964800
OS 4.92128300 0.77957800
OS 4.92247800 0.77922800
OS 4.92269500 0.77918500
OS 4.92286200 0.77911600
OS 4.92297100 0.77909400
OS 4.92333500 0.77894300
OS 4.92852100 0.77548100
OS 4.93419800 0.77313100
OS 4.94023100 0.77192900
OS 4.94637800 0.77192800
OS 4.95241300 0.77312900
OS 4.95808500 0.77547700
OS 4.96320700 0.77889800
OS 4.96755100 0.78324200
OS 4.97096800 0.78835100
OS 4.97332300 0.79403700
OS 4.97452600 0.80007400
OS 4.97452700 0.80621800
OS 4.97334700 0.81215400
OS 4.97331000 0.81224200
OS 4.97329100 0.81234000
OS 4.97097900 0.81792400
OS 4.97095900 0.81795700
OS 4.96755800 0.82304700
OS 4.96320500 0.82740100
OS 4.95809600 0.83081400
OS 4.95245000 0.83315300
OS 4.95241700 0.83316500
OS 4.94638100 0.83436700
OS 4.94023800 0.83436800
OS 4.93420200 0.83316700
OS 4.92853000 0.83082000
OS 4.92850000 0.83080200
OS 4.92340000 0.82739500
OS 4.92304200 0.82724700
OS 4.92295400 0.82722900
OS 4.92274900 0.82714600
OS 4.92258800 0.82711400
OS 4.92135800 0.82672800
OS 4.92116900 0.82665000
OS 4.92100200 0.82661700
OS 4.92089400 0.82657300
OS 4.92051100 0.82649700
OS 4.74964800 0.82649500
OS 4.74926300 0.82657100
OS 4.74918100 0.82660500
OS 4.74896900 0.82664800
OS 4.74881200 0.82671300
OS 4.74758600 0.82707200
OS 4.74738000 0.82711300
OS 4.74722000 0.82717900
OS 4.74710900 0.82720200
OS 4.74674600 0.82735200
OS 4.74156100 0.83081400
OS 4.73589200 0.83316100
OS 4.72984700 0.83436700
OS 4.72370300 0.83436800
OS 4.71768700 0.83317200
OS 4.71763100 0.83315400
OS 4.71199500 0.83082000
OS 4.70687400 0.82740000
OS 4.70252700 0.82305500
OS 4.70249800 0.82301500
OS 4.69911200 0.81794900
OS 4.69909000 0.81790100
OS 4.69678800 0.81234000
OS 4.69676900 0.81224200
OS 4.69673400 0.81215700
OS 4.69555200 0.80622600
OS 4.69555100 0.80007700
OS 4.69675100 0.79404800
OS 4.69675900 0.79402400
OS 4.69910100 0.78836900
OS 4.70252700 0.78323800
OS 4.70267500 0.78288000
OS 4.70269100 0.78279800
OS 4.70269600 0.78278200
OS 4.70277600 0.78259000
OS 4.70281000 0.78241900
OS 4.70319100 0.78120200
OS 4.70327000 0.78101200
OS 4.70330300 0.78084500
OS 4.70330900 0.78082600
OS 4.70334700 0.78073400
OS 4.70342300 0.78035300
OS 4.70342500 0.76071300
OS 4.70378100 0.75938300
OS 4.70382600 0.75927500
OS 4.70387200 0.75904200
OS 4.70501500 0.75477500
OS 4.70502900 0.75474700
OS 4.70643300 0.75231500
OS 4.70657500 0.75210300
OS 4.70662300 0.75198600
OS 4.70809200 0.74944400
OS 4.71840900 0.73912400
OS 4.71862400 0.73880200
OS 4.71866100 0.73871500
OS 4.71878200 0.73853300
OS 4.71884900 0.73837000
OS 4.71937700 0.73740400
OS 4.71949300 0.73723100
OS 4.71955900 0.73707200
OS 4.71960600 0.73698600
OS 4.71966600 0.73689600
OS 4.71981700 0.73653200
OS 4.71989400 0.73614500
OS 4.71989400 0.73605400
OS 4.71990600 0.73594700
OS 4.71994900 0.73573000
OS 4.71994900 0.73568200
OS 4.71996100 0.73562200
OS 4.71996100 0.25015100
OS 4.71988400 0.24976400
OS 4.71984900 0.24968000
OS 4.71980700 0.24946800
OS 4.71973800 0.24930100
OS 4.71951900 0.24855600
OS 4.71947700 0.24834200
OS 4.71940700 0.24817300
OS 4.71933600 0.24793200
OS 4.71931400 0.24782000
OS 4.71916200 0.24745300
OS 4.71894700 0.24713100
OS 4.71867200 0.24685600
OS 4.71862400 0.24682300
OS 4.71838500 0.24660600
OS 4.71818000 0.24640100
OS 4.71809900 0.24634800
OS 4.71763800 0.24593000
OS 4.71743100 0.24572300
OS 4.71736500 0.24567900
OS 4.71730000 0.24561400
OS 4.71697800 0.24539900
OS 4.71688800 0.24536100
OS 4.71677600 0.24528600
OS 4.71656700 0.24519900
OS 4.71528700 0.24454500
OS 4.71116700 0.24155100
OS 4.71111700 0.24150100
OS 4.71087900 0.24134200
OS 4.70847800 0.23959700
OS 4.70252600 0.23364500
OS 4.69764600 0.22692800
OS 4.69764000 0.22691400
OS 4.69755400 0.22678500
OS 4.69376000 0.21934000
OS 4.69137300 0.21199400
OS 4.69134300 0.21184200
OS 4.69125500 0.21162900
OS 4.69116400 0.21135000
OS 4.69012400 0.20479200
OS 4.69012400 0.20471500
OS 4.69006400 0.20441600
OS 4.68984400 0.20302600
OS 4.68984300 0.18280600
OS 4.68995500 0.18209600
OS 4.69001400 0.18180200
OS 4.69001400 0.18172600
OS 4.69114300 0.17459300
OS 4.69117000 0.17446200
OS 4.69359600 0.16698400
OS 4.69368300 0.16677500
OS 4.69371300 0.16662400
OS 4.69375500 0.16649500
OS 4.69720500 0.15972200
OS 4.69728400 0.15960300
OS 4.69736600 0.15940500
OS 4.69757900 0.15898700
OS 4.70235700 0.15241200
OS 4.70241100 0.15235800
OS 4.70253700 0.15216900
OS 4.70847000 0.14623400
OS 4.70992900 0.14517400
OS 4.71016500 0.14501600
OS 4.71021700 0.14496400
OS 4.71528100 0.14128300
OS 4.72242100 0.13764400
OS 4.72264000 0.13755300
OS 4.72276700 0.13746800
OS 4.73078100 0.13486200
OS 4.73909200 0.13354400
OS 4.74750800 0.13354200
OS 4.75581800 0.13485900
OS 4.76382500 0.13745800
OS 4.76385300 0.13747200
OS 4.76397400 0.13755300
OS 4.76417600 0.13763700
OS 4.77133100 0.14128100
OS 4.77639400 0.14496000
OS 4.77645000 0.14501600
OS 4.77670700 0.14518800
OS 4.77812800 0.14622000
OS 4.78407200 0.15216300
OS 4.78420200 0.15235800
OS 4.78425400 0.15241000
OS 4.78876600 0.15861900
OS 4.78893000 0.15886500
OS 4.78897500 0.15891000
OS 4.78903600 0.15900100
OS 4.78931100 0.15927600
OS 4.78940200 0.15933600
OS 4.78948800 0.15942300
OS 4.78969400 0.15956000
OS 4.79029500 0.16002400
OS 4.79038700 0.16011600
OS 4.79058800 0.16025000
OS 4.79085500 0.16045600
OS 4.79090300 0.16050400
OS 4.79123400 0.16072600
OS 4.79159200 0.16087400
OS 4.79197300 0.16095000
OS 4.79208300 0.16095000
OS 4.79237800 0.16097500
OS 4.79254300 0.16100800
OS 4.79275700 0.16100800
OS 4.79295100 0.16102500
OS 4.79311400 0.16105700
OS 4.79332700 0.16105700
OS 4.79365200 0.16108500
OS 4.79373500 0.16110100
OS 4.79412200 0.16110100
OS 4.79450300 0.16102500
OS 4.79486100 0.16087700
OS 4.79494100 0.16082400
OS 4.79522100 0.16067700
OS 4.79540200 0.16060200
OS 4.79554500 0.16050700
OS 4.79607700 0.16022700
OS 4.79625500 0.16015300
OS 4.79639300 0.16006000
OS 4.79648200 0.16001400
OS 4.79657500 0.15997500
OS 4.79690300 0.15975700
OS 4.79717800 0.15948200
OS 4.79721700 0.15942400
OS 4.79731300 0.15931300
OS 4.79746800 0.15915800
OS 4.79762600 0.15892100
OS 4.80235900 0.15241000
OS 4.80241100 0.15235800
OS 4.80253900 0.15216600
OS 4.80847100 0.14623300
OS 4.80992500 0.14517600
OS 4.81016500 0.14501600
OS 4.81021700 0.14496400
OS 4.81528100 0.14128300
OS 4.82161100 0.13805600
OS 4.82182700 0.13796700
OS 4.82194800 0.13788600
OS 4.82204400 0.13784700
OS 4.82237000 0.13762900
OS 4.82244300 0.13755600
OS 4.82248200 0.13753000
OS 4.82271000 0.13730200
OS 4.82287400 0.13714800
OS 4.82292100 0.13711600
OS 4.82304400 0.13699300
OS 4.82306800 0.13697700
OS 4.82330600 0.13673900
OS 4.82381200 0.13626200
OS 4.82383100 0.13624900
OS 4.82411500 0.13596700
OS 4.82433000 0.13564500
OS 4.82447800 0.13528700
OS 4.82450800 0.13513700
OS 4.82481900 0.13387700
OS 4.82483800 0.13383200
OS 4.82491800 0.13343100
OS 4.82491800 0.13304400
OS 4.82484200 0.13266300
OS 4.82469400 0.13230500
OS 4.82447900 0.13198300
OS 4.82418900 0.13169500
OS 4.82410200 0.13163700
OS 4.82321400 0.13090800
OS 4.82306800 0.13076200
OS 4.82290300 0.13065200
OS 4.82279400 0.13056300
OS 4.82065000 0.12842200
OS 4.81874500 0.12610000
OS 4.81709100 0.12362500
OS 4.81566700 0.12096100
OS 4.81452500 0.11820500
OS 4.81422700 0.11722500
OS 4.81419100 0.11704200
OS 4.81412000 0.11687100
OS 4.81365100 0.11532600
OS 4.81306900 0.11239700
OS 4.81284300 0.11011000
OS 4.81284300 0.10991500
OS 4.81280500 0.10972300
OS 4.81277300 0.10940200
OS 4.81277300 0.10641000
OS 4.81306500 0.10344200
OS 4.81364600 0.10051500
OS 4.81366300 0.10045000
OS 4.81452200 0.09761500
OS 4.81566300 0.09486200
OS 4.81708300 0.09220100
OS 4.81874600 0.08971200
OS 4.81908900 0.08929400
OS 4.81922500 0.08915800
OS 4.81933200 0.08899800
OS 4.82064600 0.08739600
OS 4.82277000 0.08527200
OS 4.82508600 0.08337200
OS 4.82755500 0.08172100
OS 4.82758800 0.08170100
OS 4.83023100 0.08028900
OS 4.83298100 0.07914900
OS 4.83586400 0.07827400
OS 4.83880000 0.07769000
OS 4.84178900 0.07739500
OE
OB 6.82293500 0.17455100 H
OS 6.82332200 0.17455100
OS 6.82370300 0.17447500
OS 6.82406100 0.17432700
OS 6.82438300 0.17411200
OS 6.82465800 0.17383700
OS 6.82487300 0.17351500
OS 6.82502100 0.17315700
OS 6.82509700 0.17277600
OS 6.82510000 0.13356300
OS 6.85087200 0.13356200
OS 6.85317000 0.13380900
OS 6.85840100 0.13575900
OS 6.86011900 0.13704400
OS 6.86019100 0.13711600
OS 6.86041700 0.13726600
OS 6.86286400 0.13909700
OS 6.86620200 0.14355500
OS 6.86815500 0.14878600
OS 6.86829100 0.15002700
OS 6.86829100 0.15020200
OS 6.86833200 0.15041100
OS 6.86840600 0.15110600
OS 6.86840400 0.18277300
OS 6.83509700 0.18277500
OS 6.83471600 0.18285100
OS 6.83435800 0.18299900
OS 6.83403600 0.18321400
OS 6.83376100 0.18348900
OS 6.83354600 0.18381100
OS 6.83339800 0.18416900
OS 6.83332200 0.18455000
OS 6.83332200 0.18493700
OS 6.83339800 0.18531800
OS 6.83340400 0.18533300
OS 6.83340900 0.18535800
OS 6.83343000 0.18540900
OS 6.83404400 0.18769800
OS 6.83409200 0.18794100
OS 6.83414000 0.18805700
OS 6.83472200 0.19022800
OS 6.83474300 0.19033400
OS 6.83474400 0.19551400
OS 6.83463300 0.19592900
OS 6.83458600 0.19604200
OS 6.83453900 0.19628200
OS 6.83414300 0.19776100
OS 6.83409300 0.19788200
OS 6.83404200 0.19813800
OS 6.83343400 0.20041100
OS 6.83341100 0.20046500
OS 6.83340600 0.20049100
OS 6.83340000 0.20050500
OS 6.83332400 0.20088600
OS 6.83332400 0.20127300
OS 6.83340000 0.20165400
OS 6.83354800 0.20201200
OS 6.83376300 0.20233400
OS 6.83403800 0.20260900
OS 6.83436000 0.20282400
OS 6.83471800 0.20297200
OS 6.83509900 0.20304800
OS 6.86840300 0.20305100
OS 6.86840600 0.20309300
OS 6.86840500 0.23473000
OS 6.86825600 0.23612000
OS 6.86821700 0.23631500
OS 6.86821700 0.23648000
OS 6.86815900 0.23702300
OS 6.86621300 0.24224600
OS 6.86618200 0.24229200
OS 6.86287000 0.24672100
OS 6.85949700 0.24924600
OS 6.85926500 0.24940100
OS 6.85919000 0.24947600
OS 6.85841000 0.25006000
OS 6.85318000 0.25201200
OS 6.85089900 0.25226000
OS 6.85086600 0.25226200
OS 6.82510100 0.25226100
OS 6.82509800 0.21304800
OS 6.82502200 0.21266700
OS 6.82487400 0.21230900
OS 6.82465900 0.21198700
OS 6.82438400 0.21171200
OS 6.82406200 0.21149700
OS 6.82370400 0.21134900
OS 6.82332300 0.21127300
OS 6.82293600 0.21127300
OS 6.82255500 0.21134900
OS 6.82254500 0.21135300
OS 6.82251500 0.21135900
OS 6.82245500 0.21138400
OS 6.82017600 0.21199500
OS 6.81993200 0.21204300
OS 6.81981600 0.21209100
OS 6.81756700 0.21269400
OS 6.81235800 0.21269400
OS 6.81010200 0.21209000
OS 6.80999100 0.21204400
OS 6.80975600 0.21199700
OS 6.80746900 0.21138500
OS 6.80740800 0.21136000
OS 6.80737700 0.21135400
OS 6.80736800 0.21135000
OS 6.80698700 0.21127400
OS 6.80660000 0.21127400
OS 6.80621900 0.21135000
OS 6.80586100 0.21149800
OS 6.80553900 0.21171300
OS 6.80526400 0.21198800
OS 6.80504900 0.21231000
OS 6.80490100 0.21266800
OS 6.80482500 0.21304900
OS 6.80482200 0.25226100
OS 6.80477500 0.25226300
OS 6.77905000 0.25226200
OS 6.77675100 0.25201500
OS 6.77152200 0.25006600
OS 6.77072800 0.24947200
OS 6.77065700 0.24940100
OS 6.77043600 0.24925300
OS 6.76705600 0.24672500
OS 6.76372900 0.24228300
OS 6.76371400 0.24226000
OS 6.76232100 0.23852900
OS 6.76230700 0.23846000
OS 6.76218300 0.23816100
OS 6.76216500 0.23811200
OS 6.76215900 0.23807800
OS 6.76200900 0.23771500
OS 6.76179400 0.23739300
OS 6.76175400 0.23735200
OS 6.76172900 0.23731900
OS 6.76156800 0.23707700
OS 6.76149600 0.23700500
OS 6.76119400 0.23659900
OS 6.76091300 0.23618100
OS 6.76090200 0.23617000
OS 6.76064900 0.23579800
OS 6.76037400 0.23552300
OS 6.76005200 0.23530800
OS 6.75969400 0.23516000
OS 6.75965600 0.23515100
OS 6.75924600 0.23499800
OS 6.75897200 0.23488400
OS 6.75893800 0.23487700
OS 6.75841900 0.23466000
OS 6.75840900 0.23465400
OS 6.75804000 0.23450100
OS 6.75765900 0.23442500
OS 6.75727200 0.23442500
OS 6.75687800 0.23450300
OS 6.75686100 0.23451000
OS 6.75644800 0.23460000
OS 6.75607700 0.23467300
OS 6.75602600 0.23467300
OS 6.75569700 0.23473900
OS 6.75546300 0.23477900
OS 6.75543300 0.23477900
OS 6.75504600 0.23485600
OS 6.75468200 0.23500700
OS 6.75435500 0.23522600
OS 6.75433600 0.23524500
OS 6.75412200 0.23539800
OS 6.75387000 0.23556600
OS 6.75384700 0.23558900
OS 6.75370000 0.23568700
OS 6.74979000 0.23959600
OS 6.74859300 0.24046700
OS 6.74833800 0.24063700
OS 6.74828200 0.24069300
OS 6.74823600 0.24072700
OS 6.74810800 0.24081200
OS 6.74783300 0.24108700
OS 6.74761300 0.24141700
OS 6.74759700 0.24145700
OS 6.74751400 0.24159400
OS 6.74734300 0.24185000
OS 6.74731000 0.24193000
OS 6.74727100 0.24199400
OS 6.74720600 0.24205900
OS 6.74718800 0.24208600
OS 6.74717600 0.24209800
OS 6.74704100 0.24230000
OS 6.74689500 0.24249000
OS 6.74684600 0.24254000
OS 6.74663100 0.24286200
OS 6.74648300 0.24322000
OS 6.74646100 0.24332600
OS 6.74642900 0.24340400
OS 6.74635000 0.24379400
OS 6.74635000 0.24391500
OS 6.74628400 0.24425400
OS 6.74628400 0.24427400
OS 6.74618200 0.24480600
OS 6.74618100 0.53062800
OS 6.74498100 0.53666000
OS 6.74263400 0.54233100
OS 6.74260500 0.54237800
OS 6.73921100 0.54745700
OS 6.73486100 0.55180700
OS 6.72977000 0.55521300
OS 6.72974600 0.55522600
OS 6.72407400 0.55757300
OS 6.71802500 0.55877800
OS 6.71189200 0.55877800
OS 6.70585600 0.55757700
OS 6.70018100 0.55522800
OS 6.69506900 0.55181400
OS 6.69070900 0.54745700
OS 6.68729100 0.54234200
OS 6.68494300 0.53666500
OS 6.68374200 0.53063900
OS 6.68374000 0.53059100
OS 6.68374000 0.24491000
OS 6.68366300 0.24452300
OS 6.68362800 0.24443900
OS 6.68358600 0.24422700
OS 6.68351700 0.24406200
OS 6.68339900 0.24365700
OS 6.68335600 0.24344200
OS 6.68328800 0.24327700
OS 6.68325300 0.24315900
OS 6.68321100 0.24294800
OS 6.68314200 0.24278200
OS 6.68309200 0.24261200
OS 6.68307200 0.24250900
OS 6.68292100 0.24214300
OS 6.68270600 0.24182100
OS 6.68259100 0.24170600
OS 6.68250600 0.24161500
OS 6.68247200 0.24156500
OS 6.68223100 0.24132400
OS 6.68211600 0.24120200
OS 6.68208400 0.24115400
OS 6.68186700 0.24093700
OS 6.68185300 0.24091600
OS 6.68157800 0.24064100
OS 6.68155500 0.24062500
OS 6.68152600 0.24059600
OS 6.68127900 0.24043100
OS 6.68014600 0.23960800
OS 6.68011400 0.23958000
OS 6.67418200 0.23364700
OS 6.66951100 0.22721800
OS 6.66933800 0.22695900
OS 6.66928900 0.22691000
OS 6.66923200 0.22682500
OS 6.66895300 0.22654600
OS 6.66886700 0.22648800
OS 6.66878000 0.22640100
OS 6.66857000 0.22626100
OS 6.66797500 0.22580200
OS 6.66788200 0.22570900
OS 6.66768200 0.22557600
OS 6.66741000 0.22536600
OS 6.66735700 0.22531400
OS 6.66703500 0.22509900
OS 6.66667700 0.22495100
OS 6.66629600 0.22487500
OS 6.66618400 0.22487500
OS 6.66589300 0.22485000
OS 6.66572600 0.22481700
OS 6.66567400 0.22481700
OS 6.66563400 0.22480900
OS 6.66542200 0.22480900
OS 6.66531800 0.22480000
OS 6.66515100 0.22476700
OS 6.66493600 0.22476700
OS 6.66462400 0.22474000
OS 6.66453900 0.22472300
OS 6.66414400 0.22472200
OS 6.66376300 0.22479800
OS 6.66340500 0.22494600
OS 6.66331500 0.22500400
OS 6.66304500 0.22514700
OS 6.66286300 0.22522200
OS 6.66282800 0.22524500
OS 6.66278300 0.22526400
OS 6.66263400 0.22536300
OS 6.66219900 0.22559300
OS 6.66201300 0.22567000
OS 6.66187100 0.22576600
OS 6.66179800 0.22580400
OS 6.66169500 0.22584700
OS 6.66136700 0.22606600
OS 6.66109200 0.22634100
OS 6.66105400 0.22639800
OS 6.66097600 0.22648900
OS 6.66080000 0.22666500
OS 6.66063800 0.22690800
OS 6.65574300 0.23364400
OS 6.64978500 0.23960100
OS 6.64740800 0.24132800
OS 6.64714900 0.24150100
OS 6.64709400 0.24155600
OS 6.64298100 0.24454300
OS 6.63550800 0.24835300
OS 6.63465000 0.24863400
OS 6.63451000 0.24866200
OS 6.63431300 0.24874400
OS 6.62748500 0.25096200
OS 6.61916300 0.25228200
OS 6.61075700 0.25228200
OS 6.60244900 0.25096500
OS 6.59562300 0.24875000
OS 6.59541200 0.24866200
OS 6.59526200 0.24863200
OS 6.59444500 0.24836700
OS 6.58694100 0.24454400
OS 6.58282500 0.24155400
OS 6.58277200 0.24150100
OS 6.58252600 0.24133700
OS 6.58013500 0.23960000
OS 6.57417600 0.23364100
OS 6.56951400 0.22722200
OS 6.56933800 0.22695900
OS 6.56928900 0.22691000
OS 6.56923200 0.22682500
OS 6.56895300 0.22654600
OS 6.56886800 0.22648900
OS 6.56878000 0.22640100
OS 6.56857000 0.22626100
OS 6.56797500 0.22580200
OS 6.56788200 0.22570900
OS 6.56767700 0.22557200
OS 6.56741000 0.22536600
OS 6.56735700 0.22531400
OS 6.56703500 0.22509900
OS 6.56667700 0.22495100
OS 6.56629600 0.22487500
OS 6.56618300 0.22487500
OS 6.56589200 0.22485000
OS 6.56572600 0.22481700
OS 6.56567400 0.22481700
OS 6.56563400 0.22480900
OS 6.56541900 0.22480900
OS 6.56531500 0.22480000
OS 6.56515100 0.22476700
OS 6.56494100 0.22476700
OS 6.56462400 0.22474000
OS 6.56453900 0.22472300
OS 6.56414400 0.22472200
OS 6.56376300 0.22479800
OS 6.56340500 0.22494600
OS 6.56331700 0.22500300
OS 6.56304500 0.22514700
OS 6.56286300 0.22522200
OS 6.56282900 0.22524500
OS 6.56278300 0.22526400
OS 6.56263500 0.22536300
OS 6.56219800 0.22559300
OS 6.56201300 0.22567000
OS 6.56186700 0.22576800
OS 6.56180700 0.22579900
OS 6.56169500 0.22584700
OS 6.56136700 0.22606600
OS 6.56109200 0.22634100
OS 6.56105400 0.22639800
OS 6.56096800 0.22649700
OS 6.56080000 0.22666500
OS 6.56064400 0.22689900
OS 6.55574100 0.23364500
OS 6.54978500 0.23960100
OS 6.54740600 0.24133000
OS 6.54714900 0.24150100
OS 6.54709300 0.24155700
OS 6.54298600 0.24454100
OS 6.54175100 0.24517100
OS 6.54153500 0.24526100
OS 6.54141500 0.24534100
OS 6.54131600 0.24538200
OS 6.54098900 0.24560100
OS 6.54091600 0.24567400
OS 6.54088000 0.24569800
OS 6.54064100 0.24593700
OS 6.54007000 0.24647700
OS 6.54002300 0.24650900
OS 6.53977300 0.24675900
OS 6.53954000 0.24697900
OS 6.53951400 0.24699700
OS 6.53923100 0.24728000
OS 6.53901600 0.24760200
OS 6.53886500 0.24796700
OS 6.53883900 0.24809700
OS 6.53877800 0.24832400
OS 6.53872600 0.24845000
OS 6.53867900 0.24868800
OS 6.53851200 0.24930200
OS 6.53846200 0.24942300
OS 6.53841200 0.24967300
OS 6.53838500 0.24973700
OS 6.53830900 0.25012200
OS 6.53830700 0.78968100
OS 6.53672700 0.79559000
OS 6.53664400 0.79571400
OS 6.53659500 0.79583100
OS 6.53364300 0.80094300
OS 6.53110700 0.80348300
OS 6.53089200 0.80380500
OS 6.53085800 0.80388700
OS 6.53073500 0.80407200
OS 6.53066500 0.80424000
OS 6.53006200 0.80534500
OS 6.52994400 0.80552100
OS 6.52987700 0.80568200
OS 6.52981300 0.80578000
OS 6.52966200 0.80614400
OS 6.52846300 0.81215900
OS 6.52842900 0.81224200
OS 6.52841100 0.81233300
OS 6.52609700 0.81792600
OS 6.52267900 0.82304400
OS 6.51832300 0.82740100
OS 6.51321600 0.83081300
OS 6.50756800 0.83315300
OS 6.50753500 0.83316500
OS 6.50149900 0.83436700
OS 6.49535700 0.83436800
OS 6.48932300 0.83316800
OS 6.48364500 0.83081800
OS 6.47853400 0.82740500
OS 6.47417400 0.82304800
OS 6.47075800 0.81793400
OS 6.46844100 0.81233800
OS 6.46842200 0.81224200
OS 6.46838800 0.81215900
OS 6.46720500 0.80622000
OS 6.46720500 0.80007900
OS 6.46840800 0.79403800
OS 6.47075400 0.78837200
OS 6.47078600 0.78832000
OS 6.47417500 0.78324900
OS 6.47851700 0.77890500
OS 6.47854100 0.77888700
OS 6.48362700 0.77548800
OS 6.48366400 0.77547100
OS 6.48837200 0.77352000
OS 6.48869600 0.77330400
OS 6.48876000 0.77324000
OS 6.48894300 0.77311700
OS 6.48907000 0.77299000
OS 6.48965300 0.77252000
OS 6.48982400 0.77240600
OS 6.48994700 0.77228300
OS 6.49017900 0.77209600
OS 6.49026800 0.77203700
OS 6.49054300 0.77176200
OS 6.49075800 0.77144000
OS 6.49090600 0.77108200
OS 6.49092200 0.77100700
OS 6.49102800 0.77069000
OS 6.49112100 0.77046500
OS 6.49114800 0.77032800
OS 6.49136200 0.76968500
OS 6.49146000 0.76945000
OS 6.49148800 0.76930900
OS 6.49153700 0.76919100
OS 6.49161400 0.76880400
OS 6.49161400 0.25015100
OS 6.49153700 0.24976400
OS 6.49150200 0.24967900
OS 6.49146000 0.24946800
OS 6.49139300 0.24930600
OS 6.49117100 0.24854900
OS 6.49112900 0.24834100
OS 6.49106200 0.24818000
OS 6.49098900 0.24793000
OS 6.49096700 0.24782000
OS 6.49081600 0.24745600
OS 6.49060000 0.24713200
OS 6.49031800 0.24685000
OS 6.49028200 0.24682600
OS 6.49003200 0.24660000
OS 6.48983200 0.24640000
OS 6.48975400 0.24634800
OS 6.48929300 0.24593100
OS 6.48908500 0.24572300
OS 6.48901600 0.24567700
OS 6.48895100 0.24561200
OS 6.48862900 0.24539700
OS 6.48854200 0.24536100
OS 6.48843000 0.24528600
OS 6.48822100 0.24519900
OS 6.48696100 0.24455700
OS 6.48281900 0.24154900
OS 6.48277100 0.24150100
OS 6.48254800 0.24135300
OS 6.48013800 0.23960200
OS 6.47417600 0.23364100
OS 6.46930100 0.22693100
OS 6.46929400 0.22691400
OS 6.46920200 0.22677700
OS 6.46541900 0.21935200
OS 6.46302300 0.21197900
OS 6.46299600 0.21184200
OS 6.46291600 0.21165000
OS 6.46281500 0.21133800
OS 6.46177700 0.20479200
OS 6.46177700 0.20471500
OS 6.46171500 0.20440600
OS 6.46149700 0.20302900
OS 6.46149600 0.18280600
OS 6.46160900 0.18209500
OS 6.46166700 0.18180200
OS 6.46166700 0.18172500
OS 6.46279700 0.17459300
OS 6.46282300 0.17446400
OS 6.46525500 0.16697300
OS 6.46533700 0.16677500
OS 6.46536500 0.16663300
OS 6.46541200 0.16648900
OS 6.46885800 0.15972300
OS 6.46893800 0.15960300
OS 6.46902200 0.15940000
OS 6.46923300 0.15898600
OS 6.47401300 0.15240900
OS 6.47406400 0.15235800
OS 6.47419200 0.15216600
OS 6.48013600 0.14622300
OS 6.48156900 0.14518200
OS 6.48181800 0.14501600
OS 6.48187400 0.14496000
OS 6.48693500 0.14128300
OS 6.49408300 0.13764000
OS 6.49429300 0.13755300
OS 6.49442100 0.13746700
OS 6.50243400 0.13486200
OS 6.51075800 0.13354200
OS 6.51916500 0.13354200
OS 6.52747200 0.13485900
OS 6.53548400 0.13746000
OS 6.53550800 0.13747200
OS 6.53562900 0.13755300
OS 6.53583100 0.13763700
OS 6.54298200 0.14128000
OS 6.54804600 0.14495900
OS 6.54810300 0.14501600
OS 6.54836100 0.14518800
OS 6.54978300 0.14622100
OS 6.55573000 0.15216700
OS 6.55585700 0.15235800
OS 6.55591200 0.15241300
OS 6.56040500 0.15859800
OS 6.56058400 0.15886500
OS 6.56063400 0.15891500
OS 6.56069100 0.15900000
OS 6.56097000 0.15927900
OS 6.56105500 0.15933600
OS 6.56114200 0.15942300
OS 6.56135100 0.15956300
OS 6.56194800 0.16002300
OS 6.56204100 0.16011600
OS 6.56224500 0.16025200
OS 6.56250800 0.16045500
OS 6.56255700 0.16050400
OS 6.56288800 0.16072600
OS 6.56324600 0.16087400
OS 6.56362700 0.16095000
OS 6.56373700 0.16095000
OS 6.56402900 0.16097500
OS 6.56419700 0.16100800
OS 6.56441100 0.16100800
OS 6.56459900 0.16102500
OS 6.56477000 0.16105800
OS 6.56497800 0.16105800
OS 6.56530400 0.16108500
OS 6.56538000 0.16110000
OS 6.56577600 0.16110100
OS 6.56615700 0.16102500
OS 6.56651500 0.16087700
OS 6.56659900 0.16082200
OS 6.56684900 0.16069000
OS 6.56705800 0.16060300
OS 6.56721100 0.16050100
OS 6.56771600 0.16023500
OS 6.56791000 0.16015400
OS 6.56807300 0.16004600
OS 6.56813400 0.16001400
OS 6.56822800 0.15997500
OS 6.56855500 0.15975700
OS 6.56883000 0.15948200
OS 6.56887000 0.15942300
OS 6.56894800 0.15933400
OS 6.56912300 0.15915900
OS 6.56929400 0.15890300
OS 6.57400800 0.15241400
OS 6.57406400 0.15235800
OS 6.57418900 0.15217000
OS 6.58013200 0.14622600
OS 6.58156600 0.14518400
OS 6.58181800 0.14501600
OS 6.58187400 0.14496000
OS 6.58693400 0.14128400
OS 6.59326600 0.13805600
OS 6.59348000 0.13796700
OS 6.59360200 0.13788600
OS 6.59369600 0.13784700
OS 6.59402300 0.13762900
OS 6.59409600 0.13755600
OS 6.59413500 0.13753000
OS 6.59438600 0.13727900
OS 6.59452300 0.13715000
OS 6.59457400 0.13711600
OS 6.59471600 0.13697400
OS 6.59474300 0.13695600
OS 6.59497700 0.13672200
OS 6.59546500 0.13626200
OS 6.59548400 0.13624900
OS 6.59576800 0.13596700
OS 6.59598300 0.13564500
OS 6.59613100 0.13528700
OS 6.59616300 0.13512700
OS 6.59648100 0.13384400
OS 6.59649900 0.13380000
OS 6.59657900 0.13339900
OS 6.59657900 0.13301200
OS 6.59650300 0.13263100
OS 6.59635500 0.13227300
OS 6.59614000 0.13195100
OS 6.59585000 0.13166300
OS 6.59576700 0.13160700
OS 6.59489000 0.13088800
OS 6.59474300 0.13074100
OS 6.59456900 0.13062400
OS 6.59447400 0.13054600
OS 6.59235000 0.12842200
OS 6.59044500 0.12610100
OS 6.58878200 0.12361000
OS 6.58736700 0.12096100
OS 6.58622200 0.11819700
OS 6.58592700 0.11722500
OS 6.58589100 0.11704200
OS 6.58581800 0.11686500
OS 6.58535200 0.11532800
OS 6.58476900 0.11239800
OS 6.58454300 0.11010300
OS 6.58454300 0.10991500
OS 6.58450500 0.10972200
OS 6.58447300 0.10939800
OS 6.58447300 0.10640800
OS 6.58476700 0.10342400
OS 6.58534400 0.10052600
OS 6.58536200 0.10045000
OS 6.58621600 0.09763400
OS 6.58736700 0.09485200
OS 6.58877600 0.09221300
OS 6.59043900 0.08972200
OS 6.59079400 0.08928900
OS 6.59092500 0.08915800
OS 6.59102800 0.08900300
OS 6.59234600 0.08739600
OS 6.59447000 0.08527200
OS 6.59679200 0.08336700
OS 6.59927500 0.08170800
OS 6.60192400 0.08029200
OS 6.60469500 0.07914400
OS 6.60756200 0.07827400
OS 6.61048400 0.07769300
OS 6.61348900 0.07739500
OS 6.61648200 0.07739500
OS 6.61944300 0.07768600
OS 6.62237700 0.07826800
OS 6.62244500 0.07828500
OS 6.62524700 0.07913400
OS 6.62527800 0.07914500
OS 6.62804300 0.08029100
OS 6.63068300 0.08170100
OS 6.63316200 0.08335500
OS 6.63541500 0.08520100
OS 6.63550600 0.08527900
OS 6.63762000 0.08739200
OS 6.63893900 0.08899900
OS 6.63904500 0.08915800
OS 6.63918200 0.08929500
OS 6.63952500 0.08971300
OS 6.64117600 0.09218400
OS 6.64260100 0.09484700
OS 6.64374500 0.09760900
OS 6.64462500 0.10051300
OS 6.64520000 0.10340700
OS 6.64549600 0.10640800
OS 6.64549800 0.10645100
OS 6.64549700 0.10940900
OS 6.64546600 0.10972200
OS 6.64542800 0.10991500
OS 6.64542800 0.11011000
OS 6.64520700 0.11235400
OS 6.64520100 0.11239800
OS 6.64462900 0.11527900
OS 6.64460700 0.11536600
OS 6.64415200 0.11686500
OS 6.64407900 0.11704200
OS 6.64404200 0.11722900
OS 6.64374900 0.11819500
OS 6.64260100 0.12096500
OS 6.64118800 0.12361000
OS 6.63952100 0.12610600
OS 6.63762300 0.12841800
OS 6.63550200 0.13054000
OS 6.63534600 0.13066800
OS 6.63518600 0.13077500
OS 6.63504700 0.13091400
OS 6.63422100 0.13159300
OS 6.63413700 0.13164900
OS 6.63384900 0.13193500
OS 6.63363400 0.13225700
OS 6.63348600 0.13261500
OS 6.63341000 0.13299600
OS 6.63341000 0.13338300
OS 6.63342500 0.13346400
OS 6.63348500 0.13429500
OS 6.63348500 0.13441700
OS 6.63356100 0.13479800
OS 6.63370900 0.13515600
OS 6.63392400 0.13547800
OS 6.63396500 0.13552000
OS 6.63446700 0.13619100
OS 6.63462800 0.13643200
OS 6.63465800 0.13646200
OS 6.63472200 0.13655800
OS 6.63478200 0.13661800
OS 6.63491000 0.13681000
OS 6.63498900 0.13688900
OS 6.63509200 0.13704000
OS 6.63536700 0.13731500
OS 6.63569600 0.13753500
OS 6.63572800 0.13754800
OS 6.63587300 0.13763900
OS 6.63612300 0.13780500
OS 6.63633700 0.13789400
OS 6.64297800 0.14127800
OS 6.64805200 0.14496500
OS 6.64810300 0.14501600
OS 6.64833800 0.14517300
OS 6.64978400 0.14622300
OS 6.65572900 0.15216600
OS 6.65585700 0.15235800
OS 6.65590800 0.15240900
OS 6.66041600 0.15861300
OS 6.66058400 0.15886500
OS 6.66062900 0.15891000
OS 6.66069000 0.15900100
OS 6.66096500 0.15927600
OS 6.66105500 0.15933600
OS 6.66114200 0.15942300
OS 6.66134800 0.15956000
OS 6.66194800 0.16002300
OS 6.66204100 0.16011600
OS 6.66224400 0.16025100
OS 6.66250900 0.16045600
OS 6.66255700 0.16050400
OS 6.66288800 0.16072600
OS 6.66324600 0.16087400
OS 6.66362700 0.16095000
OS 6.66373700 0.16095000
OS 6.66403500 0.16097600
OS 6.66419700 0.16100800
OS 6.66440300 0.16100800
OS 6.66460700 0.16102600
OS 6.66477000 0.16105800
OS 6.66500900 0.16105900
OS 6.66530300 0.16108500
OS 6.66538000 0.16110000
OS 6.66577600 0.16110100
OS 6.66615700 0.16102500
OS 6.66651500 0.16087700
OS 6.66659900 0.16082200
OS 6.66685500 0.16068700
OS 6.66705800 0.16060300
OS 6.66721300 0.16050000
OS 6.66771600 0.16023500
OS 6.66791000 0.16015400
OS 6.66807300 0.16004600
OS 6.66813400 0.16001400
OS 6.66822800 0.15997500
OS 6.66855500 0.15975700
OS 6.66883000 0.15948200
OS 6.66887000 0.15942300
OS 6.66894800 0.15933400
OS 6.66912300 0.15915900
OS 6.66928600 0.15891500
OS 6.67401000 0.15241200
OS 6.67406400 0.15235800
OS 6.67418800 0.15217200
OS 6.68013600 0.14622300
OS 6.68156000 0.14518800
OS 6.68181800 0.14501600
OS 6.68187400 0.14496000
OS 6.68693500 0.14128300
OS 6.69408500 0.13763900
OS 6.69429300 0.13755300
OS 6.69443100 0.13746300
OS 6.70242800 0.13486400
OS 6.71075800 0.13354200
OS 6.71916500 0.13354200
OS 6.72747200 0.13485900
OS 6.73547400 0.13745600
OS 6.73551500 0.13747700
OS 6.73562900 0.13755300
OS 6.73582000 0.13763200
OS 6.74297700 0.14127700
OS 6.74804600 0.14495900
OS 6.74810300 0.14501600
OS 6.74836100 0.14518800
OS 6.74977500 0.14621500
OS 6.75347800 0.14991400
OS 6.75380200 0.15013000
OS 6.75388500 0.15016400
OS 6.75406600 0.15028500
OS 6.75422900 0.15035200
OS 6.75488400 0.15071000
OS 6.75505800 0.15082600
OS 6.75522400 0.15089500
OS 6.75547200 0.15103000
OS 6.75556400 0.15109200
OS 6.75592800 0.15124300
OS 6.75631200 0.15132000
OS 6.75670800 0.15132000
OS 6.75677900 0.15130600
OS 6.75710800 0.15128200
OS 6.75734600 0.15128200
OS 6.75748300 0.15125500
OS 6.75768400 0.15124000
OS 6.75791900 0.15124000
OS 6.75805500 0.15121300
OS 6.75833300 0.15119300
OS 6.75845700 0.15119300
OS 6.75883800 0.15111700
OS 6.75919600 0.15096900
OS 6.75952800 0.15074700
OS 6.75956400 0.15071100
OS 6.75983500 0.15050800
OS 6.76007500 0.15034800
OS 6.76014900 0.15027400
OS 6.76052900 0.14999000
OS 6.76076400 0.14983300
OS 6.76083900 0.14975800
OS 6.76092100 0.14969700
OS 6.76103900 0.14961800
OS 6.76131400 0.14934300
OS 6.76152900 0.14902100
OS 6.76156300 0.14894100
OS 6.76163800 0.14880100
OS 6.76175900 0.14862000
OS 6.76181300 0.14849100
OS 6.76191100 0.14834300
OS 6.76195200 0.14824400
OS 6.76196600 0.14822300
OS 6.76211400 0.14786500
OS 6.76211900 0.14783900
OS 6.76221300 0.14761500
OS 6.76222600 0.14755000
OS 6.76371300 0.14356600
OS 6.76705000 0.13910500
OS 6.76950600 0.13726500
OS 6.76973000 0.13711600
OS 6.76980300 0.13704300
OS 6.77151200 0.13576300
OS 6.77674200 0.13381200
OS 6.77905800 0.13356100
OS 6.80482100 0.13356300
OS 6.80482400 0.17277600
OS 6.80490000 0.17315700
OS 6.80504800 0.17351500
OS 6.80526300 0.17383700
OS 6.80553800 0.17411200
OS 6.80586000 0.17432700
OS 6.80621800 0.17447500
OS 6.80659900 0.17455100
OS 6.80698600 0.17455100
OS 6.80736700 0.17447500
OS 6.80738100 0.17446900
OS 6.80740700 0.17446400
OS 6.80746000 0.17444200
OS 6.80973500 0.17383200
OS 6.80999000 0.17378100
OS 6.81011000 0.17373100
OS 6.81234800 0.17313100
OS 6.81755900 0.17312900
OS 6.81982500 0.17373600
OS 6.81993100 0.17378000
OS 6.82015500 0.17382400
OS 6.82246100 0.17444200
OS 6.82251400 0.17446400
OS 6.82254000 0.17446900
OS 6.82255400 0.17447500
OS 6.82293500 0.17455100
OE
OB 6.12133500 0.67350400 H
OS 6.12747800 0.67350300
OS 6.13351200 0.67470300
OS 6.13918400 0.67705100
OS 6.13921300 0.67706800
OS 6.14430900 0.68047300
OS 6.14865300 0.68481500
OS 6.14868000 0.68485200
OS 6.15206900 0.68992200
OS 6.15442500 0.69560800
OS 6.15563000 0.70165400
OS 6.15563000 0.70778700
OS 6.15443200 0.71381600
OS 6.15208300 0.71949600
OS 6.14866200 0.72462000
OS 6.14431600 0.72896700
OS 6.13920400 0.73238600
OS 6.13355900 0.73472500
OS 6.13351900 0.73474000
OS 6.12748300 0.73594200
OS 6.12743200 0.73594400
OS 6.12134000 0.73594300
OS 6.11530200 0.73474100
OS 6.10962900 0.73239300
OS 6.10451700 0.72897800
OS 6.10016500 0.72463000
OS 6.10013800 0.72459300
OS 6.09674900 0.71952100
OS 6.09673200 0.71948500
OS 6.09440200 0.71385900
OS 6.09439100 0.71382800
OS 6.09319000 0.70779900
OS 6.09318900 0.70165400
OS 6.09439000 0.69561700
OS 6.09673800 0.68994500
OS 6.10015900 0.68482300
OS 6.10450300 0.68047900
OS 6.10961500 0.67706000
OS 6.11528200 0.67471300
OS 6.11532300 0.67470100
OS 6.12133500 0.67350400
OE
OB 5.53078900 0.67350300 H
OS 5.53692900 0.67350300
OS 5.54296000 0.67470300
OS 5.54300100 0.67471800
OS 5.54863300 0.67705100
OS 5.54866200 0.67706800
OS 5.55375800 0.68047300
OS 5.55809000 0.68480200
OS 5.55812400 0.68484500
OS 5.56152000 0.68992400
OS 5.56387200 0.69560500
OS 5.56507700 0.70164500
OS 5.56507800 0.70779300
OS 5.56387700 0.71382800
OS 5.56153100 0.71949800
OS 5.56151000 0.71953200
OS 5.55811100 0.72462000
OS 5.55375900 0.72897300
OS 5.54865300 0.73238500
OS 5.54300100 0.73472800
OS 5.54296800 0.73474000
OS 5.53692800 0.73594300
OS 5.53078800 0.73594300
OS 5.52476900 0.73474600
OS 5.51907800 0.73239300
OS 5.51395900 0.72897300
OS 5.50961400 0.72463000
OS 5.50958900 0.72459600
OS 5.50619900 0.71952200
OS 5.50618100 0.71948500
OS 5.50384100 0.71383100
OS 5.50264200 0.70781700
OS 5.50263800 0.70778100
OS 5.50263800 0.70165500
OS 5.50383900 0.69561700
OS 5.50618700 0.68994700
OS 5.50621200 0.68990600
OS 5.50960800 0.68482300
OS 5.51395700 0.68047300
OS 5.51907200 0.67705600
OS 5.52475000 0.67470600
OS 5.53078900 0.67350300
OE
OB 7.30243700 0.67350400 H
OS 7.30858300 0.67350300
OS 7.31461700 0.67470400
OS 7.32029000 0.67705200
OS 7.32541100 0.68047300
OS 7.32975700 0.68481600
OS 7.33317300 0.68992400
OS 7.33552900 0.69561400
OS 7.33673100 0.70164600
OS 7.33673200 0.70779400
OS 7.33553100 0.71382800
OS 7.33318300 0.71949900
OS 7.32976200 0.72462300
OS 7.32541100 0.72897500
OS 7.32031300 0.73238200
OS 7.32027200 0.73240100
OS 7.31462100 0.73474000
OS 7.30858200 0.73594300
OS 7.30244300 0.73594300
OS 7.29640800 0.73474200
OS 7.29073300 0.73239400
OS 7.29070600 0.73237800
OS 7.28561900 0.72897800
OS 7.28126600 0.72463000
OS 7.27785000 0.71951900
OS 7.27549500 0.71383200
OS 7.27429300 0.70779900
OS 7.27429200 0.70165200
OS 7.27549200 0.69562200
OS 7.27784100 0.68994500
OS 7.27785700 0.68991800
OS 7.28126100 0.68482300
OS 7.28561000 0.68047400
OS 7.29071400 0.67706300
OS 7.29075200 0.67704500
OS 7.29640000 0.67470700
OS 7.30243700 0.67350400
OE
OB 4.94023100 0.67350400 H
OS 4.94637600 0.67350300
OS 4.95241300 0.67470400
OS 4.95808300 0.67705200
OS 4.96320700 0.68047300
OS 4.96755900 0.68482500
OS 4.97097200 0.68993300
OS 4.97331200 0.69558200
OS 4.97332400 0.69561600
OS 4.97452700 0.70164800
OS 4.97452700 0.70779300
OS 4.97332600 0.71382800
OS 4.97097900 0.71950000
OS 4.96755800 0.72462200
OS 4.96320800 0.72897300
OS 4.95810200 0.73238500
OS 4.95806500 0.73240300
OS 4.95245000 0.73472800
OS 4.95241700 0.73474000
OS 4.94638200 0.73594200
OS 4.94023800 0.73594300
OS 4.93420200 0.73474200
OS 4.93416400 0.73472800
OS 4.92852900 0.73239500
OS 4.92340700 0.72897300
OS 4.91906400 0.72463100
OS 4.91564000 0.71951000
OS 4.91328900 0.71383000
OS 4.91208700 0.70779300
OS 4.91208700 0.70165000
OS 4.91328800 0.69561600
OS 4.91563500 0.68994600
OS 4.91905700 0.68482300
OS 4.92340200 0.68047700
OS 4.92851700 0.67705800
OS 4.93419800 0.67470600
OS 4.94023100 0.67350400
OE
OB 6.71189100 0.67350300 H
OS 6.71803100 0.67350300
OS 6.72406300 0.67470300
OS 6.72973300 0.67705000
OS 6.72978100 0.67708000
OS 6.73486000 0.68047300
OS 6.73920400 0.68481500
OS 6.73922800 0.68484700
OS 6.74262100 0.68992400
OS 6.74496500 0.69557900
OS 6.74497800 0.69561500
OS 6.74617900 0.70163800
OS 6.74618200 0.70168600
OS 6.74618100 0.70778900
OS 6.74498800 0.71379600
OS 6.74497300 0.71384700
OS 6.74263400 0.71949600
OS 6.74261400 0.71952900
OS 6.73921200 0.72462200
OS 6.73486700 0.72896700
OS 6.72975600 0.73238600
OS 6.72406900 0.73474000
OS 6.71804000 0.73594100
OS 6.71189100 0.73594300
OS 6.70585600 0.73474200
OS 6.70018100 0.73239400
OS 6.69506100 0.72897300
OS 6.69071500 0.72462900
OS 6.68730100 0.71952300
OS 6.68728400 0.71948600
OS 6.68494400 0.71383300
OS 6.68374200 0.70780500
OS 6.68374000 0.70776500
OS 6.68374000 0.70165200
OS 6.68493900 0.69562400
OS 6.68728900 0.68994500
OS 6.69071000 0.68482300
OS 6.69505800 0.68047500
OS 6.70016300 0.67706300
OS 6.70020700 0.67704200
OS 6.70585200 0.67470600
OS 6.71189100 0.67350300
OE
OB 7.95049900 0.39005800 H
OS 7.95973900 0.39005800
OS 7.96408100 0.39074600
OS 7.96439800 0.39080900
OS 7.96448000 0.39080900
OS 7.96886700 0.39150400
OS 7.97767900 0.39436600
OS 7.98514500 0.39816900
OS 7.98527100 0.39825300
OS 7.98547800 0.39833900
OS 7.98590600 0.39855700
OS 7.98887500 0.40071600
OS 7.96189300 0.42770500
OS 7.96167800 0.42802700
OS 7.96153000 0.42838500
OS 7.96145400 0.42876600
OS 7.96145400 0.42915300
OS 7.96153000 0.42953400
OS 7.96167800 0.42989200
OS 7.96189300 0.43021400
OS 7.96216800 0.43048900
OS 7.96249000 0.43070400
OS 7.96258300 0.43074300
OS 7.96263400 0.43076900
OS 7.96462900 0.43192100
OS 7.96484200 0.43206300
OS 7.96496000 0.43211200
OS 7.96701400 0.43329800
OS 7.97063100 0.43691100
OS 7.97182700 0.43898300
OS 7.97187300 0.43909300
OS 7.97200400 0.43929000
OS 7.97318100 0.44132800
OS 7.97323000 0.44144600
OS 7.97344500 0.44176800
OS 7.97372000 0.44204300
OS 7.97404200 0.44225800
OS 7.97440000 0.44240600
OS 7.97478100 0.44248200
OS 7.97516800 0.44248200
OS 7.97554900 0.44240600
OS 7.97590700 0.44225800
OS 7.97622900 0.44204300
OS 8.00321600 0.41506000
OS 8.00324700 0.41509700
OS 8.00536700 0.41801100
OS 8.00643100 0.42009800
OS 8.00651600 0.42030300
OS 8.00659800 0.42042700
OS 8.00955500 0.42622600
OS 8.00957100 0.42626200
OS 8.00992100 0.42733900
OS 8.00994800 0.42747500
OS 8.01002800 0.42766800
OS 8.01242800 0.43505000
OS 8.01359800 0.44242700
OS 8.01359800 0.44250200
OS 8.01365800 0.44280500
OS 8.01387600 0.44418000
OS 8.01387800 0.45343600
OS 8.01328400 0.45719000
OS 8.01322000 0.45751500
OS 8.01322000 0.45759100
OS 8.01242800 0.46258200
OS 8.01182800 0.46443000
OS 8.01174000 0.46464200
OS 8.01171100 0.46478800
OS 8.00957300 0.47137100
OS 8.00941000 0.47169100
OS 8.00932800 0.47181400
OS 8.00924400 0.47201700
OS 8.00540100 0.47956200
OS 8.00530000 0.47971400
OS 8.00321800 0.48257700
OS 7.97623000 0.45559200
OS 7.97590800 0.45537700
OS 7.97555000 0.45522900
OS 7.97516900 0.45515300
OS 7.97478200 0.45515300
OS 7.97440100 0.45522900
OS 7.97404300 0.45537700
OS 7.97372100 0.45559200
OS 7.97344600 0.45586700
OS 7.97323100 0.45618900
OS 7.97318900 0.45629000
OS 7.97316600 0.45633500
OS 7.97201900 0.45832200
OS 7.97187300 0.45854100
OS 7.97182400 0.45866000
OS 7.97063500 0.46071800
OS 7.96702500 0.46432900
OS 7.96495700 0.46552400
OS 7.96484200 0.46557200
OS 7.96463300 0.46571200
OS 7.96261100 0.46687900
OS 7.96249000 0.46693000
OS 7.96217400 0.46714100
OS 7.96189300 0.46742000
OS 7.96167800 0.46774200
OS 7.96153000 0.46810000
OS 7.96145400 0.46848100
OS 7.96145400 0.46886800
OS 7.96153000 0.46924900
OS 7.96167800 0.46960700
OS 7.96189300 0.46992900
OS 7.98887200 0.49691300
OS 7.98887100 0.49692000
OS 7.98591300 0.49907300
OS 7.98080100 0.50167800
OS 7.98059300 0.50176400
OS 7.98046600 0.50184900
OS 7.97768300 0.50326700
OS 7.96888300 0.50612700
OS 7.95973700 0.50757700
OS 7.95049900 0.50757700
OS 7.94138100 0.50613300
OS 7.94134200 0.50612300
OS 7.93256800 0.50327300
OS 7.92976500 0.50184600
OS 7.92964300 0.50176400
OS 7.92943600 0.50167800
OS 7.92433100 0.49907800
OS 7.92136600 0.49692300
OS 7.92136400 0.49691300
OS 7.94834400 0.46992900
OS 7.94855900 0.46960700
OS 7.94870700 0.46924900
OS 7.94878300 0.46886800
OS 7.94878300 0.46848100
OS 7.94870700 0.46810000
OS 7.94855900 0.46774200
OS 7.94834400 0.46742000
OS 7.94806900 0.46714500
OS 7.94774700 0.46693000
OS 7.94764700 0.46688900
OS 7.94760700 0.46686800
OS 7.94560500 0.46571200
OS 7.94539400 0.46557200
OS 7.94527800 0.46552400
OS 7.94322200 0.46433700
OS 7.93960700 0.46072600
OS 7.93841200 0.45865800
OS 7.93836400 0.45854200
OS 7.93822400 0.45833300
OS 7.93705200 0.45630200
OS 7.93700600 0.45618900
OS 7.93679100 0.45586700
OS 7.93651600 0.45559200
OS 7.93619400 0.45537700
OS 7.93583600 0.45522900
OS 7.93545500 0.45515300
OS 7.93506800 0.45515300
OS 7.93468700 0.45522900
OS 7.93432900 0.45537700
OS 7.93400700 0.45559200
OS 7.90702000 0.48257500
OS 7.90698900 0.48253800
OS 7.90494000 0.47972200
OS 7.90493700 0.47971400
OS 7.90483600 0.47956200
OS 7.90099200 0.47201700
OS 7.90090800 0.47181400
OS 7.90082400 0.47168800
OS 7.90067100 0.47138800
OS 7.89852400 0.46478500
OS 7.89849600 0.46464200
OS 7.89841300 0.46444200
OS 7.89780900 0.46258400
OS 7.89701700 0.45759100
OS 7.89701700 0.45751500
OS 7.89695800 0.45721800
OS 7.89635900 0.45344300
OS 7.89635800 0.44420000
OS 7.89658200 0.44278900
OS 7.89663900 0.44250200
OS 7.89663900 0.44242700
OS 7.89780900 0.43505200
OS 7.90020300 0.42767900
OS 7.90028800 0.42747500
OS 7.90031700 0.42732900
OS 7.90066000 0.42627300
OS 7.90067000 0.42624900
OS 7.90363600 0.42042500
OS 7.90371800 0.42030300
OS 7.90380300 0.42009800
OS 7.90485700 0.41802900
OS 7.90701700 0.41505800
OS 7.93400600 0.44204300
OS 7.93432800 0.44225800
OS 7.93468600 0.44240600
OS 7.93506700 0.44248200
OS 7.93545400 0.44248200
OS 7.93583500 0.44240600
OS 7.93619300 0.44225800
OS 7.93651500 0.44204300
OS 7.93679000 0.44176800
OS 7.93700500 0.44144600
OS 7.93704400 0.44135100
OS 7.93707600 0.44129000
OS 7.93821500 0.43931700
OS 7.93836400 0.43909400
OS 7.93841500 0.43897100
OS 7.93960100 0.43691700
OS 7.94319500 0.43332000
OS 7.94321300 0.43330500
OS 7.94528300 0.43210900
OS 7.94539300 0.43206300
OS 7.94559400 0.43192900
OS 7.94763400 0.43075000
OS 7.94774500 0.43070400
OS 7.94806700 0.43048900
OS 7.94834200 0.43021400
OS 7.94855700 0.42989200
OS 7.94870500 0.42953400
OS 7.94878100 0.42915300
OS 7.94878100 0.42876600
OS 7.94870500 0.42838500
OS 7.94855700 0.42802700
OS 7.94834200 0.42770500
OS 7.92136100 0.40072000
OS 7.92139800 0.40068900
OS 7.92430400 0.39857400
OS 7.92478300 0.39833000
OS 7.92496900 0.39825300
OS 7.92508400 0.39817600
OS 7.93255500 0.39436700
OS 7.94135200 0.39150800
OS 7.94576100 0.39080900
OS 7.94583900 0.39080900
OS 7.94614100 0.39074900
OS 7.95049900 0.39005800
OE
OB 0.17490800 0.37037300 H
OS 0.18414900 0.37037300
OS 0.19329300 0.37182300
OS 0.20207800 0.37467600
OS 0.21031800 0.37887300
OS 0.21328600 0.38103200
OS 0.18630200 0.40802100
OS 0.18608700 0.40834300
OS 0.18593900 0.40870100
OS 0.18586300 0.40908200
OS 0.18586300 0.40946900
OS 0.18593900 0.40985000
OS 0.18608700 0.41020800
OS 0.18630200 0.41053000
OS 0.18657700 0.41080500
OS 0.18689900 0.41102000
OS 0.18701000 0.41106600
OS 0.18904700 0.41224100
OS 0.18925200 0.41237800
OS 0.18936600 0.41242500
OS 0.19136400 0.41357800
OS 0.19140200 0.41361600
OS 0.19148300 0.41367000
OS 0.19503800 0.41722300
OS 0.19623600 0.41929600
OS 0.19628200 0.41940700
OS 0.19641700 0.41961000
OS 0.19758800 0.42163500
OS 0.19764000 0.42176000
OS 0.19785500 0.42208200
OS 0.19813000 0.42235700
OS 0.19845200 0.42257200
OS 0.19881000 0.42272000
OS 0.19919100 0.42279600
OS 0.19957800 0.42279600
OS 0.19995900 0.42272000
OS 0.20031700 0.42257200
OS 0.20063900 0.42235700
OS 0.22762600 0.39537500
OS 0.22881300 0.39700300
OS 0.22898300 0.39725800
OS 0.22904000 0.39731500
OS 0.22977900 0.39833000
OS 0.23281700 0.40429100
OS 0.23290500 0.40450300
OS 0.23299000 0.40463000
OS 0.23397500 0.40656400
OS 0.23559100 0.41153500
OS 0.23561900 0.41167500
OS 0.23570200 0.41187400
OS 0.23683700 0.41536600
OS 0.23737100 0.41873200
OS 0.23737100 0.41880200
OS 0.23742700 0.41908200
OS 0.23828700 0.42450800
OS 0.23828800 0.43369400
OS 0.23826400 0.43381500
OS 0.23826400 0.43389800
OS 0.23707400 0.44141000
OS 0.23701400 0.44171500
OS 0.23701400 0.44178900
OS 0.23684000 0.44288300
OS 0.23497600 0.44862800
OS 0.23488700 0.44884200
OS 0.23485700 0.44899300
OS 0.23397900 0.45169300
OS 0.23184200 0.45588800
OS 0.23175800 0.45601400
OS 0.23167100 0.45622500
OS 0.22978900 0.45991900
OS 0.22762800 0.46289200
OS 0.20063900 0.43590700
OS 0.20031700 0.43569200
OS 0.19995900 0.43554400
OS 0.19957800 0.43546800
OS 0.19919100 0.43546800
OS 0.19881000 0.43554400
OS 0.19845200 0.43569200
OS 0.19813000 0.43590700
OS 0.19785500 0.43618200
OS 0.19764000 0.43650400
OS 0.19759500 0.43661300
OS 0.19758200 0.43663900
OS 0.19642800 0.43863800
OS 0.19628200 0.43885700
OS 0.19623500 0.43897100
OS 0.19563600 0.44000800
OS 0.19549900 0.44021400
OS 0.19545200 0.44032800
OS 0.19504500 0.44103200
OS 0.19143700 0.44464300
OS 0.18936200 0.44584100
OS 0.18925200 0.44588700
OS 0.18905200 0.44602000
OS 0.18702000 0.44719400
OS 0.18689900 0.44724400
OS 0.18657700 0.44745900
OS 0.18630200 0.44773400
OS 0.18608700 0.44805600
OS 0.18593900 0.44841400
OS 0.18586300 0.44879500
OS 0.18586300 0.44918200
OS 0.18593900 0.44956300
OS 0.18608700 0.44992100
OS 0.18630200 0.45024300
OS 0.21328500 0.47723200
OS 0.21178600 0.47832500
OS 0.21152200 0.47850100
OS 0.21146300 0.47856000
OS 0.21033900 0.47937800
OS 0.20209100 0.48358200
OS 0.19577900 0.48563400
OS 0.19563700 0.48566200
OS 0.19543600 0.48574500
OS 0.19329300 0.48644200
OS 0.18414700 0.48789200
OS 0.17490700 0.48789200
OS 0.16577700 0.48644600
OS 0.16362000 0.48574500
OS 0.16341900 0.48566200
OS 0.16327600 0.48563400
OS 0.15697800 0.48358800
OS 0.14873800 0.47939200
OS 0.14758300 0.47855200
OS 0.14753200 0.47850100
OS 0.14729800 0.47834500
OS 0.14576900 0.47723300
OS 0.17275300 0.45024400
OS 0.17296800 0.44992200
OS 0.17311600 0.44956400
OS 0.17319200 0.44918300
OS 0.17319200 0.44879600
OS 0.17311600 0.44841500
OS 0.17296800 0.44805700
OS 0.17275300 0.44773500
OS 0.17247800 0.44746000
OS 0.17215600 0.44724500
OS 0.17204400 0.44719900
OS 0.17003000 0.44603700
OS 0.16980400 0.44588600
OS 0.16967900 0.44583400
OS 0.16762700 0.44465000
OS 0.16401700 0.44104200
OS 0.16400300 0.44102100
OS 0.16360800 0.44033700
OS 0.16355700 0.44021400
OS 0.16340400 0.43998400
OS 0.16282600 0.43898300
OS 0.16277400 0.43885700
OS 0.16262400 0.43863200
OS 0.16147100 0.43663400
OS 0.16141600 0.43650400
OS 0.16120100 0.43618200
OS 0.16092600 0.43590700
OS 0.16060400 0.43569200
OS 0.16024600 0.43554400
OS 0.15986500 0.43546800
OS 0.15947800 0.43546800
OS 0.15909700 0.43554400
OS 0.15873900 0.43569200
OS 0.15841700 0.43590700
OS 0.13146000 0.46286100
OS 0.13142800 0.46289000
OS 0.12927300 0.45992800
OS 0.12738600 0.45622600
OS 0.12729800 0.45601400
OS 0.12721300 0.45588600
OS 0.12508300 0.45170800
OS 0.12419700 0.44898700
OS 0.12416800 0.44884200
OS 0.12408400 0.44863900
OS 0.12221800 0.44289900
OS 0.12204200 0.44178900
OS 0.12204200 0.44171500
OS 0.12198500 0.44142800
OS 0.12079200 0.43390300
OS 0.12079200 0.43381500
OS 0.12076900 0.43370000
OS 0.12076800 0.42451500
OS 0.12162600 0.41909700
OS 0.12168500 0.41880200
OS 0.12168500 0.41872400
OS 0.12221800 0.41536800
OS 0.12335100 0.41187900
OS 0.12343600 0.41167500
OS 0.12346600 0.41152600
OS 0.12507100 0.40658500
OS 0.12607000 0.40462300
OS 0.12615000 0.40450300
OS 0.12623300 0.40430200
OS 0.12926700 0.39834400
OS 0.13001900 0.39731000
OS 0.13007100 0.39725800
OS 0.13022800 0.39702200
OS 0.13142700 0.39537400
OS 0.15841600 0.42235800
OS 0.15873800 0.42257300
OS 0.15909600 0.42272100
OS 0.15947700 0.42279700
OS 0.15986400 0.42279700
OS 0.16024500 0.42272100
OS 0.16060300 0.42257300
OS 0.16092500 0.42235800
OS 0.16120000 0.42208300
OS 0.16141500 0.42176100
OS 0.16145500 0.42166400
OS 0.16148600 0.42160500
OS 0.16263300 0.41961800
OS 0.16277300 0.41940800
OS 0.16282100 0.41929100
OS 0.16401000 0.41723200
OS 0.16756600 0.41367400
OS 0.16765300 0.41361600
OS 0.16769000 0.41357900
OS 0.16968600 0.41242600
OS 0.16980200 0.41237800
OS 0.17001200 0.41223800
OS 0.17202900 0.41107300
OS 0.17215500 0.41102000
OS 0.17247700 0.41080500
OS 0.17275200 0.41053000
OS 0.17296700 0.41020800
OS 0.17311500 0.40985000
OS 0.17319100 0.40946900
OS 0.17319100 0.40908200
OS 0.17311500 0.40870100
OS 0.17296700 0.40834300
OS 0.17275200 0.40802100
OS 0.14577000 0.38103500
OS 0.14872400 0.37888100
OS 0.15695000 0.37468800
OS 0.16576100 0.37182300
OS 0.17490800 0.37037300
OE
OB 0.46821000 0.13962600 H
OS 0.46825200 0.13962400
OS 0.71761600 0.13962600
OS 0.71761900 0.13965800
OS 0.71761700 0.23903300
OS 0.71757500 0.23903500
OS 0.46821100 0.23903300
OS 0.46820800 0.23898000
OS 0.46821000 0.13962600
OE
SE
P 4.84329 0.107908 21 N 0 0;1=1
P 5.43389 0.107908 21 N 0 0;1=1
P 6.02439 0.107908 21 N 0 0;1=1
P 6.61499 0.107908 21 N 0 0;1=1
P 7.20549 0.107908 21 N 0 0;1=1
P 8.02049 3.40001 21 N 0 0;1=1
P 8.02049 2.82911 21 N 0 0;1=1
P 8.02049 2.25831 21 N 0 0;1=1
P 8.02049 1.68741 21 N 0 0;1=1
P 8.02049 1.11651 21 N 0 0;1=1
L 0 4.25197 8.14961 4.25197 22 N 0
L 8.14961 4.25197 8.14961 -0.0000010 22 N 0
L 8.14961 -0.0000010 0 -0.0000010 22 N 0
L 0 -0.0000010 0 4.25197 22 N 0
S P 0;2
OB 5.7775150000 3.5212890000 I
OS 5.7774450000 3.5212590000
OS 5.7773740000 3.5212890000
OS 5.7773450000 3.5213600000
OS 5.7773450000 3.5248070000
OS 5.7773740000 3.5248770000
OS 5.7774450000 3.5249070000
OS 5.7775150000 3.5248770000
OS 5.7799490000 3.5224440000
OS 5.7799790000 3.5223740000
OS 5.7799490000 3.5223030000
OS 5.7798790000 3.5222730000
OS 5.7798160000 3.5222950000
OS 5.7797480000 3.5223510000
OS 5.7796630000 3.5224080000
OS 5.7795690000 3.5224630000
OS 5.7794860000 3.5225040000
OS 5.7793390000 3.5225600000
OS 5.7791860000 3.5226010000
OS 5.7790880000 3.5226150000
OS 5.7789380000 3.5226250000
OS 5.7788430000 3.5226230000
OS 5.7787410000 3.5226140000
OS 5.7786400000 3.5225960000
OS 5.7785340000 3.5225700000
OS 5.7784470000 3.5225420000
OS 5.7783450000 3.5224990000
OS 5.7782540000 3.5224540000
OS 5.7781670000 3.5224020000
OS 5.7780470000 3.5223140000
OS 5.7779690000 3.5222450000
OS 5.7779020000 3.5221760000
OS 5.7778340000 3.5220970000
OS 5.7777780000 3.5220220000
OS 5.7777200000 3.5219260000
OS 5.7776720000 3.5218350000
OS 5.7776350000 3.5217480000
OS 5.7775990000 3.5216460000
OS 5.7775730000 3.5215490000
OS 5.7775480000 3.5214020000
OS 5.7775440000 3.5213520000
OS 5.7775150000 3.5212890000
OE
SE
S P 0;2
OB 5.7775150000 3.4659380000 I
OS 5.7774450000 3.4659090000
OS 5.7773740000 3.4659380000
OS 5.7773450000 3.4660090000
OS 5.7773450000 3.4694640000
OS 5.7773740000 3.4695340000
OS 5.7774450000 3.4695640000
OS 5.7775150000 3.4695340000
OS 5.7775440000 3.4694710000
OS 5.7775490000 3.4694090000
OS 5.7775710000 3.4692730000
OS 5.7775990000 3.4691680000
OS 5.7776490000 3.4690300000
OS 5.7776950000 3.4689330000
OS 5.7777420000 3.4688510000
OS 5.7778020000 3.4687610000
OS 5.7778640000 3.4686810000
OS 5.7779320000 3.4686060000
OS 5.7780410000 3.4685060000
OS 5.7781190000 3.4684450000
OS 5.7782050000 3.4683900000
OS 5.7782920000 3.4683410000
OS 5.7783920000 3.4682960000
OS 5.7784800000 3.4682630000
OS 5.7785330000 3.4682460000
OS 5.7786340000 3.4682210000
OS 5.7787840000 3.4681970000
OS 5.7788850000 3.4681900000
OS 5.7789890000 3.4681920000
OS 5.7790910000 3.4682000000
OS 5.7791810000 3.4682140000
OS 5.7792860000 3.4682390000
OS 5.7793850000 3.4682700000
OS 5.7794740000 3.4683050000
OS 5.7795640000 3.4683490000
OS 5.7796510000 3.4683990000
OS 5.7797410000 3.4684600000
OS 5.7798150000 3.4685180000
OS 5.7798770000 3.4685400000
OS 5.7799470000 3.4685100000
OS 5.7799770000 3.4684400000
OS 5.7799470000 3.4683690000
OS 5.7775150000 3.4659380000
OE
SE
S P 0;2
OB 5.7655050000 3.4587610000 I
OS 5.7654670000 3.4587540000
OS 5.7653960000 3.4587830000
OS 5.7653670000 3.4588540000
OS 5.7653960000 3.4589240000
OS 5.7654180000 3.4589410000
OS 5.7655030000 3.4589880000
OS 5.7655880000 3.4590430000
OS 5.7656690000 3.4591050000
OS 5.7657390000 3.4591670000
OS 5.7658110000 3.4592400000
OS 5.7658770000 3.4593170000
OS 5.7659350000 3.4593950000
OS 5.7659930000 3.4594920000
OS 5.7660400000 3.4595820000
OS 5.7660770000 3.4596680000
OS 5.7661110000 3.4597640000
OS 5.7661370000 3.4598610000
OS 5.7661570000 3.4599690000
OS 5.7661680000 3.4600700000
OS 5.7661720000 3.4602150000
OS 5.7661650000 3.4603160000
OS 5.7661510000 3.4604140000
OS 5.7661290000 3.4605140000
OS 5.7660800000 3.4606670000
OS 5.7660430000 3.4607530000
OS 5.7659970000 3.4608450000
OS 5.7659440000 3.4609310000
OS 5.7658800000 3.4610200000
OS 5.7658220000 3.4610910000
OS 5.7657440000 3.4611710000
OS 5.7656750000 3.4612330000
OS 5.7655960000 3.4612940000
OS 5.7655030000 3.4613540000
OS 5.7654160000 3.4614030000
OS 5.7653220000 3.4614470000
OS 5.7652350000 3.4614790000
OS 5.7651790000 3.4614970000
OS 5.7650880000 3.4615210000
OS 5.7649800000 3.4615400000
OS 5.7648990000 3.4615480000
OS 5.7648390000 3.4615770000
OS 5.7648100000 3.4616480000
OS 5.7648390000 3.4617180000
OS 5.7649100000 3.4617480000
OS 5.7713980000 3.4617480000
OS 5.7714680000 3.4617180000
OS 5.7714980000 3.4616480000
OS 5.7714680000 3.4615770000
OS 5.7714530000 3.4615640000
OS 5.7701230000 3.4606760000
OS 5.7701160000 3.4606740000
OS 5.7701060000 3.4606670000
OS 5.7655050000 3.4587610000
OE
SE
S P 0
OB 5.7775150000 3.5212890000 I
OS 5.7774450000 3.5212590000
OS 5.7773740000 3.5212890000
OS 5.7773450000 3.5213600000
OS 5.7773450000 3.5248070000
OS 5.7773740000 3.5248770000
OS 5.7774450000 3.5249070000
OS 5.7775150000 3.5248770000
OS 5.7799490000 3.5224440000
OS 5.7799790000 3.5223740000
OS 5.7799490000 3.5223030000
OS 5.7798790000 3.5222730000
OS 5.7798160000 3.5222950000
OS 5.7797480000 3.5223510000
OS 5.7796630000 3.5224080000
OS 5.7795690000 3.5224630000
OS 5.7794860000 3.5225040000
OS 5.7793390000 3.5225600000
OS 5.7791860000 3.5226010000
OS 5.7790880000 3.5226150000
OS 5.7789380000 3.5226250000
OS 5.7788430000 3.5226230000
OS 5.7787410000 3.5226140000
OS 5.7786400000 3.5225960000
OS 5.7785340000 3.5225700000
OS 5.7784470000 3.5225420000
OS 5.7783450000 3.5224990000
OS 5.7782540000 3.5224540000
OS 5.7781670000 3.5224020000
OS 5.7780470000 3.5223140000
OS 5.7779690000 3.5222450000
OS 5.7779020000 3.5221760000
OS 5.7778340000 3.5220970000
OS 5.7777780000 3.5220220000
OS 5.7777200000 3.5219260000
OS 5.7776720000 3.5218350000
OS 5.7776350000 3.5217480000
OS 5.7775990000 3.5216460000
OS 5.7775730000 3.5215490000
OS 5.7775480000 3.5214020000
OS 5.7775440000 3.5213520000
OS 5.7775150000 3.5212890000
OE
SE
S P 0
OB 5.7775150000 3.4659380000 I
OS 5.7774450000 3.4659090000
OS 5.7773740000 3.4659380000
OS 5.7773450000 3.4660090000
OS 5.7773450000 3.4694640000
OS 5.7773740000 3.4695340000
OS 5.7774450000 3.4695640000
OS 5.7775150000 3.4695340000
OS 5.7775440000 3.4694710000
OS 5.7775490000 3.4694090000
OS 5.7775710000 3.4692730000
OS 5.7775990000 3.4691680000
OS 5.7776490000 3.4690300000
OS 5.7776950000 3.4689330000
OS 5.7777420000 3.4688510000
OS 5.7778020000 3.4687610000
OS 5.7778640000 3.4686810000
OS 5.7779320000 3.4686060000
OS 5.7780410000 3.4685060000
OS 5.7781190000 3.4684450000
OS 5.7782050000 3.4683900000
OS 5.7782920000 3.4683410000
OS 5.7783920000 3.4682960000
OS 5.7784800000 3.4682630000
OS 5.7785330000 3.4682460000
OS 5.7786340000 3.4682210000
OS 5.7787840000 3.4681970000
OS 5.7788850000 3.4681900000
OS 5.7789890000 3.4681920000
OS 5.7790910000 3.4682000000
OS 5.7791810000 3.4682140000
OS 5.7792860000 3.4682390000
OS 5.7793850000 3.4682700000
OS 5.7794740000 3.4683050000
OS 5.7795640000 3.4683490000
OS 5.7796510000 3.4683990000
OS 5.7797410000 3.4684600000
OS 5.7798150000 3.4685180000
OS 5.7798770000 3.4685400000
OS 5.7799470000 3.4685100000
OS 5.7799770000 3.4684400000
OS 5.7799470000 3.4683690000
OS 5.7775150000 3.4659380000
OE
SE
S P 0
OB 5.7655050000 3.4587610000 I
OS 5.7654670000 3.4587540000
OS 5.7653960000 3.4587830000
OS 5.7653670000 3.4588540000
OS 5.7653960000 3.4589240000
OS 5.7654180000 3.4589410000
OS 5.7655030000 3.4589880000
OS 5.7655880000 3.4590430000
OS 5.7656690000 3.4591050000
OS 5.7657390000 3.4591670000
OS 5.7658110000 3.4592400000
OS 5.7658770000 3.4593170000
OS 5.7659350000 3.4593950000
OS 5.7659930000 3.4594920000
OS 5.7660400000 3.4595820000
OS 5.7660770000 3.4596680000
OS 5.7661110000 3.4597640000
OS 5.7661370000 3.4598610000
OS 5.7661570000 3.4599690000
OS 5.7661680000 3.4600700000
OS 5.7661720000 3.4602150000
OS 5.7661650000 3.4603160000
OS 5.7661510000 3.4604140000
OS 5.7661290000 3.4605140000
OS 5.7660800000 3.4606670000
OS 5.7660430000 3.4607530000
OS 5.7659970000 3.4608450000
OS 5.7659440000 3.4609310000
OS 5.7658800000 3.4610200000
OS 5.7658220000 3.4610910000
OS 5.7657440000 3.4611710000
OS 5.7656750000 3.4612330000
OS 5.7655960000 3.4612940000
OS 5.7655030000 3.4613540000
OS 5.7654160000 3.4614030000
OS 5.7653220000 3.4614470000
OS 5.7652350000 3.4614790000
OS 5.7651790000 3.4614970000
OS 5.7650880000 3.4615210000
OS 5.7649800000 3.4615400000
OS 5.7648990000 3.4615480000
OS 5.7648390000 3.4615770000
OS 5.7648100000 3.4616480000
OS 5.7648390000 3.4617180000
OS 5.7649100000 3.4617480000
OS 5.7713980000 3.4617480000
OS 5.7714680000 3.4617180000
OS 5.7714980000 3.4616480000
OS 5.7714680000 3.4615770000
OS 5.7714530000 3.4615640000
OS 5.7701230000 3.4606760000
OS 5.7701160000 3.4606740000
OS 5.7701060000 3.4606670000
OS 5.7655050000 3.4587610000
OE
SE
P 8.08869 0.061327 23 N 0 0;1=1
P 0.061327 3.95244 23 N 0 0;1=1
