#
#Feature symbol names
#
$0 r3.93701
$1 r7.87402
$2 r5.90551
$3 r4.72441
$4 orig.to.i274x.roundrect.d14
$5 oval102.362x62.9921
$6 r78.7402
$7 r118.11
$8 orig.to.i274x.roundrect.d18
$9 s196.85
$10 r39.3701
$11 orig.to.i274x.roundrect.d21
$12 r94.4882
$13 orig.to.i274x.roundrect.d23
$14 orig.to.i274x.roundrect.d24
$15 orig.to.i274x.roundrect.d25
$16 orig.to.i274x.roundrect.d26
$17 r43.3071
$18 rect68.1102x79.9213
$19 oval68.1102x79.9213
$20 rect79.9213x68.1102
$21 oval79.9213x68.1102
$22 orig.to.i274x.roundrect.d32
$23 orig.to.i274x.roundrect.d33
$24 orig.to.i274x.roundrect.d34
$25 orig.to.i274x.roundrect.d35
$26 oval76.7717x66.9291
$27 orig.to.i274x.roundrect.d37
$28 orig.to.i274x.roundrect.d38
$29 r62.9921
$30 orig.to.i274x.roundrect.d40
$31 orig.to.i274x.roundrect.d41
$32 orig.to.i274x.roundrect.d42
$33 orig.to.i274x.roundrect.d43
$34 orig.to.i274x.roundrect.d44
$35 orig.to.i274x.roundrect.d45
$36 rect185.039x177.165
$37 orig.to.i274x.roundrect.d47
$38 r220.472
$39 orig.to.i274x.roundrect.d49
$40 orig.to.i274x.roundrect.d50
$41 orig.to.i274x.roundrect.d51
$42 orig.to.i274x.roundrect.d52
$43 orig.to.i274x.roundrect.d53
$44 orig.to.i274x.roundrect.d54
$45 rect100.394x139.764
$46 orig.to.i274x.roundrect.d56
$47 orig.to.i274x.roundrect.d57
$48 s66.9291
$49 r66.9291
$50 orig.to.i274x.roundrect.d60
$51 orig.to.i274x.roundrect.d61
$52 orig.to.i274x.roundrect.d62
$53 orig.to.i274x.roundrect.d63
$54 orig.to.i274x.roundrect.d64
$55 orig.to.i274x.roundrect.d65
$56 orig.to.i274x.roundrect.d66
$57 r23.622


#
#Feature attribute names
#


#
#Layer features
#
L 2.49843 2.69286 4.23858 2.69291 0 P 0
L 4.23858 2.69291 4.23858 0.429133 0 P 0
L 4.23858 0.429133 0.766142 0.429085 0 P 0
L 0.766142 0.429085 0.766142 2.24011 0 P 0
L 0.766142 2.24011 1.25827 2.24011 0 P 0
L 1.25827 2.24011 1.25827 3.16531 0 P 0
L 1.25827 3.16531 2.49843 3.16531 0 P 0
L 2.49843 3.16531 2.49843 2.69286 0 P 0
L 4.30919 2.44656 4.2867 2.44656 1 P 0
L 4.29794 2.44656 4.29794 2.48593 1 P 0
L 4.29794 2.48593 4.2942 2.48031 1 P 0
L 4.2942 2.48031 4.29045 2.47656 1 P 0
L 4.29045 2.47656 4.2867 2.47469 1 P 0
L 4.32419 2.48218 4.32607 2.48406 1 P 0
L 4.32607 2.48406 4.32981 2.48593 1 P 0
L 4.32981 2.48593 4.33919 2.48593 1 P 0
L 4.33919 2.48593 4.34294 2.48406 1 P 0
L 4.34294 2.48406 4.34481 2.48218 1 P 0
L 4.34481 2.48218 4.34669 2.47843 1 P 0
L 4.34669 2.47843 4.34669 2.47469 1 P 0
L 4.34669 2.47469 4.34481 2.46906 1 P 0
L 4.34481 2.46906 4.32232 2.44656 1 P 0
L 4.32232 2.44656 4.34669 2.44656 1 P 0
L 4.35794 2.48593 4.37106 2.44656 1 P 0
L 4.37106 2.44656 4.38418 2.48593 1 P 0
L 4.44043 2.46718 4.44605 2.46531 1 P 0
L 4.44605 2.46531 4.44792 2.46344 1 P 0
L 4.44792 2.46344 4.4498 2.45969 1 P 0
L 4.4498 2.45969 4.4498 2.45406 1 P 0
L 4.4498 2.45406 4.44792 2.45031 1 P 0
L 4.44792 2.45031 4.44605 2.44844 1 P 0
L 4.44605 2.44844 4.4423 2.44656 1 P 0
L 4.4423 2.44656 4.4273 2.44656 1 P 0
L 4.4273 2.44656 4.4273 2.48593 1 P 0
L 4.4273 2.48593 4.44043 2.48593 1 P 0
L 4.44043 2.48593 4.44418 2.48406 1 P 0
L 4.44418 2.48406 4.44605 2.48218 1 P 0
L 4.44605 2.48218 4.44792 2.47843 1 P 0
L 4.44792 2.47843 4.44792 2.47469 1 P 0
L 4.44792 2.47469 4.44605 2.47093 1 P 0
L 4.44605 2.47093 4.44418 2.46906 1 P 0
L 4.44418 2.46906 4.44043 2.46718 1 P 0
L 4.44043 2.46718 4.4273 2.46718 1 P 0
L 4.48355 2.47281 4.48355 2.44656 1 P 0
L 4.46667 2.47281 4.46667 2.45219 1 P 0
L 4.46667 2.45219 4.46855 2.44844 1 P 0
L 4.46855 2.44844 4.4723 2.44656 1 P 0
L 4.4723 2.44656 4.47792 2.44656 1 P 0
L 4.47792 2.44656 4.48167 2.44844 1 P 0
L 4.48167 2.44844 4.48355 2.45031 1 P 0
L 4.51917 2.44844 4.51542 2.44656 1 P 0
L 4.51542 2.44656 4.50792 2.44656 1 P 0
L 4.50792 2.44656 4.50417 2.44844 1 P 0
L 4.50417 2.44844 4.50229 2.45031 1 P 0
L 4.50229 2.45031 4.50042 2.45406 1 P 0
L 4.50042 2.45406 4.50042 2.46531 1 P 0
L 4.50042 2.46531 4.50229 2.46906 1 P 0
L 4.50229 2.46906 4.50417 2.47093 1 P 0
L 4.50417 2.47093 4.50792 2.47281 1 P 0
L 4.50792 2.47281 4.51542 2.47281 1 P 0
L 4.51542 2.47281 4.51917 2.47093 1 P 0
L 4.53604 2.44656 4.53604 2.48593 1 P 0
L 4.53979 2.46156 4.55104 2.44656 1 P 0
L 4.55104 2.47281 4.53604 2.45781 1 P 0
L 4.31107 2.38693 4.30919 2.38505 1 P 0
L 4.30919 2.38505 4.30357 2.38318 1 P 0
L 4.30357 2.38318 4.29982 2.38318 1 P 0
L 4.29982 2.38318 4.2942 2.38505 1 P 0
L 4.2942 2.38505 4.29045 2.3888 1 P 0
L 4.29045 2.3888 4.28857 2.39255 1 P 0
L 4.28857 2.39255 4.2867 2.40005 1 P 0
L 4.2867 2.40005 4.2867 2.40568 1 P 0
L 4.2867 2.40568 4.28857 2.41318 1 P 0
L 4.28857 2.41318 4.29045 2.41692 1 P 0
L 4.29045 2.41692 4.2942 2.42067 1 P 0
L 4.2942 2.42067 4.29982 2.42255 1 P 0
L 4.29982 2.42255 4.30357 2.42255 1 P 0
L 4.30357 2.42255 4.30919 2.42067 1 P 0
L 4.30919 2.42067 4.31107 2.4188 1 P 0
L 4.34481 2.40943 4.34481 2.38318 1 P 0
L 4.32794 2.40943 4.32794 2.3888 1 P 0
L 4.32794 2.3888 4.32981 2.38505 1 P 0
L 4.32981 2.38505 4.33357 2.38318 1 P 0
L 4.33357 2.38318 4.33919 2.38318 1 P 0
L 4.33919 2.38318 4.34294 2.38505 1 P 0
L 4.34294 2.38505 4.34481 2.38693 1 P 0
L 4.36356 2.38318 4.36356 2.40943 1 P 0
L 4.36356 2.40193 4.36544 2.40568 1 P 0
L 4.36544 2.40568 4.36731 2.40755 1 P 0
L 4.36731 2.40755 4.37106 2.40943 1 P 0
L 4.37106 2.40943 4.37481 2.40943 1 P 0
L 4.38793 2.38318 4.38793 2.40943 1 P 0
L 4.38793 2.40193 4.38981 2.40568 1 P 0
L 4.38981 2.40568 4.39168 2.40755 1 P 0
L 4.39168 2.40755 4.39543 2.40943 1 P 0
L 4.39543 2.40943 4.39918 2.40943 1 P 0
L 4.4273 2.38505 4.42355 2.38318 1 P 0
L 4.42355 2.38318 4.41605 2.38318 1 P 0
L 4.41605 2.38318 4.4123 2.38505 1 P 0
L 4.4123 2.38505 4.41043 2.3888 1 P 0
L 4.41043 2.3888 4.41043 2.4038 1 P 0
L 4.41043 2.4038 4.4123 2.40755 1 P 0
L 4.4123 2.40755 4.41605 2.40943 1 P 0
L 4.41605 2.40943 4.42355 2.40943 1 P 0
L 4.42355 2.40943 4.4273 2.40755 1 P 0
L 4.4273 2.40755 4.42918 2.4038 1 P 0
L 4.42918 2.4038 4.42918 2.40005 1 P 0
L 4.42918 2.40005 4.41043 2.3963 1 P 0
L 4.44605 2.40943 4.44605 2.38318 1 P 0
L 4.44605 2.40568 4.44792 2.40755 1 P 0
L 4.44792 2.40755 4.45167 2.40943 1 P 0
L 4.45167 2.40943 4.4573 2.40943 1 P 0
L 4.4573 2.40943 4.46105 2.40755 1 P 0
L 4.46105 2.40755 4.46292 2.4038 1 P 0
L 4.46292 2.4038 4.46292 2.38318 1 P 0
L 4.47605 2.40943 4.49104 2.40943 1 P 0
L 4.48167 2.42255 4.48167 2.3888 1 P 0
L 4.48167 2.3888 4.48355 2.38505 1 P 0
L 4.48355 2.38505 4.48729 2.38318 1 P 0
L 4.48729 2.38318 4.49104 2.38318 1 P 0
L 4.53229 2.38505 4.53791 2.38318 1 P 0
L 4.53791 2.38318 4.54729 2.38318 1 P 0
L 4.54729 2.38318 4.55104 2.38505 1 P 0
L 4.55104 2.38505 4.55291 2.38693 1 P 0
L 4.55291 2.38693 4.55479 2.39068 1 P 0
L 4.55479 2.39068 4.55479 2.39443 1 P 0
L 4.55479 2.39443 4.55291 2.39818 1 P 0
L 4.55291 2.39818 4.55104 2.40005 1 P 0
L 4.55104 2.40005 4.54729 2.40193 1 P 0
L 4.54729 2.40193 4.53979 2.4038 1 P 0
L 4.53979 2.4038 4.53604 2.40568 1 P 0
L 4.53604 2.40568 4.53416 2.40755 1 P 0
L 4.53416 2.40755 4.53229 2.4113 1 P 0
L 4.53229 2.4113 4.53229 2.41505 1 P 0
L 4.53229 2.41505 4.53416 2.4188 1 P 0
L 4.53416 2.4188 4.53604 2.42067 1 P 0
L 4.53604 2.42067 4.53979 2.42255 1 P 0
L 4.53979 2.42255 4.54916 2.42255 1 P 0
L 4.54916 2.42255 4.55479 2.42067 1 P 0
L 4.58666 2.38505 4.58291 2.38318 1 P 0
L 4.58291 2.38318 4.57541 2.38318 1 P 0
L 4.57541 2.38318 4.57166 2.38505 1 P 0
L 4.57166 2.38505 4.56978 2.3888 1 P 0
L 4.56978 2.3888 4.56978 2.4038 1 P 0
L 4.56978 2.4038 4.57166 2.40755 1 P 0
L 4.57166 2.40755 4.57541 2.40943 1 P 0
L 4.57541 2.40943 4.58291 2.40943 1 P 0
L 4.58291 2.40943 4.58666 2.40755 1 P 0
L 4.58666 2.40755 4.58853 2.4038 1 P 0
L 4.58853 2.4038 4.58853 2.40005 1 P 0
L 4.58853 2.40005 4.56978 2.3963 1 P 0
L 4.60541 2.40943 4.60541 2.38318 1 P 0
L 4.60541 2.40568 4.60728 2.40755 1 P 0
L 4.60728 2.40755 4.61103 2.40943 1 P 0
L 4.61103 2.40943 4.61665 2.40943 1 P 0
L 4.61665 2.40943 4.6204 2.40755 1 P 0
L 4.6204 2.40755 4.62228 2.4038 1 P 0
L 4.62228 2.4038 4.62228 2.38318 1 P 0
L 4.63915 2.38505 4.6429 2.38318 1 P 0
L 4.6429 2.38318 4.6504 2.38318 1 P 0
L 4.6504 2.38318 4.65415 2.38505 1 P 0
L 4.65415 2.38505 4.65602 2.3888 1 P 0
L 4.65602 2.3888 4.65602 2.39068 1 P 0
L 4.65602 2.39068 4.65415 2.39443 1 P 0
L 4.65415 2.39443 4.6504 2.3963 1 P 0
L 4.6504 2.3963 4.64478 2.3963 1 P 0
L 4.64478 2.3963 4.64103 2.39818 1 P 0
L 4.64103 2.39818 4.63915 2.40193 1 P 0
L 4.63915 2.40193 4.63915 2.4038 1 P 0
L 4.63915 2.4038 4.64103 2.40755 1 P 0
L 4.64103 2.40755 4.64478 2.40943 1 P 0
L 4.64478 2.40943 4.6504 2.40943 1 P 0
L 4.6504 2.40943 4.65415 2.40755 1 P 0
L 4.6879 2.38505 4.68415 2.38318 1 P 0
L 4.68415 2.38318 4.67665 2.38318 1 P 0
L 4.67665 2.38318 4.6729 2.38505 1 P 0
L 4.6729 2.38505 4.67102 2.3888 1 P 0
L 4.67102 2.3888 4.67102 2.4038 1 P 0
L 4.67102 2.4038 4.6729 2.40755 1 P 0
L 4.6729 2.40755 4.67665 2.40943 1 P 0
L 4.67665 2.40943 4.68415 2.40943 1 P 0
L 4.68415 2.40943 4.6879 2.40755 1 P 0
L 4.6879 2.40755 4.68977 2.4038 1 P 0
L 4.68977 2.4038 4.68977 2.40005 1 P 0
L 4.68977 2.40005 4.67102 2.3963 1 P 0
L 4.23858 2.94882 4.23858 2.69291 0 P 0
L 4.86457 2.94882 4.25433 2.94882 0 P 0
L 4.86457 2.33858 4.86457 2.94882 0 P 0
L 4.23858 2.33858 4.86457 2.33858 0 P 0
L 4.71864 1.84853 4.69614 1.84853 1 P 0
L 4.70739 1.84853 4.70739 1.8879 1 P 0
L 4.70739 1.8879 4.70364 1.88227 1 P 0
L 4.70364 1.88227 4.69989 1.87853 1 P 0
L 4.69989 1.87853 4.69614 1.87665 1 P 0
L 4.73364 1.88415 4.73551 1.88602 1 P 0
L 4.73551 1.88602 4.73926 1.8879 1 P 0
L 4.73926 1.8879 4.74864 1.8879 1 P 0
L 4.74864 1.8879 4.75239 1.88602 1 P 0
L 4.75239 1.88602 4.75426 1.88415 1 P 0
L 4.75426 1.88415 4.75614 1.8804 1 P 0
L 4.75614 1.8804 4.75614 1.87665 1 P 0
L 4.75614 1.87665 4.75426 1.87103 1 P 0
L 4.75426 1.87103 4.73177 1.84853 1 P 0
L 4.73177 1.84853 4.75614 1.84853 1 P 0
L 4.76738 1.8879 4.78051 1.84853 1 P 0
L 4.78051 1.84853 4.79363 1.8879 1 P 0
L 4.84987 1.86915 4.83675 1.86915 1 P 0
L 4.83675 1.84853 4.83675 1.8879 1 P 0
L 4.83675 1.8879 4.8555 1.8879 1 P 0
L 4.88737 1.84853 4.88737 1.86915 1 P 0
L 4.88737 1.86915 4.8855 1.8729 1 P 0
L 4.8855 1.8729 4.88175 1.87478 1 P 0
L 4.88175 1.87478 4.87425 1.87478 1 P 0
L 4.87425 1.87478 4.8705 1.8729 1 P 0
L 4.88737 1.8504 4.88362 1.84853 1 P 0
L 4.88362 1.84853 4.87425 1.84853 1 P 0
L 4.87425 1.84853 4.8705 1.8504 1 P 0
L 4.8705 1.8504 4.86862 1.85415 1 P 0
L 4.86862 1.85415 4.86862 1.8579 1 P 0
L 4.86862 1.8579 4.8705 1.86165 1 P 0
L 4.8705 1.86165 4.87425 1.86353 1 P 0
L 4.87425 1.86353 4.88362 1.86353 1 P 0
L 4.88362 1.86353 4.88737 1.8654 1 P 0
L 4.90612 1.87478 4.90612 1.84853 1 P 0
L 4.90612 1.87103 4.90799 1.8729 1 P 0
L 4.90799 1.8729 4.91174 1.87478 1 P 0
L 4.91174 1.87478 4.91737 1.87478 1 P 0
L 4.91737 1.87478 4.92112 1.8729 1 P 0
L 4.92112 1.8729 4.92299 1.86915 1 P 0
L 4.92299 1.86915 4.92299 1.84853 1 P 0
L 4.93986 1.8504 4.94361 1.84853 1 P 0
L 4.94361 1.84853 4.95111 1.84853 1 P 0
L 4.95111 1.84853 4.95486 1.8504 1 P 0
L 4.95486 1.8504 4.95674 1.85415 1 P 0
L 4.95674 1.85415 4.95674 1.85603 1 P 0
L 4.95674 1.85603 4.95486 1.85978 1 P 0
L 4.95486 1.85978 4.95111 1.86165 1 P 0
L 4.95111 1.86165 4.94549 1.86165 1 P 0
L 4.94549 1.86165 4.94174 1.86353 1 P 0
L 4.94174 1.86353 4.93986 1.86728 1 P 0
L 4.93986 1.86728 4.93986 1.86915 1 P 0
L 4.93986 1.86915 4.94174 1.8729 1 P 0
L 4.94174 1.8729 4.94549 1.87478 1 P 0
L 4.94549 1.87478 4.95111 1.87478 1 P 0
L 4.95111 1.87478 4.95486 1.8729 1 P 0
L 4.72052 1.78889 4.71864 1.78702 1 P 0
L 4.71864 1.78702 4.71302 1.78515 1 P 0
L 4.71302 1.78515 4.70927 1.78515 1 P 0
L 4.70927 1.78515 4.70364 1.78702 1 P 0
L 4.70364 1.78702 4.69989 1.79077 1 P 0
L 4.69989 1.79077 4.69802 1.79452 1 P 0
L 4.69802 1.79452 4.69614 1.80202 1 P 0
L 4.69614 1.80202 4.69614 1.80764 1 P 0
L 4.69614 1.80764 4.69802 1.81514 1 P 0
L 4.69802 1.81514 4.69989 1.81889 1 P 0
L 4.69989 1.81889 4.70364 1.82264 1 P 0
L 4.70364 1.82264 4.70927 1.82452 1 P 0
L 4.70927 1.82452 4.71302 1.82452 1 P 0
L 4.71302 1.82452 4.71864 1.82264 1 P 0
L 4.71864 1.82264 4.72052 1.82077 1 P 0
L 4.75426 1.81139 4.75426 1.78515 1 P 0
L 4.73739 1.81139 4.73739 1.79077 1 P 0
L 4.73739 1.79077 4.73926 1.78702 1 P 0
L 4.73926 1.78702 4.74301 1.78515 1 P 0
L 4.74301 1.78515 4.74864 1.78515 1 P 0
L 4.74864 1.78515 4.75239 1.78702 1 P 0
L 4.75239 1.78702 4.75426 1.78889 1 P 0
L 4.77301 1.78515 4.77301 1.81139 1 P 0
L 4.77301 1.80389 4.77488 1.80764 1 P 0
L 4.77488 1.80764 4.77676 1.80952 1 P 0
L 4.77676 1.80952 4.78051 1.81139 1 P 0
L 4.78051 1.81139 4.78426 1.81139 1 P 0
L 4.79738 1.78515 4.79738 1.81139 1 P 0
L 4.79738 1.80389 4.79926 1.80764 1 P 0
L 4.79926 1.80764 4.80113 1.80952 1 P 0
L 4.80113 1.80952 4.80488 1.81139 1 P 0
L 4.80488 1.81139 4.80863 1.81139 1 P 0
L 4.83675 1.78702 4.833 1.78515 1 P 0
L 4.833 1.78515 4.8255 1.78515 1 P 0
L 4.8255 1.78515 4.82175 1.78702 1 P 0
L 4.82175 1.78702 4.81988 1.79077 1 P 0
L 4.81988 1.79077 4.81988 1.80577 1 P 0
L 4.81988 1.80577 4.82175 1.80952 1 P 0
L 4.82175 1.80952 4.8255 1.81139 1 P 0
L 4.8255 1.81139 4.833 1.81139 1 P 0
L 4.833 1.81139 4.83675 1.80952 1 P 0
L 4.83675 1.80952 4.83863 1.80577 1 P 0
L 4.83863 1.80577 4.83863 1.80202 1 P 0
L 4.83863 1.80202 4.81988 1.79827 1 P 0
L 4.8555 1.81139 4.8555 1.78515 1 P 0
L 4.8555 1.80764 4.85737 1.80952 1 P 0
L 4.85737 1.80952 4.86112 1.81139 1 P 0
L 4.86112 1.81139 4.86675 1.81139 1 P 0
L 4.86675 1.81139 4.8705 1.80952 1 P 0
L 4.8705 1.80952 4.87237 1.80577 1 P 0
L 4.87237 1.80577 4.87237 1.78515 1 P 0
L 4.8855 1.81139 4.90049 1.81139 1 P 0
L 4.89112 1.82452 4.89112 1.79077 1 P 0
L 4.89112 1.79077 4.89299 1.78702 1 P 0
L 4.89299 1.78702 4.89674 1.78515 1 P 0
L 4.89674 1.78515 4.90049 1.78515 1 P 0
L 4.69614 1.72364 4.70177 1.72176 1 P 0
L 4.70177 1.72176 4.71114 1.72176 1 P 0
L 4.71114 1.72176 4.71489 1.72364 1 P 0
L 4.71489 1.72364 4.71677 1.72551 1 P 0
L 4.71677 1.72551 4.71864 1.72926 1 P 0
L 4.71864 1.72926 4.71864 1.73301 1 P 0
L 4.71864 1.73301 4.71677 1.73676 1 P 0
L 4.71677 1.73676 4.71489 1.73863 1 P 0
L 4.71489 1.73863 4.71114 1.74051 1 P 0
L 4.71114 1.74051 4.70364 1.74238 1 P 0
L 4.70364 1.74238 4.69989 1.74426 1 P 0
L 4.69989 1.74426 4.69802 1.74613 1 P 0
L 4.69802 1.74613 4.69614 1.74988 1 P 0
L 4.69614 1.74988 4.69614 1.75363 1 P 0
L 4.69614 1.75363 4.69802 1.75738 1 P 0
L 4.69802 1.75738 4.69989 1.75926 1 P 0
L 4.69989 1.75926 4.70364 1.76113 1 P 0
L 4.70364 1.76113 4.71302 1.76113 1 P 0
L 4.71302 1.76113 4.71864 1.75926 1 P 0
L 4.75051 1.72364 4.74676 1.72176 1 P 0
L 4.74676 1.72176 4.73926 1.72176 1 P 0
L 4.73926 1.72176 4.73551 1.72364 1 P 0
L 4.73551 1.72364 4.73364 1.72739 1 P 0
L 4.73364 1.72739 4.73364 1.74238 1 P 0
L 4.73364 1.74238 4.73551 1.74613 1 P 0
L 4.73551 1.74613 4.73926 1.74801 1 P 0
L 4.73926 1.74801 4.74676 1.74801 1 P 0
L 4.74676 1.74801 4.75051 1.74613 1 P 0
L 4.75051 1.74613 4.75239 1.74238 1 P 0
L 4.75239 1.74238 4.75239 1.73863 1 P 0
L 4.75239 1.73863 4.73364 1.73489 1 P 0
L 4.76926 1.74801 4.76926 1.72176 1 P 0
L 4.76926 1.74426 4.77114 1.74613 1 P 0
L 4.77114 1.74613 4.77488 1.74801 1 P 0
L 4.77488 1.74801 4.78051 1.74801 1 P 0
L 4.78051 1.74801 4.78426 1.74613 1 P 0
L 4.78426 1.74613 4.78613 1.74238 1 P 0
L 4.78613 1.74238 4.78613 1.72176 1 P 0
L 4.80301 1.72364 4.80676 1.72176 1 P 0
L 4.80676 1.72176 4.81426 1.72176 1 P 0
L 4.81426 1.72176 4.818 1.72364 1 P 0
L 4.818 1.72364 4.81988 1.72739 1 P 0
L 4.81988 1.72739 4.81988 1.72926 1 P 0
L 4.81988 1.72926 4.818 1.73301 1 P 0
L 4.818 1.73301 4.81426 1.73489 1 P 0
L 4.81426 1.73489 4.80863 1.73489 1 P 0
L 4.80863 1.73489 4.80488 1.73676 1 P 0
L 4.80488 1.73676 4.80301 1.74051 1 P 0
L 4.80301 1.74051 4.80301 1.74238 1 P 0
L 4.80301 1.74238 4.80488 1.74613 1 P 0
L 4.80488 1.74613 4.80863 1.74801 1 P 0
L 4.80863 1.74801 4.81426 1.74801 1 P 0
L 4.81426 1.74801 4.818 1.74613 1 P 0
L 4.85175 1.72364 4.848 1.72176 1 P 0
L 4.848 1.72176 4.8405 1.72176 1 P 0
L 4.8405 1.72176 4.83675 1.72364 1 P 0
L 4.83675 1.72364 4.83488 1.72739 1 P 0
L 4.83488 1.72739 4.83488 1.74238 1 P 0
L 4.83488 1.74238 4.83675 1.74613 1 P 0
L 4.83675 1.74613 4.8405 1.74801 1 P 0
L 4.8405 1.74801 4.848 1.74801 1 P 0
L 4.848 1.74801 4.85175 1.74613 1 P 0
L 4.85175 1.74613 4.85363 1.74238 1 P 0
L 4.85363 1.74238 4.85363 1.73863 1 P 0
L 4.85363 1.73863 4.83488 1.73489 1 P 0
L 4.96299 1.21653 4.27402 1.21653 0 P 0
L 4.96299 1.90551 4.96299 1.21653 0 P 0
L 4.25433 1.90551 4.96299 1.90551 0 P 0
L 0.528728 2.70247 0.528728 2.6706 1 P 0
L 0.528728 2.6706 0.530603 2.66685 1 P 0
L 0.530603 2.66685 0.532477 2.66497 1 P 0
L 0.532477 2.66497 0.536227 2.6631 1 P 0
L 0.536227 2.6631 0.543726 2.6631 1 P 0
L 0.543726 2.6631 0.547475 2.66497 1 P 0
L 0.547475 2.66497 0.54935 2.66685 1 P 0
L 0.54935 2.66685 0.551225 2.6706 1 P 0
L 0.551225 2.6706 0.551225 2.70247 1 P 0
L 0.568098 2.66497 0.573722 2.6631 1 P 0
L 0.573722 2.6631 0.583096 2.6631 1 P 0
L 0.583096 2.6631 0.586845 2.66497 1 P 0
L 0.586845 2.66497 0.58872 2.66685 1 P 0
L 0.58872 2.66685 0.590595 2.6706 1 P 0
L 0.590595 2.6706 0.590595 2.67435 1 P 0
L 0.590595 2.67435 0.58872 2.6781 1 P 0
L 0.58872 2.6781 0.586845 2.67997 1 P 0
L 0.586845 2.67997 0.583096 2.68185 1 P 0
L 0.583096 2.68185 0.575597 2.68372 1 P 0
L 0.575597 2.68372 0.571847 2.6856 1 P 0
L 0.571847 2.6856 0.569973 2.68747 1 P 0
L 0.569973 2.68747 0.568098 2.69122 1 P 0
L 0.568098 2.69122 0.568098 2.69497 1 P 0
L 0.568098 2.69497 0.569973 2.69872 1 P 0
L 0.569973 2.69872 0.571847 2.70059 1 P 0
L 0.571847 2.70059 0.575597 2.70247 1 P 0
L 0.575597 2.70247 0.584971 2.70247 1 P 0
L 0.584971 2.70247 0.590595 2.70059 1 P 0
L 0.620591 2.68372 0.626216 2.68185 1 P 0
L 0.626216 2.68185 0.62809 2.67997 1 P 0
L 0.62809 2.67997 0.629965 2.67622 1 P 0
L 0.629965 2.67622 0.629965 2.6706 1 P 0
L 0.629965 2.6706 0.62809 2.66685 1 P 0
L 0.62809 2.66685 0.626216 2.66497 1 P 0
L 0.626216 2.66497 0.622466 2.6631 1 P 0
L 0.622466 2.6631 0.607468 2.6631 1 P 0
L 0.607468 2.6631 0.607468 2.70247 1 P 0
L 0.607468 2.70247 0.620591 2.70247 1 P 0
L 0.620591 2.70247 0.624341 2.70059 1 P 0
L 0.624341 2.70059 0.626216 2.69872 1 P 0
L 0.626216 2.69872 0.62809 2.69497 1 P 0
L 0.62809 2.69497 0.62809 2.69122 1 P 0
L 0.62809 2.69122 0.626216 2.68747 1 P 0
L 0.626216 2.68747 0.624341 2.6856 1 P 0
L 0.624341 2.6856 0.620591 2.68372 1 P 0
L 0.620591 2.68372 0.607468 2.68372 1 P 0
L 0.676834 2.6631 0.676834 2.70247 1 P 0
L 0.676834 2.70247 0.691832 2.70247 1 P 0
L 0.691832 2.70247 0.695582 2.70059 1 P 0
L 0.695582 2.70059 0.697457 2.69872 1 P 0
L 0.697457 2.69872 0.699331 2.69497 1 P 0
L 0.699331 2.69497 0.699331 2.68934 1 P 0
L 0.699331 2.68934 0.697457 2.6856 1 P 0
L 0.697457 2.6856 0.695582 2.68372 1 P 0
L 0.695582 2.68372 0.691832 2.68185 1 P 0
L 0.691832 2.68185 0.676834 2.68185 1 P 0
L 0.716204 2.6631 0.716204 2.70247 1 P 0
L 0.716204 2.70247 0.725578 2.70247 1 P 0
L 0.725578 2.70247 0.731202 2.70059 1 P 0
L 0.731202 2.70059 0.734952 2.69684 1 P 0
L 0.734952 2.69684 0.736827 2.6931 1 P 0
L 0.736827 2.6931 0.738701 2.6856 1 P 0
L 0.738701 2.6856 0.738701 2.67997 1 P 0
L 0.738701 2.67997 0.736827 2.67247 1 P 0
L 0.736827 2.67247 0.734952 2.66872 1 P 0
L 0.734952 2.66872 0.731202 2.66497 1 P 0
L 0.731202 2.66497 0.725578 2.6631 1 P 0
L 0.725578 2.6631 0.716204 2.6631 1 P 0
L 0.551225 2.60346 0.54935 2.60159 1 P 0
L 0.54935 2.60159 0.543726 2.59971 1 P 0
L 0.543726 2.59971 0.539976 2.59971 1 P 0
L 0.539976 2.59971 0.534352 2.60159 1 P 0
L 0.534352 2.60159 0.530603 2.60534 1 P 0
L 0.530603 2.60534 0.528728 2.60909 1 P 0
L 0.528728 2.60909 0.526853 2.61659 1 P 0
L 0.526853 2.61659 0.526853 2.62221 1 P 0
L 0.526853 2.62221 0.528728 2.62971 1 P 0
L 0.528728 2.62971 0.530603 2.63346 1 P 0
L 0.530603 2.63346 0.534352 2.63721 1 P 0
L 0.534352 2.63721 0.539976 2.63908 1 P 0
L 0.539976 2.63908 0.543726 2.63908 1 P 0
L 0.543726 2.63908 0.54935 2.63721 1 P 0
L 0.54935 2.63721 0.551225 2.63533 1 P 0
L 0.584971 2.62596 0.584971 2.59971 1 P 0
L 0.568098 2.62596 0.568098 2.60534 1 P 0
L 0.568098 2.60534 0.569973 2.60159 1 P 0
L 0.569973 2.60159 0.573722 2.59971 1 P 0
L 0.573722 2.59971 0.579346 2.59971 1 P 0
L 0.579346 2.59971 0.583096 2.60159 1 P 0
L 0.583096 2.60159 0.584971 2.60346 1 P 0
L 0.603718 2.59971 0.603718 2.62596 1 P 0
L 0.603718 2.61846 0.605593 2.62221 1 P 0
L 0.605593 2.62221 0.607468 2.62409 1 P 0
L 0.607468 2.62409 0.611217 2.62596 1 P 0
L 0.611217 2.62596 0.614967 2.62596 1 P 0
L 0.62809 2.59971 0.62809 2.62596 1 P 0
L 0.62809 2.61846 0.629965 2.62221 1 P 0
L 0.629965 2.62221 0.63184 2.62409 1 P 0
L 0.63184 2.62409 0.635589 2.62596 1 P 0
L 0.635589 2.62596 0.639339 2.62596 1 P 0
L 0.66746 2.60159 0.663711 2.59971 1 P 0
L 0.663711 2.59971 0.656212 2.59971 1 P 0
L 0.656212 2.59971 0.652462 2.60159 1 P 0
L 0.652462 2.60159 0.650588 2.60534 1 P 0
L 0.650588 2.60534 0.650588 2.62034 1 P 0
L 0.650588 2.62034 0.652462 2.62409 1 P 0
L 0.652462 2.62409 0.656212 2.62596 1 P 0
L 0.656212 2.62596 0.663711 2.62596 1 P 0
L 0.663711 2.62596 0.66746 2.62409 1 P 0
L 0.66746 2.62409 0.669335 2.62034 1 P 0
L 0.669335 2.62034 0.669335 2.61659 1 P 0
L 0.669335 2.61659 0.650588 2.61284 1 P 0
L 0.686208 2.62596 0.686208 2.59971 1 P 0
L 0.686208 2.62221 0.688083 2.62409 1 P 0
L 0.688083 2.62409 0.691832 2.62596 1 P 0
L 0.691832 2.62596 0.697457 2.62596 1 P 0
L 0.697457 2.62596 0.701206 2.62409 1 P 0
L 0.701206 2.62409 0.703081 2.62034 1 P 0
L 0.703081 2.62034 0.703081 2.59971 1 P 0
L 0.716204 2.62596 0.731202 2.62596 1 P 0
L 0.721829 2.63908 0.721829 2.60534 1 P 0
L 0.721829 2.60534 0.723703 2.60159 1 P 0
L 0.723703 2.60159 0.727453 2.59971 1 P 0
L 0.727453 2.59971 0.731202 2.59971 1 P 0
L 0.772447 2.60159 0.778072 2.59971 1 P 0
L 0.778072 2.59971 0.787445 2.59971 1 P 0
L 0.787445 2.59971 0.791195 2.60159 1 P 0
L 0.791195 2.60159 0.79307 2.60346 1 P 0
L 0.79307 2.60346 0.794945 2.60721 1 P 0
L 0.794945 2.60721 0.794945 2.61096 1 P 0
L 0.794945 2.61096 0.79307 2.61471 1 P 0
L 0.79307 2.61471 0.791195 2.61659 1 P 0
L 0.791195 2.61659 0.787445 2.61846 1 P 0
L 0.787445 2.61846 0.779946 2.62034 1 P 0
L 0.779946 2.62034 0.776197 2.62221 1 P 0
L 0.776197 2.62221 0.774322 2.62409 1 P 0
L 0.774322 2.62409 0.772447 2.62784 1 P 0
L 0.772447 2.62784 0.772447 2.63159 1 P 0
L 0.772447 2.63159 0.774322 2.63533 1 P 0
L 0.774322 2.63533 0.776197 2.63721 1 P 0
L 0.776197 2.63721 0.779946 2.63908 1 P 0
L 0.779946 2.63908 0.78932 2.63908 1 P 0
L 0.78932 2.63908 0.794945 2.63721 1 P 0
L 0.826816 2.60159 0.823066 2.59971 1 P 0
L 0.823066 2.59971 0.815567 2.59971 1 P 0
L 0.815567 2.59971 0.811817 2.60159 1 P 0
L 0.811817 2.60159 0.809943 2.60534 1 P 0
L 0.809943 2.60534 0.809943 2.62034 1 P 0
L 0.809943 2.62034 0.811817 2.62409 1 P 0
L 0.811817 2.62409 0.815567 2.62596 1 P 0
L 0.815567 2.62596 0.823066 2.62596 1 P 0
L 0.823066 2.62596 0.826816 2.62409 1 P 0
L 0.826816 2.62409 0.82869 2.62034 1 P 0
L 0.82869 2.62034 0.82869 2.61659 1 P 0
L 0.82869 2.61659 0.809943 2.61284 1 P 0
L 0.845563 2.62596 0.845563 2.59971 1 P 0
L 0.845563 2.62221 0.847438 2.62409 1 P 0
L 0.847438 2.62409 0.851188 2.62596 1 P 0
L 0.851188 2.62596 0.856812 2.62596 1 P 0
L 0.856812 2.62596 0.860561 2.62409 1 P 0
L 0.860561 2.62409 0.862436 2.62034 1 P 0
L 0.862436 2.62034 0.862436 2.59971 1 P 0
L 0.879309 2.60159 0.883059 2.59971 1 P 0
L 0.883059 2.59971 0.890558 2.59971 1 P 0
L 0.890558 2.59971 0.894307 2.60159 1 P 0
L 0.894307 2.60159 0.896182 2.60534 1 P 0
L 0.896182 2.60534 0.896182 2.60721 1 P 0
L 0.896182 2.60721 0.894307 2.61096 1 P 0
L 0.894307 2.61096 0.890558 2.61284 1 P 0
L 0.890558 2.61284 0.884933 2.61284 1 P 0
L 0.884933 2.61284 0.881184 2.61471 1 P 0
L 0.881184 2.61471 0.879309 2.61846 1 P 0
L 0.879309 2.61846 0.879309 2.62034 1 P 0
L 0.879309 2.62034 0.881184 2.62409 1 P 0
L 0.881184 2.62409 0.884933 2.62596 1 P 0
L 0.884933 2.62596 0.890558 2.62596 1 P 0
L 0.890558 2.62596 0.894307 2.62409 1 P 0
L 0.928053 2.60159 0.924303 2.59971 1 P 0
L 0.924303 2.59971 0.916804 2.59971 1 P 0
L 0.916804 2.59971 0.913055 2.60159 1 P 0
L 0.913055 2.60159 0.91118 2.60534 1 P 0
L 0.91118 2.60534 0.91118 2.62034 1 P 0
L 0.91118 2.62034 0.913055 2.62409 1 P 0
L 0.913055 2.62409 0.916804 2.62596 1 P 0
L 0.916804 2.62596 0.924303 2.62596 1 P 0
L 0.924303 2.62596 0.928053 2.62409 1 P 0
L 0.928053 2.62409 0.929928 2.62034 1 P 0
L 0.929928 2.62034 0.929928 2.61659 1 P 0
L 0.929928 2.61659 0.91118 2.61284 1 P 0
L 0.494489 2.73228 1.25827 2.73228 0 P 0
L 0.494489 1.80709 0.494489 2.73228 0 P 0
L 0.766142 1.80709 0.490552 1.80709 0 P 0
L 1.31707 3.09184 1.29457 3.09184 1 P 0
L 1.30582 3.09184 1.30582 3.13121 1 P 0
L 1.30582 3.13121 1.30207 3.12559 1 P 0
L 1.30207 3.12559 1.29832 3.12184 1 P 0
L 1.29832 3.12184 1.29457 3.11996 1 P 0
L 1.33206 3.12746 1.33394 3.12934 1 P 0
L 1.33394 3.12934 1.33769 3.13121 1 P 0
L 1.33769 3.13121 1.34706 3.13121 1 P 0
L 1.34706 3.13121 1.35081 3.12934 1 P 0
L 1.35081 3.12934 1.35269 3.12746 1 P 0
L 1.35269 3.12746 1.35456 3.12371 1 P 0
L 1.35456 3.12371 1.35456 3.11996 1 P 0
L 1.35456 3.11996 1.35269 3.11434 1 P 0
L 1.35269 3.11434 1.33019 3.09184 1 P 0
L 1.33019 3.09184 1.35456 3.09184 1 P 0
L 1.36581 3.13121 1.37893 3.09184 1 P 0
L 1.37893 3.09184 1.39206 3.13121 1 P 0
L 1.4483 3.11246 1.45392 3.11059 1 P 0
L 1.45392 3.11059 1.4558 3.10871 1 P 0
L 1.4558 3.10871 1.45767 3.10496 1 P 0
L 1.45767 3.10496 1.45767 3.09934 1 P 0
L 1.45767 3.09934 1.4558 3.09559 1 P 0
L 1.4558 3.09559 1.45392 3.09372 1 P 0
L 1.45392 3.09372 1.45017 3.09184 1 P 0
L 1.45017 3.09184 1.43518 3.09184 1 P 0
L 1.43518 3.09184 1.43518 3.13121 1 P 0
L 1.43518 3.13121 1.4483 3.13121 1 P 0
L 1.4483 3.13121 1.45205 3.12934 1 P 0
L 1.45205 3.12934 1.45392 3.12746 1 P 0
L 1.45392 3.12746 1.4558 3.12371 1 P 0
L 1.4558 3.12371 1.4558 3.11996 1 P 0
L 1.4558 3.11996 1.45392 3.11621 1 P 0
L 1.45392 3.11621 1.45205 3.11434 1 P 0
L 1.45205 3.11434 1.4483 3.11246 1 P 0
L 1.4483 3.11246 1.43518 3.11246 1 P 0
L 1.49142 3.11809 1.49142 3.09184 1 P 0
L 1.47455 3.11809 1.47455 3.09746 1 P 0
L 1.47455 3.09746 1.47642 3.09372 1 P 0
L 1.47642 3.09372 1.48017 3.09184 1 P 0
L 1.48017 3.09184 1.4858 3.09184 1 P 0
L 1.4858 3.09184 1.48954 3.09372 1 P 0
L 1.48954 3.09372 1.49142 3.09559 1 P 0
L 1.52704 3.09372 1.52329 3.09184 1 P 0
L 1.52329 3.09184 1.51579 3.09184 1 P 0
L 1.51579 3.09184 1.51204 3.09372 1 P 0
L 1.51204 3.09372 1.51017 3.09559 1 P 0
L 1.51017 3.09559 1.50829 3.09934 1 P 0
L 1.50829 3.09934 1.50829 3.11059 1 P 0
L 1.50829 3.11059 1.51017 3.11434 1 P 0
L 1.51017 3.11434 1.51204 3.11621 1 P 0
L 1.51204 3.11621 1.51579 3.11809 1 P 0
L 1.51579 3.11809 1.52329 3.11809 1 P 0
L 1.52329 3.11809 1.52704 3.11621 1 P 0
L 1.54391 3.09184 1.54391 3.13121 1 P 0
L 1.54766 3.10684 1.55891 3.09184 1 P 0
L 1.55891 3.11809 1.54391 3.10309 1 P 0
L 1.6189 3.11246 1.62453 3.11059 1 P 0
L 1.62453 3.11059 1.6264 3.10871 1 P 0
L 1.6264 3.10871 1.62828 3.10496 1 P 0
L 1.62828 3.10496 1.62828 3.09934 1 P 0
L 1.62828 3.09934 1.6264 3.09559 1 P 0
L 1.6264 3.09559 1.62453 3.09372 1 P 0
L 1.62453 3.09372 1.62078 3.09184 1 P 0
L 1.62078 3.09184 1.60578 3.09184 1 P 0
L 1.60578 3.09184 1.60578 3.13121 1 P 0
L 1.60578 3.13121 1.6189 3.13121 1 P 0
L 1.6189 3.13121 1.62265 3.12934 1 P 0
L 1.62265 3.12934 1.62453 3.12746 1 P 0
L 1.62453 3.12746 1.6264 3.12371 1 P 0
L 1.6264 3.12371 1.6264 3.11996 1 P 0
L 1.6264 3.11996 1.62453 3.11621 1 P 0
L 1.62453 3.11621 1.62265 3.11434 1 P 0
L 1.62265 3.11434 1.6189 3.11246 1 P 0
L 1.6189 3.11246 1.60578 3.11246 1 P 0
L 1.65077 3.09184 1.64703 3.09372 1 P 0
L 1.64703 3.09372 1.64515 3.09559 1 P 0
L 1.64515 3.09559 1.64328 3.09934 1 P 0
L 1.64328 3.09934 1.64328 3.11059 1 P 0
L 1.64328 3.11059 1.64515 3.11434 1 P 0
L 1.64515 3.11434 1.64703 3.11621 1 P 0
L 1.64703 3.11621 1.65077 3.11809 1 P 0
L 1.65077 3.11809 1.6564 3.11809 1 P 0
L 1.6564 3.11809 1.66015 3.11621 1 P 0
L 1.66015 3.11621 1.66202 3.11434 1 P 0
L 1.66202 3.11434 1.6639 3.11059 1 P 0
L 1.6639 3.11059 1.6639 3.09934 1 P 0
L 1.6639 3.09934 1.66202 3.09559 1 P 0
L 1.66202 3.09559 1.66015 3.09372 1 P 0
L 1.66015 3.09372 1.6564 3.09184 1 P 0
L 1.6564 3.09184 1.65077 3.09184 1 P 0
L 1.6864 3.09184 1.68265 3.09372 1 P 0
L 1.68265 3.09372 1.68077 3.09559 1 P 0
L 1.68077 3.09559 1.6789 3.09934 1 P 0
L 1.6789 3.09934 1.6789 3.11059 1 P 0
L 1.6789 3.11059 1.68077 3.11434 1 P 0
L 1.68077 3.11434 1.68265 3.11621 1 P 0
L 1.68265 3.11621 1.6864 3.11809 1 P 0
L 1.6864 3.11809 1.69202 3.11809 1 P 0
L 1.69202 3.11809 1.69577 3.11621 1 P 0
L 1.69577 3.11621 1.69764 3.11434 1 P 0
L 1.69764 3.11434 1.69952 3.11059 1 P 0
L 1.69952 3.11059 1.69952 3.09934 1 P 0
L 1.69952 3.09934 1.69764 3.09559 1 P 0
L 1.69764 3.09559 1.69577 3.09372 1 P 0
L 1.69577 3.09372 1.69202 3.09184 1 P 0
L 1.69202 3.09184 1.6864 3.09184 1 P 0
L 1.71452 3.09372 1.71827 3.09184 1 P 0
L 1.71827 3.09184 1.72577 3.09184 1 P 0
L 1.72577 3.09184 1.72951 3.09372 1 P 0
L 1.72951 3.09372 1.73139 3.09746 1 P 0
L 1.73139 3.09746 1.73139 3.09934 1 P 0
L 1.73139 3.09934 1.72951 3.10309 1 P 0
L 1.72951 3.10309 1.72577 3.10496 1 P 0
L 1.72577 3.10496 1.72014 3.10496 1 P 0
L 1.72014 3.10496 1.71639 3.10684 1 P 0
L 1.71639 3.10684 1.71452 3.11059 1 P 0
L 1.71452 3.11059 1.71452 3.11246 1 P 0
L 1.71452 3.11246 1.71639 3.11621 1 P 0
L 1.71639 3.11621 1.72014 3.11809 1 P 0
L 1.72014 3.11809 1.72577 3.11809 1 P 0
L 1.72577 3.11809 1.72951 3.11621 1 P 0
L 1.74264 3.11809 1.75764 3.11809 1 P 0
L 1.74826 3.13121 1.74826 3.09746 1 P 0
L 1.74826 3.09746 1.75014 3.09372 1 P 0
L 1.75014 3.09372 1.75389 3.09184 1 P 0
L 1.75389 3.09184 1.75764 3.09184 1 P 0
L 3.93724 3.67846 3.91849 3.67846 1 P 0
L 3.91849 3.67846 3.91662 3.65971 1 P 0
L 3.91662 3.65971 3.91849 3.66158 1 P 0
L 3.91849 3.66158 3.92224 3.66346 1 P 0
L 3.92224 3.66346 3.93161 3.66346 1 P 0
L 3.93161 3.66346 3.93536 3.66158 1 P 0
L 3.93536 3.66158 3.93724 3.65971 1 P 0
L 3.93724 3.65971 3.93911 3.65596 1 P 0
L 3.93911 3.65596 3.93911 3.64658 1 P 0
L 3.93911 3.64658 3.93724 3.64283 1 P 0
L 3.93724 3.64283 3.93536 3.64096 1 P 0
L 3.93536 3.64096 3.93161 3.63908 1 P 0
L 3.93161 3.63908 3.92224 3.63908 1 P 0
L 3.92224 3.63908 3.91849 3.64096 1 P 0
L 3.91849 3.64096 3.91662 3.64283 1 P 0
L 3.95036 3.67846 3.96349 3.63908 1 P 0
L 3.96349 3.63908 3.97661 3.67846 1 P 0
L 4.04223 3.64283 4.04035 3.64096 1 P 0
L 4.04035 3.64096 4.03473 3.63908 1 P 0
L 4.03473 3.63908 4.03098 3.63908 1 P 0
L 4.03098 3.63908 4.02535 3.64096 1 P 0
L 4.02535 3.64096 4.0216 3.64471 1 P 0
L 4.0216 3.64471 4.01973 3.64846 1 P 0
L 4.01973 3.64846 4.01785 3.65596 1 P 0
L 4.01785 3.65596 4.01785 3.66158 1 P 0
L 4.01785 3.66158 4.01973 3.66908 1 P 0
L 4.01973 3.66908 4.0216 3.67283 1 P 0
L 4.0216 3.67283 4.02535 3.67658 1 P 0
L 4.02535 3.67658 4.03098 3.67846 1 P 0
L 4.03098 3.67846 4.03473 3.67846 1 P 0
L 4.03473 3.67846 4.04035 3.67658 1 P 0
L 4.04035 3.67658 4.04223 3.6747 1 P 0
L 4.07597 3.66533 4.07597 3.63908 1 P 0
L 4.0591 3.66533 4.0591 3.64471 1 P 0
L 4.0591 3.64471 4.06097 3.64096 1 P 0
L 4.06097 3.64096 4.06472 3.63908 1 P 0
L 4.06472 3.63908 4.07035 3.63908 1 P 0
L 4.07035 3.63908 4.0741 3.64096 1 P 0
L 4.0741 3.64096 4.07597 3.64283 1 P 0
L 4.09472 3.63908 4.09472 3.66533 1 P 0
L 4.09472 3.65783 4.09659 3.66158 1 P 0
L 4.09659 3.66158 4.09847 3.66346 1 P 0
L 4.09847 3.66346 4.10222 3.66533 1 P 0
L 4.10222 3.66533 4.10597 3.66533 1 P 0
L 4.11909 3.63908 4.11909 3.66533 1 P 0
L 4.11909 3.65783 4.12097 3.66158 1 P 0
L 4.12097 3.66158 4.12284 3.66346 1 P 0
L 4.12284 3.66346 4.12659 3.66533 1 P 0
L 4.12659 3.66533 4.13034 3.66533 1 P 0
L 4.15846 3.64096 4.15471 3.63908 1 P 0
L 4.15471 3.63908 4.14721 3.63908 1 P 0
L 4.14721 3.63908 4.14346 3.64096 1 P 0
L 4.14346 3.64096 4.14159 3.64471 1 P 0
L 4.14159 3.64471 4.14159 3.65971 1 P 0
L 4.14159 3.65971 4.14346 3.66346 1 P 0
L 4.14346 3.66346 4.14721 3.66533 1 P 0
L 4.14721 3.66533 4.15471 3.66533 1 P 0
L 4.15471 3.66533 4.15846 3.66346 1 P 0
L 4.15846 3.66346 4.16034 3.65971 1 P 0
L 4.16034 3.65971 4.16034 3.65596 1 P 0
L 4.16034 3.65596 4.14159 3.65221 1 P 0
L 4.17721 3.66533 4.17721 3.63908 1 P 0
L 4.17721 3.66158 4.17908 3.66346 1 P 0
L 4.17908 3.66346 4.18283 3.66533 1 P 0
L 4.18283 3.66533 4.18846 3.66533 1 P 0
L 4.18846 3.66533 4.19221 3.66346 1 P 0
L 4.19221 3.66346 4.19408 3.65971 1 P 0
L 4.19408 3.65971 4.19408 3.63908 1 P 0
L 4.20721 3.66533 4.2222 3.66533 1 P 0
L 4.21283 3.67846 4.21283 3.64471 1 P 0
L 4.21283 3.64471 4.2147 3.64096 1 P 0
L 4.2147 3.64096 4.21845 3.63908 1 P 0
L 4.21845 3.63908 4.2222 3.63908 1 P 0
L 4.26345 3.64096 4.26907 3.63908 1 P 0
L 4.26907 3.63908 4.27845 3.63908 1 P 0
L 4.27845 3.63908 4.2822 3.64096 1 P 0
L 4.2822 3.64096 4.28407 3.64283 1 P 0
L 4.28407 3.64283 4.28595 3.64658 1 P 0
L 4.28595 3.64658 4.28595 3.65033 1 P 0
L 4.28595 3.65033 4.28407 3.65408 1 P 0
L 4.28407 3.65408 4.2822 3.65596 1 P 0
L 4.2822 3.65596 4.27845 3.65783 1 P 0
L 4.27845 3.65783 4.27095 3.65971 1 P 0
L 4.27095 3.65971 4.2672 3.66158 1 P 0
L 4.2672 3.66158 4.26532 3.66346 1 P 0
L 4.26532 3.66346 4.26345 3.66721 1 P 0
L 4.26345 3.66721 4.26345 3.67096 1 P 0
L 4.26345 3.67096 4.26532 3.6747 1 P 0
L 4.26532 3.6747 4.2672 3.67658 1 P 0
L 4.2672 3.67658 4.27095 3.67846 1 P 0
L 4.27095 3.67846 4.28032 3.67846 1 P 0
L 4.28032 3.67846 4.28595 3.67658 1 P 0
L 4.31782 3.64096 4.31407 3.63908 1 P 0
L 4.31407 3.63908 4.30657 3.63908 1 P 0
L 4.30657 3.63908 4.30282 3.64096 1 P 0
L 4.30282 3.64096 4.30094 3.64471 1 P 0
L 4.30094 3.64471 4.30094 3.65971 1 P 0
L 4.30094 3.65971 4.30282 3.66346 1 P 0
L 4.30282 3.66346 4.30657 3.66533 1 P 0
L 4.30657 3.66533 4.31407 3.66533 1 P 0
L 4.31407 3.66533 4.31782 3.66346 1 P 0
L 4.31782 3.66346 4.31969 3.65971 1 P 0
L 4.31969 3.65971 4.31969 3.65596 1 P 0
L 4.31969 3.65596 4.30094 3.65221 1 P 0
L 4.33656 3.66533 4.33656 3.63908 1 P 0
L 4.33656 3.66158 4.33844 3.66346 1 P 0
L 4.33844 3.66346 4.34219 3.66533 1 P 0
L 4.34219 3.66533 4.34781 3.66533 1 P 0
L 4.34781 3.66533 4.35156 3.66346 1 P 0
L 4.35156 3.66346 4.35344 3.65971 1 P 0
L 4.35344 3.65971 4.35344 3.63908 1 P 0
L 4.37031 3.64096 4.37406 3.63908 1 P 0
L 4.37406 3.63908 4.38156 3.63908 1 P 0
L 4.38156 3.63908 4.38531 3.64096 1 P 0
L 4.38531 3.64096 4.38718 3.64471 1 P 0
L 4.38718 3.64471 4.38718 3.64658 1 P 0
L 4.38718 3.64658 4.38531 3.65033 1 P 0
L 4.38531 3.65033 4.38156 3.65221 1 P 0
L 4.38156 3.65221 4.37593 3.65221 1 P 0
L 4.37593 3.65221 4.37218 3.65408 1 P 0
L 4.37218 3.65408 4.37031 3.65783 1 P 0
L 4.37031 3.65783 4.37031 3.65971 1 P 0
L 4.37031 3.65971 4.37218 3.66346 1 P 0
L 4.37218 3.66346 4.37593 3.66533 1 P 0
L 4.37593 3.66533 4.38156 3.66533 1 P 0
L 4.38156 3.66533 4.38531 3.66346 1 P 0
L 4.41905 3.64096 4.41531 3.63908 1 P 0
L 4.41531 3.63908 4.4078 3.63908 1 P 0
L 4.4078 3.63908 4.40406 3.64096 1 P 0
L 4.40406 3.64096 4.40218 3.64471 1 P 0
L 4.40218 3.64471 4.40218 3.65971 1 P 0
L 4.40218 3.65971 4.40406 3.66346 1 P 0
L 4.40406 3.66346 4.4078 3.66533 1 P 0
L 4.4078 3.66533 4.41531 3.66533 1 P 0
L 4.41531 3.66533 4.41905 3.66346 1 P 0
L 4.41905 3.66346 4.42093 3.65971 1 P 0
L 4.42093 3.65971 4.42093 3.65596 1 P 0
L 4.42093 3.65596 4.40218 3.65221 1 P 0
L 3.88031 3.70079 4.45118 3.70079 0 P 0
L 4.45118 3.70079 4.45118 2.94882 0 P 0
L 4.45118 2.94882 3.88031 2.94882 0 P 0
L 3.88031 2.94882 3.88031 3.70079 0 P 0
L 2.61047 3.72964 2.59172 3.72964 1 P 0
L 2.59172 3.72964 2.58984 3.71089 1 P 0
L 2.58984 3.71089 2.59172 3.71276 1 P 0
L 2.59172 3.71276 2.59547 3.71464 1 P 0
L 2.59547 3.71464 2.60484 3.71464 1 P 0
L 2.60484 3.71464 2.60859 3.71276 1 P 0
L 2.60859 3.71276 2.61047 3.71089 1 P 0
L 2.61047 3.71089 2.61234 3.70714 1 P 0
L 2.61234 3.70714 2.61234 3.69776 1 P 0
L 2.61234 3.69776 2.61047 3.69402 1 P 0
L 2.61047 3.69402 2.60859 3.69214 1 P 0
L 2.60859 3.69214 2.60484 3.69027 1 P 0
L 2.60484 3.69027 2.59547 3.69027 1 P 0
L 2.59547 3.69027 2.59172 3.69214 1 P 0
L 2.59172 3.69214 2.58984 3.69402 1 P 0
L 2.62359 3.72964 2.63671 3.69027 1 P 0
L 2.63671 3.69027 2.64984 3.72964 1 P 0
L 2.70608 3.71089 2.7117 3.70901 1 P 0
L 2.7117 3.70901 2.71358 3.70714 1 P 0
L 2.71358 3.70714 2.71545 3.70339 1 P 0
L 2.71545 3.70339 2.71545 3.69776 1 P 0
L 2.71545 3.69776 2.71358 3.69402 1 P 0
L 2.71358 3.69402 2.7117 3.69214 1 P 0
L 2.7117 3.69214 2.70795 3.69027 1 P 0
L 2.70795 3.69027 2.69296 3.69027 1 P 0
L 2.69296 3.69027 2.69296 3.72964 1 P 0
L 2.69296 3.72964 2.70608 3.72964 1 P 0
L 2.70608 3.72964 2.70983 3.72776 1 P 0
L 2.70983 3.72776 2.7117 3.72589 1 P 0
L 2.7117 3.72589 2.71358 3.72214 1 P 0
L 2.71358 3.72214 2.71358 3.71839 1 P 0
L 2.71358 3.71839 2.7117 3.71464 1 P 0
L 2.7117 3.71464 2.70983 3.71276 1 P 0
L 2.70983 3.71276 2.70608 3.71089 1 P 0
L 2.70608 3.71089 2.69296 3.71089 1 P 0
L 2.7492 3.71651 2.7492 3.69027 1 P 0
L 2.73233 3.71651 2.73233 3.69589 1 P 0
L 2.73233 3.69589 2.7342 3.69214 1 P 0
L 2.7342 3.69214 2.73795 3.69027 1 P 0
L 2.73795 3.69027 2.74358 3.69027 1 P 0
L 2.74358 3.69027 2.74733 3.69214 1 P 0
L 2.74733 3.69214 2.7492 3.69402 1 P 0
L 2.78482 3.69214 2.78107 3.69027 1 P 0
L 2.78107 3.69027 2.77357 3.69027 1 P 0
L 2.77357 3.69027 2.76982 3.69214 1 P 0
L 2.76982 3.69214 2.76795 3.69402 1 P 0
L 2.76795 3.69402 2.76607 3.69776 1 P 0
L 2.76607 3.69776 2.76607 3.70901 1 P 0
L 2.76607 3.70901 2.76795 3.71276 1 P 0
L 2.76795 3.71276 2.76982 3.71464 1 P 0
L 2.76982 3.71464 2.77357 3.71651 1 P 0
L 2.77357 3.71651 2.78107 3.71651 1 P 0
L 2.78107 3.71651 2.78482 3.71464 1 P 0
L 2.80169 3.69027 2.80169 3.72964 1 P 0
L 2.80544 3.70526 2.81669 3.69027 1 P 0
L 2.81669 3.71651 2.80169 3.70151 1 P 0
L 2.56142 3.7559 3.7622 3.7559 0 P 0
L 3.7622 3.7559 3.7622 2.75197 0 P 0
L 3.7622 2.75197 2.56142 2.75197 0 P 0
L 2.56142 2.75197 2.56142 3.7559 0 P 0
L 5.32119 4.19014 5.33619 4.19014 2 P 0
L 5.31819 4.18114 5.32869 4.21264 2 P 0
L 5.32869 4.21264 5.33919 4.18114 2 P 0
L 5.36618 4.18114 5.34818 4.18114 2 P 0
L 5.35718 4.18114 5.35718 4.21264 2 P 0
L 5.35718 4.21264 5.35418 4.20814 2 P 0
L 5.35418 4.20814 5.35119 4.20514 2 P 0
L 5.35119 4.20514 5.34818 4.20364 2 P 0
L 6.97026 2.5183 6.99275 2.5183 2 P 0
L 6.9815 2.47893 6.9815 2.5183 2 P 0
L 7.00588 2.47893 7.00588 2.5183 2 P 0
L 7.00588 2.5183 7.02087 2.5183 2 P 0
L 7.02087 2.5183 7.02462 2.51642 2 P 0
L 7.02462 2.51642 7.0265 2.51455 2 P 0
L 7.0265 2.51455 7.02837 2.5108 2 P 0
L 7.02837 2.5108 7.02837 2.50517 2 P 0
L 7.02837 2.50517 7.0265 2.50142 2 P 0
L 7.0265 2.50142 7.02462 2.49955 2 P 0
L 7.02462 2.49955 7.02087 2.49768 2 P 0
L 7.02087 2.49768 7.00588 2.49768 2 P 0
L 7.0415 2.5183 7.06774 2.5183 2 P 0
L 7.06774 2.5183 7.05087 2.47893 2 P 0
L 7.08837 2.50142 7.08462 2.5033 2 P 0
L 7.08462 2.5033 7.08274 2.50517 2 P 0
L 7.08274 2.50517 7.08087 2.50892 2 P 0
L 7.08087 2.50892 7.08087 2.5108 2 P 0
L 7.08087 2.5108 7.08274 2.51455 2 P 0
L 7.08274 2.51455 7.08462 2.51642 2 P 0
L 7.08462 2.51642 7.08837 2.5183 2 P 0
L 7.08837 2.5183 7.09587 2.5183 2 P 0
L 7.09587 2.5183 7.09962 2.51642 2 P 0
L 7.09962 2.51642 7.10149 2.51455 2 P 0
L 7.10149 2.51455 7.10336 2.5108 2 P 0
L 7.10336 2.5108 7.10336 2.50892 2 P 0
L 7.10336 2.50892 7.10149 2.50517 2 P 0
L 7.10149 2.50517 7.09962 2.5033 2 P 0
L 7.09962 2.5033 7.09587 2.50142 2 P 0
L 7.09587 2.50142 7.08837 2.50142 2 P 0
L 7.08837 2.50142 7.08462 2.49955 2 P 0
L 7.08462 2.49955 7.08274 2.49768 2 P 0
L 7.08274 2.49768 7.08087 2.49393 2 P 0
L 7.08087 2.49393 7.08087 2.48643 2 P 0
L 7.08087 2.48643 7.08274 2.48268 2 P 0
L 7.08274 2.48268 7.08462 2.4808 2 P 0
L 7.08462 2.4808 7.08837 2.47893 2 P 0
L 7.08837 2.47893 7.09587 2.47893 2 P 0
L 7.09587 2.47893 7.09962 2.4808 2 P 0
L 7.09962 2.4808 7.10149 2.48268 2 P 0
L 7.10149 2.48268 7.10336 2.48643 2 P 0
L 7.10336 2.48643 7.10336 2.49393 2 P 0
L 7.10336 2.49393 7.10149 2.49768 2 P 0
L 7.10149 2.49768 7.09962 2.49955 2 P 0
L 7.09962 2.49955 7.09587 2.50142 2 P 0
L 4.5363 3.72225 4.55879 3.72225 2 P 0
L 4.54754 3.68288 4.54754 3.72225 2 P 0
L 4.57192 3.68288 4.57192 3.72225 2 P 0
L 4.57192 3.72225 4.58691 3.72225 2 P 0
L 4.58691 3.72225 4.59066 3.72038 2 P 0
L 4.59066 3.72038 4.59254 3.7185 2 P 0
L 4.59254 3.7185 4.59441 3.71475 2 P 0
L 4.59441 3.71475 4.59441 3.70913 2 P 0
L 4.59441 3.70913 4.59254 3.70538 2 P 0
L 4.59254 3.70538 4.59066 3.7035 2 P 0
L 4.59066 3.7035 4.58691 3.70163 2 P 0
L 4.58691 3.70163 4.57192 3.70163 2 P 0
L 4.60754 3.72225 4.63378 3.72225 2 P 0
L 4.63378 3.72225 4.61691 3.68288 2 P 0
L 4.64503 3.72225 4.67128 3.72225 2 P 0
L 4.67128 3.72225 4.65441 3.68288 2 P 0
L 4.28433 1.19863 4.30682 1.19863 2 P 0
L 4.29558 1.15926 4.29558 1.19863 2 P 0
L 4.31995 1.15926 4.31995 1.19863 2 P 0
L 4.31995 1.19863 4.33495 1.19863 2 P 0
L 4.33495 1.19863 4.3387 1.19675 2 P 0
L 4.3387 1.19675 4.34057 1.19488 2 P 0
L 4.34057 1.19488 4.34244 1.19113 2 P 0
L 4.34244 1.19113 4.34244 1.18551 2 P 0
L 4.34244 1.18551 4.34057 1.18175 2 P 0
L 4.34057 1.18175 4.3387 1.17988 2 P 0
L 4.3387 1.17988 4.33495 1.17801 2 P 0
L 4.33495 1.17801 4.31995 1.17801 2 P 0
L 4.35557 1.19863 4.38181 1.19863 2 P 0
L 4.38181 1.19863 4.36494 1.15926 2 P 0
L 4.41369 1.19863 4.40619 1.19863 2 P 0
L 4.40619 1.19863 4.40244 1.19675 2 P 0
L 4.40244 1.19675 4.40056 1.19488 2 P 0
L 4.40056 1.19488 4.39681 1.18925 2 P 0
L 4.39681 1.18925 4.39494 1.18175 2 P 0
L 4.39494 1.18175 4.39494 1.16676 2 P 0
L 4.39494 1.16676 4.39681 1.16301 2 P 0
L 4.39681 1.16301 4.39869 1.16113 2 P 0
L 4.39869 1.16113 4.40244 1.15926 2 P 0
L 4.40244 1.15926 4.40994 1.15926 2 P 0
L 4.40994 1.15926 4.41369 1.16113 2 P 0
L 4.41369 1.16113 4.41556 1.16301 2 P 0
L 4.41556 1.16301 4.41744 1.16676 2 P 0
L 4.41744 1.16676 4.41744 1.17613 2 P 0
L 4.41744 1.17613 4.41556 1.17988 2 P 0
L 4.41556 1.17988 4.41369 1.18175 2 P 0
L 4.41369 1.18175 4.40994 1.18363 2 P 0
L 4.40994 1.18363 4.40244 1.18363 2 P 0
L 4.40244 1.18363 4.39869 1.18175 2 P 0
L 4.39869 1.18175 4.39681 1.17988 2 P 0
L 4.39681 1.17988 4.39494 1.17613 2 P 0
L 2.31582 3.69863 2.33832 3.69863 2 P 0
L 2.32707 3.65926 2.32707 3.69863 2 P 0
L 2.35144 3.65926 2.35144 3.69863 2 P 0
L 2.35144 3.69863 2.36644 3.69863 2 P 0
L 2.36644 3.69863 2.37019 3.69675 2 P 0
L 2.37019 3.69675 2.37207 3.69488 2 P 0
L 2.37207 3.69488 2.37394 3.69113 2 P 0
L 2.37394 3.69113 2.37394 3.68551 2 P 0
L 2.37394 3.68551 2.37207 3.68175 2 P 0
L 2.37207 3.68175 2.37019 3.67988 2 P 0
L 2.37019 3.67988 2.36644 3.67801 2 P 0
L 2.36644 3.67801 2.35144 3.67801 2 P 0
L 2.38706 3.69863 2.41331 3.69863 2 P 0
L 2.41331 3.69863 2.39644 3.65926 2 P 0
L 2.44706 3.69863 2.42831 3.69863 2 P 0
L 2.42831 3.69863 2.42643 3.67988 2 P 0
L 2.42643 3.67988 2.42831 3.68175 2 P 0
L 2.42831 3.68175 2.43206 3.68363 2 P 0
L 2.43206 3.68363 2.44143 3.68363 2 P 0
L 2.44143 3.68363 2.44518 3.68175 2 P 0
L 2.44518 3.68175 2.44706 3.67988 2 P 0
L 2.44706 3.67988 2.44893 3.67613 2 P 0
L 2.44893 3.67613 2.44893 3.66676 2 P 0
L 2.44893 3.66676 2.44706 3.66301 2 P 0
L 2.44706 3.66301 2.44518 3.66113 2 P 0
L 2.44518 3.66113 2.44143 3.65926 2 P 0
L 2.44143 3.65926 2.43206 3.65926 2 P 0
L 2.43206 3.65926 2.42831 3.66113 2 P 0
L 2.42831 3.66113 2.42643 3.66301 2 P 0
L 7.88669 0.568707 7.90919 0.568707 2 P 0
L 7.89794 0.529337 7.89794 0.568707 2 P 0
L 7.92231 0.529337 7.92231 0.568707 2 P 0
L 7.92231 0.568707 7.93731 0.568707 2 P 0
L 7.93731 0.568707 7.94106 0.566832 2 P 0
L 7.94106 0.566832 7.94293 0.564957 2 P 0
L 7.94293 0.564957 7.94481 0.561208 2 P 0
L 7.94481 0.561208 7.94481 0.555584 2 P 0
L 7.94481 0.555584 7.94293 0.551834 2 P 0
L 7.94293 0.551834 7.94106 0.549959 2 P 0
L 7.94106 0.549959 7.93731 0.548085 2 P 0
L 7.93731 0.548085 7.92231 0.548085 2 P 0
L 7.95793 0.568707 7.98418 0.568707 2 P 0
L 7.98418 0.568707 7.9673 0.529337 2 P 0
L 8.01605 0.555584 8.01605 0.529337 2 P 0
L 8.00667 0.570582 7.9973 0.54246 2 P 0
L 7.9973 0.54246 8.02167 0.54246 2 P 0
L 0.111099 0.549022 0.133596 0.549022 2 P 0
L 0.122348 0.509652 0.122348 0.549022 2 P 0
L 0.14672 0.509652 0.14672 0.549022 2 P 0
L 0.14672 0.549022 0.161718 0.549022 2 P 0
L 0.161718 0.549022 0.165467 0.547147 2 P 0
L 0.165467 0.547147 0.167342 0.545272 2 P 0
L 0.167342 0.545272 0.169217 0.541523 2 P 0
L 0.169217 0.541523 0.169217 0.535899 2 P 0
L 0.169217 0.535899 0.167342 0.532149 2 P 0
L 0.167342 0.532149 0.165467 0.530274 2 P 0
L 0.165467 0.530274 0.161718 0.5284 2 P 0
L 0.161718 0.5284 0.14672 0.5284 2 P 0
L 0.18234 0.549022 0.208587 0.549022 2 P 0
L 0.208587 0.549022 0.191714 0.509652 2 P 0
L 0.219836 0.549022 0.244207 0.549022 2 P 0
L 0.244207 0.549022 0.231084 0.534024 2 P 0
L 0.231084 0.534024 0.236708 0.534024 2 P 0
L 0.236708 0.534024 0.240458 0.532149 2 P 0
L 0.240458 0.532149 0.242333 0.530274 2 P 0
L 0.242333 0.530274 0.244207 0.526525 2 P 0
L 0.244207 0.526525 0.244207 0.517151 2 P 0
L 0.244207 0.517151 0.242333 0.513401 2 P 0
L 0.242333 0.513401 0.240458 0.511527 2 P 0
L 0.240458 0.511527 0.236708 0.509652 2 P 0
L 0.236708 0.509652 0.22546 0.509652 2 P 0
L 0.22546 0.509652 0.22171 0.511527 2 P 0
L 0.22171 0.511527 0.219836 0.513401 2 P 0
L 0.34732 4.15138 0.369817 4.15138 2 P 0
L 0.358568 4.11201 0.358568 4.15138 2 P 0
L 0.38294 4.11201 0.38294 4.15138 2 P 0
L 0.38294 4.15138 0.397938 4.15138 2 P 0
L 0.397938 4.15138 0.401688 4.14951 2 P 0
L 0.401688 4.14951 0.403563 4.14764 2 P 0
L 0.403563 4.14764 0.405437 4.14389 2 P 0
L 0.405437 4.14389 0.405437 4.13826 2 P 0
L 0.405437 4.13826 0.403563 4.13451 2 P 0
L 0.403563 4.13451 0.401688 4.13264 2 P 0
L 0.401688 4.13264 0.397938 4.13076 2 P 0
L 0.397938 4.13076 0.38294 4.13076 2 P 0
L 0.418561 4.15138 0.444807 4.15138 2 P 0
L 0.444807 4.15138 0.427934 4.11201 2 P 0
L 0.457931 4.14764 0.459806 4.14951 2 P 0
L 0.459806 4.14951 0.463555 4.15138 2 P 0
L 0.463555 4.15138 0.472929 4.15138 2 P 0
L 0.472929 4.15138 0.476678 4.14951 2 P 0
L 0.476678 4.14951 0.478553 4.14764 2 P 0
L 0.478553 4.14764 0.480428 4.14389 2 P 0
L 0.480428 4.14389 0.480428 4.14014 2 P 0
L 0.480428 4.14014 0.478553 4.13451 2 P 0
L 0.478553 4.13451 0.456056 4.11201 2 P 0
L 0.456056 4.11201 0.480428 4.11201 2 P 0
L 7.63078 4.15138 7.65328 4.15138 2 P 0
L 7.64203 4.11201 7.64203 4.15138 2 P 0
L 7.6664 4.11201 7.6664 4.15138 2 P 0
L 7.6664 4.15138 7.6814 4.15138 2 P 0
L 7.6814 4.15138 7.68515 4.14951 2 P 0
L 7.68515 4.14951 7.68703 4.14764 2 P 0
L 7.68703 4.14764 7.6889 4.14389 2 P 0
L 7.6889 4.14389 7.6889 4.13826 2 P 0
L 7.6889 4.13826 7.68703 4.13451 2 P 0
L 7.68703 4.13451 7.68515 4.13264 2 P 0
L 7.68515 4.13264 7.6814 4.13076 2 P 0
L 7.6814 4.13076 7.6664 4.13076 2 P 0
L 7.70202 4.15138 7.72827 4.15138 2 P 0
L 7.72827 4.15138 7.7114 4.11201 2 P 0
L 7.76389 4.11201 7.74139 4.11201 2 P 0
L 7.75264 4.11201 7.75264 4.15138 2 P 0
L 7.75264 4.15138 7.74889 4.14576 2 P 0
L 7.74889 4.14576 7.74514 4.14201 2 P 0
L 7.74514 4.14201 7.74139 4.14014 2 P 0
L 4.60323 3.86005 4.62572 3.86005 2 P 0
L 4.61447 3.82068 4.61447 3.86005 2 P 0
L 4.63885 3.82068 4.63885 3.86005 2 P 0
L 4.63885 3.86005 4.65384 3.86005 2 P 0
L 4.65384 3.86005 4.65759 3.85817 2 P 0
L 4.65759 3.85817 4.65947 3.8563 2 P 0
L 4.65947 3.8563 4.66134 3.85255 2 P 0
L 4.66134 3.85255 4.66134 3.84692 2 P 0
L 4.66134 3.84692 4.65947 3.84317 2 P 0
L 4.65947 3.84317 4.65759 3.8413 2 P 0
L 4.65759 3.8413 4.65384 3.83942 2 P 0
L 4.65384 3.83942 4.63885 3.83942 2 P 0
L 4.69884 3.82068 4.67634 3.82068 2 P 0
L 4.68759 3.82068 4.68759 3.86005 2 P 0
L 4.68759 3.86005 4.68384 3.85442 2 P 0
L 4.68384 3.85442 4.68009 3.85067 2 P 0
L 4.68009 3.85067 4.67634 3.8488 2 P 0
L 4.71196 3.86005 4.73633 3.86005 2 P 0
L 4.73633 3.86005 4.72321 3.84505 2 P 0
L 4.72321 3.84505 4.72883 3.84505 2 P 0
L 4.72883 3.84505 4.73258 3.84317 2 P 0
L 4.73258 3.84317 4.73446 3.8413 2 P 0
L 4.73446 3.8413 4.73633 3.83755 2 P 0
L 4.73633 3.83755 4.73633 3.82817 2 P 0
L 4.73633 3.82817 4.73446 3.82442 2 P 0
L 4.73446 3.82442 4.73258 3.82255 2 P 0
L 4.73258 3.82255 4.72883 3.82068 2 P 0
L 4.72883 3.82068 4.71759 3.82068 2 P 0
L 4.71759 3.82068 4.71384 3.82255 2 P 0
L 4.71384 3.82255 4.71196 3.82442 2 P 0
L 4.05992 2.86792 4.08242 2.86792 2 P 0
L 4.07117 2.82855 4.07117 2.86792 2 P 0
L 4.09554 2.82855 4.09554 2.86792 2 P 0
L 4.09554 2.86792 4.11054 2.86792 2 P 0
L 4.11054 2.86792 4.11429 2.86604 2 P 0
L 4.11429 2.86604 4.11616 2.86417 2 P 0
L 4.11616 2.86417 4.11804 2.86042 2 P 0
L 4.11804 2.86042 4.11804 2.8548 2 P 0
L 4.11804 2.8548 4.11616 2.85105 2 P 0
L 4.11616 2.85105 4.11429 2.84917 2 P 0
L 4.11429 2.84917 4.11054 2.8473 2 P 0
L 4.11054 2.8473 4.09554 2.8473 2 P 0
L 4.15553 2.82855 4.13303 2.82855 2 P 0
L 4.14428 2.82855 4.14428 2.86792 2 P 0
L 4.14428 2.86792 4.14053 2.8623 2 P 0
L 4.14053 2.8623 4.13678 2.85855 2 P 0
L 4.13678 2.85855 4.13303 2.85667 2 P 0
L 4.17053 2.86417 4.1724 2.86604 2 P 0
L 4.1724 2.86604 4.17615 2.86792 2 P 0
L 4.17615 2.86792 4.18553 2.86792 2 P 0
L 4.18553 2.86792 4.18928 2.86604 2 P 0
L 4.18928 2.86604 4.19115 2.86417 2 P 0
L 4.19115 2.86417 4.19303 2.86042 2 P 0
L 4.19303 2.86042 4.19303 2.85667 2 P 0
L 4.19303 2.85667 4.19115 2.85105 2 P 0
L 4.19115 2.85105 4.16865 2.82855 2 P 0
L 4.16865 2.82855 4.19303 2.82855 2 P 0
L 4.54811 1.73012 4.5706 1.73012 2 P 0
L 4.55936 1.69075 4.55936 1.73012 2 P 0
L 4.58373 1.69075 4.58373 1.73012 2 P 0
L 4.58373 1.73012 4.59873 1.73012 2 P 0
L 4.59873 1.73012 4.60248 1.72825 2 P 0
L 4.60248 1.72825 4.60435 1.72637 2 P 0
L 4.60435 1.72637 4.60622 1.72262 2 P 0
L 4.60622 1.72262 4.60622 1.717 2 P 0
L 4.60622 1.717 4.60435 1.71325 2 P 0
L 4.60435 1.71325 4.60248 1.71138 2 P 0
L 4.60248 1.71138 4.59873 1.7095 2 P 0
L 4.59873 1.7095 4.58373 1.7095 2 P 0
L 4.64372 1.69075 4.62122 1.69075 2 P 0
L 4.63247 1.69075 4.63247 1.73012 2 P 0
L 4.63247 1.73012 4.62872 1.7245 2 P 0
L 4.62872 1.7245 4.62497 1.72075 2 P 0
L 4.62497 1.72075 4.62122 1.71888 2 P 0
L 4.68121 1.69075 4.65872 1.69075 2 P 0
L 4.66997 1.69075 4.66997 1.73012 2 P 0
L 4.66997 1.73012 4.66622 1.7245 2 P 0
L 4.66622 1.7245 4.66247 1.72075 2 P 0
L 4.66247 1.72075 4.65872 1.71888 2 P 0
L 5.92214 2.45144 5.90714 2.44094 2 P 0
L 5.92214 2.43344 5.89064 2.43344 2 P 0
L 5.89064 2.43344 5.89064 2.44544 2 P 0
L 5.89064 2.44544 5.89214 2.44844 2 P 0
L 5.89214 2.44844 5.89364 2.44994 2 P 0
L 5.89364 2.44994 5.89664 2.45144 2 P 0
L 5.89664 2.45144 5.90114 2.45144 2 P 0
L 5.90114 2.45144 5.90414 2.44994 2 P 0
L 5.90414 2.44994 5.90564 2.44844 2 P 0
L 5.90564 2.44844 5.90714 2.44544 2 P 0
L 5.90714 2.44544 5.90714 2.43344 2 P 0
L 5.92214 2.48144 5.92214 2.46344 2 P 0
L 5.92214 2.47244 5.89064 2.47244 2 P 0
L 5.89064 2.47244 5.89514 2.46944 2 P 0
L 5.89514 2.46944 5.89814 2.46644 2 P 0
L 5.89814 2.46644 5.89964 2.46344 2 P 0
L 1.45184 2.20227 1.43684 2.20227 2 P 0
L 1.43684 2.20227 1.43684 2.23377 2 P 0
L 1.47883 2.20227 1.46084 2.20227 2 P 0
L 1.46984 2.20227 1.46984 2.23377 2 P 0
L 1.46984 2.23377 1.46684 2.22927 2 P 0
L 1.46684 2.22927 1.46384 2.22627 2 P 0
L 1.46384 2.22627 1.46084 2.22477 2 P 0
L 1.6051 1.52511 1.6231 1.52511 2 P 0
L 1.6141 1.49361 1.6141 1.52511 2 P 0
L 1.6336 1.49361 1.6336 1.52511 2 P 0
L 1.6336 1.52511 1.64559 1.52511 2 P 0
L 1.64559 1.52511 1.64859 1.52361 2 P 0
L 1.64859 1.52361 1.65009 1.52211 2 P 0
L 1.65009 1.52211 1.65159 1.51911 2 P 0
L 1.65159 1.51911 1.65159 1.51461 2 P 0
L 1.65159 1.51461 1.65009 1.51161 2 P 0
L 1.65009 1.51161 1.64859 1.51011 2 P 0
L 1.64859 1.51011 1.64559 1.50861 2 P 0
L 1.64559 1.50861 1.6336 1.50861 2 P 0
L 1.68159 1.49361 1.66359 1.49361 2 P 0
L 1.67259 1.49361 1.67259 1.52511 2 P 0
L 1.67259 1.52511 1.66959 1.52061 2 P 0
L 1.66959 1.52061 1.66659 1.51761 2 P 0
L 1.66659 1.51761 1.66359 1.51611 2 P 0
L 1.69209 1.52511 1.71309 1.52511 2 P 0
L 1.71309 1.52511 1.69959 1.49361 2 P 0
L 7.38474 0.605736 7.36974 0.595237 2 P 0
L 7.38474 0.587738 7.35324 0.587738 2 P 0
L 7.35324 0.587738 7.35324 0.599737 2 P 0
L 7.35324 0.599737 7.35474 0.602736 2 P 0
L 7.35474 0.602736 7.35624 0.604236 2 P 0
L 7.35624 0.604236 7.35924 0.605736 2 P 0
L 7.35924 0.605736 7.36374 0.605736 2 P 0
L 7.36374 0.605736 7.36674 0.604236 2 P 0
L 7.36674 0.604236 7.36824 0.602736 2 P 0
L 7.36824 0.602736 7.36974 0.599737 2 P 0
L 7.36974 0.599737 7.36974 0.587738 2 P 0
L 7.35324 0.616235 7.35324 0.635732 2 P 0
L 7.35324 0.635732 7.36524 0.625233 2 P 0
L 7.36524 0.625233 7.36524 0.629733 2 P 0
L 7.36524 0.629733 7.36674 0.632732 2 P 0
L 7.36674 0.632732 7.36824 0.634232 2 P 0
L 7.36824 0.634232 7.37124 0.635732 2 P 0
L 7.37124 0.635732 7.37874 0.635732 2 P 0
L 7.37874 0.635732 7.38174 0.634232 2 P 0
L 7.38174 0.634232 7.38324 0.632732 2 P 0
L 7.38324 0.632732 7.38474 0.629733 2 P 0
L 7.38474 0.629733 7.38474 0.620734 2 P 0
L 7.38474 0.620734 7.38324 0.617734 2 P 0
L 7.38324 0.617734 7.38174 0.616235 2 P 0
L 7.36674 0.65373 7.36524 0.65073 2 P 0
L 7.36524 0.65073 7.36374 0.64923 2 P 0
L 7.36374 0.64923 7.36074 0.647731 2 P 0
L 7.36074 0.647731 7.35924 0.647731 2 P 0
L 7.35924 0.647731 7.35624 0.64923 2 P 0
L 7.35624 0.64923 7.35474 0.65073 2 P 0
L 7.35474 0.65073 7.35324 0.65373 2 P 0
L 7.35324 0.65373 7.35324 0.659729 2 P 0
L 7.35324 0.659729 7.35474 0.662729 2 P 0
L 7.35474 0.662729 7.35624 0.664229 2 P 0
L 7.35624 0.664229 7.35924 0.665728 2 P 0
L 7.35924 0.665728 7.36074 0.665728 2 P 0
L 7.36074 0.665728 7.36374 0.664229 2 P 0
L 7.36374 0.664229 7.36524 0.662729 2 P 0
L 7.36524 0.662729 7.36674 0.659729 2 P 0
L 7.36674 0.659729 7.36674 0.65373 2 P 0
L 7.36674 0.65373 7.36824 0.65073 2 P 0
L 7.36824 0.65073 7.36974 0.64923 2 P 0
L 7.36974 0.64923 7.37274 0.647731 2 P 0
L 7.37274 0.647731 7.37874 0.647731 2 P 0
L 7.37874 0.647731 7.38174 0.64923 2 P 0
L 7.38174 0.64923 7.38324 0.65073 2 P 0
L 7.38324 0.65073 7.38474 0.65373 2 P 0
L 7.38474 0.65373 7.38474 0.659729 2 P 0
L 7.38474 0.659729 7.38324 0.662729 2 P 0
L 7.38324 0.662729 7.38174 0.664229 2 P 0
L 7.38174 0.664229 7.37874 0.665728 2 P 0
L 7.37874 0.665728 7.37274 0.665728 2 P 0
L 7.37274 0.665728 7.36974 0.664229 2 P 0
L 7.36974 0.664229 7.36824 0.662729 2 P 0
L 7.36824 0.662729 7.36674 0.659729 2 P 0
L 3.70954 2.91676 3.69454 2.90626 2 P 0
L 3.70954 2.89876 3.67804 2.89876 2 P 0
L 3.67804 2.89876 3.67804 2.91076 2 P 0
L 3.67804 2.91076 3.67954 2.91376 2 P 0
L 3.67954 2.91376 3.68104 2.91526 2 P 0
L 3.68104 2.91526 3.68404 2.91676 2 P 0
L 3.68404 2.91676 3.68854 2.91676 2 P 0
L 3.68854 2.91676 3.69154 2.91526 2 P 0
L 3.69154 2.91526 3.69304 2.91376 2 P 0
L 3.69304 2.91376 3.69454 2.91076 2 P 0
L 3.69454 2.91076 3.69454 2.89876 2 P 0
L 3.67804 2.92726 3.67804 2.94676 2 P 0
L 3.67804 2.94676 3.69004 2.93626 2 P 0
L 3.69004 2.93626 3.69004 2.94076 2 P 0
L 3.69004 2.94076 3.69154 2.94376 2 P 0
L 3.69154 2.94376 3.69304 2.94526 2 P 0
L 3.69304 2.94526 3.69604 2.94676 2 P 0
L 3.69604 2.94676 3.70354 2.94676 2 P 0
L 3.70354 2.94676 3.70654 2.94526 2 P 0
L 3.70654 2.94526 3.70804 2.94376 2 P 0
L 3.70804 2.94376 3.70954 2.94076 2 P 0
L 3.70954 2.94076 3.70954 2.93176 2 P 0
L 3.70954 2.93176 3.70804 2.92876 2 P 0
L 3.70804 2.92876 3.70654 2.92726 2 P 0
L 3.67804 2.96625 3.67804 2.96925 2 P 0
L 3.67804 2.96925 3.67954 2.97225 2 P 0
L 3.67954 2.97225 3.68104 2.97375 2 P 0
L 3.68104 2.97375 3.68404 2.97525 2 P 0
L 3.68404 2.97525 3.69004 2.97675 2 P 0
L 3.69004 2.97675 3.69754 2.97675 2 P 0
L 3.69754 2.97675 3.70354 2.97525 2 P 0
L 3.70354 2.97525 3.70654 2.97375 2 P 0
L 3.70654 2.97375 3.70804 2.97225 2 P 0
L 3.70804 2.97225 3.70954 2.96925 2 P 0
L 3.70954 2.96925 3.70954 2.96625 2 P 0
L 3.70954 2.96625 3.70804 2.96325 2 P 0
L 3.70804 2.96325 3.70654 2.96175 2 P 0
L 3.70654 2.96175 3.70354 2.96025 2 P 0
L 3.70354 2.96025 3.69754 2.95875 2 P 0
L 3.69754 2.95875 3.69004 2.95875 2 P 0
L 3.69004 2.95875 3.68404 2.96025 2 P 0
L 3.68404 2.96025 3.68104 2.96175 2 P 0
L 3.68104 2.96175 3.67954 2.96325 2 P 0
L 3.67954 2.96325 3.67804 2.96625 2 P 0
L 3.84826 2.62259 3.84676 2.62109 2 P 0
L 3.84676 2.62109 3.84226 2.61959 2 P 0
L 3.84226 2.61959 3.83926 2.61959 2 P 0
L 3.83926 2.61959 3.83476 2.62109 2 P 0
L 3.83476 2.62109 3.83176 2.62409 2 P 0
L 3.83176 2.62409 3.83026 2.62709 2 P 0
L 3.83026 2.62709 3.82876 2.63309 2 P 0
L 3.82876 2.63309 3.82876 2.63759 2 P 0
L 3.82876 2.63759 3.83026 2.64359 2 P 0
L 3.83026 2.64359 3.83176 2.64659 2 P 0
L 3.83176 2.64659 3.83476 2.64959 2 P 0
L 3.83476 2.64959 3.83926 2.65109 2 P 0
L 3.83926 2.65109 3.84226 2.65109 2 P 0
L 3.84226 2.65109 3.84676 2.64959 2 P 0
L 3.84676 2.64959 3.84826 2.64809 2 P 0
L 3.86025 2.64809 3.86175 2.64959 2 P 0
L 3.86175 2.64959 3.86475 2.65109 2 P 0
L 3.86475 2.65109 3.87225 2.65109 2 P 0
L 3.87225 2.65109 3.87525 2.64959 2 P 0
L 3.87525 2.64959 3.87675 2.64809 2 P 0
L 3.87675 2.64809 3.87825 2.64509 2 P 0
L 3.87825 2.64509 3.87825 2.64209 2 P 0
L 3.87825 2.64209 3.87675 2.63759 2 P 0
L 3.87675 2.63759 3.85876 2.61959 2 P 0
L 3.85876 2.61959 3.87825 2.61959 2 P 0
L 3.90525 2.64059 3.90525 2.61959 2 P 0
L 3.89775 2.65259 3.89025 2.63009 2 P 0
L 3.89025 2.63009 3.90975 2.63009 2 P 0
L 3.83645 1.00842 3.83495 1.00692 2 P 0
L 3.83495 1.00692 3.83045 1.00542 2 P 0
L 3.83045 1.00542 3.82745 1.00542 2 P 0
L 3.82745 1.00542 3.82295 1.00692 2 P 0
L 3.82295 1.00692 3.81995 1.00992 2 P 0
L 3.81995 1.00992 3.81845 1.01292 2 P 0
L 3.81845 1.01292 3.81695 1.01892 2 P 0
L 3.81695 1.01892 3.81695 1.02342 2 P 0
L 3.81695 1.02342 3.81845 1.02942 2 P 0
L 3.81845 1.02942 3.81995 1.03242 2 P 0
L 3.81995 1.03242 3.82295 1.03542 2 P 0
L 3.82295 1.03542 3.82745 1.03692 2 P 0
L 3.82745 1.03692 3.83045 1.03692 2 P 0
L 3.83045 1.03692 3.83495 1.03542 2 P 0
L 3.83495 1.03542 3.83645 1.03392 2 P 0
L 3.84844 1.03392 3.84994 1.03542 2 P 0
L 3.84994 1.03542 3.85294 1.03692 2 P 0
L 3.85294 1.03692 3.86044 1.03692 2 P 0
L 3.86044 1.03692 3.86344 1.03542 2 P 0
L 3.86344 1.03542 3.86494 1.03392 2 P 0
L 3.86494 1.03392 3.86644 1.03092 2 P 0
L 3.86644 1.03092 3.86644 1.02792 2 P 0
L 3.86644 1.02792 3.86494 1.02342 2 P 0
L 3.86494 1.02342 3.84694 1.00542 2 P 0
L 3.84694 1.00542 3.86644 1.00542 2 P 0
L 3.87844 1.03392 3.87994 1.03542 2 P 0
L 3.87994 1.03542 3.88294 1.03692 2 P 0
L 3.88294 1.03692 3.89044 1.03692 2 P 0
L 3.89044 1.03692 3.89344 1.03542 2 P 0
L 3.89344 1.03542 3.89494 1.03392 2 P 0
L 3.89494 1.03392 3.89644 1.03092 2 P 0
L 3.89644 1.03092 3.89644 1.02792 2 P 0
L 3.89644 1.02792 3.89494 1.02342 2 P 0
L 3.89494 1.02342 3.87694 1.00542 2 P 0
L 3.87694 1.00542 3.89644 1.00542 2 P 0
L 4.5872 2.05362 4.54783 2.05362 2 P 0
L 4.54783 2.05362 4.54783 2.06299 2 P 0
L 4.54783 2.06299 4.5497 2.06862 2 P 0
L 4.5497 2.06862 4.55345 2.07237 2 P 0
L 4.55345 2.07237 4.5572 2.07424 2 P 0
L 4.5572 2.07424 4.5647 2.07611 2 P 0
L 4.5647 2.07611 4.57032 2.07611 2 P 0
L 4.57032 2.07611 4.57782 2.07424 2 P 0
L 4.57782 2.07424 4.58157 2.07237 2 P 0
L 4.58157 2.07237 4.58532 2.06862 2 P 0
L 4.58532 2.06862 4.5872 2.06299 2 P 0
L 4.5872 2.06299 4.5872 2.05362 2 P 0
L 4.54783 2.08924 4.54783 2.11361 2 P 0
L 4.54783 2.11361 4.56283 2.10049 2 P 0
L 4.56283 2.10049 4.56283 2.10611 2 P 0
L 4.56283 2.10611 4.5647 2.10986 2 P 0
L 4.5647 2.10986 4.56658 2.11173 2 P 0
L 4.56658 2.11173 4.57032 2.11361 2 P 0
L 4.57032 2.11361 4.5797 2.11361 2 P 0
L 4.5797 2.11361 4.58345 2.11173 2 P 0
L 4.58345 2.11173 4.58532 2.10986 2 P 0
L 4.58532 2.10986 4.5872 2.10611 2 P 0
L 4.5872 2.10611 4.5872 2.09486 2 P 0
L 4.5872 2.09486 4.58532 2.09111 2 P 0
L 4.58532 2.09111 4.58345 2.08924 2 P 0
L 2.30982 2.28495 2.32782 2.28495 2 P 0
L 2.31882 2.25345 2.31882 2.28495 2 P 0
L 2.33832 2.25345 2.33832 2.28495 2 P 0
L 2.33832 2.28495 2.35032 2.28495 2 P 0
L 2.35032 2.28495 2.35332 2.28345 2 P 0
L 2.35332 2.28345 2.35482 2.28195 2 P 0
L 2.35482 2.28195 2.35632 2.27895 2 P 0
L 2.35632 2.27895 2.35632 2.27445 2 P 0
L 2.35632 2.27445 2.35482 2.27145 2 P 0
L 2.35482 2.27145 2.35332 2.26995 2 P 0
L 2.35332 2.26995 2.35032 2.26845 2 P 0
L 2.35032 2.26845 2.33832 2.26845 2 P 0
L 2.36682 2.28495 2.38631 2.28495 2 P 0
L 2.38631 2.28495 2.37582 2.27295 2 P 0
L 2.37582 2.27295 2.38031 2.27295 2 P 0
L 2.38031 2.27295 2.38332 2.27145 2 P 0
L 2.38332 2.27145 2.38481 2.26995 2 P 0
L 2.38481 2.26995 2.38631 2.26695 2 P 0
L 2.38631 2.26695 2.38631 2.25945 2 P 0
L 2.38631 2.25945 2.38481 2.25645 2 P 0
L 2.38481 2.25645 2.38332 2.25495 2 P 0
L 2.38332 2.25495 2.38031 2.25345 2 P 0
L 2.38031 2.25345 2.37132 2.25345 2 P 0
L 2.37132 2.25345 2.36832 2.25495 2 P 0
L 2.36832 2.25495 2.36682 2.25645 2 P 0
L 2.41331 2.28495 2.40731 2.28495 2 P 0
L 2.40731 2.28495 2.40431 2.28345 2 P 0
L 2.40431 2.28345 2.40281 2.28195 2 P 0
L 2.40281 2.28195 2.39981 2.27745 2 P 0
L 2.39981 2.27745 2.39831 2.27145 2 P 0
L 2.39831 2.27145 2.39831 2.25945 2 P 0
L 2.39831 2.25945 2.39981 2.25645 2 P 0
L 2.39981 2.25645 2.40131 2.25495 2 P 0
L 2.40131 2.25495 2.40431 2.25345 2 P 0
L 2.40431 2.25345 2.41031 2.25345 2 P 0
L 2.41031 2.25345 2.41331 2.25495 2 P 0
L 2.41331 2.25495 2.41481 2.25645 2 P 0
L 2.41481 2.25645 2.41631 2.25945 2 P 0
L 2.41631 2.25945 2.41631 2.26695 2 P 0
L 2.41631 2.26695 2.41481 2.26995 2 P 0
L 2.41481 2.26995 2.41331 2.27145 2 P 0
L 2.41331 2.27145 2.41031 2.27295 2 P 0
L 2.41031 2.27295 2.40431 2.27295 2 P 0
L 2.40431 2.27295 2.40131 2.27145 2 P 0
L 2.40131 2.27145 2.39981 2.26995 2 P 0
L 2.39981 2.26995 2.39831 2.26695 2 P 0
L 2.26558 2.15503 2.25508 2.17002 2 P 0
L 2.24758 2.15503 2.24758 2.18652 2 P 0
L 2.24758 2.18652 2.25958 2.18652 2 P 0
L 2.25958 2.18652 2.26258 2.18502 2 P 0
L 2.26258 2.18502 2.26408 2.18352 2 P 0
L 2.26408 2.18352 2.26558 2.18052 2 P 0
L 2.26558 2.18052 2.26558 2.17602 2 P 0
L 2.26558 2.17602 2.26408 2.17302 2 P 0
L 2.26408 2.17302 2.26258 2.17152 2 P 0
L 2.26258 2.17152 2.25958 2.17002 2 P 0
L 2.25958 2.17002 2.24758 2.17002 2 P 0
L 2.29558 2.15503 2.27758 2.15503 2 P 0
L 2.28658 2.15503 2.28658 2.18652 2 P 0
L 2.28658 2.18652 2.28358 2.18202 2 P 0
L 2.28358 2.18202 2.28058 2.17902 2 P 0
L 2.28058 2.17902 2.27758 2.17752 2 P 0
L 2.31357 2.17302 2.31057 2.17452 2 P 0
L 2.31057 2.17452 2.30907 2.17602 2 P 0
L 2.30907 2.17602 2.30757 2.17902 2 P 0
L 2.30757 2.17902 2.30757 2.18052 2 P 0
L 2.30757 2.18052 2.30907 2.18352 2 P 0
L 2.30907 2.18352 2.31057 2.18502 2 P 0
L 2.31057 2.18502 2.31357 2.18652 2 P 0
L 2.31357 2.18652 2.31957 2.18652 2 P 0
L 2.31957 2.18652 2.32257 2.18502 2 P 0
L 2.32257 2.18502 2.32407 2.18352 2 P 0
L 2.32407 2.18352 2.32557 2.18052 2 P 0
L 2.32557 2.18052 2.32557 2.17902 2 P 0
L 2.32557 2.17902 2.32407 2.17602 2 P 0
L 2.32407 2.17602 2.32257 2.17452 2 P 0
L 2.32257 2.17452 2.31957 2.17302 2 P 0
L 2.31957 2.17302 2.31357 2.17302 2 P 0
L 2.31357 2.17302 2.31057 2.17152 2 P 0
L 2.31057 2.17152 2.30907 2.17002 2 P 0
L 2.30907 2.17002 2.30757 2.16702 2 P 0
L 2.30757 2.16702 2.30757 2.16103 2 P 0
L 2.30757 2.16103 2.30907 2.15803 2 P 0
L 2.30907 2.15803 2.31057 2.15653 2 P 0
L 2.31057 2.15653 2.31357 2.15503 2 P 0
L 2.31357 2.15503 2.31957 2.15503 2 P 0
L 2.31957 2.15503 2.32257 2.15653 2 P 0
L 2.32257 2.15653 2.32407 2.15803 2 P 0
L 2.32407 2.15803 2.32557 2.16103 2 P 0
L 2.32557 2.16103 2.32557 2.16702 2 P 0
L 2.32557 2.16702 2.32407 2.17002 2 P 0
L 2.32407 2.17002 2.32257 2.17152 2 P 0
L 2.32257 2.17152 2.31957 2.17302 2 P 0
L 3.09235 2.62259 3.09085 2.62109 2 P 0
L 3.09085 2.62109 3.08635 2.61959 2 P 0
L 3.08635 2.61959 3.08335 2.61959 2 P 0
L 3.08335 2.61959 3.07885 2.62109 2 P 0
L 3.07885 2.62109 3.07585 2.62409 2 P 0
L 3.07585 2.62409 3.07435 2.62709 2 P 0
L 3.07435 2.62709 3.07285 2.63309 2 P 0
L 3.07285 2.63309 3.07285 2.63759 2 P 0
L 3.07285 2.63759 3.07435 2.64359 2 P 0
L 3.07435 2.64359 3.07585 2.64659 2 P 0
L 3.07585 2.64659 3.07885 2.64959 2 P 0
L 3.07885 2.64959 3.08335 2.65109 2 P 0
L 3.08335 2.65109 3.08635 2.65109 2 P 0
L 3.08635 2.65109 3.09085 2.64959 2 P 0
L 3.09085 2.64959 3.09235 2.64809 2 P 0
L 3.10435 2.64809 3.10585 2.64959 2 P 0
L 3.10585 2.64959 3.10885 2.65109 2 P 0
L 3.10885 2.65109 3.11635 2.65109 2 P 0
L 3.11635 2.65109 3.11935 2.64959 2 P 0
L 3.11935 2.64959 3.12085 2.64809 2 P 0
L 3.12085 2.64809 3.12235 2.64509 2 P 0
L 3.12235 2.64509 3.12235 2.64209 2 P 0
L 3.12235 2.64209 3.12085 2.63759 2 P 0
L 3.12085 2.63759 3.10285 2.61959 2 P 0
L 3.10285 2.61959 3.12235 2.61959 2 P 0
L 3.13285 2.65109 3.15234 2.65109 2 P 0
L 3.15234 2.65109 3.14184 2.63909 2 P 0
L 3.14184 2.63909 3.14634 2.63909 2 P 0
L 3.14634 2.63909 3.14934 2.63759 2 P 0
L 3.14934 2.63759 3.15084 2.63609 2 P 0
L 3.15084 2.63609 3.15234 2.63309 2 P 0
L 3.15234 2.63309 3.15234 2.62559 2 P 0
L 3.15234 2.62559 3.15084 2.62259 2 P 0
L 3.15084 2.62259 3.14934 2.62109 2 P 0
L 3.14934 2.62109 3.14634 2.61959 2 P 0
L 3.14634 2.61959 3.13735 2.61959 2 P 0
L 3.13735 2.61959 3.13435 2.62109 2 P 0
L 3.13435 2.62109 3.13285 2.62259 2 P 0
L 4.85396 0.074612 4.85396 0.046491 2 P 0
L 4.85396 0.046491 4.85208 0.040867 2 P 0
L 4.85208 0.040867 4.84833 0.037117 2 P 0
L 4.84833 0.037117 4.84271 0.035242 2 P 0
L 4.84271 0.035242 4.83896 0.035242 2 P 0
L 4.89333 0.035242 4.87083 0.035242 2 P 0
L 4.88208 0.035242 4.88208 0.074612 2 P 0
L 4.88208 0.074612 4.87833 0.068988 2 P 0
L 4.87833 0.068988 4.87458 0.065239 2 P 0
L 4.87458 0.065239 4.87083 0.063364 2 P 0
L 4.90832 0.070863 4.9102 0.072738 2 P 0
L 4.9102 0.072738 4.91395 0.074612 2 P 0
L 4.91395 0.074612 4.92332 0.074612 2 P 0
L 4.92332 0.074612 4.92707 0.072738 2 P 0
L 4.92707 0.072738 4.92895 0.070863 2 P 0
L 4.92895 0.070863 4.93082 0.067113 2 P 0
L 4.93082 0.067113 4.93082 0.063364 2 P 0
L 4.93082 0.063364 4.92895 0.05774 2 P 0
L 4.92895 0.05774 4.90645 0.035242 2 P 0
L 4.90645 0.035242 4.93082 0.035242 2 P 0
L 5.44451 0.074612 5.44451 0.046491 2 P 0
L 5.44451 0.046491 5.44263 0.040867 2 P 0
L 5.44263 0.040867 5.43888 0.037117 2 P 0
L 5.43888 0.037117 5.43326 0.035242 2 P 0
L 5.43326 0.035242 5.42951 0.035242 2 P 0
L 5.48388 0.035242 5.46138 0.035242 2 P 0
L 5.47263 0.035242 5.47263 0.074612 2 P 0
L 5.47263 0.074612 5.46888 0.068988 2 P 0
L 5.46888 0.068988 5.46513 0.065239 2 P 0
L 5.46513 0.065239 5.46138 0.063364 2 P 0
L 5.52137 0.035242 5.49888 0.035242 2 P 0
L 5.51012 0.035242 5.51012 0.074612 2 P 0
L 5.51012 0.074612 5.50637 0.068988 2 P 0
L 5.50637 0.068988 5.50263 0.065239 2 P 0
L 5.50263 0.065239 5.49888 0.063364 2 P 0
L 6.03506 0.074612 6.03506 0.046491 2 P 0
L 6.03506 0.046491 6.03318 0.040867 2 P 0
L 6.03318 0.040867 6.02943 0.037117 2 P 0
L 6.02943 0.037117 6.02381 0.035242 2 P 0
L 6.02381 0.035242 6.02006 0.035242 2 P 0
L 6.07443 0.035242 6.05193 0.035242 2 P 0
L 6.06318 0.035242 6.06318 0.074612 2 P 0
L 6.06318 0.074612 6.05943 0.068988 2 P 0
L 6.05943 0.068988 6.05568 0.065239 2 P 0
L 6.05568 0.065239 6.05193 0.063364 2 P 0
L 6.0988 0.074612 6.10255 0.074612 2 P 0
L 6.10255 0.074612 6.1063 0.072738 2 P 0
L 6.1063 0.072738 6.10817 0.070863 2 P 0
L 6.10817 0.070863 6.11005 0.067113 2 P 0
L 6.11005 0.067113 6.11192 0.059614 2 P 0
L 6.11192 0.059614 6.11192 0.050241 2 P 0
L 6.11192 0.050241 6.11005 0.042741 2 P 0
L 6.11005 0.042741 6.10817 0.038992 2 P 0
L 6.10817 0.038992 6.1063 0.037117 2 P 0
L 6.1063 0.037117 6.10255 0.035242 2 P 0
L 6.10255 0.035242 6.0988 0.035242 2 P 0
L 6.0988 0.035242 6.09505 0.037117 2 P 0
L 6.09505 0.037117 6.09318 0.038992 2 P 0
L 6.09318 0.038992 6.0913 0.042741 2 P 0
L 6.0913 0.042741 6.08943 0.050241 2 P 0
L 6.08943 0.050241 6.08943 0.059614 2 P 0
L 6.08943 0.059614 6.0913 0.067113 2 P 0
L 6.0913 0.067113 6.09318 0.070863 2 P 0
L 6.09318 0.070863 6.09505 0.072738 2 P 0
L 6.09505 0.072738 6.0988 0.074612 2 P 0
L 6.64436 0.074612 6.64436 0.046491 2 P 0
L 6.64436 0.046491 6.64248 0.040867 2 P 0
L 6.64248 0.040867 6.63873 0.037117 2 P 0
L 6.63873 0.037117 6.63311 0.035242 2 P 0
L 6.63311 0.035242 6.62936 0.035242 2 P 0
L 6.66498 0.035242 6.67248 0.035242 2 P 0
L 6.67248 0.035242 6.67623 0.037117 2 P 0
L 6.67623 0.037117 6.6781 0.038992 2 P 0
L 6.6781 0.038992 6.68185 0.044616 2 P 0
L 6.68185 0.044616 6.68373 0.052115 2 P 0
L 6.68373 0.052115 6.68373 0.067113 2 P 0
L 6.68373 0.067113 6.68185 0.070863 2 P 0
L 6.68185 0.070863 6.67998 0.072738 2 P 0
L 6.67998 0.072738 6.67623 0.074612 2 P 0
L 6.67623 0.074612 6.66873 0.074612 2 P 0
L 6.66873 0.074612 6.66498 0.072738 2 P 0
L 6.66498 0.072738 6.6631 0.070863 2 P 0
L 6.6631 0.070863 6.66123 0.067113 2 P 0
L 6.66123 0.067113 6.66123 0.05774 2 P 0
L 6.66123 0.05774 6.6631 0.05399 2 P 0
L 6.6631 0.05399 6.66498 0.052115 2 P 0
L 6.66498 0.052115 6.66873 0.050241 2 P 0
L 6.66873 0.050241 6.67623 0.050241 2 P 0
L 6.67623 0.050241 6.67998 0.052115 2 P 0
L 6.67998 0.052115 6.68185 0.05399 2 P 0
L 6.68185 0.05399 6.68373 0.05774 2 P 0
L 7.23491 0.074612 7.23491 0.046491 2 P 0
L 7.23491 0.046491 7.23303 0.040867 2 P 0
L 7.23303 0.040867 7.22928 0.037117 2 P 0
L 7.22928 0.037117 7.22366 0.035242 2 P 0
L 7.22366 0.035242 7.21991 0.035242 2 P 0
L 7.25928 0.05774 7.25553 0.059614 2 P 0
L 7.25553 0.059614 7.25366 0.061489 2 P 0
L 7.25366 0.061489 7.25178 0.065239 2 P 0
L 7.25178 0.065239 7.25178 0.067113 2 P 0
L 7.25178 0.067113 7.25366 0.070863 2 P 0
L 7.25366 0.070863 7.25553 0.072738 2 P 0
L 7.25553 0.072738 7.25928 0.074612 2 P 0
L 7.25928 0.074612 7.26678 0.074612 2 P 0
L 7.26678 0.074612 7.27053 0.072738 2 P 0
L 7.27053 0.072738 7.2724 0.070863 2 P 0
L 7.2724 0.070863 7.27428 0.067113 2 P 0
L 7.27428 0.067113 7.27428 0.065239 2 P 0
L 7.27428 0.065239 7.2724 0.061489 2 P 0
L 7.2724 0.061489 7.27053 0.059614 2 P 0
L 7.27053 0.059614 7.26678 0.05774 2 P 0
L 7.26678 0.05774 7.25928 0.05774 2 P 0
L 7.25928 0.05774 7.25553 0.055865 2 P 0
L 7.25553 0.055865 7.25366 0.05399 2 P 0
L 7.25366 0.05399 7.25178 0.050241 2 P 0
L 7.25178 0.050241 7.25178 0.042741 2 P 0
L 7.25178 0.042741 7.25366 0.038992 2 P 0
L 7.25366 0.038992 7.25553 0.037117 2 P 0
L 7.25553 0.037117 7.25928 0.035242 2 P 0
L 7.25928 0.035242 7.26678 0.035242 2 P 0
L 7.26678 0.035242 7.27053 0.037117 2 P 0
L 7.27053 0.037117 7.2724 0.038992 2 P 0
L 7.2724 0.038992 7.27428 0.042741 2 P 0
L 7.27428 0.042741 7.27428 0.050241 2 P 0
L 7.27428 0.050241 7.2724 0.05399 2 P 0
L 7.2724 0.05399 7.27053 0.055865 2 P 0
L 7.27053 0.055865 7.26678 0.05774 2 P 0
L 8.05373 1.14593 8.08185 1.14593 2 P 0
L 8.08185 1.14593 8.08748 1.14406 2 P 0
L 8.08748 1.14406 8.09123 1.14031 2 P 0
L 8.09123 1.14031 8.0931 1.13468 2 P 0
L 8.0931 1.13468 8.0931 1.13093 2 P 0
L 8.05373 1.16093 8.05373 1.18718 2 P 0
L 8.05373 1.18718 8.0931 1.1703 2 P 0
L 8.05373 1.7168 8.08185 1.7168 2 P 0
L 8.08185 1.7168 8.08748 1.71492 2 P 0
L 8.08748 1.71492 8.09123 1.71117 2 P 0
L 8.09123 1.71117 8.0931 1.70555 2 P 0
L 8.0931 1.70555 8.0931 1.7018 2 P 0
L 8.05373 1.75242 8.05373 1.74492 2 P 0
L 8.05373 1.74492 8.05561 1.74117 2 P 0
L 8.05561 1.74117 8.05748 1.73929 2 P 0
L 8.05748 1.73929 8.06311 1.73554 2 P 0
L 8.06311 1.73554 8.07061 1.73367 2 P 0
L 8.07061 1.73367 8.0856 1.73367 2 P 0
L 8.0856 1.73367 8.08935 1.73554 2 P 0
L 8.08935 1.73554 8.09123 1.73742 2 P 0
L 8.09123 1.73742 8.0931 1.74117 2 P 0
L 8.0931 1.74117 8.0931 1.74867 2 P 0
L 8.0931 1.74867 8.09123 1.75242 2 P 0
L 8.09123 1.75242 8.08935 1.75429 2 P 0
L 8.08935 1.75429 8.0856 1.75617 2 P 0
L 8.0856 1.75617 8.07623 1.75617 2 P 0
L 8.07623 1.75617 8.07248 1.75429 2 P 0
L 8.07248 1.75429 8.07061 1.75242 2 P 0
L 8.07061 1.75242 8.06873 1.74867 2 P 0
L 8.06873 1.74867 8.06873 1.74117 2 P 0
L 8.06873 1.74117 8.07061 1.73742 2 P 0
L 8.07061 1.73742 8.07248 1.73554 2 P 0
L 8.07248 1.73554 8.07623 1.73367 2 P 0
L 8.05373 2.28766 8.08185 2.28766 2 P 0
L 8.08185 2.28766 8.08748 2.28579 2 P 0
L 8.08748 2.28579 8.09123 2.28204 2 P 0
L 8.09123 2.28204 8.0931 2.27642 2 P 0
L 8.0931 2.27642 8.0931 2.27266 2 P 0
L 8.05373 2.32516 8.05373 2.30641 2 P 0
L 8.05373 2.30641 8.07248 2.30454 2 P 0
L 8.07248 2.30454 8.07061 2.30641 2 P 0
L 8.07061 2.30641 8.06873 2.31016 2 P 0
L 8.06873 2.31016 8.06873 2.31953 2 P 0
L 8.06873 2.31953 8.07061 2.32328 2 P 0
L 8.07061 2.32328 8.07248 2.32516 2 P 0
L 8.07248 2.32516 8.07623 2.32703 2 P 0
L 8.07623 2.32703 8.0856 2.32703 2 P 0
L 8.0856 2.32703 8.08935 2.32516 2 P 0
L 8.08935 2.32516 8.09123 2.32328 2 P 0
L 8.09123 2.32328 8.0931 2.31953 2 P 0
L 8.0931 2.31953 8.0931 2.31016 2 P 0
L 8.0931 2.31016 8.09123 2.30641 2 P 0
L 8.09123 2.30641 8.08935 2.30454 2 P 0
L 8.05373 2.85853 8.08185 2.85853 2 P 0
L 8.08185 2.85853 8.08748 2.85665 2 P 0
L 8.08748 2.85665 8.09123 2.8529 2 P 0
L 8.09123 2.8529 8.0931 2.84728 2 P 0
L 8.0931 2.84728 8.0931 2.84353 2 P 0
L 8.06686 2.89415 8.0931 2.89415 2 P 0
L 8.05186 2.88478 8.07998 2.8754 2 P 0
L 8.07998 2.8754 8.07998 2.89977 2 P 0
L 8.05373 3.42939 8.08185 3.42939 2 P 0
L 8.08185 3.42939 8.08748 3.42752 2 P 0
L 8.08748 3.42752 8.09123 3.42377 2 P 0
L 8.09123 3.42377 8.0931 3.41815 2 P 0
L 8.0931 3.41815 8.0931 3.4144 2 P 0
L 8.05373 3.44439 8.05373 3.46876 2 P 0
L 8.05373 3.46876 8.06873 3.45564 2 P 0
L 8.06873 3.45564 8.06873 3.46127 2 P 0
L 8.06873 3.46127 8.07061 3.46502 2 P 0
L 8.07061 3.46502 8.07248 3.46689 2 P 0
L 8.07248 3.46689 8.07623 3.46876 2 P 0
L 8.07623 3.46876 8.0856 3.46876 2 P 0
L 8.0856 3.46876 8.08935 3.46689 2 P 0
L 8.08935 3.46689 8.09123 3.46502 2 P 0
L 8.09123 3.46502 8.0931 3.46127 2 P 0
L 8.0931 3.46127 8.0931 3.45002 2 P 0
L 8.0931 3.45002 8.09123 3.44627 2 P 0
L 8.09123 3.44627 8.08935 3.44439 2 P 0
L 5.83345 0.879436 5.85144 0.879436 2 P 0
L 5.84244 0.84794 5.84244 0.879436 2 P 0
L 5.86194 0.84794 5.86194 0.879436 2 P 0
L 5.86194 0.879436 5.87394 0.879436 2 P 0
L 5.87394 0.879436 5.87694 0.877936 2 P 0
L 5.87694 0.877936 5.87844 0.876437 2 P 0
L 5.87844 0.876437 5.87994 0.873437 2 P 0
L 5.87994 0.873437 5.87994 0.868938 2 P 0
L 5.87994 0.868938 5.87844 0.865938 2 P 0
L 5.87844 0.865938 5.87694 0.864438 2 P 0
L 5.87694 0.864438 5.87394 0.862938 2 P 0
L 5.87394 0.862938 5.86194 0.862938 2 P 0
L 5.90694 0.879436 5.90094 0.879436 2 P 0
L 5.90094 0.879436 5.89794 0.877936 2 P 0
L 5.89794 0.877936 5.89644 0.876437 2 P 0
L 5.89644 0.876437 5.89344 0.871937 2 P 0
L 5.89344 0.871937 5.89194 0.865938 2 P 0
L 5.89194 0.865938 5.89194 0.853939 2 P 0
L 5.89194 0.853939 5.89344 0.85094 2 P 0
L 5.89344 0.85094 5.89494 0.84944 2 P 0
L 5.89494 0.84944 5.89794 0.84794 2 P 0
L 5.89794 0.84794 5.90394 0.84794 2 P 0
L 5.90394 0.84794 5.90694 0.84944 2 P 0
L 5.90694 0.84944 5.90844 0.85094 2 P 0
L 5.90844 0.85094 5.90994 0.853939 2 P 0
L 5.90994 0.853939 5.90994 0.861438 2 P 0
L 5.90994 0.861438 5.90844 0.864438 2 P 0
L 5.90844 0.864438 5.90694 0.865938 2 P 0
L 5.90694 0.865938 5.90394 0.867438 2 P 0
L 5.90394 0.867438 5.89794 0.867438 2 P 0
L 5.89794 0.867438 5.89494 0.865938 2 P 0
L 5.89494 0.865938 5.89344 0.864438 2 P 0
L 5.89344 0.864438 5.89194 0.861438 2 P 0
L 5.93843 0.879436 5.92343 0.879436 2 P 0
L 5.92343 0.879436 5.92193 0.864438 2 P 0
L 5.92193 0.864438 5.92343 0.865938 2 P 0
L 5.92343 0.865938 5.92643 0.867438 2 P 0
L 5.92643 0.867438 5.93393 0.867438 2 P 0
L 5.93393 0.867438 5.93693 0.865938 2 P 0
L 5.93693 0.865938 5.93843 0.864438 2 P 0
L 5.93843 0.864438 5.93993 0.861438 2 P 0
L 5.93993 0.861438 5.93993 0.853939 2 P 0
L 5.93993 0.853939 5.93843 0.85094 2 P 0
L 5.93843 0.85094 5.93693 0.84944 2 P 0
L 5.93693 0.84944 5.93393 0.84794 2 P 0
L 5.93393 0.84794 5.92643 0.84794 2 P 0
L 5.92643 0.84794 5.92343 0.84944 2 P 0
L 5.92343 0.84944 5.92193 0.85094 2 P 0
L 7.05392 0.936444 7.07192 0.936444 2 P 0
L 7.06292 0.904948 7.06292 0.936444 2 P 0
L 7.08241 0.904948 7.08241 0.936444 2 P 0
L 7.08241 0.936444 7.09441 0.936444 2 P 0
L 7.09441 0.936444 7.09741 0.934944 2 P 0
L 7.09741 0.934944 7.09891 0.933445 2 P 0
L 7.09891 0.933445 7.10041 0.930445 2 P 0
L 7.10041 0.930445 7.10041 0.925945 2 P 0
L 7.10041 0.925945 7.09891 0.922946 2 P 0
L 7.09891 0.922946 7.09741 0.921446 2 P 0
L 7.09741 0.921446 7.09441 0.919946 2 P 0
L 7.09441 0.919946 7.08241 0.919946 2 P 0
L 7.12741 0.936444 7.12141 0.936444 2 P 0
L 7.12141 0.936444 7.11841 0.934944 2 P 0
L 7.11841 0.934944 7.11691 0.933445 2 P 0
L 7.11691 0.933445 7.11391 0.928945 2 P 0
L 7.11391 0.928945 7.11241 0.922946 2 P 0
L 7.11241 0.922946 7.11241 0.910947 2 P 0
L 7.11241 0.910947 7.11391 0.907948 2 P 0
L 7.11391 0.907948 7.11541 0.906448 2 P 0
L 7.11541 0.906448 7.11841 0.904948 2 P 0
L 7.11841 0.904948 7.12441 0.904948 2 P 0
L 7.12441 0.904948 7.12741 0.906448 2 P 0
L 7.12741 0.906448 7.12891 0.907948 2 P 0
L 7.12891 0.907948 7.13041 0.910947 2 P 0
L 7.13041 0.910947 7.13041 0.918446 2 P 0
L 7.13041 0.918446 7.12891 0.921446 2 P 0
L 7.12891 0.921446 7.12741 0.922946 2 P 0
L 7.12741 0.922946 7.12441 0.924446 2 P 0
L 7.12441 0.924446 7.11841 0.924446 2 P 0
L 7.11841 0.924446 7.11541 0.922946 2 P 0
L 7.11541 0.922946 7.11391 0.921446 2 P 0
L 7.11391 0.921446 7.11241 0.918446 2 P 0
L 7.1604 0.904948 7.14241 0.904948 2 P 0
L 7.15141 0.904948 7.15141 0.936444 2 P 0
L 7.15141 0.936444 7.14841 0.931945 2 P 0
L 7.14841 0.931945 7.14541 0.928945 2 P 0
L 7.14541 0.928945 7.14241 0.927445 2 P 0
L 6.44368 0.877389 6.46168 0.877389 2 P 0
L 6.45268 0.845893 6.45268 0.877389 2 P 0
L 6.47218 0.845893 6.47218 0.877389 2 P 0
L 6.47218 0.877389 6.48418 0.877389 2 P 0
L 6.48418 0.877389 6.48718 0.875889 2 P 0
L 6.48718 0.875889 6.48868 0.874389 2 P 0
L 6.48868 0.874389 6.49018 0.87139 2 P 0
L 6.49018 0.87139 6.49018 0.86689 2 P 0
L 6.49018 0.86689 6.48868 0.863891 2 P 0
L 6.48868 0.863891 6.48718 0.862391 2 P 0
L 6.48718 0.862391 6.48418 0.860891 2 P 0
L 6.48418 0.860891 6.47218 0.860891 2 P 0
L 6.51717 0.877389 6.51117 0.877389 2 P 0
L 6.51117 0.877389 6.50817 0.875889 2 P 0
L 6.50817 0.875889 6.50667 0.874389 2 P 0
L 6.50667 0.874389 6.50367 0.86989 2 P 0
L 6.50367 0.86989 6.50217 0.863891 2 P 0
L 6.50217 0.863891 6.50217 0.851892 2 P 0
L 6.50217 0.851892 6.50367 0.848893 2 P 0
L 6.50367 0.848893 6.50517 0.847393 2 P 0
L 6.50517 0.847393 6.50817 0.845893 2 P 0
L 6.50817 0.845893 6.51417 0.845893 2 P 0
L 6.51417 0.845893 6.51717 0.847393 2 P 0
L 6.51717 0.847393 6.51867 0.848893 2 P 0
L 6.51867 0.848893 6.52017 0.851892 2 P 0
L 6.52017 0.851892 6.52017 0.859391 2 P 0
L 6.52017 0.859391 6.51867 0.862391 2 P 0
L 6.51867 0.862391 6.51717 0.863891 2 P 0
L 6.51717 0.863891 6.51417 0.865391 2 P 0
L 6.51417 0.865391 6.50817 0.865391 2 P 0
L 6.50817 0.865391 6.50517 0.863891 2 P 0
L 6.50517 0.863891 6.50367 0.862391 2 P 0
L 6.50367 0.862391 6.50217 0.859391 2 P 0
L 6.53067 0.877389 6.55017 0.877389 2 P 0
L 6.55017 0.877389 6.53967 0.865391 2 P 0
L 6.53967 0.865391 6.54417 0.865391 2 P 0
L 6.54417 0.865391 6.54717 0.863891 2 P 0
L 6.54717 0.863891 6.54867 0.862391 2 P 0
L 6.54867 0.862391 6.55017 0.859391 2 P 0
L 6.55017 0.859391 6.55017 0.851892 2 P 0
L 6.55017 0.851892 6.54867 0.848893 2 P 0
L 6.54867 0.848893 6.54717 0.847393 2 P 0
L 6.54717 0.847393 6.54417 0.845893 2 P 0
L 6.54417 0.845893 6.53517 0.845893 2 P 0
L 6.53517 0.845893 6.53217 0.847393 2 P 0
L 6.53217 0.847393 6.53067 0.848893 2 P 0
L 6.20363 0.605736 6.18864 0.595237 2 P 0
L 6.20363 0.587738 6.17214 0.587738 2 P 0
L 6.17214 0.587738 6.17214 0.599737 2 P 0
L 6.17214 0.599737 6.17364 0.602736 2 P 0
L 6.17364 0.602736 6.17514 0.604236 2 P 0
L 6.17514 0.604236 6.17814 0.605736 2 P 0
L 6.17814 0.605736 6.18264 0.605736 2 P 0
L 6.18264 0.605736 6.18564 0.604236 2 P 0
L 6.18564 0.604236 6.18714 0.602736 2 P 0
L 6.18714 0.602736 6.18864 0.599737 2 P 0
L 6.18864 0.599737 6.18864 0.587738 2 P 0
L 6.18264 0.632732 6.20363 0.632732 2 P 0
L 6.17064 0.625233 6.19313 0.617734 2 P 0
L 6.19313 0.617734 6.19313 0.637232 2 P 0
L 6.17214 0.65523 6.17214 0.658229 2 P 0
L 6.17214 0.658229 6.17364 0.661229 2 P 0
L 6.17364 0.661229 6.17514 0.662729 2 P 0
L 6.17514 0.662729 6.17814 0.664229 2 P 0
L 6.17814 0.664229 6.18414 0.665728 2 P 0
L 6.18414 0.665728 6.19164 0.665728 2 P 0
L 6.19164 0.665728 6.19764 0.664229 2 P 0
L 6.19764 0.664229 6.20063 0.662729 2 P 0
L 6.20063 0.662729 6.20213 0.661229 2 P 0
L 6.20213 0.661229 6.20363 0.658229 2 P 0
L 6.20363 0.658229 6.20363 0.65523 2 P 0
L 6.20363 0.65523 6.20213 0.65223 2 P 0
L 6.20213 0.65223 6.20063 0.65073 2 P 0
L 6.20063 0.65073 6.19764 0.64923 2 P 0
L 6.19764 0.64923 6.19164 0.647731 2 P 0
L 6.19164 0.647731 6.18414 0.647731 2 P 0
L 6.18414 0.647731 6.17814 0.64923 2 P 0
L 6.17814 0.64923 6.17514 0.65073 2 P 0
L 6.17514 0.65073 6.17364 0.65223 2 P 0
L 6.17364 0.65223 6.17214 0.65523 2 P 0
L 5.52823 0.474031 5.52636 0.472157 2 P 0
L 5.52636 0.472157 5.52074 0.470282 2 P 0
L 5.52074 0.470282 5.51699 0.470282 2 P 0
L 5.51699 0.470282 5.51136 0.472157 2 P 0
L 5.51136 0.472157 5.50761 0.475906 2 P 0
L 5.50761 0.475906 5.50574 0.479656 2 P 0
L 5.50574 0.479656 5.50386 0.487155 2 P 0
L 5.50386 0.487155 5.50386 0.492779 2 P 0
L 5.50386 0.492779 5.50574 0.500278 2 P 0
L 5.50574 0.500278 5.50761 0.504028 2 P 0
L 5.50761 0.504028 5.51136 0.507777 2 P 0
L 5.51136 0.507777 5.51699 0.509652 2 P 0
L 5.51699 0.509652 5.52074 0.509652 2 P 0
L 5.52074 0.509652 5.52636 0.507777 2 P 0
L 5.52636 0.507777 5.52823 0.505902 2 P 0
L 5.56385 0.509652 5.54511 0.509652 2 P 0
L 5.54511 0.509652 5.54323 0.490904 2 P 0
L 5.54323 0.490904 5.54511 0.492779 2 P 0
L 5.54511 0.492779 5.54886 0.494654 2 P 0
L 5.54886 0.494654 5.55823 0.494654 2 P 0
L 5.55823 0.494654 5.56198 0.492779 2 P 0
L 5.56198 0.492779 5.56385 0.490904 2 P 0
L 5.56385 0.490904 5.56573 0.487155 2 P 0
L 5.56573 0.487155 5.56573 0.477781 2 P 0
L 5.56573 0.477781 5.56385 0.474031 2 P 0
L 5.56385 0.474031 5.56198 0.472157 2 P 0
L 5.56198 0.472157 5.55823 0.470282 2 P 0
L 5.55823 0.470282 5.54886 0.470282 2 P 0
L 5.54886 0.470282 5.54511 0.472157 2 P 0
L 5.54511 0.472157 5.54323 0.474031 2 P 0
L 5.58073 0.505902 5.5826 0.507777 2 P 0
L 5.5826 0.507777 5.58635 0.509652 2 P 0
L 5.58635 0.509652 5.59573 0.509652 2 P 0
L 5.59573 0.509652 5.59948 0.507777 2 P 0
L 5.59948 0.507777 5.60135 0.505902 2 P 0
L 5.60135 0.505902 5.60323 0.502153 2 P 0
L 5.60323 0.502153 5.60323 0.498403 2 P 0
L 5.60323 0.498403 5.60135 0.492779 2 P 0
L 5.60135 0.492779 5.57885 0.470282 2 P 0
L 5.57885 0.470282 5.60323 0.470282 2 P 0
L 6.7054 0.474031 6.70352 0.472157 2 P 0
L 6.70352 0.472157 6.6979 0.470282 2 P 0
L 6.6979 0.470282 6.69415 0.470282 2 P 0
L 6.69415 0.470282 6.68853 0.472157 2 P 0
L 6.68853 0.472157 6.68478 0.475906 2 P 0
L 6.68478 0.475906 6.6829 0.479656 2 P 0
L 6.6829 0.479656 6.68103 0.487155 2 P 0
L 6.68103 0.487155 6.68103 0.492779 2 P 0
L 6.68103 0.492779 6.6829 0.500278 2 P 0
L 6.6829 0.500278 6.68478 0.504028 2 P 0
L 6.68478 0.504028 6.68853 0.507777 2 P 0
L 6.68853 0.507777 6.69415 0.509652 2 P 0
L 6.69415 0.509652 6.6979 0.509652 2 P 0
L 6.6979 0.509652 6.70352 0.507777 2 P 0
L 6.70352 0.507777 6.7054 0.505902 2 P 0
L 6.74102 0.509652 6.72227 0.509652 2 P 0
L 6.72227 0.509652 6.7204 0.490904 2 P 0
L 6.7204 0.490904 6.72227 0.492779 2 P 0
L 6.72227 0.492779 6.72602 0.494654 2 P 0
L 6.72602 0.494654 6.7354 0.494654 2 P 0
L 6.7354 0.494654 6.73915 0.492779 2 P 0
L 6.73915 0.492779 6.74102 0.490904 2 P 0
L 6.74102 0.490904 6.74289 0.487155 2 P 0
L 6.74289 0.487155 6.74289 0.477781 2 P 0
L 6.74289 0.477781 6.74102 0.474031 2 P 0
L 6.74102 0.474031 6.73915 0.472157 2 P 0
L 6.73915 0.472157 6.7354 0.470282 2 P 0
L 6.7354 0.470282 6.72602 0.470282 2 P 0
L 6.72602 0.470282 6.72227 0.472157 2 P 0
L 6.72227 0.472157 6.7204 0.474031 2 P 0
L 6.76727 0.509652 6.77102 0.509652 2 P 0
L 6.77102 0.509652 6.77477 0.507777 2 P 0
L 6.77477 0.507777 6.77664 0.505902 2 P 0
L 6.77664 0.505902 6.77852 0.502153 2 P 0
L 6.77852 0.502153 6.78039 0.494654 2 P 0
L 6.78039 0.494654 6.78039 0.48528 2 P 0
L 6.78039 0.48528 6.77852 0.477781 2 P 0
L 6.77852 0.477781 6.77664 0.474031 2 P 0
L 6.77664 0.474031 6.77477 0.472157 2 P 0
L 6.77477 0.472157 6.77102 0.470282 2 P 0
L 6.77102 0.470282 6.76727 0.470282 2 P 0
L 6.76727 0.470282 6.76352 0.472157 2 P 0
L 6.76352 0.472157 6.76164 0.474031 2 P 0
L 6.76164 0.474031 6.75977 0.477781 2 P 0
L 6.75977 0.477781 6.75789 0.48528 2 P 0
L 6.75789 0.48528 6.75789 0.494654 2 P 0
L 6.75789 0.494654 6.75977 0.502153 2 P 0
L 6.75977 0.502153 6.76164 0.505902 2 P 0
L 6.76164 0.505902 6.76352 0.507777 2 P 0
L 6.76352 0.507777 6.76727 0.509652 2 P 0
L 5.86888 0.700302 5.86888 0.674806 2 P 0
L 5.86888 0.674806 5.87038 0.671806 2 P 0
L 5.87038 0.671806 5.87188 0.670306 2 P 0
L 5.87188 0.670306 5.87488 0.668806 2 P 0
L 5.87488 0.668806 5.88088 0.668806 2 P 0
L 5.88088 0.668806 5.88388 0.670306 2 P 0
L 5.88388 0.670306 5.88538 0.671806 2 P 0
L 5.88538 0.671806 5.88688 0.674806 2 P 0
L 5.88688 0.674806 5.88688 0.700302 2 P 0
L 5.91837 0.668806 5.90037 0.668806 2 P 0
L 5.90937 0.668806 5.90937 0.700302 2 P 0
L 5.90937 0.700302 5.90637 0.695803 2 P 0
L 5.90637 0.695803 5.90337 0.692803 2 P 0
L 5.90337 0.692803 5.90037 0.691304 2 P 0
L 5.94537 0.689804 5.94537 0.668806 2 P 0
L 5.93787 0.701802 5.93037 0.679305 2 P 0
L 5.93037 0.679305 5.94987 0.679305 2 P 0
L 5.02253 0.605736 5.00753 0.595237 2 P 0
L 5.02253 0.587738 4.99104 0.587738 2 P 0
L 4.99104 0.587738 4.99104 0.599737 2 P 0
L 4.99104 0.599737 4.99254 0.602736 2 P 0
L 4.99254 0.602736 4.99403 0.604236 2 P 0
L 4.99403 0.604236 4.99703 0.605736 2 P 0
L 4.99703 0.605736 5.00153 0.605736 2 P 0
L 5.00153 0.605736 5.00453 0.604236 2 P 0
L 5.00453 0.604236 5.00603 0.602736 2 P 0
L 5.00603 0.602736 5.00753 0.599737 2 P 0
L 5.00753 0.599737 5.00753 0.587738 2 P 0
L 5.00153 0.632732 5.02253 0.632732 2 P 0
L 4.98954 0.625233 5.01203 0.617734 2 P 0
L 5.01203 0.617734 5.01203 0.637232 2 P 0
L 4.99403 0.647731 4.99254 0.64923 2 P 0
L 4.99254 0.64923 4.99104 0.65223 2 P 0
L 4.99104 0.65223 4.99104 0.659729 2 P 0
L 4.99104 0.659729 4.99254 0.662729 2 P 0
L 4.99254 0.662729 4.99403 0.664229 2 P 0
L 4.99403 0.664229 4.99703 0.665728 2 P 0
L 4.99703 0.665728 5.00003 0.665728 2 P 0
L 5.00003 0.665728 5.00453 0.664229 2 P 0
L 5.00453 0.664229 5.02253 0.646231 2 P 0
L 5.02253 0.646231 5.02253 0.665728 2 P 0
L 5.47912 0.406995 5.49711 0.406995 2 P 0
L 5.48811 0.375499 5.48811 0.406995 2 P 0
L 5.50761 0.375499 5.50761 0.406995 2 P 0
L 5.50761 0.406995 5.51961 0.406995 2 P 0
L 5.51961 0.406995 5.52261 0.405496 2 P 0
L 5.52261 0.405496 5.52411 0.403996 2 P 0
L 5.52411 0.403996 5.52561 0.400996 2 P 0
L 5.52561 0.400996 5.52561 0.396497 2 P 0
L 5.52561 0.396497 5.52411 0.393497 2 P 0
L 5.52411 0.393497 5.52261 0.391997 2 P 0
L 5.52261 0.391997 5.51961 0.390497 2 P 0
L 5.51961 0.390497 5.50761 0.390497 2 P 0
L 5.55261 0.406995 5.54661 0.406995 2 P 0
L 5.54661 0.406995 5.54361 0.405496 2 P 0
L 5.54361 0.405496 5.54211 0.403996 2 P 0
L 5.54211 0.403996 5.53911 0.399496 2 P 0
L 5.53911 0.399496 5.53761 0.393497 2 P 0
L 5.53761 0.393497 5.53761 0.381498 2 P 0
L 5.53761 0.381498 5.53911 0.378499 2 P 0
L 5.53911 0.378499 5.54061 0.376999 2 P 0
L 5.54061 0.376999 5.54361 0.375499 2 P 0
L 5.54361 0.375499 5.54961 0.375499 2 P 0
L 5.54961 0.375499 5.55261 0.376999 2 P 0
L 5.55261 0.376999 5.55411 0.378499 2 P 0
L 5.55411 0.378499 5.55561 0.381498 2 P 0
L 5.55561 0.381498 5.55561 0.388998 2 P 0
L 5.55561 0.388998 5.55411 0.391997 2 P 0
L 5.55411 0.391997 5.55261 0.393497 2 P 0
L 5.55261 0.393497 5.54961 0.394997 2 P 0
L 5.54961 0.394997 5.54361 0.394997 2 P 0
L 5.54361 0.394997 5.54061 0.393497 2 P 0
L 5.54061 0.393497 5.53911 0.391997 2 P 0
L 5.53911 0.391997 5.53761 0.388998 2 P 0
L 5.5736 0.393497 5.5706 0.394997 2 P 0
L 5.5706 0.394997 5.5691 0.396497 2 P 0
L 5.5691 0.396497 5.5676 0.399496 2 P 0
L 5.5676 0.399496 5.5676 0.400996 2 P 0
L 5.5676 0.400996 5.5691 0.403996 2 P 0
L 5.5691 0.403996 5.5706 0.405496 2 P 0
L 5.5706 0.405496 5.5736 0.406995 2 P 0
L 5.5736 0.406995 5.5796 0.406995 2 P 0
L 5.5796 0.406995 5.5826 0.405496 2 P 0
L 5.5826 0.405496 5.5841 0.403996 2 P 0
L 5.5841 0.403996 5.5856 0.400996 2 P 0
L 5.5856 0.400996 5.5856 0.399496 2 P 0
L 5.5856 0.399496 5.5841 0.396497 2 P 0
L 5.5841 0.396497 5.5826 0.394997 2 P 0
L 5.5826 0.394997 5.5796 0.393497 2 P 0
L 5.5796 0.393497 5.5736 0.393497 2 P 0
L 5.5736 0.393497 5.5706 0.391997 2 P 0
L 5.5706 0.391997 5.5691 0.390497 2 P 0
L 5.5691 0.390497 5.5676 0.387498 2 P 0
L 5.5676 0.387498 5.5676 0.381498 2 P 0
L 5.5676 0.381498 5.5691 0.378499 2 P 0
L 5.5691 0.378499 5.5706 0.376999 2 P 0
L 5.5706 0.376999 5.5736 0.375499 2 P 0
L 5.5736 0.375499 5.5796 0.375499 2 P 0
L 5.5796 0.375499 5.5826 0.376999 2 P 0
L 5.5826 0.376999 5.5841 0.378499 2 P 0
L 5.5841 0.378499 5.5856 0.381498 2 P 0
L 5.5856 0.381498 5.5856 0.387498 2 P 0
L 5.5856 0.387498 5.5841 0.390497 2 P 0
L 5.5841 0.390497 5.5826 0.391997 2 P 0
L 5.5826 0.391997 5.5796 0.393497 2 P 0
L 6.79418 0.605736 6.77919 0.595237 2 P 0
L 6.79418 0.587738 6.76269 0.587738 2 P 0
L 6.76269 0.587738 6.76269 0.599737 2 P 0
L 6.76269 0.599737 6.76419 0.602736 2 P 0
L 6.76419 0.602736 6.76569 0.604236 2 P 0
L 6.76569 0.604236 6.76869 0.605736 2 P 0
L 6.76869 0.605736 6.77319 0.605736 2 P 0
L 6.77319 0.605736 6.77619 0.604236 2 P 0
L 6.77619 0.604236 6.77769 0.602736 2 P 0
L 6.77769 0.602736 6.77919 0.599737 2 P 0
L 6.77919 0.599737 6.77919 0.587738 2 P 0
L 6.76269 0.616235 6.76269 0.635732 2 P 0
L 6.76269 0.635732 6.77469 0.625233 2 P 0
L 6.77469 0.625233 6.77469 0.629733 2 P 0
L 6.77469 0.629733 6.77619 0.632732 2 P 0
L 6.77619 0.632732 6.77769 0.634232 2 P 0
L 6.77769 0.634232 6.78069 0.635732 2 P 0
L 6.78069 0.635732 6.78819 0.635732 2 P 0
L 6.78819 0.635732 6.79119 0.634232 2 P 0
L 6.79119 0.634232 6.79269 0.632732 2 P 0
L 6.79269 0.632732 6.79418 0.629733 2 P 0
L 6.79418 0.629733 6.79418 0.620734 2 P 0
L 6.79418 0.620734 6.79269 0.617734 2 P 0
L 6.79269 0.617734 6.79119 0.616235 2 P 0
L 6.79418 0.65073 6.79418 0.656729 2 P 0
L 6.79418 0.656729 6.79269 0.659729 2 P 0
L 6.79269 0.659729 6.79119 0.661229 2 P 0
L 6.79119 0.661229 6.78669 0.664229 2 P 0
L 6.78669 0.664229 6.78069 0.665728 2 P 0
L 6.78069 0.665728 6.76869 0.665728 2 P 0
L 6.76869 0.665728 6.76569 0.664229 2 P 0
L 6.76569 0.664229 6.76419 0.662729 2 P 0
L 6.76419 0.662729 6.76269 0.659729 2 P 0
L 6.76269 0.659729 6.76269 0.65373 2 P 0
L 6.76269 0.65373 6.76419 0.65073 2 P 0
L 6.76419 0.65073 6.76569 0.64923 2 P 0
L 6.76569 0.64923 6.76869 0.647731 2 P 0
L 6.76869 0.647731 6.77619 0.647731 2 P 0
L 6.77619 0.647731 6.77919 0.64923 2 P 0
L 6.77919 0.64923 6.78069 0.65073 2 P 0
L 6.78069 0.65073 6.78219 0.65373 2 P 0
L 6.78219 0.65373 6.78219 0.659729 2 P 0
L 6.78219 0.659729 6.78069 0.662729 2 P 0
L 6.78069 0.662729 6.77919 0.664229 2 P 0
L 6.77919 0.664229 6.77619 0.665728 2 P 0
L 5.27833 0.700302 5.27833 0.674806 2 P 0
L 5.27833 0.674806 5.27983 0.671806 2 P 0
L 5.27983 0.671806 5.28133 0.670306 2 P 0
L 5.28133 0.670306 5.28433 0.668806 2 P 0
L 5.28433 0.668806 5.29033 0.668806 2 P 0
L 5.29033 0.668806 5.29333 0.670306 2 P 0
L 5.29333 0.670306 5.29483 0.671806 2 P 0
L 5.29483 0.671806 5.29633 0.674806 2 P 0
L 5.29633 0.674806 5.29633 0.700302 2 P 0
L 5.32782 0.668806 5.30982 0.668806 2 P 0
L 5.31882 0.668806 5.31882 0.700302 2 P 0
L 5.31882 0.700302 5.31582 0.695803 2 P 0
L 5.31582 0.695803 5.31282 0.692803 2 P 0
L 5.31282 0.692803 5.30982 0.691304 2 P 0
L 5.35632 0.700302 5.34132 0.700302 2 P 0
L 5.34132 0.700302 5.33982 0.685304 2 P 0
L 5.33982 0.685304 5.34132 0.686804 2 P 0
L 5.34132 0.686804 5.34432 0.688304 2 P 0
L 5.34432 0.688304 5.35182 0.688304 2 P 0
L 5.35182 0.688304 5.35482 0.686804 2 P 0
L 5.35482 0.686804 5.35632 0.685304 2 P 0
L 5.35632 0.685304 5.35782 0.682305 2 P 0
L 5.35782 0.682305 5.35782 0.674806 2 P 0
L 5.35782 0.674806 5.35632 0.671806 2 P 0
L 5.35632 0.671806 5.35482 0.670306 2 P 0
L 5.35482 0.670306 5.35182 0.668806 2 P 0
L 5.35182 0.668806 5.34432 0.668806 2 P 0
L 5.34432 0.668806 5.34132 0.670306 2 P 0
L 5.34132 0.670306 5.33982 0.671806 2 P 0
L 4.94556 0.470094 4.94368 0.46822 2 P 0
L 4.94368 0.46822 4.93806 0.466345 2 P 0
L 4.93806 0.466345 4.93431 0.466345 2 P 0
L 4.93431 0.466345 4.92868 0.46822 2 P 0
L 4.92868 0.46822 4.92493 0.471969 2 P 0
L 4.92493 0.471969 4.92306 0.475719 2 P 0
L 4.92306 0.475719 4.92118 0.483218 2 P 0
L 4.92118 0.483218 4.92118 0.488842 2 P 0
L 4.92118 0.488842 4.92306 0.496341 2 P 0
L 4.92306 0.496341 4.92493 0.500091 2 P 0
L 4.92493 0.500091 4.92868 0.50384 2 P 0
L 4.92868 0.50384 4.93431 0.505715 2 P 0
L 4.93431 0.505715 4.93806 0.505715 2 P 0
L 4.93806 0.505715 4.94368 0.50384 2 P 0
L 4.94368 0.50384 4.94556 0.501965 2 P 0
L 4.98118 0.505715 4.96243 0.505715 2 P 0
L 4.96243 0.505715 4.96055 0.486967 2 P 0
L 4.96055 0.486967 4.96243 0.488842 2 P 0
L 4.96243 0.488842 4.96618 0.490717 2 P 0
L 4.96618 0.490717 4.97555 0.490717 2 P 0
L 4.97555 0.490717 4.9793 0.488842 2 P 0
L 4.9793 0.488842 4.98118 0.486967 2 P 0
L 4.98118 0.486967 4.98305 0.483218 2 P 0
L 4.98305 0.483218 4.98305 0.473844 2 P 0
L 4.98305 0.473844 4.98118 0.470094 2 P 0
L 4.98118 0.470094 4.9793 0.46822 2 P 0
L 4.9793 0.46822 4.97555 0.466345 2 P 0
L 4.97555 0.466345 4.96618 0.466345 2 P 0
L 4.96618 0.466345 4.96243 0.46822 2 P 0
L 4.96243 0.46822 4.96055 0.470094 2 P 0
L 4.99618 0.505715 5.02055 0.505715 2 P 0
L 5.02055 0.505715 5.00742 0.490717 2 P 0
L 5.00742 0.490717 5.01305 0.490717 2 P 0
L 5.01305 0.490717 5.0168 0.488842 2 P 0
L 5.0168 0.488842 5.01867 0.486967 2 P 0
L 5.01867 0.486967 5.02055 0.483218 2 P 0
L 5.02055 0.483218 5.02055 0.473844 2 P 0
L 5.02055 0.473844 5.01867 0.470094 2 P 0
L 5.01867 0.470094 5.0168 0.46822 2 P 0
L 5.0168 0.46822 5.01305 0.466345 2 P 0
L 5.01305 0.466345 5.0018 0.466345 2 P 0
L 5.0018 0.466345 4.99805 0.46822 2 P 0
L 4.99805 0.46822 4.99618 0.470094 2 P 0
L 7.30382 0.458283 7.30195 0.456408 2 P 0
L 7.30195 0.456408 7.29633 0.454534 2 P 0
L 7.29633 0.454534 7.29258 0.454534 2 P 0
L 7.29258 0.454534 7.28695 0.456408 2 P 0
L 7.28695 0.456408 7.2832 0.460158 2 P 0
L 7.2832 0.460158 7.28133 0.463908 2 P 0
L 7.28133 0.463908 7.27945 0.471407 2 P 0
L 7.27945 0.471407 7.27945 0.477031 2 P 0
L 7.27945 0.477031 7.28133 0.48453 2 P 0
L 7.28133 0.48453 7.2832 0.48828 2 P 0
L 7.2832 0.48828 7.28695 0.492029 2 P 0
L 7.28695 0.492029 7.29258 0.493904 2 P 0
L 7.29258 0.493904 7.29633 0.493904 2 P 0
L 7.29633 0.493904 7.30195 0.492029 2 P 0
L 7.30195 0.492029 7.30382 0.490154 2 P 0
L 7.33757 0.48078 7.33757 0.454534 2 P 0
L 7.3282 0.495779 7.31882 0.467657 2 P 0
L 7.31882 0.467657 7.34319 0.467657 2 P 0
L 7.36007 0.454534 7.36757 0.454534 2 P 0
L 7.36757 0.454534 7.37132 0.456408 2 P 0
L 7.37132 0.456408 7.37319 0.458283 2 P 0
L 7.37319 0.458283 7.37694 0.463908 2 P 0
L 7.37694 0.463908 7.37882 0.471407 2 P 0
L 7.37882 0.471407 7.37882 0.486405 2 P 0
L 7.37882 0.486405 7.37694 0.490154 2 P 0
L 7.37694 0.490154 7.37507 0.492029 2 P 0
L 7.37507 0.492029 7.37132 0.493904 2 P 0
L 7.37132 0.493904 7.36382 0.493904 2 P 0
L 7.36382 0.493904 7.36007 0.492029 2 P 0
L 7.36007 0.492029 7.35819 0.490154 2 P 0
L 7.35819 0.490154 7.35632 0.486405 2 P 0
L 7.35632 0.486405 7.35632 0.477031 2 P 0
L 7.35632 0.477031 7.35819 0.473281 2 P 0
L 7.35819 0.473281 7.36007 0.471407 2 P 0
L 7.36007 0.471407 7.36382 0.469532 2 P 0
L 7.36382 0.469532 7.37132 0.469532 2 P 0
L 7.37132 0.469532 7.37507 0.471407 2 P 0
L 7.37507 0.471407 7.37694 0.473281 2 P 0
L 7.37694 0.473281 7.37882 0.477031 2 P 0
L 5.26258 0.897074 5.28058 0.897074 2 P 0
L 5.27158 0.865578 5.27158 0.897074 2 P 0
L 5.29108 0.865578 5.29108 0.897074 2 P 0
L 5.29108 0.897074 5.30307 0.897074 2 P 0
L 5.30307 0.897074 5.30607 0.895574 2 P 0
L 5.30607 0.895574 5.30757 0.894074 2 P 0
L 5.30757 0.894074 5.30907 0.891075 2 P 0
L 5.30907 0.891075 5.30907 0.886575 2 P 0
L 5.30907 0.886575 5.30757 0.883576 2 P 0
L 5.30757 0.883576 5.30607 0.882076 2 P 0
L 5.30607 0.882076 5.30307 0.880576 2 P 0
L 5.30307 0.880576 5.29108 0.880576 2 P 0
L 5.33607 0.897074 5.33007 0.897074 2 P 0
L 5.33007 0.897074 5.32707 0.895574 2 P 0
L 5.32707 0.895574 5.32557 0.894074 2 P 0
L 5.32557 0.894074 5.32257 0.889575 2 P 0
L 5.32257 0.889575 5.32107 0.883576 2 P 0
L 5.32107 0.883576 5.32107 0.871577 2 P 0
L 5.32107 0.871577 5.32257 0.868578 2 P 0
L 5.32257 0.868578 5.32407 0.867078 2 P 0
L 5.32407 0.867078 5.32707 0.865578 2 P 0
L 5.32707 0.865578 5.33307 0.865578 2 P 0
L 5.33307 0.865578 5.33607 0.867078 2 P 0
L 5.33607 0.867078 5.33757 0.868578 2 P 0
L 5.33757 0.868578 5.33907 0.871577 2 P 0
L 5.33907 0.871577 5.33907 0.879076 2 P 0
L 5.33907 0.879076 5.33757 0.882076 2 P 0
L 5.33757 0.882076 5.33607 0.883576 2 P 0
L 5.33607 0.883576 5.33307 0.885076 2 P 0
L 5.33307 0.885076 5.32707 0.885076 2 P 0
L 5.32707 0.885076 5.32407 0.883576 2 P 0
L 5.32407 0.883576 5.32257 0.882076 2 P 0
L 5.32257 0.882076 5.32107 0.879076 2 P 0
L 5.34957 0.897074 5.37057 0.897074 2 P 0
L 5.37057 0.897074 5.35707 0.865578 2 P 0
L 4.88856 0.403058 4.90656 0.403058 2 P 0
L 4.89756 0.371562 4.89756 0.403058 2 P 0
L 4.91706 0.371562 4.91706 0.403058 2 P 0
L 4.91706 0.403058 4.92906 0.403058 2 P 0
L 4.92906 0.403058 4.93206 0.401558 2 P 0
L 4.93206 0.401558 4.93356 0.400059 2 P 0
L 4.93356 0.400059 4.93506 0.397059 2 P 0
L 4.93506 0.397059 4.93506 0.39256 2 P 0
L 4.93506 0.39256 4.93356 0.38956 2 P 0
L 4.93356 0.38956 4.93206 0.38806 2 P 0
L 4.93206 0.38806 4.92906 0.38656 2 P 0
L 4.92906 0.38656 4.91706 0.38656 2 P 0
L 4.94556 0.403058 4.96655 0.403058 2 P 0
L 4.96655 0.403058 4.95306 0.371562 2 P 0
L 4.98455 0.403058 4.98755 0.403058 2 P 0
L 4.98755 0.403058 4.99055 0.401558 2 P 0
L 4.99055 0.401558 4.99205 0.400059 2 P 0
L 4.99205 0.400059 4.99355 0.397059 2 P 0
L 4.99355 0.397059 4.99505 0.39106 2 P 0
L 4.99505 0.39106 4.99505 0.383561 2 P 0
L 4.99505 0.383561 4.99355 0.377561 2 P 0
L 4.99355 0.377561 4.99205 0.374562 2 P 0
L 4.99205 0.374562 4.99055 0.373062 2 P 0
L 4.99055 0.373062 4.98755 0.371562 2 P 0
L 4.98755 0.371562 4.98455 0.371562 2 P 0
L 4.98455 0.371562 4.98155 0.373062 2 P 0
L 4.98155 0.373062 4.98005 0.374562 2 P 0
L 4.98005 0.374562 4.97855 0.377561 2 P 0
L 4.97855 0.377561 4.97705 0.383561 2 P 0
L 4.97705 0.383561 4.97705 0.39106 2 P 0
L 4.97705 0.39106 4.97855 0.397059 2 P 0
L 4.97855 0.397059 4.98005 0.400059 2 P 0
L 4.98005 0.400059 4.98155 0.401558 2 P 0
L 4.98155 0.401558 4.98455 0.403058 2 P 0
L 6.12272 0.470094 6.12085 0.46822 2 P 0
L 6.12085 0.46822 6.11522 0.466345 2 P 0
L 6.11522 0.466345 6.11147 0.466345 2 P 0
L 6.11147 0.466345 6.10585 0.46822 2 P 0
L 6.10585 0.46822 6.1021 0.471969 2 P 0
L 6.1021 0.471969 6.10023 0.475719 2 P 0
L 6.10023 0.475719 6.09835 0.483218 2 P 0
L 6.09835 0.483218 6.09835 0.488842 2 P 0
L 6.09835 0.488842 6.10023 0.496341 2 P 0
L 6.10023 0.496341 6.1021 0.500091 2 P 0
L 6.1021 0.500091 6.10585 0.50384 2 P 0
L 6.10585 0.50384 6.11147 0.505715 2 P 0
L 6.11147 0.505715 6.11522 0.505715 2 P 0
L 6.11522 0.505715 6.12085 0.50384 2 P 0
L 6.12085 0.50384 6.12272 0.501965 2 P 0
L 6.15834 0.505715 6.1396 0.505715 2 P 0
L 6.1396 0.505715 6.13772 0.486967 2 P 0
L 6.13772 0.486967 6.1396 0.488842 2 P 0
L 6.1396 0.488842 6.14335 0.490717 2 P 0
L 6.14335 0.490717 6.15272 0.490717 2 P 0
L 6.15272 0.490717 6.15647 0.488842 2 P 0
L 6.15647 0.488842 6.15834 0.486967 2 P 0
L 6.15834 0.486967 6.16022 0.483218 2 P 0
L 6.16022 0.483218 6.16022 0.473844 2 P 0
L 6.16022 0.473844 6.15834 0.470094 2 P 0
L 6.15834 0.470094 6.15647 0.46822 2 P 0
L 6.15647 0.46822 6.15272 0.466345 2 P 0
L 6.15272 0.466345 6.14335 0.466345 2 P 0
L 6.14335 0.466345 6.1396 0.46822 2 P 0
L 6.1396 0.46822 6.13772 0.470094 2 P 0
L 6.19771 0.466345 6.17522 0.466345 2 P 0
L 6.18647 0.466345 6.18647 0.505715 2 P 0
L 6.18647 0.505715 6.18271 0.500091 2 P 0
L 6.18271 0.500091 6.17897 0.496341 2 P 0
L 6.17897 0.496341 6.17522 0.494466 2 P 0
L 7.25077 0.406995 7.26877 0.406995 2 P 0
L 7.25977 0.375499 7.25977 0.406995 2 P 0
L 7.27927 0.375499 7.27927 0.406995 2 P 0
L 7.27927 0.406995 7.29126 0.406995 2 P 0
L 7.29126 0.406995 7.29426 0.405496 2 P 0
L 7.29426 0.405496 7.29576 0.403996 2 P 0
L 7.29576 0.403996 7.29726 0.400996 2 P 0
L 7.29726 0.400996 7.29726 0.396497 2 P 0
L 7.29726 0.396497 7.29576 0.393497 2 P 0
L 7.29576 0.393497 7.29426 0.391997 2 P 0
L 7.29426 0.391997 7.29126 0.390497 2 P 0
L 7.29126 0.390497 7.27927 0.390497 2 P 0
L 7.32426 0.406995 7.31826 0.406995 2 P 0
L 7.31826 0.406995 7.31526 0.405496 2 P 0
L 7.31526 0.405496 7.31376 0.403996 2 P 0
L 7.31376 0.403996 7.31076 0.399496 2 P 0
L 7.31076 0.399496 7.30926 0.393497 2 P 0
L 7.30926 0.393497 7.30926 0.381498 2 P 0
L 7.30926 0.381498 7.31076 0.378499 2 P 0
L 7.31076 0.378499 7.31226 0.376999 2 P 0
L 7.31226 0.376999 7.31526 0.375499 2 P 0
L 7.31526 0.375499 7.32126 0.375499 2 P 0
L 7.32126 0.375499 7.32426 0.376999 2 P 0
L 7.32426 0.376999 7.32576 0.378499 2 P 0
L 7.32576 0.378499 7.32726 0.381498 2 P 0
L 7.32726 0.381498 7.32726 0.388998 2 P 0
L 7.32726 0.388998 7.32576 0.391997 2 P 0
L 7.32576 0.391997 7.32426 0.393497 2 P 0
L 7.32426 0.393497 7.32126 0.394997 2 P 0
L 7.32126 0.394997 7.31526 0.394997 2 P 0
L 7.31526 0.394997 7.31226 0.393497 2 P 0
L 7.31226 0.393497 7.31076 0.391997 2 P 0
L 7.31076 0.391997 7.30926 0.388998 2 P 0
L 7.33926 0.403996 7.34076 0.405496 2 P 0
L 7.34076 0.405496 7.34376 0.406995 2 P 0
L 7.34376 0.406995 7.35126 0.406995 2 P 0
L 7.35126 0.406995 7.35426 0.405496 2 P 0
L 7.35426 0.405496 7.35576 0.403996 2 P 0
L 7.35576 0.403996 7.35726 0.400996 2 P 0
L 7.35726 0.400996 7.35726 0.397996 2 P 0
L 7.35726 0.397996 7.35576 0.393497 2 P 0
L 7.35576 0.393497 7.33776 0.375499 2 P 0
L 7.33776 0.375499 7.35726 0.375499 2 P 0
L 6.66022 0.406995 6.67822 0.406995 2 P 0
L 6.66922 0.375499 6.66922 0.406995 2 P 0
L 6.68871 0.375499 6.68871 0.406995 2 P 0
L 6.68871 0.406995 6.70071 0.406995 2 P 0
L 6.70071 0.406995 6.70371 0.405496 2 P 0
L 6.70371 0.405496 6.70521 0.403996 2 P 0
L 6.70521 0.403996 6.70671 0.400996 2 P 0
L 6.70671 0.400996 6.70671 0.396497 2 P 0
L 6.70671 0.396497 6.70521 0.393497 2 P 0
L 6.70521 0.393497 6.70371 0.391997 2 P 0
L 6.70371 0.391997 6.70071 0.390497 2 P 0
L 6.70071 0.390497 6.68871 0.390497 2 P 0
L 6.73371 0.406995 6.72771 0.406995 2 P 0
L 6.72771 0.406995 6.72471 0.405496 2 P 0
L 6.72471 0.405496 6.72321 0.403996 2 P 0
L 6.72321 0.403996 6.72021 0.399496 2 P 0
L 6.72021 0.399496 6.71871 0.393497 2 P 0
L 6.71871 0.393497 6.71871 0.381498 2 P 0
L 6.71871 0.381498 6.72021 0.378499 2 P 0
L 6.72021 0.378499 6.72171 0.376999 2 P 0
L 6.72171 0.376999 6.72471 0.375499 2 P 0
L 6.72471 0.375499 6.73071 0.375499 2 P 0
L 6.73071 0.375499 6.73371 0.376999 2 P 0
L 6.73371 0.376999 6.73521 0.378499 2 P 0
L 6.73521 0.378499 6.73671 0.381498 2 P 0
L 6.73671 0.381498 6.73671 0.388998 2 P 0
L 6.73671 0.388998 6.73521 0.391997 2 P 0
L 6.73521 0.391997 6.73371 0.393497 2 P 0
L 6.73371 0.393497 6.73071 0.394997 2 P 0
L 6.73071 0.394997 6.72471 0.394997 2 P 0
L 6.72471 0.394997 6.72171 0.393497 2 P 0
L 6.72171 0.393497 6.72021 0.391997 2 P 0
L 6.72021 0.391997 6.71871 0.388998 2 P 0
L 6.7637 0.396497 6.7637 0.375499 2 P 0
L 6.75621 0.408495 6.74871 0.385998 2 P 0
L 6.74871 0.385998 6.7682 0.385998 2 P 0
L 4.68778 0.700302 4.68778 0.674806 2 P 0
L 4.68778 0.674806 4.68928 0.671806 2 P 0
L 4.68928 0.671806 4.69078 0.670306 2 P 0
L 4.69078 0.670306 4.69378 0.668806 2 P 0
L 4.69378 0.668806 4.69978 0.668806 2 P 0
L 4.69978 0.668806 4.70277 0.670306 2 P 0
L 4.70277 0.670306 4.70427 0.671806 2 P 0
L 4.70427 0.671806 4.70578 0.674806 2 P 0
L 4.70578 0.674806 4.70578 0.700302 2 P 0
L 4.73727 0.668806 4.71927 0.668806 2 P 0
L 4.72827 0.668806 4.72827 0.700302 2 P 0
L 4.72827 0.700302 4.72527 0.695803 2 P 0
L 4.72527 0.695803 4.72227 0.692803 2 P 0
L 4.72227 0.692803 4.71927 0.691304 2 P 0
L 4.76427 0.700302 4.75827 0.700302 2 P 0
L 4.75827 0.700302 4.75527 0.698803 2 P 0
L 4.75527 0.698803 4.75377 0.697303 2 P 0
L 4.75377 0.697303 4.75077 0.692803 2 P 0
L 4.75077 0.692803 4.74927 0.686804 2 P 0
L 4.74927 0.686804 4.74927 0.674806 2 P 0
L 4.74927 0.674806 4.75077 0.671806 2 P 0
L 4.75077 0.671806 4.75227 0.670306 2 P 0
L 4.75227 0.670306 4.75527 0.668806 2 P 0
L 4.75527 0.668806 4.76127 0.668806 2 P 0
L 4.76127 0.668806 4.76427 0.670306 2 P 0
L 4.76427 0.670306 4.76577 0.671806 2 P 0
L 4.76577 0.671806 4.76727 0.674806 2 P 0
L 4.76727 0.674806 4.76727 0.682305 2 P 0
L 4.76727 0.682305 4.76577 0.685304 2 P 0
L 4.76577 0.685304 4.76427 0.686804 2 P 0
L 4.76427 0.686804 4.76127 0.688304 2 P 0
L 4.76127 0.688304 4.75527 0.688304 2 P 0
L 4.75527 0.688304 4.75227 0.686804 2 P 0
L 4.75227 0.686804 4.75077 0.685304 2 P 0
L 4.75077 0.685304 4.74927 0.682305 2 P 0
L 4.67203 0.877389 4.69003 0.877389 2 P 0
L 4.68103 0.845893 4.68103 0.877389 2 P 0
L 4.70052 0.845893 4.70052 0.877389 2 P 0
L 4.70052 0.877389 4.71252 0.877389 2 P 0
L 4.71252 0.877389 4.71552 0.875889 2 P 0
L 4.71552 0.875889 4.71702 0.874389 2 P 0
L 4.71702 0.874389 4.71852 0.87139 2 P 0
L 4.71852 0.87139 4.71852 0.86689 2 P 0
L 4.71852 0.86689 4.71702 0.863891 2 P 0
L 4.71702 0.863891 4.71552 0.862391 2 P 0
L 4.71552 0.862391 4.71252 0.860891 2 P 0
L 4.71252 0.860891 4.70052 0.860891 2 P 0
L 4.74552 0.877389 4.73952 0.877389 2 P 0
L 4.73952 0.877389 4.73652 0.875889 2 P 0
L 4.73652 0.875889 4.73502 0.874389 2 P 0
L 4.73502 0.874389 4.73202 0.86989 2 P 0
L 4.73202 0.86989 4.73052 0.863891 2 P 0
L 4.73052 0.863891 4.73052 0.851892 2 P 0
L 4.73052 0.851892 4.73202 0.848893 2 P 0
L 4.73202 0.848893 4.73352 0.847393 2 P 0
L 4.73352 0.847393 4.73652 0.845893 2 P 0
L 4.73652 0.845893 4.74252 0.845893 2 P 0
L 4.74252 0.845893 4.74552 0.847393 2 P 0
L 4.74552 0.847393 4.74702 0.848893 2 P 0
L 4.74702 0.848893 4.74852 0.851892 2 P 0
L 4.74852 0.851892 4.74852 0.859391 2 P 0
L 4.74852 0.859391 4.74702 0.862391 2 P 0
L 4.74702 0.862391 4.74552 0.863891 2 P 0
L 4.74552 0.863891 4.74252 0.865391 2 P 0
L 4.74252 0.865391 4.73652 0.865391 2 P 0
L 4.73652 0.865391 4.73352 0.863891 2 P 0
L 4.73352 0.863891 4.73202 0.862391 2 P 0
L 4.73202 0.862391 4.73052 0.859391 2 P 0
L 4.76352 0.845893 4.76952 0.845893 2 P 0
L 4.76952 0.845893 4.77252 0.847393 2 P 0
L 4.77252 0.847393 4.77402 0.848893 2 P 0
L 4.77402 0.848893 4.77702 0.853392 2 P 0
L 4.77702 0.853392 4.77852 0.859391 2 P 0
L 4.77852 0.859391 4.77852 0.87139 2 P 0
L 4.77852 0.87139 4.77702 0.874389 2 P 0
L 4.77702 0.874389 4.77552 0.875889 2 P 0
L 4.77552 0.875889 4.77252 0.877389 2 P 0
L 4.77252 0.877389 4.76652 0.877389 2 P 0
L 4.76652 0.877389 4.76352 0.875889 2 P 0
L 4.76352 0.875889 4.76202 0.874389 2 P 0
L 4.76202 0.874389 4.76052 0.87139 2 P 0
L 4.76052 0.87139 4.76052 0.863891 2 P 0
L 4.76052 0.863891 4.76202 0.860891 2 P 0
L 4.76202 0.860891 4.76352 0.859391 2 P 0
L 4.76352 0.859391 4.76652 0.857891 2 P 0
L 4.76652 0.857891 4.77252 0.857891 2 P 0
L 4.77252 0.857891 4.77552 0.859391 2 P 0
L 4.77552 0.859391 4.77702 0.860891 2 P 0
L 4.77702 0.860891 4.77852 0.863891 2 P 0
L 5.61308 0.605736 5.59808 0.595237 2 P 0
L 5.61308 0.587738 5.58159 0.587738 2 P 0
L 5.58159 0.587738 5.58159 0.599737 2 P 0
L 5.58159 0.599737 5.58309 0.602736 2 P 0
L 5.58309 0.602736 5.58459 0.604236 2 P 0
L 5.58459 0.604236 5.58759 0.605736 2 P 0
L 5.58759 0.605736 5.59209 0.605736 2 P 0
L 5.59209 0.605736 5.59509 0.604236 2 P 0
L 5.59509 0.604236 5.59659 0.602736 2 P 0
L 5.59659 0.602736 5.59808 0.599737 2 P 0
L 5.59808 0.599737 5.59808 0.587738 2 P 0
L 5.59209 0.632732 5.61308 0.632732 2 P 0
L 5.58009 0.625233 5.60258 0.617734 2 P 0
L 5.60258 0.617734 5.60258 0.637232 2 P 0
L 5.61308 0.665728 5.61308 0.647731 2 P 0
L 5.61308 0.656729 5.58159 0.656729 2 P 0
L 5.58159 0.656729 5.58609 0.65373 2 P 0
L 5.58609 0.65373 5.58909 0.65073 2 P 0
L 5.58909 0.65073 5.59059 0.647731 2 P 0
L 6.45943 0.700302 6.45943 0.674806 2 P 0
L 6.45943 0.674806 6.46093 0.671806 2 P 0
L 6.46093 0.671806 6.46243 0.670306 2 P 0
L 6.46243 0.670306 6.46543 0.668806 2 P 0
L 6.46543 0.668806 6.47143 0.668806 2 P 0
L 6.47143 0.668806 6.47443 0.670306 2 P 0
L 6.47443 0.670306 6.47593 0.671806 2 P 0
L 6.47593 0.671806 6.47743 0.674806 2 P 0
L 6.47743 0.674806 6.47743 0.700302 2 P 0
L 6.50892 0.668806 6.49093 0.668806 2 P 0
L 6.49992 0.668806 6.49992 0.700302 2 P 0
L 6.49992 0.700302 6.49693 0.695803 2 P 0
L 6.49693 0.695803 6.49393 0.692803 2 P 0
L 6.49393 0.692803 6.49093 0.691304 2 P 0
L 6.51942 0.700302 6.53892 0.700302 2 P 0
L 6.53892 0.700302 6.52842 0.688304 2 P 0
L 6.52842 0.688304 6.53292 0.688304 2 P 0
L 6.53292 0.688304 6.53592 0.686804 2 P 0
L 6.53592 0.686804 6.53742 0.685304 2 P 0
L 6.53742 0.685304 6.53892 0.682305 2 P 0
L 6.53892 0.682305 6.53892 0.674806 2 P 0
L 6.53892 0.674806 6.53742 0.671806 2 P 0
L 6.53742 0.671806 6.53592 0.670306 2 P 0
L 6.53592 0.670306 6.53292 0.668806 2 P 0
L 6.53292 0.668806 6.52392 0.668806 2 P 0
L 6.52392 0.668806 6.52092 0.670306 2 P 0
L 6.52092 0.670306 6.51942 0.671806 2 P 0
L 6.06967 0.406995 6.08766 0.406995 2 P 0
L 6.07867 0.375499 6.07867 0.406995 2 P 0
L 6.09816 0.375499 6.09816 0.406995 2 P 0
L 6.09816 0.406995 6.11016 0.406995 2 P 0
L 6.11016 0.406995 6.11316 0.405496 2 P 0
L 6.11316 0.405496 6.11466 0.403996 2 P 0
L 6.11466 0.403996 6.11616 0.400996 2 P 0
L 6.11616 0.400996 6.11616 0.396497 2 P 0
L 6.11616 0.396497 6.11466 0.393497 2 P 0
L 6.11466 0.393497 6.11316 0.391997 2 P 0
L 6.11316 0.391997 6.11016 0.390497 2 P 0
L 6.11016 0.390497 6.09816 0.390497 2 P 0
L 6.14316 0.406995 6.13716 0.406995 2 P 0
L 6.13716 0.406995 6.13416 0.405496 2 P 0
L 6.13416 0.405496 6.13266 0.403996 2 P 0
L 6.13266 0.403996 6.12966 0.399496 2 P 0
L 6.12966 0.399496 6.12816 0.393497 2 P 0
L 6.12816 0.393497 6.12816 0.381498 2 P 0
L 6.12816 0.381498 6.12966 0.378499 2 P 0
L 6.12966 0.378499 6.13116 0.376999 2 P 0
L 6.13116 0.376999 6.13416 0.375499 2 P 0
L 6.13416 0.375499 6.14016 0.375499 2 P 0
L 6.14016 0.375499 6.14316 0.376999 2 P 0
L 6.14316 0.376999 6.14466 0.378499 2 P 0
L 6.14466 0.378499 6.14616 0.381498 2 P 0
L 6.14616 0.381498 6.14616 0.388998 2 P 0
L 6.14616 0.388998 6.14466 0.391997 2 P 0
L 6.14466 0.391997 6.14316 0.393497 2 P 0
L 6.14316 0.393497 6.14016 0.394997 2 P 0
L 6.14016 0.394997 6.13416 0.394997 2 P 0
L 6.13416 0.394997 6.13116 0.393497 2 P 0
L 6.13116 0.393497 6.12966 0.391997 2 P 0
L 6.12966 0.391997 6.12816 0.388998 2 P 0
L 6.17315 0.406995 6.16716 0.406995 2 P 0
L 6.16716 0.406995 6.16416 0.405496 2 P 0
L 6.16416 0.405496 6.16265 0.403996 2 P 0
L 6.16265 0.403996 6.15966 0.399496 2 P 0
L 6.15966 0.399496 6.15816 0.393497 2 P 0
L 6.15816 0.393497 6.15816 0.381498 2 P 0
L 6.15816 0.381498 6.15966 0.378499 2 P 0
L 6.15966 0.378499 6.16115 0.376999 2 P 0
L 6.16115 0.376999 6.16416 0.375499 2 P 0
L 6.16416 0.375499 6.17015 0.375499 2 P 0
L 6.17015 0.375499 6.17315 0.376999 2 P 0
L 6.17315 0.376999 6.17465 0.378499 2 P 0
L 6.17465 0.378499 6.17615 0.381498 2 P 0
L 6.17615 0.381498 6.17615 0.388998 2 P 0
L 6.17615 0.388998 6.17465 0.391997 2 P 0
L 6.17465 0.391997 6.17315 0.393497 2 P 0
L 6.17315 0.393497 6.17015 0.394997 2 P 0
L 6.17015 0.394997 6.16416 0.394997 2 P 0
L 6.16416 0.394997 6.16115 0.393497 2 P 0
L 6.16115 0.393497 6.15966 0.391997 2 P 0
L 6.15966 0.391997 6.15816 0.388998 2 P 0
L 7.04998 0.700302 7.04998 0.674806 2 P 0
L 7.04998 0.674806 7.05148 0.671806 2 P 0
L 7.05148 0.671806 7.05298 0.670306 2 P 0
L 7.05298 0.670306 7.05598 0.668806 2 P 0
L 7.05598 0.668806 7.06198 0.668806 2 P 0
L 7.06198 0.668806 7.06498 0.670306 2 P 0
L 7.06498 0.670306 7.06648 0.671806 2 P 0
L 7.06648 0.671806 7.06798 0.674806 2 P 0
L 7.06798 0.674806 7.06798 0.700302 2 P 0
L 7.09948 0.668806 7.08148 0.668806 2 P 0
L 7.09048 0.668806 7.09048 0.700302 2 P 0
L 7.09048 0.700302 7.08748 0.695803 2 P 0
L 7.08748 0.695803 7.08448 0.692803 2 P 0
L 7.08448 0.692803 7.08148 0.691304 2 P 0
L 7.11147 0.697303 7.11297 0.698803 2 P 0
L 7.11297 0.698803 7.11597 0.700302 2 P 0
L 7.11597 0.700302 7.12347 0.700302 2 P 0
L 7.12347 0.700302 7.12647 0.698803 2 P 0
L 7.12647 0.698803 7.12797 0.697303 2 P 0
L 7.12797 0.697303 7.12947 0.694303 2 P 0
L 7.12947 0.694303 7.12947 0.691304 2 P 0
L 7.12947 0.691304 7.12797 0.686804 2 P 0
L 7.12797 0.686804 7.10997 0.668806 2 P 0
L 7.10997 0.668806 7.12947 0.668806 2 P 0
L 2.2114 1.50148 2.2294 1.50148 2 P 0
L 2.2204 1.46999 2.2204 1.50148 2 P 0
L 2.23989 1.46999 2.23989 1.50148 2 P 0
L 2.23989 1.50148 2.25189 1.50148 2 P 0
L 2.25189 1.50148 2.25489 1.49998 2 P 0
L 2.25489 1.49998 2.25639 1.49848 2 P 0
L 2.25639 1.49848 2.25789 1.49548 2 P 0
L 2.25789 1.49548 2.25789 1.49099 2 P 0
L 2.25789 1.49099 2.25639 1.48798 2 P 0
L 2.25639 1.48798 2.25489 1.48648 2 P 0
L 2.25489 1.48648 2.25189 1.48499 2 P 0
L 2.25189 1.48499 2.23989 1.48499 2 P 0
L 2.26839 1.50148 2.28789 1.50148 2 P 0
L 2.28789 1.50148 2.27739 1.48948 2 P 0
L 2.27739 1.48948 2.28189 1.48948 2 P 0
L 2.28189 1.48948 2.28489 1.48798 2 P 0
L 2.28489 1.48798 2.28639 1.48648 2 P 0
L 2.28639 1.48648 2.28789 1.48349 2 P 0
L 2.28789 1.48349 2.28789 1.47599 2 P 0
L 2.28789 1.47599 2.28639 1.47299 2 P 0
L 2.28639 1.47299 2.28489 1.47149 2 P 0
L 2.28489 1.47149 2.28189 1.46999 2 P 0
L 2.28189 1.46999 2.27289 1.46999 2 P 0
L 2.27289 1.46999 2.26989 1.47149 2 P 0
L 2.26989 1.47149 2.26839 1.47299 2 P 0
L 2.29839 1.50148 2.31939 1.50148 2 P 0
L 2.31939 1.50148 2.30589 1.46999 2 P 0
L 2.16022 1.33219 2.17822 1.33219 2 P 0
L 2.16922 1.3007 2.16922 1.33219 2 P 0
L 2.18871 1.3007 2.18871 1.33219 2 P 0
L 2.18871 1.33219 2.20071 1.33219 2 P 0
L 2.20071 1.33219 2.20371 1.33069 2 P 0
L 2.20371 1.33069 2.20521 1.32919 2 P 0
L 2.20521 1.32919 2.20671 1.32619 2 P 0
L 2.20671 1.32619 2.20671 1.32169 2 P 0
L 2.20671 1.32169 2.20521 1.31869 2 P 0
L 2.20521 1.31869 2.20371 1.31719 2 P 0
L 2.20371 1.31719 2.20071 1.31569 2 P 0
L 2.20071 1.31569 2.18871 1.31569 2 P 0
L 2.21721 1.33219 2.23671 1.33219 2 P 0
L 2.23671 1.33219 2.22621 1.32019 2 P 0
L 2.22621 1.32019 2.23071 1.32019 2 P 0
L 2.23071 1.32019 2.23371 1.31869 2 P 0
L 2.23371 1.31869 2.23521 1.31719 2 P 0
L 2.23521 1.31719 2.23671 1.31419 2 P 0
L 2.23671 1.31419 2.23671 1.30669 2 P 0
L 2.23671 1.30669 2.23521 1.3037 2 P 0
L 2.23521 1.3037 2.23371 1.3022 2 P 0
L 2.23371 1.3022 2.23071 1.3007 2 P 0
L 2.23071 1.3007 2.22171 1.3007 2 P 0
L 2.22171 1.3007 2.21871 1.3022 2 P 0
L 2.21871 1.3022 2.21721 1.3037 2 P 0
L 2.2667 1.3007 2.24871 1.3007 2 P 0
L 2.25771 1.3007 2.25771 1.33219 2 P 0
L 2.25771 1.33219 2.25471 1.32769 2 P 0
L 2.25471 1.32769 2.25171 1.32469 2 P 0
L 2.25171 1.32469 2.24871 1.32319 2 P 0
L 1.90825 1.51723 1.92625 1.51723 2 P 0
L 1.91725 1.48574 1.91725 1.51723 2 P 0
L 1.93675 1.48574 1.93675 1.51723 2 P 0
L 1.93675 1.51723 1.94874 1.51723 2 P 0
L 1.94874 1.51723 1.95174 1.51573 2 P 0
L 1.95174 1.51573 1.95324 1.51423 2 P 0
L 1.95324 1.51423 1.95474 1.51123 2 P 0
L 1.95474 1.51123 1.95474 1.50673 2 P 0
L 1.95474 1.50673 1.95324 1.50373 2 P 0
L 1.95324 1.50373 1.95174 1.50223 2 P 0
L 1.95174 1.50223 1.94874 1.50073 2 P 0
L 1.94874 1.50073 1.93675 1.50073 2 P 0
L 1.96674 1.51423 1.96824 1.51573 2 P 0
L 1.96824 1.51573 1.97124 1.51723 2 P 0
L 1.97124 1.51723 1.97874 1.51723 2 P 0
L 1.97874 1.51723 1.98174 1.51573 2 P 0
L 1.98174 1.51573 1.98324 1.51423 2 P 0
L 1.98324 1.51423 1.98474 1.51123 2 P 0
L 1.98474 1.51123 1.98474 1.50823 2 P 0
L 1.98474 1.50823 1.98324 1.50373 2 P 0
L 1.98324 1.50373 1.96524 1.48574 2 P 0
L 1.96524 1.48574 1.98474 1.48574 2 P 0
L 2.01324 1.51723 1.99824 1.51723 2 P 0
L 1.99824 1.51723 1.99674 1.50223 2 P 0
L 1.99674 1.50223 1.99824 1.50373 2 P 0
L 1.99824 1.50373 2.00124 1.50523 2 P 0
L 2.00124 1.50523 2.00874 1.50523 2 P 0
L 2.00874 1.50523 2.01174 1.50373 2 P 0
L 2.01174 1.50373 2.01324 1.50223 2 P 0
L 2.01324 1.50223 2.01474 1.49923 2 P 0
L 2.01474 1.49923 2.01474 1.49174 2 P 0
L 2.01474 1.49174 2.01324 1.48873 2 P 0
L 2.01324 1.48873 2.01174 1.48723 2 P 0
L 2.01174 1.48723 2.00874 1.48574 2 P 0
L 2.00874 1.48574 2.00124 1.48574 2 P 0
L 2.00124 1.48574 1.99824 1.48723 2 P 0
L 1.99824 1.48723 1.99674 1.48873 2 P 0
L 1.93975 1.28101 1.93975 1.31251 2 P 0
L 1.93975 1.31251 1.94724 1.31251 2 P 0
L 1.94724 1.31251 1.95174 1.31101 2 P 0
L 1.95174 1.31101 1.95474 1.30801 2 P 0
L 1.95474 1.30801 1.95624 1.30501 2 P 0
L 1.95624 1.30501 1.95774 1.29901 2 P 0
L 1.95774 1.29901 1.95774 1.29451 2 P 0
L 1.95774 1.29451 1.95624 1.28851 2 P 0
L 1.95624 1.28851 1.95474 1.28551 2 P 0
L 1.95474 1.28551 1.95174 1.28251 2 P 0
L 1.95174 1.28251 1.94724 1.28101 2 P 0
L 1.94724 1.28101 1.93975 1.28101 2 P 0
L 1.98774 1.28101 1.96974 1.28101 2 P 0
L 1.97874 1.28101 1.97874 1.31251 2 P 0
L 1.97874 1.31251 1.97574 1.30801 2 P 0
L 1.97574 1.30801 1.97274 1.30501 2 P 0
L 1.97274 1.30501 1.96974 1.30351 2 P 0
L 1.79801 1.48574 1.81601 1.48574 2 P 0
L 1.80701 1.45424 1.80701 1.48574 2 P 0
L 1.82651 1.45424 1.82651 1.48574 2 P 0
L 1.82651 1.48574 1.83851 1.48574 2 P 0
L 1.83851 1.48574 1.84151 1.48424 2 P 0
L 1.84151 1.48424 1.84301 1.48274 2 P 0
L 1.84301 1.48274 1.84451 1.47974 2 P 0
L 1.84451 1.47974 1.84451 1.47524 2 P 0
L 1.84451 1.47524 1.84301 1.47224 2 P 0
L 1.84301 1.47224 1.84151 1.47074 2 P 0
L 1.84151 1.47074 1.83851 1.46924 2 P 0
L 1.83851 1.46924 1.82651 1.46924 2 P 0
L 1.85501 1.48574 1.8745 1.48574 2 P 0
L 1.8745 1.48574 1.864 1.47374 2 P 0
L 1.864 1.47374 1.8685 1.47374 2 P 0
L 1.8685 1.47374 1.8715 1.47224 2 P 0
L 1.8715 1.47224 1.873 1.47074 2 P 0
L 1.873 1.47074 1.8745 1.46774 2 P 0
L 1.8745 1.46774 1.8745 1.46024 2 P 0
L 1.8745 1.46024 1.873 1.45724 2 P 0
L 1.873 1.45724 1.8715 1.45574 2 P 0
L 1.8715 1.45574 1.8685 1.45424 2 P 0
L 1.8685 1.45424 1.85951 1.45424 2 P 0
L 1.85951 1.45424 1.85651 1.45574 2 P 0
L 1.85651 1.45574 1.85501 1.45724 2 P 0
L 1.894 1.48574 1.897 1.48574 2 P 0
L 1.897 1.48574 1.9 1.48424 2 P 0
L 1.9 1.48424 1.9015 1.48274 2 P 0
L 1.9015 1.48274 1.903 1.47974 2 P 0
L 1.903 1.47974 1.9045 1.47374 2 P 0
L 1.9045 1.47374 1.9045 1.46624 2 P 0
L 1.9045 1.46624 1.903 1.46024 2 P 0
L 1.903 1.46024 1.9015 1.45724 2 P 0
L 1.9015 1.45724 1.9 1.45574 2 P 0
L 1.9 1.45574 1.897 1.45424 2 P 0
L 1.897 1.45424 1.894 1.45424 2 P 0
L 1.894 1.45424 1.891 1.45574 2 P 0
L 1.891 1.45574 1.8895 1.45724 2 P 0
L 1.8895 1.45724 1.888 1.46024 2 P 0
L 1.888 1.46024 1.8865 1.46624 2 P 0
L 1.8865 1.46624 1.8865 1.47374 2 P 0
L 1.8865 1.47374 1.888 1.47974 2 P 0
L 1.888 1.47974 1.8895 1.48274 2 P 0
L 1.8895 1.48274 1.891 1.48424 2 P 0
L 1.891 1.48424 1.894 1.48574 2 P 0
L 1.31282 2.07235 1.30232 2.08735 2 P 0
L 1.29483 2.07235 1.29483 2.10385 2 P 0
L 1.29483 2.10385 1.30682 2.10385 2 P 0
L 1.30682 2.10385 1.30982 2.10235 2 P 0
L 1.30982 2.10235 1.31132 2.10085 2 P 0
L 1.31132 2.10085 1.31282 2.09785 2 P 0
L 1.31282 2.09785 1.31282 2.09335 2 P 0
L 1.31282 2.09335 1.31132 2.09035 2 P 0
L 1.31132 2.09035 1.30982 2.08885 2 P 0
L 1.30982 2.08885 1.30682 2.08735 2 P 0
L 1.30682 2.08735 1.29483 2.08735 2 P 0
L 1.34282 2.07235 1.32482 2.07235 2 P 0
L 1.33382 2.07235 1.33382 2.10385 2 P 0
L 1.33382 2.10385 1.33082 2.09935 2 P 0
L 1.33082 2.09935 1.32782 2.09635 2 P 0
L 1.32782 2.09635 1.32482 2.09485 2 P 0
L 1.36982 2.10385 1.36382 2.10385 2 P 0
L 1.36382 2.10385 1.36082 2.10235 2 P 0
L 1.36082 2.10235 1.35932 2.10085 2 P 0
L 1.35932 2.10085 1.35632 2.09635 2 P 0
L 1.35632 2.09635 1.35482 2.09035 2 P 0
L 1.35482 2.09035 1.35482 2.07835 2 P 0
L 1.35482 2.07835 1.35632 2.07535 2 P 0
L 1.35632 2.07535 1.35782 2.07385 2 P 0
L 1.35782 2.07385 1.36082 2.07235 2 P 0
L 1.36082 2.07235 1.36682 2.07235 2 P 0
L 1.36682 2.07235 1.36982 2.07385 2 P 0
L 1.36982 2.07385 1.37132 2.07535 2 P 0
L 1.37132 2.07535 1.37282 2.07835 2 P 0
L 1.37282 2.07835 1.37282 2.08585 2 P 0
L 1.37282 2.08585 1.37132 2.08885 2 P 0
L 1.37132 2.08885 1.36982 2.09035 2 P 0
L 1.36982 2.09035 1.36682 2.09185 2 P 0
L 1.36682 2.09185 1.36082 2.09185 2 P 0
L 1.36082 2.09185 1.35782 2.09035 2 P 0
L 1.35782 2.09035 1.35632 2.08885 2 P 0
L 1.35632 2.08885 1.35482 2.08585 2 P 0
L 1.73896 1.52904 1.75696 1.52904 2 P 0
L 1.74796 1.49755 1.74796 1.52904 2 P 0
L 1.76745 1.49755 1.76745 1.52904 2 P 0
L 1.76745 1.52904 1.77945 1.52904 2 P 0
L 1.77945 1.52904 1.78245 1.52754 2 P 0
L 1.78245 1.52754 1.78395 1.52604 2 P 0
L 1.78395 1.52604 1.78545 1.52304 2 P 0
L 1.78545 1.52304 1.78545 1.51854 2 P 0
L 1.78545 1.51854 1.78395 1.51554 2 P 0
L 1.78395 1.51554 1.78245 1.51404 2 P 0
L 1.78245 1.51404 1.77945 1.51255 2 P 0
L 1.77945 1.51255 1.76745 1.51255 2 P 0
L 1.79745 1.52604 1.79895 1.52754 2 P 0
L 1.79895 1.52754 1.80195 1.52904 2 P 0
L 1.80195 1.52904 1.80945 1.52904 2 P 0
L 1.80945 1.52904 1.81245 1.52754 2 P 0
L 1.81245 1.52754 1.81395 1.52604 2 P 0
L 1.81395 1.52604 1.81545 1.52304 2 P 0
L 1.81545 1.52304 1.81545 1.52004 2 P 0
L 1.81545 1.52004 1.81395 1.51554 2 P 0
L 1.81395 1.51554 1.79595 1.49755 2 P 0
L 1.79595 1.49755 1.81545 1.49755 2 P 0
L 1.82595 1.52904 1.84694 1.52904 2 P 0
L 1.84694 1.52904 1.83345 1.49755 2 P 0
L 0.376568 3.32939 0.40469 3.32939 2 P 0
L 0.40469 3.32939 0.410314 3.32752 2 P 0
L 0.410314 3.32752 0.414063 3.32377 2 P 0
L 0.414063 3.32377 0.415938 3.31815 2 P 0
L 0.415938 3.31815 0.415938 3.3144 2 P 0
L 0.380318 3.34627 0.378443 3.34814 2 P 0
L 0.378443 3.34814 0.376568 3.35189 2 P 0
L 0.376568 3.35189 0.376568 3.36127 2 P 0
L 0.376568 3.36127 0.378443 3.36502 2 P 0
L 0.378443 3.36502 0.380318 3.36689 2 P 0
L 0.380318 3.36689 0.384067 3.36876 2 P 0
L 0.384067 3.36876 0.387817 3.36876 2 P 0
L 0.387817 3.36876 0.393441 3.36689 2 P 0
L 0.393441 3.36689 0.415938 3.34439 2 P 0
L 0.415938 3.34439 0.415938 3.36876 2 P 0
L 0.384442 1.78806 0.412564 1.78806 2 P 0
L 0.412564 1.78806 0.418188 1.78618 2 P 0
L 0.418188 1.78618 0.421937 1.78243 2 P 0
L 0.421937 1.78243 0.423812 1.77681 2 P 0
L 0.423812 1.77681 0.423812 1.77306 2 P 0
L 0.423812 1.82743 0.423812 1.80493 2 P 0
L 0.423812 1.81618 0.384442 1.81618 2 P 0
L 0.384442 1.81618 0.390066 1.81243 2 P 0
L 0.390066 1.81243 0.393816 1.80868 2 P 0
L 0.393816 1.80868 0.395691 1.80493 2 P 0
L 4.60435 2.67274 4.60435 2.64725 2 P 0
L 4.60435 2.64725 4.60585 2.64425 2 P 0
L 4.60585 2.64425 4.60735 2.64275 2 P 0
L 4.60735 2.64275 4.61035 2.64125 2 P 0
L 4.61035 2.64125 4.61635 2.64125 2 P 0
L 4.61635 2.64125 4.61935 2.64275 2 P 0
L 4.61935 2.64275 4.62085 2.64425 2 P 0
L 4.62085 2.64425 4.62235 2.64725 2 P 0
L 4.62235 2.64725 4.62235 2.67274 2 P 0
L 4.63435 2.67274 4.65384 2.67274 2 P 0
L 4.65384 2.67274 4.64335 2.66074 2 P 0
L 4.64335 2.66074 4.64784 2.66074 2 P 0
L 4.64784 2.66074 4.65084 2.65924 2 P 0
L 4.65084 2.65924 4.65234 2.65774 2 P 0
L 4.65234 2.65774 4.65384 2.65475 2 P 0
L 4.65384 2.65475 4.65384 2.64725 2 P 0
L 4.65384 2.64725 4.65234 2.64425 2 P 0
L 4.65234 2.64425 4.65084 2.64275 2 P 0
L 4.65084 2.64275 4.64784 2.64125 2 P 0
L 4.64784 2.64125 4.63885 2.64125 2 P 0
L 4.63885 2.64125 4.63585 2.64275 2 P 0
L 4.63585 2.64275 4.63435 2.64425 2 P 0
L 2.37282 1.11566 2.39081 1.11566 2 P 0
L 2.38182 1.08416 2.38182 1.11566 2 P 0
L 2.40131 1.08416 2.40131 1.11566 2 P 0
L 2.40131 1.11566 2.41331 1.11566 2 P 0
L 2.41331 1.11566 2.41631 1.11416 2 P 0
L 2.41631 1.11416 2.41781 1.11266 2 P 0
L 2.41781 1.11266 2.41931 1.10966 2 P 0
L 2.41931 1.10966 2.41931 1.10516 2 P 0
L 2.41931 1.10516 2.41781 1.10216 2 P 0
L 2.41781 1.10216 2.41631 1.10066 2 P 0
L 2.41631 1.10066 2.41331 1.09916 2 P 0
L 2.41331 1.09916 2.40131 1.09916 2 P 0
L 2.43131 1.11266 2.43281 1.11416 2 P 0
L 2.43281 1.11416 2.43581 1.11566 2 P 0
L 2.43581 1.11566 2.44331 1.11566 2 P 0
L 2.44331 1.11566 2.44631 1.11416 2 P 0
L 2.44631 1.11416 2.44781 1.11266 2 P 0
L 2.44781 1.11266 2.44931 1.10966 2 P 0
L 2.44931 1.10966 2.44931 1.10666 2 P 0
L 2.44931 1.10666 2.44781 1.10216 2 P 0
L 2.44781 1.10216 2.42981 1.08416 2 P 0
L 2.42981 1.08416 2.44931 1.08416 2 P 0
L 2.4763 1.11566 2.4703 1.11566 2 P 0
L 2.4703 1.11566 2.46731 1.11416 2 P 0
L 2.46731 1.11416 2.46581 1.11266 2 P 0
L 2.46581 1.11266 2.4628 1.10816 2 P 0
L 2.4628 1.10816 2.4613 1.10216 2 P 0
L 2.4613 1.10216 2.4613 1.09016 2 P 0
L 2.4613 1.09016 2.4628 1.08716 2 P 0
L 2.4628 1.08716 2.4643 1.08566 2 P 0
L 2.4643 1.08566 2.46731 1.08416 2 P 0
L 2.46731 1.08416 2.4733 1.08416 2 P 0
L 2.4733 1.08416 2.4763 1.08566 2 P 0
L 2.4763 1.08566 2.4778 1.08716 2 P 0
L 2.4778 1.08716 2.4793 1.09016 2 P 0
L 2.4793 1.09016 2.4793 1.09766 2 P 0
L 2.4793 1.09766 2.4778 1.10066 2 P 0
L 2.4778 1.10066 2.4763 1.10216 2 P 0
L 2.4763 1.10216 2.4733 1.10366 2 P 0
L 2.4733 1.10366 2.46731 1.10366 2 P 0
L 2.46731 1.10366 2.4643 1.10216 2 P 0
L 2.4643 1.10216 2.4628 1.10066 2 P 0
L 2.4628 1.10066 2.4613 1.09766 2 P 0
L 6.99486 3.37739 7.01286 3.37739 2 P 0
L 7.00386 3.34589 7.00386 3.37739 2 P 0
L 7.02336 3.34589 7.02336 3.37739 2 P 0
L 7.02336 3.37739 7.03536 3.37739 2 P 0
L 7.03536 3.37739 7.03836 3.37589 2 P 0
L 7.03836 3.37589 7.03986 3.37439 2 P 0
L 7.03986 3.37439 7.04136 3.37139 2 P 0
L 7.04136 3.37139 7.04136 3.36689 2 P 0
L 7.04136 3.36689 7.03986 3.36389 2 P 0
L 7.03986 3.36389 7.03836 3.36239 2 P 0
L 7.03836 3.36239 7.03536 3.36089 2 P 0
L 7.03536 3.36089 7.02336 3.36089 2 P 0
L 7.06985 3.37739 7.05486 3.37739 2 P 0
L 7.05486 3.37739 7.05336 3.36239 2 P 0
L 7.05336 3.36239 7.05486 3.36389 2 P 0
L 7.05486 3.36389 7.05786 3.36539 2 P 0
L 7.05786 3.36539 7.06535 3.36539 2 P 0
L 7.06535 3.36539 7.06835 3.36389 2 P 0
L 7.06835 3.36389 7.06985 3.36239 2 P 0
L 7.06985 3.36239 7.07135 3.35939 2 P 0
L 7.07135 3.35939 7.07135 3.35189 2 P 0
L 7.07135 3.35189 7.06985 3.34889 2 P 0
L 7.06985 3.34889 7.06835 3.34739 2 P 0
L 7.06835 3.34739 7.06535 3.34589 2 P 0
L 7.06535 3.34589 7.05786 3.34589 2 P 0
L 7.05786 3.34589 7.05486 3.34739 2 P 0
L 7.05486 3.34739 7.05336 3.34889 2 P 0
L 7.10135 3.34589 7.08335 3.34589 2 P 0
L 7.09235 3.34589 7.09235 3.37739 2 P 0
L 7.09235 3.37739 7.08935 3.37289 2 P 0
L 7.08935 3.37289 7.08635 3.36989 2 P 0
L 7.08635 3.36989 7.08335 3.36839 2 P 0
L 1.17822 2.17771 1.17672 2.17621 2 P 0
L 1.17672 2.17621 1.17222 2.17471 2 P 0
L 1.17222 2.17471 1.16922 2.17471 2 P 0
L 1.16922 2.17471 1.16472 2.17621 2 P 0
L 1.16472 2.17621 1.16172 2.17921 2 P 0
L 1.16172 2.17921 1.16022 2.18221 2 P 0
L 1.16022 2.18221 1.15872 2.18821 2 P 0
L 1.15872 2.18821 1.15872 2.19271 2 P 0
L 1.15872 2.19271 1.16022 2.19871 2 P 0
L 1.16022 2.19871 1.16172 2.20171 2 P 0
L 1.16172 2.20171 1.16472 2.20471 2 P 0
L 1.16472 2.20471 1.16922 2.20621 2 P 0
L 1.16922 2.20621 1.17222 2.20621 2 P 0
L 1.17222 2.20621 1.17672 2.20471 2 P 0
L 1.17672 2.20471 1.17822 2.20321 2 P 0
L 1.20521 2.20621 1.19921 2.20621 2 P 0
L 1.19921 2.20621 1.19621 2.20471 2 P 0
L 1.19621 2.20471 1.19471 2.20321 2 P 0
L 1.19471 2.20321 1.19171 2.19871 2 P 0
L 1.19171 2.19871 1.19021 2.19271 2 P 0
L 1.19021 2.19271 1.19021 2.18071 2 P 0
L 1.19021 2.18071 1.19171 2.17771 2 P 0
L 1.19171 2.17771 1.19321 2.17621 2 P 0
L 1.19321 2.17621 1.19621 2.17471 2 P 0
L 1.19621 2.17471 1.20221 2.17471 2 P 0
L 1.20221 2.17471 1.20521 2.17621 2 P 0
L 1.20521 2.17621 1.20671 2.17771 2 P 0
L 1.20671 2.17771 1.20821 2.18071 2 P 0
L 1.20821 2.18071 1.20821 2.18821 2 P 0
L 1.20821 2.18821 1.20671 2.19121 2 P 0
L 1.20671 2.19121 1.20521 2.19271 2 P 0
L 1.20521 2.19271 1.20221 2.19421 2 P 0
L 1.20221 2.19421 1.19621 2.19421 2 P 0
L 1.19621 2.19421 1.19321 2.19271 2 P 0
L 1.19321 2.19271 1.19171 2.19121 2 P 0
L 1.19171 2.19121 1.19021 2.18821 2 P 0
L 4.81864 3.25159 4.81676 3.24972 2 P 0
L 4.81676 3.24972 4.81114 3.24784 2 P 0
L 4.81114 3.24784 4.80739 3.24784 2 P 0
L 4.80739 3.24784 4.80176 3.24972 2 P 0
L 4.80176 3.24972 4.79801 3.25346 2 P 0
L 4.79801 3.25346 4.79614 3.25721 2 P 0
L 4.79614 3.25721 4.79426 3.26471 2 P 0
L 4.79426 3.26471 4.79426 3.27034 2 P 0
L 4.79426 3.27034 4.79614 3.27784 2 P 0
L 4.79614 3.27784 4.79801 3.28159 2 P 0
L 4.79801 3.28159 4.80176 3.28534 2 P 0
L 4.80176 3.28534 4.80739 3.28721 2 P 0
L 4.80739 3.28721 4.81114 3.28721 2 P 0
L 4.81114 3.28721 4.81676 3.28534 2 P 0
L 4.81676 3.28534 4.81864 3.28346 2 P 0
L 4.85613 3.24784 4.83363 3.24784 2 P 0
L 4.84488 3.24784 4.84488 3.28721 2 P 0
L 4.84488 3.28721 4.84113 3.28159 2 P 0
L 4.84113 3.28159 4.83738 3.27784 2 P 0
L 4.83738 3.27784 4.83363 3.27596 2 P 0
L 1.12403 2.6314 1.14203 2.6314 2 P 0
L 1.13303 2.59991 1.13303 2.6314 2 P 0
L 1.15253 2.59991 1.15253 2.6314 2 P 0
L 1.15253 2.6314 1.16453 2.6314 2 P 0
L 1.16453 2.6314 1.16753 2.6299 2 P 0
L 1.16753 2.6299 1.16903 2.6284 2 P 0
L 1.16903 2.6284 1.17053 2.62541 2 P 0
L 1.17053 2.62541 1.17053 2.62091 2 P 0
L 1.17053 2.62091 1.16903 2.61791 2 P 0
L 1.16903 2.61791 1.16753 2.61641 2 P 0
L 1.16753 2.61641 1.16453 2.61491 2 P 0
L 1.16453 2.61491 1.15253 2.61491 2 P 0
L 1.20052 2.59991 1.18253 2.59991 2 P 0
L 1.19153 2.59991 1.19153 2.6314 2 P 0
L 1.19153 2.6314 1.18853 2.6269 2 P 0
L 1.18853 2.6269 1.18553 2.62391 2 P 0
L 1.18553 2.62391 1.18253 2.62241 2 P 0
L 1.26656 1.32038 1.25606 1.33538 2 P 0
L 1.24857 1.32038 1.24857 1.35188 2 P 0
L 1.24857 1.35188 1.26056 1.35188 2 P 0
L 1.26056 1.35188 1.26356 1.35038 2 P 0
L 1.26356 1.35038 1.26506 1.34888 2 P 0
L 1.26506 1.34888 1.26656 1.34588 2 P 0
L 1.26656 1.34588 1.26656 1.34138 2 P 0
L 1.26656 1.34138 1.26506 1.33838 2 P 0
L 1.26506 1.33838 1.26356 1.33688 2 P 0
L 1.26356 1.33688 1.26056 1.33538 2 P 0
L 1.26056 1.33538 1.24857 1.33538 2 P 0
L 1.29656 1.32038 1.27856 1.32038 2 P 0
L 1.28756 1.32038 1.28756 1.35188 2 P 0
L 1.28756 1.35188 1.28456 1.34738 2 P 0
L 1.28456 1.34738 1.28156 1.34438 2 P 0
L 1.28156 1.34438 1.27856 1.34288 2 P 0
L 1.32656 1.32038 1.30856 1.32038 2 P 0
L 1.31756 1.32038 1.31756 1.35188 2 P 0
L 1.31756 1.35188 1.31456 1.34738 2 P 0
L 1.31456 1.34738 1.31156 1.34438 2 P 0
L 1.31156 1.34438 1.30856 1.34288 2 P 0
L 7.68384 1.76322 7.70184 1.76322 2 P 0
L 7.69284 1.73172 7.69284 1.76322 2 P 0
L 7.71234 1.73172 7.71234 1.76322 2 P 0
L 7.71234 1.76322 7.72433 1.76322 2 P 0
L 7.72433 1.76322 7.72734 1.76172 2 P 0
L 7.72734 1.76172 7.72883 1.76022 2 P 0
L 7.72883 1.76022 7.73033 1.75722 2 P 0
L 7.73033 1.75722 7.73033 1.75272 2 P 0
L 7.73033 1.75272 7.72883 1.74972 2 P 0
L 7.72883 1.74972 7.72734 1.74822 2 P 0
L 7.72734 1.74822 7.72433 1.74672 2 P 0
L 7.72433 1.74672 7.71234 1.74672 2 P 0
L 7.75883 1.76322 7.74383 1.76322 2 P 0
L 7.74383 1.76322 7.74233 1.74822 2 P 0
L 7.74233 1.74822 7.74383 1.74972 2 P 0
L 7.74383 1.74972 7.74683 1.75122 2 P 0
L 7.74683 1.75122 7.75433 1.75122 2 P 0
L 7.75433 1.75122 7.75733 1.74972 2 P 0
L 7.75733 1.74972 7.75883 1.74822 2 P 0
L 7.75883 1.74822 7.76033 1.74522 2 P 0
L 7.76033 1.74522 7.76033 1.73772 2 P 0
L 7.76033 1.73772 7.75883 1.73472 2 P 0
L 7.75883 1.73472 7.75733 1.73322 2 P 0
L 7.75733 1.73322 7.75433 1.73172 2 P 0
L 7.75433 1.73172 7.74683 1.73172 2 P 0
L 7.74683 1.73172 7.74383 1.73322 2 P 0
L 7.74383 1.73322 7.74233 1.73472 2 P 0
L 7.77833 1.74972 7.77533 1.75122 2 P 0
L 7.77533 1.75122 7.77383 1.75272 2 P 0
L 7.77383 1.75272 7.77233 1.75572 2 P 0
L 7.77233 1.75572 7.77233 1.75722 2 P 0
L 7.77233 1.75722 7.77383 1.76022 2 P 0
L 7.77383 1.76022 7.77533 1.76172 2 P 0
L 7.77533 1.76172 7.77833 1.76322 2 P 0
L 7.77833 1.76322 7.78433 1.76322 2 P 0
L 7.78433 1.76322 7.78733 1.76172 2 P 0
L 7.78733 1.76172 7.78883 1.76022 2 P 0
L 7.78883 1.76022 7.79033 1.75722 2 P 0
L 7.79033 1.75722 7.79033 1.75572 2 P 0
L 7.79033 1.75572 7.78883 1.75272 2 P 0
L 7.78883 1.75272 7.78733 1.75122 2 P 0
L 7.78733 1.75122 7.78433 1.74972 2 P 0
L 7.78433 1.74972 7.77833 1.74972 2 P 0
L 7.77833 1.74972 7.77533 1.74822 2 P 0
L 7.77533 1.74822 7.77383 1.74672 2 P 0
L 7.77383 1.74672 7.77233 1.74372 2 P 0
L 7.77233 1.74372 7.77233 1.73772 2 P 0
L 7.77233 1.73772 7.77383 1.73472 2 P 0
L 7.77383 1.73472 7.77533 1.73322 2 P 0
L 7.77533 1.73322 7.77833 1.73172 2 P 0
L 7.77833 1.73172 7.78433 1.73172 2 P 0
L 7.78433 1.73172 7.78733 1.73322 2 P 0
L 7.78733 1.73322 7.78883 1.73472 2 P 0
L 7.78883 1.73472 7.79033 1.73772 2 P 0
L 7.79033 1.73772 7.79033 1.74372 2 P 0
L 7.79033 1.74372 7.78883 1.74672 2 P 0
L 7.78883 1.74672 7.78733 1.74822 2 P 0
L 7.78733 1.74822 7.78433 1.74972 2 P 0
L 4.37292 1.44451 4.39842 1.44451 2 P 0
L 4.39842 1.44451 4.40142 1.44601 2 P 0
L 4.40142 1.44601 4.40292 1.44751 2 P 0
L 4.40292 1.44751 4.40442 1.4505 2 P 0
L 4.40442 1.4505 4.40442 1.4565 2 P 0
L 4.40442 1.4565 4.40292 1.4595 2 P 0
L 4.40292 1.4595 4.40142 1.461 2 P 0
L 4.40142 1.461 4.39842 1.4625 2 P 0
L 4.39842 1.4625 4.37292 1.4625 2 P 0
L 4.37592 1.476 4.37442 1.4775 2 P 0
L 4.37442 1.4775 4.37292 1.4805 2 P 0
L 4.37292 1.4805 4.37292 1.488 2 P 0
L 4.37292 1.488 4.37442 1.491 2 P 0
L 4.37442 1.491 4.37592 1.4925 2 P 0
L 4.37592 1.4925 4.37892 1.494 2 P 0
L 4.37892 1.494 4.38192 1.494 2 P 0
L 4.38192 1.494 4.38642 1.4925 2 P 0
L 4.38642 1.4925 4.40442 1.4745 2 P 0
L 4.40442 1.4745 4.40442 1.494 2 P 0
L 1.72912 0.485735 1.74711 0.485735 2 P 0
L 1.73811 0.454239 1.73811 0.485735 2 P 0
L 1.75761 0.454239 1.75761 0.485735 2 P 0
L 1.75761 0.485735 1.76961 0.485735 2 P 0
L 1.76961 0.485735 1.77261 0.484236 2 P 0
L 1.77261 0.484236 1.77411 0.482736 2 P 0
L 1.77411 0.482736 1.77561 0.479736 2 P 0
L 1.77561 0.479736 1.77561 0.475237 2 P 0
L 1.77561 0.475237 1.77411 0.472237 2 P 0
L 1.77411 0.472237 1.77261 0.470737 2 P 0
L 1.77261 0.470737 1.76961 0.469238 2 P 0
L 1.76961 0.469238 1.75761 0.469238 2 P 0
L 1.80261 0.475237 1.80261 0.454239 2 P 0
L 1.79511 0.487235 1.78761 0.464738 2 P 0
L 1.78761 0.464738 1.80711 0.464738 2 P 0
L 1.8356 0.454239 1.8176 0.454239 2 P 0
L 1.8266 0.454239 1.8266 0.485735 2 P 0
L 1.8266 0.485735 1.8236 0.481236 2 P 0
L 1.8236 0.481236 1.8206 0.478236 2 P 0
L 1.8206 0.478236 1.8176 0.476737 2 P 0
L 2.04812 1.6766 2.03312 1.6661 2 P 0
L 2.04812 1.6586 2.01663 1.6586 2 P 0
L 2.01663 1.6586 2.01663 1.6706 2 P 0
L 2.01663 1.6706 2.01813 1.6736 2 P 0
L 2.01813 1.6736 2.01963 1.6751 2 P 0
L 2.01963 1.6751 2.02263 1.6766 2 P 0
L 2.02263 1.6766 2.02712 1.6766 2 P 0
L 2.02712 1.6766 2.03012 1.6751 2 P 0
L 2.03012 1.6751 2.03162 1.6736 2 P 0
L 2.03162 1.6736 2.03312 1.6706 2 P 0
L 2.03312 1.6706 2.03312 1.6586 2 P 0
L 2.01963 1.6886 2.01813 1.6901 2 P 0
L 2.01813 1.6901 2.01663 1.6931 2 P 0
L 2.01663 1.6931 2.01663 1.7006 2 P 0
L 2.01663 1.7006 2.01813 1.7036 2 P 0
L 2.01813 1.7036 2.01963 1.7051 2 P 0
L 2.01963 1.7051 2.02263 1.7066 2 P 0
L 2.02263 1.7066 2.02562 1.7066 2 P 0
L 2.02562 1.7066 2.03012 1.7051 2 P 0
L 2.03012 1.7051 2.04812 1.6871 2 P 0
L 2.04812 1.6871 2.04812 1.7066 2 P 0
L 2.01663 1.7171 2.01663 1.73659 2 P 0
L 2.01663 1.73659 2.02862 1.7261 2 P 0
L 2.02862 1.7261 2.02862 1.73059 2 P 0
L 2.02862 1.73059 2.03012 1.73359 2 P 0
L 2.03012 1.73359 2.03162 1.73509 2 P 0
L 2.03162 1.73509 2.03462 1.73659 2 P 0
L 2.03462 1.73659 2.04212 1.73659 2 P 0
L 2.04212 1.73659 2.04512 1.73509 2 P 0
L 2.04512 1.73509 2.04662 1.73359 2 P 0
L 2.04662 1.73359 2.04812 1.73059 2 P 0
L 2.04812 1.73059 2.04812 1.7216 2 P 0
L 2.04812 1.7216 2.04662 1.7186 2 P 0
L 2.04662 1.7186 2.04512 1.7171 2 P 0
L 1.63266 0.718019 1.65066 0.718019 2 P 0
L 1.64166 0.686523 1.64166 0.718019 2 P 0
L 1.66115 0.686523 1.66115 0.718019 2 P 0
L 1.66115 0.718019 1.67315 0.718019 2 P 0
L 1.67315 0.718019 1.67615 0.716519 2 P 0
L 1.67615 0.716519 1.67765 0.715019 2 P 0
L 1.67765 0.715019 1.67915 0.71202 2 P 0
L 1.67915 0.71202 1.67915 0.70752 2 P 0
L 1.67915 0.70752 1.67765 0.704521 2 P 0
L 1.67765 0.704521 1.67615 0.703021 2 P 0
L 1.67615 0.703021 1.67315 0.701521 2 P 0
L 1.67315 0.701521 1.66115 0.701521 2 P 0
L 1.68965 0.718019 1.70915 0.718019 2 P 0
L 1.70915 0.718019 1.69865 0.70602 2 P 0
L 1.69865 0.70602 1.70315 0.70602 2 P 0
L 1.70315 0.70602 1.70615 0.704521 2 P 0
L 1.70615 0.704521 1.70765 0.703021 2 P 0
L 1.70765 0.703021 1.70915 0.700021 2 P 0
L 1.70915 0.700021 1.70915 0.692522 2 P 0
L 1.70915 0.692522 1.70765 0.689523 2 P 0
L 1.70765 0.689523 1.70615 0.688023 2 P 0
L 1.70615 0.688023 1.70315 0.686523 2 P 0
L 1.70315 0.686523 1.69415 0.686523 2 P 0
L 1.69415 0.686523 1.69115 0.688023 2 P 0
L 1.69115 0.688023 1.68965 0.689523 2 P 0
L 1.72415 0.686523 1.73015 0.686523 2 P 0
L 1.73015 0.686523 1.73315 0.688023 2 P 0
L 1.73315 0.688023 1.73465 0.689523 2 P 0
L 1.73465 0.689523 1.73765 0.694022 2 P 0
L 1.73765 0.694022 1.73915 0.700021 2 P 0
L 1.73915 0.700021 1.73915 0.71202 2 P 0
L 1.73915 0.71202 1.73765 0.715019 2 P 0
L 1.73765 0.715019 1.73615 0.716519 2 P 0
L 1.73615 0.716519 1.73315 0.718019 2 P 0
L 1.73315 0.718019 1.72715 0.718019 2 P 0
L 1.72715 0.718019 1.72415 0.716519 2 P 0
L 1.72415 0.716519 1.72265 0.715019 2 P 0
L 1.72265 0.715019 1.72115 0.71202 2 P 0
L 1.72115 0.71202 1.72115 0.704521 2 P 0
L 1.72115 0.704521 1.72265 0.701521 2 P 0
L 1.72265 0.701521 1.72415 0.700021 2 P 0
L 1.72415 0.700021 1.72715 0.698521 2 P 0
L 1.72715 0.698521 1.73315 0.698521 2 P 0
L 1.73315 0.698521 1.73615 0.700021 2 P 0
L 1.73615 0.700021 1.73765 0.701521 2 P 0
L 1.73765 0.701521 1.73915 0.704521 2 P 0
L 0.960368 2.28505 0.958493 2.28318 2 P 0
L 0.958493 2.28318 0.952869 2.2813 2 P 0
L 0.952869 2.2813 0.949119 2.2813 2 P 0
L 0.949119 2.2813 0.943495 2.28318 2 P 0
L 0.943495 2.28318 0.939746 2.28693 2 P 0
L 0.939746 2.28693 0.937871 2.29068 2 P 0
L 0.937871 2.29068 0.935996 2.29818 2 P 0
L 0.935996 2.29818 0.935996 2.3038 2 P 0
L 0.935996 2.3038 0.937871 2.3113 2 P 0
L 0.937871 2.3113 0.939746 2.31505 2 P 0
L 0.939746 2.31505 0.943495 2.3188 2 P 0
L 0.943495 2.3188 0.949119 2.32068 2 P 0
L 0.949119 2.32068 0.952869 2.32068 2 P 0
L 0.952869 2.32068 0.958493 2.3188 2 P 0
L 0.958493 2.3188 0.960368 2.31693 2 P 0
L 0.975366 2.31693 0.977241 2.3188 2 P 0
L 0.977241 2.3188 0.98099 2.32068 2 P 0
L 0.98099 2.32068 0.990364 2.32068 2 P 0
L 0.990364 2.32068 0.994114 2.3188 2 P 0
L 0.994114 2.3188 0.995988 2.31693 2 P 0
L 0.995988 2.31693 0.997863 2.31318 2 P 0
L 0.997863 2.31318 0.997863 2.30943 2 P 0
L 0.997863 2.30943 0.995988 2.3038 2 P 0
L 0.995988 2.3038 0.973491 2.2813 2 P 0
L 0.973491 2.2813 0.997863 2.2813 2 P 0
L 7.68384 2.33408 7.70184 2.33408 2 P 0
L 7.69284 2.30259 7.69284 2.33408 2 P 0
L 7.71234 2.30259 7.71234 2.33408 2 P 0
L 7.71234 2.33408 7.72433 2.33408 2 P 0
L 7.72433 2.33408 7.72734 2.33258 2 P 0
L 7.72734 2.33258 7.72883 2.33108 2 P 0
L 7.72883 2.33108 7.73033 2.32808 2 P 0
L 7.73033 2.32808 7.73033 2.32358 2 P 0
L 7.73033 2.32358 7.72883 2.32058 2 P 0
L 7.72883 2.32058 7.72734 2.31908 2 P 0
L 7.72734 2.31908 7.72433 2.31758 2 P 0
L 7.72433 2.31758 7.71234 2.31758 2 P 0
L 7.75883 2.33408 7.74383 2.33408 2 P 0
L 7.74383 2.33408 7.74233 2.31908 2 P 0
L 7.74233 2.31908 7.74383 2.32058 2 P 0
L 7.74383 2.32058 7.74683 2.32208 2 P 0
L 7.74683 2.32208 7.75433 2.32208 2 P 0
L 7.75433 2.32208 7.75733 2.32058 2 P 0
L 7.75733 2.32058 7.75883 2.31908 2 P 0
L 7.75883 2.31908 7.76033 2.31608 2 P 0
L 7.76033 2.31608 7.76033 2.30858 2 P 0
L 7.76033 2.30858 7.75883 2.30559 2 P 0
L 7.75883 2.30559 7.75733 2.30409 2 P 0
L 7.75733 2.30409 7.75433 2.30259 2 P 0
L 7.75433 2.30259 7.74683 2.30259 2 P 0
L 7.74683 2.30259 7.74383 2.30409 2 P 0
L 7.74383 2.30409 7.74233 2.30559 2 P 0
L 7.78733 2.33408 7.78133 2.33408 2 P 0
L 7.78133 2.33408 7.77833 2.33258 2 P 0
L 7.77833 2.33258 7.77683 2.33108 2 P 0
L 7.77683 2.33108 7.77383 2.32658 2 P 0
L 7.77383 2.32658 7.77233 2.32058 2 P 0
L 7.77233 2.32058 7.77233 2.30858 2 P 0
L 7.77233 2.30858 7.77383 2.30559 2 P 0
L 7.77383 2.30559 7.77533 2.30409 2 P 0
L 7.77533 2.30409 7.77833 2.30259 2 P 0
L 7.77833 2.30259 7.78433 2.30259 2 P 0
L 7.78433 2.30259 7.78733 2.30409 2 P 0
L 7.78733 2.30409 7.78883 2.30559 2 P 0
L 7.78883 2.30559 7.79033 2.30858 2 P 0
L 7.79033 2.30858 7.79033 2.31608 2 P 0
L 7.79033 2.31608 7.78883 2.31908 2 P 0
L 7.78883 2.31908 7.78733 2.32058 2 P 0
L 7.78733 2.32058 7.78433 2.32208 2 P 0
L 7.78433 2.32208 7.77833 2.32208 2 P 0
L 7.77833 2.32208 7.77533 2.32058 2 P 0
L 7.77533 2.32058 7.77383 2.31908 2 P 0
L 7.77383 2.31908 7.77233 2.31608 2 P 0
L 2.27045 0.840066 2.28845 0.840066 2 P 0
L 2.27945 0.80857 2.27945 0.840066 2 P 0
L 2.29895 0.80857 2.29895 0.840066 2 P 0
L 2.29895 0.840066 2.31095 0.840066 2 P 0
L 2.31095 0.840066 2.31395 0.838566 2 P 0
L 2.31395 0.838566 2.31545 0.837067 2 P 0
L 2.31545 0.837067 2.31695 0.834067 2 P 0
L 2.31695 0.834067 2.31695 0.829568 2 P 0
L 2.31695 0.829568 2.31545 0.826568 2 P 0
L 2.31545 0.826568 2.31395 0.825068 2 P 0
L 2.31395 0.825068 2.31095 0.823568 2 P 0
L 2.31095 0.823568 2.29895 0.823568 2 P 0
L 2.34394 0.829568 2.34394 0.80857 2 P 0
L 2.33645 0.841566 2.32895 0.819069 2 P 0
L 2.32895 0.819069 2.34844 0.819069 2 P 0
L 2.35744 0.840066 2.37694 0.840066 2 P 0
L 2.37694 0.840066 2.36644 0.828068 2 P 0
L 2.36644 0.828068 2.37094 0.828068 2 P 0
L 2.37094 0.828068 2.37394 0.826568 2 P 0
L 2.37394 0.826568 2.37544 0.825068 2 P 0
L 2.37544 0.825068 2.37694 0.822068 2 P 0
L 2.37694 0.822068 2.37694 0.814569 2 P 0
L 2.37694 0.814569 2.37544 0.81157 2 P 0
L 2.37544 0.81157 2.37394 0.81007 2 P 0
L 2.37394 0.81007 2.37094 0.80857 2 P 0
L 2.37094 0.80857 2.36194 0.80857 2 P 0
L 2.36194 0.80857 2.35894 0.81007 2 P 0
L 2.35894 0.81007 2.35744 0.81157 2 P 0
L 1.66623 1.40814 1.65123 1.39764 2 P 0
L 1.66623 1.39014 1.63474 1.39014 2 P 0
L 1.63474 1.39014 1.63474 1.40214 2 P 0
L 1.63474 1.40214 1.63624 1.40514 2 P 0
L 1.63624 1.40514 1.63774 1.40664 2 P 0
L 1.63774 1.40664 1.64074 1.40814 2 P 0
L 1.64074 1.40814 1.64524 1.40814 2 P 0
L 1.64524 1.40814 1.64823 1.40664 2 P 0
L 1.64823 1.40664 1.64973 1.40514 2 P 0
L 1.64973 1.40514 1.65123 1.40214 2 P 0
L 1.65123 1.40214 1.65123 1.39014 2 P 0
L 1.66623 1.42313 1.66623 1.42913 2 P 0
L 1.66623 1.42913 1.66473 1.43213 2 P 0
L 1.66473 1.43213 1.66323 1.43363 2 P 0
L 1.66323 1.43363 1.65873 1.43663 2 P 0
L 1.65873 1.43663 1.65273 1.43813 2 P 0
L 1.65273 1.43813 1.64074 1.43813 2 P 0
L 1.64074 1.43813 1.63774 1.43663 2 P 0
L 1.63774 1.43663 1.63624 1.43513 2 P 0
L 1.63624 1.43513 1.63474 1.43213 2 P 0
L 1.63474 1.43213 1.63474 1.42613 2 P 0
L 1.63474 1.42613 1.63624 1.42313 2 P 0
L 1.63624 1.42313 1.63774 1.42163 2 P 0
L 1.63774 1.42163 1.64074 1.42013 2 P 0
L 1.64074 1.42013 1.64823 1.42013 2 P 0
L 1.64823 1.42013 1.65123 1.42163 2 P 0
L 1.65123 1.42163 1.65273 1.42313 2 P 0
L 1.65273 1.42313 1.65423 1.42613 2 P 0
L 1.65423 1.42613 1.65423 1.43213 2 P 0
L 1.65423 1.43213 1.65273 1.43513 2 P 0
L 1.65273 1.43513 1.65123 1.43663 2 P 0
L 1.65123 1.43663 1.64823 1.43813 2 P 0
L 1.51363 1.49156 1.51513 1.49006 2 P 0
L 1.51513 1.49006 1.51663 1.48556 2 P 0
L 1.51663 1.48556 1.51663 1.48256 2 P 0
L 1.51663 1.48256 1.51513 1.47806 2 P 0
L 1.51513 1.47806 1.51213 1.47506 2 P 0
L 1.51213 1.47506 1.50913 1.47357 2 P 0
L 1.50913 1.47357 1.50313 1.47206 2 P 0
L 1.50313 1.47206 1.49863 1.47206 2 P 0
L 1.49863 1.47206 1.49263 1.47357 2 P 0
L 1.49263 1.47357 1.48963 1.47506 2 P 0
L 1.48963 1.47506 1.48663 1.47806 2 P 0
L 1.48663 1.47806 1.48513 1.48256 2 P 0
L 1.48513 1.48256 1.48513 1.48556 2 P 0
L 1.48513 1.48556 1.48663 1.49006 2 P 0
L 1.48663 1.49006 1.48813 1.49156 2 P 0
L 1.51663 1.52156 1.51663 1.50356 2 P 0
L 1.51663 1.51256 1.48513 1.51256 2 P 0
L 1.48513 1.51256 1.48963 1.50956 2 P 0
L 1.48963 1.50956 1.49263 1.50656 2 P 0
L 1.49263 1.50656 1.49413 1.50356 2 P 0
L 1.51663 1.55156 1.51663 1.53356 2 P 0
L 1.51663 1.54256 1.48513 1.54256 2 P 0
L 1.48513 1.54256 1.48963 1.53956 2 P 0
L 1.48963 1.53956 1.49263 1.53656 2 P 0
L 1.49263 1.53656 1.49413 1.53356 2 P 0
L 7.68384 1.19235 7.70184 1.19235 2 P 0
L 7.69284 1.16085 7.69284 1.19235 2 P 0
L 7.71234 1.16085 7.71234 1.19235 2 P 0
L 7.71234 1.19235 7.72433 1.19235 2 P 0
L 7.72433 1.19235 7.72734 1.19085 2 P 0
L 7.72734 1.19085 7.72883 1.18935 2 P 0
L 7.72883 1.18935 7.73033 1.18635 2 P 0
L 7.73033 1.18635 7.73033 1.18185 2 P 0
L 7.73033 1.18185 7.72883 1.17885 2 P 0
L 7.72883 1.17885 7.72734 1.17735 2 P 0
L 7.72734 1.17735 7.72433 1.17585 2 P 0
L 7.72433 1.17585 7.71234 1.17585 2 P 0
L 7.75733 1.19235 7.75133 1.19235 2 P 0
L 7.75133 1.19235 7.74833 1.19085 2 P 0
L 7.74833 1.19085 7.74683 1.18935 2 P 0
L 7.74683 1.18935 7.74383 1.18485 2 P 0
L 7.74383 1.18485 7.74233 1.17885 2 P 0
L 7.74233 1.17885 7.74233 1.16685 2 P 0
L 7.74233 1.16685 7.74383 1.16385 2 P 0
L 7.74383 1.16385 7.74533 1.16235 2 P 0
L 7.74533 1.16235 7.74833 1.16085 2 P 0
L 7.74833 1.16085 7.75433 1.16085 2 P 0
L 7.75433 1.16085 7.75733 1.16235 2 P 0
L 7.75733 1.16235 7.75883 1.16385 2 P 0
L 7.75883 1.16385 7.76033 1.16685 2 P 0
L 7.76033 1.16685 7.76033 1.17435 2 P 0
L 7.76033 1.17435 7.75883 1.17735 2 P 0
L 7.75883 1.17735 7.75733 1.17885 2 P 0
L 7.75733 1.17885 7.75433 1.18035 2 P 0
L 7.75433 1.18035 7.74833 1.18035 2 P 0
L 7.74833 1.18035 7.74533 1.17885 2 P 0
L 7.74533 1.17885 7.74383 1.17735 2 P 0
L 7.74383 1.17735 7.74233 1.17435 2 P 0
L 7.77983 1.19235 7.78283 1.19235 2 P 0
L 7.78283 1.19235 7.78583 1.19085 2 P 0
L 7.78583 1.19085 7.78733 1.18935 2 P 0
L 7.78733 1.18935 7.78883 1.18635 2 P 0
L 7.78883 1.18635 7.79033 1.18035 2 P 0
L 7.79033 1.18035 7.79033 1.17285 2 P 0
L 7.79033 1.17285 7.78883 1.16685 2 P 0
L 7.78883 1.16685 7.78733 1.16385 2 P 0
L 7.78733 1.16385 7.78583 1.16235 2 P 0
L 7.78583 1.16235 7.78283 1.16085 2 P 0
L 7.78283 1.16085 7.77983 1.16085 2 P 0
L 7.77983 1.16085 7.77683 1.16235 2 P 0
L 7.77683 1.16235 7.77533 1.16385 2 P 0
L 7.77533 1.16385 7.77383 1.16685 2 P 0
L 7.77383 1.16685 7.77233 1.17285 2 P 0
L 7.77233 1.17285 7.77233 1.18035 2 P 0
L 7.77233 1.18035 7.77383 1.18635 2 P 0
L 7.77383 1.18635 7.77533 1.18935 2 P 0
L 7.77533 1.18935 7.77683 1.19085 2 P 0
L 7.77683 1.19085 7.77983 1.19235 2 P 0
L 1.67411 1.68448 1.65911 1.67398 2 P 0
L 1.67411 1.66648 1.64261 1.66648 2 P 0
L 1.64261 1.66648 1.64261 1.67848 2 P 0
L 1.64261 1.67848 1.64411 1.68148 2 P 0
L 1.64411 1.68148 1.64561 1.68298 2 P 0
L 1.64561 1.68298 1.64861 1.68448 2 P 0
L 1.64861 1.68448 1.65311 1.68448 2 P 0
L 1.65311 1.68448 1.65611 1.68298 2 P 0
L 1.65611 1.68298 1.65761 1.68148 2 P 0
L 1.65761 1.68148 1.65911 1.67848 2 P 0
L 1.65911 1.67848 1.65911 1.66648 2 P 0
L 1.64561 1.69647 1.64411 1.69797 2 P 0
L 1.64411 1.69797 1.64261 1.70097 2 P 0
L 1.64261 1.70097 1.64261 1.70847 2 P 0
L 1.64261 1.70847 1.64411 1.71147 2 P 0
L 1.64411 1.71147 1.64561 1.71297 2 P 0
L 1.64561 1.71297 1.64861 1.71447 2 P 0
L 1.64861 1.71447 1.65161 1.71447 2 P 0
L 1.65161 1.71447 1.65611 1.71297 2 P 0
L 1.65611 1.71297 1.67411 1.69497 2 P 0
L 1.67411 1.69497 1.67411 1.71447 2 P 0
L 1.64561 1.72647 1.64411 1.72797 2 P 0
L 1.64411 1.72797 1.64261 1.73097 2 P 0
L 1.64261 1.73097 1.64261 1.73847 2 P 0
L 1.64261 1.73847 1.64411 1.74147 2 P 0
L 1.64411 1.74147 1.64561 1.74297 2 P 0
L 1.64561 1.74297 1.64861 1.74447 2 P 0
L 1.64861 1.74447 1.65161 1.74447 2 P 0
L 1.65161 1.74447 1.65611 1.74297 2 P 0
L 1.65611 1.74297 1.67411 1.72497 2 P 0
L 1.67411 1.72497 1.67411 1.74447 2 P 0
L 4.0796 1.78327 4.1021 1.78327 2 P 0
L 4.09085 1.7439 4.09085 1.78327 2 P 0
L 4.11522 1.7439 4.11522 1.78327 2 P 0
L 4.11522 1.78327 4.13022 1.78327 2 P 0
L 4.13022 1.78327 4.13397 1.7814 2 P 0
L 4.13397 1.7814 4.13585 1.77952 2 P 0
L 4.13585 1.77952 4.13772 1.77577 2 P 0
L 4.13772 1.77577 4.13772 1.77015 2 P 0
L 4.13772 1.77015 4.13585 1.7664 2 P 0
L 4.13585 1.7664 4.13397 1.76453 2 P 0
L 4.13397 1.76453 4.13022 1.76265 2 P 0
L 4.13022 1.76265 4.11522 1.76265 2 P 0
L 4.17522 1.7439 4.15272 1.7439 2 P 0
L 4.16397 1.7439 4.16397 1.78327 2 P 0
L 4.16397 1.78327 4.16022 1.77765 2 P 0
L 4.16022 1.77765 4.15647 1.7739 2 P 0
L 4.15647 1.7739 4.15272 1.77202 2 P 0
L 4.20896 1.78327 4.20146 1.78327 2 P 0
L 4.20146 1.78327 4.19771 1.7814 2 P 0
L 4.19771 1.7814 4.19584 1.77952 2 P 0
L 4.19584 1.77952 4.19209 1.7739 2 P 0
L 4.19209 1.7739 4.19021 1.7664 2 P 0
L 4.19021 1.7664 4.19021 1.7514 2 P 0
L 4.19021 1.7514 4.19209 1.74765 2 P 0
L 4.19209 1.74765 4.19396 1.74578 2 P 0
L 4.19396 1.74578 4.19771 1.7439 2 P 0
L 4.19771 1.7439 4.20521 1.7439 2 P 0
L 4.20521 1.7439 4.20896 1.74578 2 P 0
L 4.20896 1.74578 4.21084 1.74765 2 P 0
L 4.21084 1.74765 4.21271 1.7514 2 P 0
L 4.21271 1.7514 4.21271 1.76078 2 P 0
L 4.21271 1.76078 4.21084 1.76453 2 P 0
L 4.21084 1.76453 4.20896 1.7664 2 P 0
L 4.20896 1.7664 4.20521 1.76828 2 P 0
L 4.20521 1.76828 4.19771 1.76828 2 P 0
L 4.19771 1.76828 4.19396 1.7664 2 P 0
L 4.19396 1.7664 4.19209 1.76453 2 P 0
L 4.19209 1.76453 4.19021 1.76078 2 P 0
L 1.60116 1.17471 1.61916 1.17471 2 P 0
L 1.61016 1.14322 1.61016 1.17471 2 P 0
L 1.62966 1.14322 1.62966 1.17471 2 P 0
L 1.62966 1.17471 1.64166 1.17471 2 P 0
L 1.64166 1.17471 1.64466 1.17321 2 P 0
L 1.64466 1.17321 1.64616 1.17171 2 P 0
L 1.64616 1.17171 1.64766 1.16871 2 P 0
L 1.64766 1.16871 1.64766 1.16421 2 P 0
L 1.64766 1.16421 1.64616 1.16121 2 P 0
L 1.64616 1.16121 1.64466 1.15971 2 P 0
L 1.64466 1.15971 1.64166 1.15821 2 P 0
L 1.64166 1.15821 1.62966 1.15821 2 P 0
L 1.65965 1.17171 1.66115 1.17321 2 P 0
L 1.66115 1.17321 1.66415 1.17471 2 P 0
L 1.66415 1.17471 1.67165 1.17471 2 P 0
L 1.67165 1.17471 1.67465 1.17321 2 P 0
L 1.67465 1.17321 1.67615 1.17171 2 P 0
L 1.67615 1.17171 1.67765 1.16871 2 P 0
L 1.67765 1.16871 1.67765 1.16571 2 P 0
L 1.67765 1.16571 1.67615 1.16121 2 P 0
L 1.67615 1.16121 1.65816 1.14322 2 P 0
L 1.65816 1.14322 1.67765 1.14322 2 P 0
L 1.68815 1.17471 1.70765 1.17471 2 P 0
L 1.70765 1.17471 1.69715 1.16271 2 P 0
L 1.69715 1.16271 1.70165 1.16271 2 P 0
L 1.70165 1.16271 1.70465 1.16121 2 P 0
L 1.70465 1.16121 1.70615 1.15971 2 P 0
L 1.70615 1.15971 1.70765 1.15671 2 P 0
L 1.70765 1.15671 1.70765 1.14921 2 P 0
L 1.70765 1.14921 1.70615 1.14621 2 P 0
L 1.70615 1.14621 1.70465 1.14472 2 P 0
L 1.70465 1.14472 1.70165 1.14322 2 P 0
L 1.70165 1.14322 1.69265 1.14322 2 P 0
L 1.69265 1.14322 1.68965 1.14472 2 P 0
L 1.68965 1.14472 1.68815 1.14621 2 P 0
L 2.11505 0.767153 2.10005 0.756654 2 P 0
L 2.11505 0.749155 2.08356 0.749155 2 P 0
L 2.08356 0.749155 2.08356 0.761154 2 P 0
L 2.08356 0.761154 2.08506 0.764154 2 P 0
L 2.08506 0.764154 2.08655 0.765653 2 P 0
L 2.08655 0.765653 2.08955 0.767153 2 P 0
L 2.08955 0.767153 2.09405 0.767153 2 P 0
L 2.09405 0.767153 2.09705 0.765653 2 P 0
L 2.09705 0.765653 2.09855 0.764154 2 P 0
L 2.09855 0.764154 2.10005 0.761154 2 P 0
L 2.10005 0.761154 2.10005 0.749155 2 P 0
L 2.08655 0.779152 2.08506 0.780651 2 P 0
L 2.08506 0.780651 2.08356 0.783651 2 P 0
L 2.08356 0.783651 2.08356 0.79115 2 P 0
L 2.08356 0.79115 2.08506 0.79415 2 P 0
L 2.08506 0.79415 2.08655 0.79565 2 P 0
L 2.08655 0.79565 2.08955 0.797149 2 P 0
L 2.08955 0.797149 2.09255 0.797149 2 P 0
L 2.09255 0.797149 2.09705 0.79565 2 P 0
L 2.09705 0.79565 2.11505 0.777652 2 P 0
L 2.11505 0.777652 2.11505 0.797149 2 P 0
L 2.08356 0.807648 2.08356 0.828646 2 P 0
L 2.08356 0.828646 2.11505 0.815147 2 P 0
L 1.37002 1.95369 1.36852 1.95069 2 P 0
L 1.36852 1.95069 1.36552 1.94769 2 P 0
L 1.36552 1.94769 1.36102 1.94319 2 P 0
L 1.36102 1.94319 1.35952 1.94019 2 P 0
L 1.35952 1.94019 1.35952 1.93719 2 P 0
L 1.36702 1.93869 1.36552 1.93569 2 P 0
L 1.36552 1.93569 1.36252 1.93269 2 P 0
L 1.36252 1.93269 1.35652 1.93119 2 P 0
L 1.35652 1.93119 1.34602 1.93119 2 P 0
L 1.34602 1.93119 1.34002 1.93269 2 P 0
L 1.34002 1.93269 1.33702 1.93569 2 P 0
L 1.33702 1.93569 1.33552 1.93869 2 P 0
L 1.33552 1.93869 1.33552 1.94469 2 P 0
L 1.33552 1.94469 1.33702 1.94769 2 P 0
L 1.33702 1.94769 1.34002 1.95069 2 P 0
L 1.34002 1.95069 1.34602 1.95219 2 P 0
L 1.34602 1.95219 1.35652 1.95219 2 P 0
L 1.35652 1.95219 1.36252 1.95069 2 P 0
L 1.36252 1.95069 1.36552 1.94769 2 P 0
L 1.36552 1.94769 1.36702 1.94469 2 P 0
L 1.36702 1.94469 1.36702 1.93869 2 P 0
L 1.33852 1.96419 1.33702 1.96569 2 P 0
L 1.33702 1.96569 1.33552 1.96869 2 P 0
L 1.33552 1.96869 1.33552 1.97619 2 P 0
L 1.33552 1.97619 1.33702 1.97919 2 P 0
L 1.33702 1.97919 1.33852 1.98069 2 P 0
L 1.33852 1.98069 1.34152 1.98219 2 P 0
L 1.34152 1.98219 1.34452 1.98219 2 P 0
L 1.34452 1.98219 1.34902 1.98069 2 P 0
L 1.34902 1.98069 1.36702 1.96269 2 P 0
L 1.36702 1.96269 1.36702 1.98219 2 P 0
L 2.65136 3.52511 2.66936 3.52511 2 P 0
L 2.66036 3.49361 2.66036 3.52511 2 P 0
L 2.67986 3.49361 2.67986 3.52511 2 P 0
L 2.67986 3.52511 2.69185 3.52511 2 P 0
L 2.69185 3.52511 2.69485 3.52361 2 P 0
L 2.69485 3.52361 2.69635 3.52211 2 P 0
L 2.69635 3.52211 2.69785 3.51911 2 P 0
L 2.69785 3.51911 2.69785 3.51461 2 P 0
L 2.69785 3.51461 2.69635 3.51161 2 P 0
L 2.69635 3.51161 2.69485 3.51011 2 P 0
L 2.69485 3.51011 2.69185 3.50861 2 P 0
L 2.69185 3.50861 2.67986 3.50861 2 P 0
L 2.72635 3.52511 2.71135 3.52511 2 P 0
L 2.71135 3.52511 2.70985 3.51011 2 P 0
L 2.70985 3.51011 2.71135 3.51161 2 P 0
L 2.71135 3.51161 2.71435 3.51311 2 P 0
L 2.71435 3.51311 2.72185 3.51311 2 P 0
L 2.72185 3.51311 2.72485 3.51161 2 P 0
L 2.72485 3.51161 2.72635 3.51011 2 P 0
L 2.72635 3.51011 2.72785 3.50711 2 P 0
L 2.72785 3.50711 2.72785 3.49961 2 P 0
L 2.72785 3.49961 2.72635 3.49661 2 P 0
L 2.72635 3.49661 2.72485 3.49511 2 P 0
L 2.72485 3.49511 2.72185 3.49361 2 P 0
L 2.72185 3.49361 2.71435 3.49361 2 P 0
L 2.71435 3.49361 2.71135 3.49511 2 P 0
L 2.71135 3.49511 2.70985 3.49661 2 P 0
L 2.74735 3.52511 2.75035 3.52511 2 P 0
L 2.75035 3.52511 2.75335 3.52361 2 P 0
L 2.75335 3.52361 2.75485 3.52211 2 P 0
L 2.75485 3.52211 2.75635 3.51911 2 P 0
L 2.75635 3.51911 2.75785 3.51311 2 P 0
L 2.75785 3.51311 2.75785 3.50561 2 P 0
L 2.75785 3.50561 2.75635 3.49961 2 P 0
L 2.75635 3.49961 2.75485 3.49661 2 P 0
L 2.75485 3.49661 2.75335 3.49511 2 P 0
L 2.75335 3.49511 2.75035 3.49361 2 P 0
L 2.75035 3.49361 2.74735 3.49361 2 P 0
L 2.74735 3.49361 2.74435 3.49511 2 P 0
L 2.74435 3.49511 2.74285 3.49661 2 P 0
L 2.74285 3.49661 2.74135 3.49961 2 P 0
L 2.74135 3.49961 2.73985 3.50561 2 P 0
L 2.73985 3.50561 2.73985 3.51311 2 P 0
L 2.73985 3.51311 2.74135 3.51911 2 P 0
L 2.74135 3.51911 2.74285 3.52211 2 P 0
L 2.74285 3.52211 2.74435 3.52361 2 P 0
L 2.74435 3.52361 2.74735 3.52511 2 P 0
L 0.592539 3.06243 0.610537 3.06243 2 P 0
L 0.601538 3.03093 0.601538 3.06243 2 P 0
L 0.621035 3.03093 0.621035 3.06243 2 P 0
L 0.621035 3.06243 0.633034 3.06243 2 P 0
L 0.633034 3.06243 0.636033 3.06093 2 P 0
L 0.636033 3.06093 0.637533 3.05943 2 P 0
L 0.637533 3.05943 0.639033 3.05643 2 P 0
L 0.639033 3.05643 0.639033 3.05193 2 P 0
L 0.639033 3.05193 0.637533 3.04893 2 P 0
L 0.637533 3.04893 0.636033 3.04743 2 P 0
L 0.636033 3.04743 0.633034 3.04593 2 P 0
L 0.633034 3.04593 0.621035 3.04593 2 P 0
L 0.657031 3.04893 0.654031 3.05043 2 P 0
L 0.654031 3.05043 0.652531 3.05193 2 P 0
L 0.652531 3.05193 0.651032 3.05493 2 P 0
L 0.651032 3.05493 0.651032 3.05643 2 P 0
L 0.651032 3.05643 0.652531 3.05943 2 P 0
L 0.652531 3.05943 0.654031 3.06093 2 P 0
L 0.654031 3.06093 0.657031 3.06243 2 P 0
L 0.657031 3.06243 0.66303 3.06243 2 P 0
L 0.66303 3.06243 0.66603 3.06093 2 P 0
L 0.66603 3.06093 0.66753 3.05943 2 P 0
L 0.66753 3.05943 0.669029 3.05643 2 P 0
L 0.669029 3.05643 0.669029 3.05493 2 P 0
L 0.669029 3.05493 0.66753 3.05193 2 P 0
L 0.66753 3.05193 0.66603 3.05043 2 P 0
L 0.66603 3.05043 0.66303 3.04893 2 P 0
L 0.66303 3.04893 0.657031 3.04893 2 P 0
L 0.657031 3.04893 0.654031 3.04743 2 P 0
L 0.654031 3.04743 0.652531 3.04593 2 P 0
L 0.652531 3.04593 0.651032 3.04293 2 P 0
L 0.651032 3.04293 0.651032 3.03693 2 P 0
L 0.651032 3.03693 0.652531 3.03393 2 P 0
L 0.652531 3.03393 0.654031 3.03243 2 P 0
L 0.654031 3.03243 0.657031 3.03093 2 P 0
L 0.657031 3.03093 0.66303 3.03093 2 P 0
L 0.66303 3.03093 0.66603 3.03243 2 P 0
L 0.66603 3.03243 0.66753 3.03393 2 P 0
L 0.66753 3.03393 0.669029 3.03693 2 P 0
L 0.669029 3.03693 0.669029 3.04293 2 P 0
L 0.669029 3.04293 0.66753 3.04593 2 P 0
L 0.66753 3.04593 0.66603 3.04743 2 P 0
L 0.66603 3.04743 0.66303 3.04893 2 P 0
L 1.82277 2.14661 1.82128 2.14361 2 P 0
L 1.82128 2.14361 1.81828 2.14061 2 P 0
L 1.81828 2.14061 1.81378 2.13611 2 P 0
L 1.81378 2.13611 1.81228 2.13311 2 P 0
L 1.81228 2.13311 1.81228 2.13011 2 P 0
L 1.81978 2.13161 1.81828 2.12861 2 P 0
L 1.81828 2.12861 1.81528 2.12561 2 P 0
L 1.81528 2.12561 1.80928 2.12411 2 P 0
L 1.80928 2.12411 1.79878 2.12411 2 P 0
L 1.79878 2.12411 1.79278 2.12561 2 P 0
L 1.79278 2.12561 1.78978 2.12861 2 P 0
L 1.78978 2.12861 1.78828 2.13161 2 P 0
L 1.78828 2.13161 1.78828 2.13761 2 P 0
L 1.78828 2.13761 1.78978 2.14061 2 P 0
L 1.78978 2.14061 1.79278 2.14361 2 P 0
L 1.79278 2.14361 1.79878 2.14511 2 P 0
L 1.79878 2.14511 1.80928 2.14511 2 P 0
L 1.80928 2.14511 1.81528 2.14361 2 P 0
L 1.81528 2.14361 1.81828 2.14061 2 P 0
L 1.81828 2.14061 1.81978 2.13761 2 P 0
L 1.81978 2.13761 1.81978 2.13161 2 P 0
L 1.81978 2.1751 1.81978 2.1571 2 P 0
L 1.81978 2.1661 1.78828 2.1661 2 P 0
L 1.78828 2.1661 1.79278 2.1631 2 P 0
L 1.79278 2.1631 1.79578 2.1601 2 P 0
L 1.79578 2.1601 1.79728 2.1571 2 P 0
L 1.8867 0.526996 1.87171 0.516497 2 P 0
L 1.8867 0.508998 1.85521 0.508998 2 P 0
L 1.85521 0.508998 1.85521 0.520996 2 P 0
L 1.85521 0.520996 1.85671 0.523996 2 P 0
L 1.85671 0.523996 1.85821 0.525496 2 P 0
L 1.85821 0.525496 1.86121 0.526996 2 P 0
L 1.86121 0.526996 1.86571 0.526996 2 P 0
L 1.86571 0.526996 1.86871 0.525496 2 P 0
L 1.86871 0.525496 1.87021 0.523996 2 P 0
L 1.87021 0.523996 1.87171 0.520996 2 P 0
L 1.87171 0.520996 1.87171 0.508998 2 P 0
L 1.85821 0.538994 1.85671 0.540494 2 P 0
L 1.85671 0.540494 1.85521 0.543494 2 P 0
L 1.85521 0.543494 1.85521 0.550993 2 P 0
L 1.85521 0.550993 1.85671 0.553992 2 P 0
L 1.85671 0.553992 1.85821 0.555492 2 P 0
L 1.85821 0.555492 1.86121 0.556992 2 P 0
L 1.86121 0.556992 1.86421 0.556992 2 P 0
L 1.86421 0.556992 1.86871 0.555492 2 P 0
L 1.86871 0.555492 1.8867 0.537494 2 P 0
L 1.8867 0.537494 1.8867 0.556992 2 P 0
L 1.85521 0.57649 1.85521 0.579489 2 P 0
L 1.85521 0.579489 1.85671 0.582489 2 P 0
L 1.85671 0.582489 1.85821 0.583989 2 P 0
L 1.85821 0.583989 1.86121 0.585488 2 P 0
L 1.86121 0.585488 1.86721 0.586988 2 P 0
L 1.86721 0.586988 1.87471 0.586988 2 P 0
L 1.87471 0.586988 1.88071 0.585488 2 P 0
L 1.88071 0.585488 1.8837 0.583989 2 P 0
L 1.8837 0.583989 1.88521 0.582489 2 P 0
L 1.88521 0.582489 1.8867 0.579489 2 P 0
L 1.8867 0.579489 1.8867 0.57649 2 P 0
L 1.8867 0.57649 1.88521 0.57349 2 P 0
L 1.88521 0.57349 1.8837 0.57199 2 P 0
L 1.8837 0.57199 1.88071 0.57049 2 P 0
L 1.88071 0.57049 1.87471 0.56899 2 P 0
L 1.87471 0.56899 1.86721 0.56899 2 P 0
L 1.86721 0.56899 1.86121 0.57049 2 P 0
L 1.86121 0.57049 1.85821 0.57199 2 P 0
L 1.85821 0.57199 1.85671 0.57349 2 P 0
L 1.85671 0.57349 1.85521 0.57649 2 P 0
L 7.19171 1.66479 7.20971 1.66479 2 P 0
L 7.20071 1.63329 7.20071 1.66479 2 P 0
L 7.22021 1.63329 7.22021 1.66479 2 P 0
L 7.22021 1.66479 7.23221 1.66479 2 P 0
L 7.23221 1.66479 7.23521 1.66329 2 P 0
L 7.23521 1.66329 7.23671 1.66179 2 P 0
L 7.23671 1.66179 7.23821 1.65879 2 P 0
L 7.23821 1.65879 7.23821 1.65429 2 P 0
L 7.23821 1.65429 7.23671 1.65129 2 P 0
L 7.23671 1.65129 7.23521 1.64979 2 P 0
L 7.23521 1.64979 7.23221 1.64829 2 P 0
L 7.23221 1.64829 7.22021 1.64829 2 P 0
L 7.2667 1.66479 7.25171 1.66479 2 P 0
L 7.25171 1.66479 7.25021 1.64979 2 P 0
L 7.25021 1.64979 7.25171 1.65129 2 P 0
L 7.25171 1.65129 7.25471 1.65279 2 P 0
L 7.25471 1.65279 7.2622 1.65279 2 P 0
L 7.2622 1.65279 7.2652 1.65129 2 P 0
L 7.2652 1.65129 7.2667 1.64979 2 P 0
L 7.2667 1.64979 7.2682 1.64679 2 P 0
L 7.2682 1.64679 7.2682 1.63929 2 P 0
L 7.2682 1.63929 7.2667 1.63629 2 P 0
L 7.2667 1.63629 7.2652 1.63479 2 P 0
L 7.2652 1.63479 7.2622 1.63329 2 P 0
L 7.2622 1.63329 7.25471 1.63329 2 P 0
L 7.25471 1.63329 7.25171 1.63479 2 P 0
L 7.25171 1.63479 7.25021 1.63629 2 P 0
L 7.2787 1.66479 7.2997 1.66479 2 P 0
L 7.2997 1.66479 7.2862 1.63329 2 P 0
L 4.72021 3.24784 4.70709 3.26659 2 P 0
L 4.69771 3.24784 4.69771 3.28721 2 P 0
L 4.69771 3.28721 4.71271 3.28721 2 P 0
L 4.71271 3.28721 4.71646 3.28534 2 P 0
L 4.71646 3.28534 4.71834 3.28346 2 P 0
L 4.71834 3.28346 4.72021 3.27971 2 P 0
L 4.72021 3.27971 4.72021 3.27409 2 P 0
L 4.72021 3.27409 4.71834 3.27034 2 P 0
L 4.71834 3.27034 4.71646 3.26846 2 P 0
L 4.71646 3.26846 4.71271 3.26659 2 P 0
L 4.71271 3.26659 4.69771 3.26659 2 P 0
L 4.75396 3.27409 4.75396 3.24784 2 P 0
L 4.74458 3.28909 4.73521 3.26096 2 P 0
L 4.73521 3.26096 4.75958 3.26096 2 P 0
L 7.19171 2.80652 7.20971 2.80652 2 P 0
L 7.20071 2.77503 7.20071 2.80652 2 P 0
L 7.22021 2.77503 7.22021 2.80652 2 P 0
L 7.22021 2.80652 7.23221 2.80652 2 P 0
L 7.23221 2.80652 7.23521 2.80502 2 P 0
L 7.23521 2.80502 7.23671 2.80352 2 P 0
L 7.23671 2.80352 7.23821 2.80052 2 P 0
L 7.23821 2.80052 7.23821 2.79602 2 P 0
L 7.23821 2.79602 7.23671 2.79303 2 P 0
L 7.23671 2.79303 7.23521 2.79153 2 P 0
L 7.23521 2.79153 7.23221 2.79002 2 P 0
L 7.23221 2.79002 7.22021 2.79002 2 P 0
L 7.2667 2.80652 7.25171 2.80652 2 P 0
L 7.25171 2.80652 7.25021 2.79153 2 P 0
L 7.25021 2.79153 7.25171 2.79303 2 P 0
L 7.25171 2.79303 7.25471 2.79452 2 P 0
L 7.25471 2.79452 7.2622 2.79452 2 P 0
L 7.2622 2.79452 7.2652 2.79303 2 P 0
L 7.2652 2.79303 7.2667 2.79153 2 P 0
L 7.2667 2.79153 7.2682 2.78852 2 P 0
L 7.2682 2.78852 7.2682 2.78103 2 P 0
L 7.2682 2.78103 7.2667 2.77803 2 P 0
L 7.2667 2.77803 7.2652 2.77653 2 P 0
L 7.2652 2.77653 7.2622 2.77503 2 P 0
L 7.2622 2.77503 7.25471 2.77503 2 P 0
L 7.25471 2.77503 7.25171 2.77653 2 P 0
L 7.25171 2.77653 7.25021 2.77803 2 P 0
L 7.2787 2.80652 7.2982 2.80652 2 P 0
L 7.2982 2.80652 7.2877 2.79452 2 P 0
L 7.2877 2.79452 7.2922 2.79452 2 P 0
L 7.2922 2.79452 7.2952 2.79303 2 P 0
L 7.2952 2.79303 7.2967 2.79153 2 P 0
L 7.2967 2.79153 7.2982 2.78852 2 P 0
L 7.2982 2.78852 7.2982 2.78103 2 P 0
L 7.2982 2.78103 7.2967 2.77803 2 P 0
L 7.2967 2.77803 7.2952 2.77653 2 P 0
L 7.2952 2.77653 7.2922 2.77503 2 P 0
L 7.2922 2.77503 7.2832 2.77503 2 P 0
L 7.2832 2.77503 7.2802 2.77653 2 P 0
L 7.2802 2.77653 7.2787 2.77803 2 P 0
L 2.77833 0.741641 2.79633 0.741641 2 P 0
L 2.78733 0.710145 2.78733 0.741641 2 P 0
L 2.80682 0.710145 2.80682 0.741641 2 P 0
L 2.80682 0.741641 2.81882 0.741641 2 P 0
L 2.81882 0.741641 2.82182 0.740141 2 P 0
L 2.82182 0.740141 2.82332 0.738641 2 P 0
L 2.82332 0.738641 2.82482 0.735642 2 P 0
L 2.82482 0.735642 2.82482 0.731142 2 P 0
L 2.82482 0.731142 2.82332 0.728143 2 P 0
L 2.82332 0.728143 2.82182 0.726643 2 P 0
L 2.82182 0.726643 2.81882 0.725143 2 P 0
L 2.81882 0.725143 2.80682 0.725143 2 P 0
L 2.85182 0.731142 2.85182 0.710145 2 P 0
L 2.84432 0.743141 2.83682 0.720644 2 P 0
L 2.83682 0.720644 2.85632 0.720644 2 P 0
L 2.88332 0.741641 2.86832 0.741641 2 P 0
L 2.86832 0.741641 2.86682 0.726643 2 P 0
L 2.86682 0.726643 2.86832 0.728143 2 P 0
L 2.86832 0.728143 2.87132 0.729642 2 P 0
L 2.87132 0.729642 2.87882 0.729642 2 P 0
L 2.87882 0.729642 2.88182 0.728143 2 P 0
L 2.88182 0.728143 2.88332 0.726643 2 P 0
L 2.88332 0.726643 2.88481 0.723643 2 P 0
L 2.88481 0.723643 2.88481 0.716144 2 P 0
L 2.88481 0.716144 2.88332 0.713145 2 P 0
L 2.88332 0.713145 2.88182 0.711645 2 P 0
L 2.88182 0.711645 2.87882 0.710145 2 P 0
L 2.87882 0.710145 2.87132 0.710145 2 P 0
L 2.87132 0.710145 2.86832 0.711645 2 P 0
L 2.86832 0.711645 2.86682 0.713145 2 P 0
L 0.690964 3.61361 0.708962 3.61361 2 P 0
L 0.699963 3.58211 0.699963 3.61361 2 P 0
L 0.719461 3.58211 0.719461 3.61361 2 P 0
L 0.719461 3.61361 0.731459 3.61361 2 P 0
L 0.731459 3.61361 0.734459 3.61211 2 P 0
L 0.734459 3.61211 0.735958 3.61061 2 P 0
L 0.735958 3.61061 0.737458 3.60761 2 P 0
L 0.737458 3.60761 0.737458 3.60311 2 P 0
L 0.737458 3.60311 0.735958 3.60011 2 P 0
L 0.735958 3.60011 0.734459 3.59861 2 P 0
L 0.734459 3.59861 0.731459 3.59711 2 P 0
L 0.731459 3.59711 0.719461 3.59711 2 P 0
L 0.752456 3.58211 0.758456 3.58211 2 P 0
L 0.758456 3.58211 0.761455 3.58361 2 P 0
L 0.761455 3.58361 0.762955 3.58511 2 P 0
L 0.762955 3.58511 0.765955 3.58961 2 P 0
L 0.765955 3.58961 0.767455 3.59561 2 P 0
L 0.767455 3.59561 0.767455 3.60761 2 P 0
L 0.767455 3.60761 0.765955 3.61061 2 P 0
L 0.765955 3.61061 0.764455 3.61211 2 P 0
L 0.764455 3.61211 0.761455 3.61361 2 P 0
L 0.761455 3.61361 0.755456 3.61361 2 P 0
L 0.755456 3.61361 0.752456 3.61211 2 P 0
L 0.752456 3.61211 0.750957 3.61061 2 P 0
L 0.750957 3.61061 0.749457 3.60761 2 P 0
L 0.749457 3.60761 0.749457 3.60011 2 P 0
L 0.749457 3.60011 0.750957 3.59711 2 P 0
L 0.750957 3.59711 0.752456 3.59561 2 P 0
L 0.752456 3.59561 0.755456 3.59411 2 P 0
L 0.755456 3.59411 0.761455 3.59411 2 P 0
L 0.761455 3.59411 0.764455 3.59561 2 P 0
L 0.764455 3.59561 0.765955 3.59711 2 P 0
L 0.765955 3.59711 0.767455 3.60011 2 P 0
L 3.20966 3.09302 3.20966 3.06752 2 P 0
L 3.20966 3.06752 3.21116 3.06452 2 P 0
L 3.21116 3.06452 3.21266 3.06302 2 P 0
L 3.21266 3.06302 3.21566 3.06152 2 P 0
L 3.21566 3.06152 3.22166 3.06152 2 P 0
L 3.22166 3.06152 3.22466 3.06302 2 P 0
L 3.22466 3.06302 3.22616 3.06452 2 P 0
L 3.22616 3.06452 3.22766 3.06752 2 P 0
L 3.22766 3.06752 3.22766 3.09302 2 P 0
L 3.25616 3.09302 3.25016 3.09302 2 P 0
L 3.25016 3.09302 3.24716 3.09152 2 P 0
L 3.24716 3.09152 3.24566 3.09002 2 P 0
L 3.24566 3.09002 3.24266 3.08552 2 P 0
L 3.24266 3.08552 3.24116 3.07952 2 P 0
L 3.24116 3.07952 3.24116 3.06752 2 P 0
L 3.24116 3.06752 3.24266 3.06452 2 P 0
L 3.24266 3.06452 3.24416 3.06302 2 P 0
L 3.24416 3.06302 3.24716 3.06152 2 P 0
L 3.24716 3.06152 3.25316 3.06152 2 P 0
L 3.25316 3.06152 3.25616 3.06302 2 P 0
L 3.25616 3.06302 3.25766 3.06452 2 P 0
L 3.25766 3.06452 3.25916 3.06752 2 P 0
L 3.25916 3.06752 3.25916 3.07502 2 P 0
L 3.25916 3.07502 3.25766 3.07802 2 P 0
L 3.25766 3.07802 3.25616 3.07952 2 P 0
L 3.25616 3.07952 3.25316 3.08102 2 P 0
L 3.25316 3.08102 3.24716 3.08102 2 P 0
L 3.24716 3.08102 3.24416 3.07952 2 P 0
L 3.24416 3.07952 3.24266 3.07802 2 P 0
L 3.24266 3.07802 3.24116 3.07502 2 P 0
L 1.25082 1.13047 1.24932 1.12897 2 P 0
L 1.24932 1.12897 1.24482 1.12747 2 P 0
L 1.24482 1.12747 1.24182 1.12747 2 P 0
L 1.24182 1.12747 1.23732 1.12897 2 P 0
L 1.23732 1.12897 1.23432 1.13197 2 P 0
L 1.23432 1.13197 1.23282 1.13497 2 P 0
L 1.23282 1.13497 1.23132 1.14097 2 P 0
L 1.23132 1.14097 1.23132 1.14547 2 P 0
L 1.23132 1.14547 1.23282 1.15146 2 P 0
L 1.23282 1.15146 1.23432 1.15446 2 P 0
L 1.23432 1.15446 1.23732 1.15746 2 P 0
L 1.23732 1.15746 1.24182 1.15896 2 P 0
L 1.24182 1.15896 1.24482 1.15896 2 P 0
L 1.24482 1.15896 1.24932 1.15746 2 P 0
L 1.24932 1.15746 1.25082 1.15596 2 P 0
L 1.26281 1.15596 1.26431 1.15746 2 P 0
L 1.26431 1.15746 1.26731 1.15896 2 P 0
L 1.26731 1.15896 1.27481 1.15896 2 P 0
L 1.27481 1.15896 1.27781 1.15746 2 P 0
L 1.27781 1.15746 1.27931 1.15596 2 P 0
L 1.27931 1.15596 1.28081 1.15297 2 P 0
L 1.28081 1.15297 1.28081 1.14996 2 P 0
L 1.28081 1.14996 1.27931 1.14547 2 P 0
L 1.27931 1.14547 1.26131 1.12747 2 P 0
L 1.26131 1.12747 1.28081 1.12747 2 P 0
L 1.29881 1.14547 1.29581 1.14697 2 P 0
L 1.29581 1.14697 1.29431 1.14846 2 P 0
L 1.29431 1.14846 1.29281 1.15146 2 P 0
L 1.29281 1.15146 1.29281 1.15297 2 P 0
L 1.29281 1.15297 1.29431 1.15596 2 P 0
L 1.29431 1.15596 1.29581 1.15746 2 P 0
L 1.29581 1.15746 1.29881 1.15896 2 P 0
L 1.29881 1.15896 1.30481 1.15896 2 P 0
L 1.30481 1.15896 1.30781 1.15746 2 P 0
L 1.30781 1.15746 1.30931 1.15596 2 P 0
L 1.30931 1.15596 1.31081 1.15297 2 P 0
L 1.31081 1.15297 1.31081 1.15146 2 P 0
L 1.31081 1.15146 1.30931 1.14846 2 P 0
L 1.30931 1.14846 1.30781 1.14697 2 P 0
L 1.30781 1.14697 1.30481 1.14547 2 P 0
L 1.30481 1.14547 1.29881 1.14547 2 P 0
L 1.29881 1.14547 1.29581 1.14397 2 P 0
L 1.29581 1.14397 1.29431 1.14247 2 P 0
L 1.29431 1.14247 1.29281 1.13947 2 P 0
L 1.29281 1.13947 1.29281 1.13347 2 P 0
L 1.29281 1.13347 1.29431 1.13047 2 P 0
L 1.29431 1.13047 1.29581 1.12897 2 P 0
L 1.29581 1.12897 1.29881 1.12747 2 P 0
L 1.29881 1.12747 1.30481 1.12747 2 P 0
L 1.30481 1.12747 1.30781 1.12897 2 P 0
L 1.30781 1.12897 1.30931 1.13047 2 P 0
L 1.30931 1.13047 1.31081 1.13347 2 P 0
L 1.31081 1.13347 1.31081 1.13947 2 P 0
L 1.31081 1.13947 1.30931 1.14247 2 P 0
L 1.30931 1.14247 1.30781 1.14397 2 P 0
L 1.30781 1.14397 1.30481 1.14547 2 P 0
L 7.48211 1.26723 7.47162 1.28223 2 P 0
L 7.46412 1.26723 7.46412 1.29873 2 P 0
L 7.46412 1.29873 7.47612 1.29873 2 P 0
L 7.47612 1.29873 7.47912 1.29723 2 P 0
L 7.47912 1.29723 7.48061 1.29573 2 P 0
L 7.48061 1.29573 7.48211 1.29273 2 P 0
L 7.48211 1.29273 7.48211 1.28823 2 P 0
L 7.48211 1.28823 7.48061 1.28523 2 P 0
L 7.48061 1.28523 7.47912 1.28373 2 P 0
L 7.47912 1.28373 7.47612 1.28223 2 P 0
L 7.47612 1.28223 7.46412 1.28223 2 P 0
L 7.49261 1.29873 7.51211 1.29873 2 P 0
L 7.51211 1.29873 7.50161 1.28673 2 P 0
L 7.50161 1.28673 7.50611 1.28673 2 P 0
L 7.50611 1.28673 7.50911 1.28523 2 P 0
L 7.50911 1.28523 7.51061 1.28373 2 P 0
L 7.51061 1.28373 7.51211 1.28073 2 P 0
L 7.51211 1.28073 7.51211 1.27323 2 P 0
L 7.51211 1.27323 7.51061 1.27023 2 P 0
L 7.51061 1.27023 7.50911 1.26873 2 P 0
L 7.50911 1.26873 7.50611 1.26723 2 P 0
L 7.50611 1.26723 7.49711 1.26723 2 P 0
L 7.49711 1.26723 7.49411 1.26873 2 P 0
L 7.49411 1.26873 7.49261 1.27023 2 P 0
L 7.52261 1.29873 7.54361 1.29873 2 P 0
L 7.54361 1.29873 7.53011 1.26723 2 P 0
L 2.30496 1.53881 2.30646 1.53731 2 P 0
L 2.30646 1.53731 2.30796 1.53281 2 P 0
L 2.30796 1.53281 2.30796 1.52981 2 P 0
L 2.30796 1.52981 2.30646 1.52531 2 P 0
L 2.30646 1.52531 2.30347 1.52231 2 P 0
L 2.30347 1.52231 2.30047 1.52081 2 P 0
L 2.30047 1.52081 2.29447 1.51931 2 P 0
L 2.29447 1.51931 2.28997 1.51931 2 P 0
L 2.28997 1.51931 2.28397 1.52081 2 P 0
L 2.28397 1.52081 2.28097 1.52231 2 P 0
L 2.28097 1.52231 2.27797 1.52531 2 P 0
L 2.27797 1.52531 2.27647 1.52981 2 P 0
L 2.27647 1.52981 2.27647 1.53281 2 P 0
L 2.27647 1.53281 2.27797 1.53731 2 P 0
L 2.27797 1.53731 2.27947 1.53881 2 P 0
L 2.30796 1.5688 2.30796 1.5508 2 P 0
L 2.30796 1.5598 2.27647 1.5598 2 P 0
L 2.27647 1.5598 2.28097 1.5568 2 P 0
L 2.28097 1.5568 2.28397 1.5538 2 P 0
L 2.28397 1.5538 2.28547 1.5508 2 P 0
L 2.28697 1.5958 2.30796 1.5958 2 P 0
L 2.27497 1.5883 2.29747 1.5808 2 P 0
L 2.29747 1.5808 2.29747 1.6003 2 P 0
L 1.376 0.643216 1.376 0.617719 2 P 0
L 1.376 0.617719 1.3775 0.614719 2 P 0
L 1.3775 0.614719 1.379 0.61322 2 P 0
L 1.379 0.61322 1.382 0.61172 2 P 0
L 1.382 0.61172 1.388 0.61172 2 P 0
L 1.388 0.61172 1.391 0.61322 2 P 0
L 1.391 0.61322 1.3925 0.614719 2 P 0
L 1.3925 0.614719 1.394 0.617719 2 P 0
L 1.394 0.617719 1.394 0.643216 2 P 0
L 1.424 0.643216 1.409 0.643216 2 P 0
L 1.409 0.643216 1.4075 0.628218 2 P 0
L 1.4075 0.628218 1.409 0.629717 2 P 0
L 1.409 0.629717 1.412 0.631217 2 P 0
L 1.412 0.631217 1.4195 0.631217 2 P 0
L 1.4195 0.631217 1.4225 0.629717 2 P 0
L 1.4225 0.629717 1.424 0.628218 2 P 0
L 1.424 0.628218 1.4255 0.625218 2 P 0
L 1.4255 0.625218 1.4255 0.617719 2 P 0
L 1.4255 0.617719 1.424 0.614719 2 P 0
L 1.424 0.614719 1.4225 0.61322 2 P 0
L 1.4225 0.61322 1.4195 0.61172 2 P 0
L 1.4195 0.61172 1.412 0.61172 2 P 0
L 1.412 0.61172 1.409 0.61322 2 P 0
L 1.409 0.61322 1.4075 0.614719 2 P 0
L 3.33546 3.11688 3.33396 3.11538 2 P 0
L 3.33396 3.11538 3.32946 3.11388 2 P 0
L 3.32946 3.11388 3.32646 3.11388 2 P 0
L 3.32646 3.11388 3.32196 3.11538 2 P 0
L 3.32196 3.11538 3.31896 3.11838 2 P 0
L 3.31896 3.11838 3.31746 3.12138 2 P 0
L 3.31746 3.12138 3.31596 3.12738 2 P 0
L 3.31596 3.12738 3.31596 3.13188 2 P 0
L 3.31596 3.13188 3.31746 3.13788 2 P 0
L 3.31746 3.13788 3.31896 3.14088 2 P 0
L 3.31896 3.14088 3.32196 3.14388 2 P 0
L 3.32196 3.14388 3.32646 3.14538 2 P 0
L 3.32646 3.14538 3.32946 3.14538 2 P 0
L 3.32946 3.14538 3.33396 3.14388 2 P 0
L 3.33396 3.14388 3.33546 3.14238 2 P 0
L 3.34596 3.14538 3.36546 3.14538 2 P 0
L 3.36546 3.14538 3.35496 3.13338 2 P 0
L 3.35496 3.13338 3.35946 3.13338 2 P 0
L 3.35946 3.13338 3.36246 3.13188 2 P 0
L 3.36246 3.13188 3.36396 3.13038 2 P 0
L 3.36396 3.13038 3.36546 3.12738 2 P 0
L 3.36546 3.12738 3.36546 3.11988 2 P 0
L 3.36546 3.11988 3.36396 3.11688 2 P 0
L 3.36396 3.11688 3.36246 3.11538 2 P 0
L 3.36246 3.11538 3.35946 3.11388 2 P 0
L 3.35946 3.11388 3.35046 3.11388 2 P 0
L 3.35046 3.11388 3.34746 3.11538 2 P 0
L 3.34746 3.11538 3.34596 3.11688 2 P 0
L 3.37596 3.14538 3.39695 3.14538 2 P 0
L 3.39695 3.14538 3.38346 3.11388 2 P 0
L 2.989 3.41393 2.98751 3.41243 2 P 0
L 2.98751 3.41243 2.98301 3.41093 2 P 0
L 2.98301 3.41093 2.98001 3.41093 2 P 0
L 2.98001 3.41093 2.97551 3.41243 2 P 0
L 2.97551 3.41243 2.97251 3.41543 2 P 0
L 2.97251 3.41543 2.97101 3.41843 2 P 0
L 2.97101 3.41843 2.96951 3.42443 2 P 0
L 2.96951 3.42443 2.96951 3.42893 2 P 0
L 2.96951 3.42893 2.97101 3.43493 2 P 0
L 2.97101 3.43493 2.97251 3.43793 2 P 0
L 2.97251 3.43793 2.97551 3.44093 2 P 0
L 2.97551 3.44093 2.98001 3.44243 2 P 0
L 2.98001 3.44243 2.98301 3.44243 2 P 0
L 2.98301 3.44243 2.98751 3.44093 2 P 0
L 2.98751 3.44093 2.989 3.43943 2 P 0
L 3.016 3.43193 3.016 3.41093 2 P 0
L 3.0085 3.44393 3.001 3.42143 2 P 0
L 3.001 3.42143 3.0205 3.42143 2 P 0
L 3.0385 3.44243 3.0415 3.44243 2 P 0
L 3.0415 3.44243 3.0445 3.44093 2 P 0
L 3.0445 3.44093 3.046 3.43943 2 P 0
L 3.046 3.43943 3.0475 3.43643 2 P 0
L 3.0475 3.43643 3.049 3.43043 2 P 0
L 3.049 3.43043 3.049 3.42293 2 P 0
L 3.049 3.42293 3.0475 3.41693 2 P 0
L 3.0475 3.41693 3.046 3.41393 2 P 0
L 3.046 3.41393 3.0445 3.41243 2 P 0
L 3.0445 3.41243 3.0415 3.41093 2 P 0
L 3.0415 3.41093 3.0385 3.41093 2 P 0
L 3.0385 3.41093 3.0355 3.41243 2 P 0
L 3.0355 3.41243 3.034 3.41393 2 P 0
L 3.034 3.41393 3.0325 3.41693 2 P 0
L 3.0325 3.41693 3.031 3.42293 2 P 0
L 3.031 3.42293 3.031 3.43043 2 P 0
L 3.031 3.43043 3.0325 3.43643 2 P 0
L 3.0325 3.43643 3.034 3.43943 2 P 0
L 3.034 3.43943 3.0355 3.44093 2 P 0
L 3.0355 3.44093 3.0385 3.44243 2 P 0
L 1.28133 0.988735 1.27983 0.987235 2 P 0
L 1.27983 0.987235 1.27533 0.985735 2 P 0
L 1.27533 0.985735 1.27233 0.985735 2 P 0
L 1.27233 0.985735 1.26783 0.987235 2 P 0
L 1.26783 0.987235 1.26483 0.990235 2 P 0
L 1.26483 0.990235 1.26333 0.993235 2 P 0
L 1.26333 0.993235 1.26183 0.999234 2 P 0
L 1.26183 0.999234 1.26183 1.00373 2 P 0
L 1.26183 1.00373 1.26333 1.00973 2 P 0
L 1.26333 1.00973 1.26483 1.01273 2 P 0
L 1.26483 1.01273 1.26783 1.01573 2 P 0
L 1.26783 1.01573 1.27233 1.01723 2 P 0
L 1.27233 1.01723 1.27533 1.01723 2 P 0
L 1.27533 1.01723 1.27983 1.01573 2 P 0
L 1.27983 1.01573 1.28133 1.01423 2 P 0
L 1.29333 1.01423 1.29483 1.01573 2 P 0
L 1.29483 1.01573 1.29783 1.01723 2 P 0
L 1.29783 1.01723 1.30532 1.01723 2 P 0
L 1.30532 1.01723 1.30832 1.01573 2 P 0
L 1.30832 1.01573 1.30982 1.01423 2 P 0
L 1.30982 1.01423 1.31132 1.01123 2 P 0
L 1.31132 1.01123 1.31132 1.00823 2 P 0
L 1.31132 1.00823 1.30982 1.00373 2 P 0
L 1.30982 1.00373 1.29183 0.985735 2 P 0
L 1.29183 0.985735 1.31132 0.985735 2 P 0
L 1.33832 1.01723 1.33232 1.01723 2 P 0
L 1.33232 1.01723 1.32932 1.01573 2 P 0
L 1.32932 1.01573 1.32782 1.01423 2 P 0
L 1.32782 1.01423 1.32482 1.00973 2 P 0
L 1.32482 1.00973 1.32332 1.00373 2 P 0
L 1.32332 1.00373 1.32332 0.991735 2 P 0
L 1.32332 0.991735 1.32482 0.988735 2 P 0
L 1.32482 0.988735 1.32632 0.987235 2 P 0
L 1.32632 0.987235 1.32932 0.985735 2 P 0
L 1.32932 0.985735 1.33532 0.985735 2 P 0
L 1.33532 0.985735 1.33832 0.987235 2 P 0
L 1.33832 0.987235 1.33982 0.988735 2 P 0
L 1.33982 0.988735 1.34132 0.991735 2 P 0
L 1.34132 0.991735 1.34132 0.999234 2 P 0
L 1.34132 0.999234 1.33982 1.00223 2 P 0
L 1.33982 1.00223 1.33832 1.00373 2 P 0
L 1.33832 1.00373 1.33532 1.00523 2 P 0
L 1.33532 1.00523 1.32932 1.00523 2 P 0
L 1.32932 1.00523 1.32632 1.00373 2 P 0
L 1.32632 1.00373 1.32482 1.00223 2 P 0
L 1.32482 1.00223 1.32332 0.999234 2 P 0
L 7.48054 3.56448 7.47004 3.57947 2 P 0
L 7.46254 3.56448 7.46254 3.59597 2 P 0
L 7.46254 3.59597 7.47454 3.59597 2 P 0
L 7.47454 3.59597 7.47754 3.59447 2 P 0
L 7.47754 3.59447 7.47904 3.59297 2 P 0
L 7.47904 3.59297 7.48054 3.58997 2 P 0
L 7.48054 3.58997 7.48054 3.58547 2 P 0
L 7.48054 3.58547 7.47904 3.58247 2 P 0
L 7.47904 3.58247 7.47754 3.58097 2 P 0
L 7.47754 3.58097 7.47454 3.57947 2 P 0
L 7.47454 3.57947 7.46254 3.57947 2 P 0
L 7.49104 3.59597 7.51054 3.59597 2 P 0
L 7.51054 3.59597 7.50004 3.58397 2 P 0
L 7.50004 3.58397 7.50454 3.58397 2 P 0
L 7.50454 3.58397 7.50754 3.58247 2 P 0
L 7.50754 3.58247 7.50904 3.58097 2 P 0
L 7.50904 3.58097 7.51054 3.57797 2 P 0
L 7.51054 3.57797 7.51054 3.57047 2 P 0
L 7.51054 3.57047 7.50904 3.56747 2 P 0
L 7.50904 3.56747 7.50754 3.56597 2 P 0
L 7.50754 3.56597 7.50454 3.56448 2 P 0
L 7.50454 3.56448 7.49554 3.56448 2 P 0
L 7.49554 3.56448 7.49254 3.56597 2 P 0
L 7.49254 3.56597 7.49104 3.56747 2 P 0
L 7.52103 3.59597 7.54053 3.59597 2 P 0
L 7.54053 3.59597 7.53003 3.58397 2 P 0
L 7.53003 3.58397 7.53453 3.58397 2 P 0
L 7.53453 3.58397 7.53753 3.58247 2 P 0
L 7.53753 3.58247 7.53903 3.58097 2 P 0
L 7.53903 3.58097 7.54053 3.57797 2 P 0
L 7.54053 3.57797 7.54053 3.57047 2 P 0
L 7.54053 3.57047 7.53903 3.56747 2 P 0
L 7.53903 3.56747 7.53753 3.56597 2 P 0
L 7.53753 3.56597 7.53453 3.56448 2 P 0
L 7.53453 3.56448 7.52553 3.56448 2 P 0
L 7.52553 3.56448 7.52253 3.56597 2 P 0
L 7.52253 3.56597 7.52103 3.56747 2 P 0
L 2.06179 0.989672 2.07979 0.989672 2 P 0
L 2.07079 0.958176 2.07079 0.989672 2 P 0
L 2.09029 0.958176 2.09029 0.989672 2 P 0
L 2.09029 0.989672 2.10229 0.989672 2 P 0
L 2.10229 0.989672 2.10529 0.988173 2 P 0
L 2.10529 0.988173 2.10679 0.986673 2 P 0
L 2.10679 0.986673 2.10829 0.983673 2 P 0
L 2.10829 0.983673 2.10829 0.979174 2 P 0
L 2.10829 0.979174 2.10679 0.976174 2 P 0
L 2.10679 0.976174 2.10529 0.974674 2 P 0
L 2.10529 0.974674 2.10229 0.973175 2 P 0
L 2.10229 0.973175 2.09029 0.973175 2 P 0
L 2.11879 0.989672 2.13828 0.989672 2 P 0
L 2.13828 0.989672 2.12778 0.977674 2 P 0
L 2.12778 0.977674 2.13228 0.977674 2 P 0
L 2.13228 0.977674 2.13528 0.976174 2 P 0
L 2.13528 0.976174 2.13678 0.974674 2 P 0
L 2.13678 0.974674 2.13828 0.971675 2 P 0
L 2.13828 0.971675 2.13828 0.964176 2 P 0
L 2.13828 0.964176 2.13678 0.961176 2 P 0
L 2.13678 0.961176 2.13528 0.959676 2 P 0
L 2.13528 0.959676 2.13228 0.958176 2 P 0
L 2.13228 0.958176 2.12329 0.958176 2 P 0
L 2.12329 0.958176 2.12028 0.959676 2 P 0
L 2.12028 0.959676 2.11879 0.961176 2 P 0
L 2.16528 0.979174 2.16528 0.958176 2 P 0
L 2.15778 0.991172 2.15028 0.968675 2 P 0
L 2.15028 0.968675 2.16978 0.968675 2 P 0
L 7.48211 1.8381 7.47162 1.8531 2 P 0
L 7.46412 1.8381 7.46412 1.86959 2 P 0
L 7.46412 1.86959 7.47612 1.86959 2 P 0
L 7.47612 1.86959 7.47912 1.86809 2 P 0
L 7.47912 1.86809 7.48061 1.86659 2 P 0
L 7.48061 1.86659 7.48211 1.86359 2 P 0
L 7.48211 1.86359 7.48211 1.85909 2 P 0
L 7.48211 1.85909 7.48061 1.85609 2 P 0
L 7.48061 1.85609 7.47912 1.8546 2 P 0
L 7.47912 1.8546 7.47612 1.8531 2 P 0
L 7.47612 1.8531 7.46412 1.8531 2 P 0
L 7.49261 1.86959 7.51211 1.86959 2 P 0
L 7.51211 1.86959 7.50161 1.85759 2 P 0
L 7.50161 1.85759 7.50611 1.85759 2 P 0
L 7.50611 1.85759 7.50911 1.85609 2 P 0
L 7.50911 1.85609 7.51061 1.8546 2 P 0
L 7.51061 1.8546 7.51211 1.8516 2 P 0
L 7.51211 1.8516 7.51211 1.8441 2 P 0
L 7.51211 1.8441 7.51061 1.8411 2 P 0
L 7.51061 1.8411 7.50911 1.8396 2 P 0
L 7.50911 1.8396 7.50611 1.8381 2 P 0
L 7.50611 1.8381 7.49711 1.8381 2 P 0
L 7.49711 1.8381 7.49411 1.8396 2 P 0
L 7.49411 1.8396 7.49261 1.8411 2 P 0
L 7.53911 1.86959 7.53311 1.86959 2 P 0
L 7.53311 1.86959 7.53011 1.86809 2 P 0
L 7.53011 1.86809 7.52861 1.86659 2 P 0
L 7.52861 1.86659 7.52561 1.86209 2 P 0
L 7.52561 1.86209 7.52411 1.85609 2 P 0
L 7.52411 1.85609 7.52411 1.8441 2 P 0
L 7.52411 1.8441 7.52561 1.8411 2 P 0
L 7.52561 1.8411 7.52711 1.8396 2 P 0
L 7.52711 1.8396 7.53011 1.8381 2 P 0
L 7.53011 1.8381 7.53611 1.8381 2 P 0
L 7.53611 1.8381 7.53911 1.8396 2 P 0
L 7.53911 1.8396 7.54061 1.8411 2 P 0
L 7.54061 1.8411 7.54211 1.8441 2 P 0
L 7.54211 1.8441 7.54211 1.8516 2 P 0
L 7.54211 1.8516 7.54061 1.8546 2 P 0
L 7.54061 1.8546 7.53911 1.85609 2 P 0
L 7.53911 1.85609 7.53611 1.85759 2 P 0
L 7.53611 1.85759 7.53011 1.85759 2 P 0
L 7.53011 1.85759 7.52711 1.85609 2 P 0
L 7.52711 1.85609 7.52561 1.8546 2 P 0
L 7.52561 1.8546 7.52411 1.8516 2 P 0
L 7.68384 3.47581 7.70184 3.47581 2 P 0
L 7.69284 3.44432 7.69284 3.47581 2 P 0
L 7.71234 3.44432 7.71234 3.47581 2 P 0
L 7.71234 3.47581 7.72433 3.47581 2 P 0
L 7.72433 3.47581 7.72734 3.47431 2 P 0
L 7.72734 3.47431 7.72883 3.47281 2 P 0
L 7.72883 3.47281 7.73033 3.46981 2 P 0
L 7.73033 3.46981 7.73033 3.46532 2 P 0
L 7.73033 3.46532 7.72883 3.46232 2 P 0
L 7.72883 3.46232 7.72734 3.46082 2 P 0
L 7.72734 3.46082 7.72433 3.45932 2 P 0
L 7.72433 3.45932 7.71234 3.45932 2 P 0
L 7.75883 3.47581 7.74383 3.47581 2 P 0
L 7.74383 3.47581 7.74233 3.46082 2 P 0
L 7.74233 3.46082 7.74383 3.46232 2 P 0
L 7.74383 3.46232 7.74683 3.46382 2 P 0
L 7.74683 3.46382 7.75433 3.46382 2 P 0
L 7.75433 3.46382 7.75733 3.46232 2 P 0
L 7.75733 3.46232 7.75883 3.46082 2 P 0
L 7.75883 3.46082 7.76033 3.45782 2 P 0
L 7.76033 3.45782 7.76033 3.45032 2 P 0
L 7.76033 3.45032 7.75883 3.44732 2 P 0
L 7.75883 3.44732 7.75733 3.44582 2 P 0
L 7.75733 3.44582 7.75433 3.44432 2 P 0
L 7.75433 3.44432 7.74683 3.44432 2 P 0
L 7.74683 3.44432 7.74383 3.44582 2 P 0
L 7.74383 3.44582 7.74233 3.44732 2 P 0
L 7.77233 3.47281 7.77383 3.47431 2 P 0
L 7.77383 3.47431 7.77683 3.47581 2 P 0
L 7.77683 3.47581 7.78433 3.47581 2 P 0
L 7.78433 3.47581 7.78733 3.47431 2 P 0
L 7.78733 3.47431 7.78883 3.47281 2 P 0
L 7.78883 3.47281 7.79033 3.46981 2 P 0
L 7.79033 3.46981 7.79033 3.46681 2 P 0
L 7.79033 3.46681 7.78883 3.46232 2 P 0
L 7.78883 3.46232 7.77083 3.44432 2 P 0
L 7.77083 3.44432 7.79033 3.44432 2 P 0
L 3.09235 1.00842 3.09085 1.00692 2 P 0
L 3.09085 1.00692 3.08635 1.00542 2 P 0
L 3.08635 1.00542 3.08335 1.00542 2 P 0
L 3.08335 1.00542 3.07885 1.00692 2 P 0
L 3.07885 1.00692 3.07585 1.00992 2 P 0
L 3.07585 1.00992 3.07435 1.01292 2 P 0
L 3.07435 1.01292 3.07285 1.01892 2 P 0
L 3.07285 1.01892 3.07285 1.02342 2 P 0
L 3.07285 1.02342 3.07435 1.02942 2 P 0
L 3.07435 1.02942 3.07585 1.03242 2 P 0
L 3.07585 1.03242 3.07885 1.03542 2 P 0
L 3.07885 1.03542 3.08335 1.03692 2 P 0
L 3.08335 1.03692 3.08635 1.03692 2 P 0
L 3.08635 1.03692 3.09085 1.03542 2 P 0
L 3.09085 1.03542 3.09235 1.03392 2 P 0
L 3.10435 1.03392 3.10585 1.03542 2 P 0
L 3.10585 1.03542 3.10885 1.03692 2 P 0
L 3.10885 1.03692 3.11635 1.03692 2 P 0
L 3.11635 1.03692 3.11935 1.03542 2 P 0
L 3.11935 1.03542 3.12085 1.03392 2 P 0
L 3.12085 1.03392 3.12235 1.03092 2 P 0
L 3.12235 1.03092 3.12235 1.02792 2 P 0
L 3.12235 1.02792 3.12085 1.02342 2 P 0
L 3.12085 1.02342 3.10285 1.00542 2 P 0
L 3.10285 1.00542 3.12235 1.00542 2 P 0
L 3.15234 1.00542 3.13435 1.00542 2 P 0
L 3.14335 1.00542 3.14335 1.03692 2 P 0
L 3.14335 1.03692 3.14034 1.03242 2 P 0
L 3.14034 1.03242 3.13735 1.02942 2 P 0
L 3.13735 1.02942 3.13435 1.02792 2 P 0
L 0.513799 2.33613 0.531796 2.33613 2 P 0
L 0.522798 2.30463 0.522798 2.33613 2 P 0
L 0.542295 2.30463 0.542295 2.33613 2 P 0
L 0.542295 2.33613 0.554294 2.33613 2 P 0
L 0.554294 2.33613 0.557293 2.33463 2 P 0
L 0.557293 2.33463 0.558793 2.33313 2 P 0
L 0.558793 2.33313 0.560293 2.33013 2 P 0
L 0.560293 2.33013 0.560293 2.32563 2 P 0
L 0.560293 2.32563 0.558793 2.32263 2 P 0
L 0.558793 2.32263 0.557293 2.32113 2 P 0
L 0.557293 2.32113 0.554294 2.31963 2 P 0
L 0.554294 2.31963 0.542295 2.31963 2 P 0
L 0.58729 2.33613 0.58129 2.33613 2 P 0
L 0.58129 2.33613 0.578291 2.33463 2 P 0
L 0.578291 2.33463 0.576791 2.33313 2 P 0
L 0.576791 2.33313 0.573791 2.32863 2 P 0
L 0.573791 2.32863 0.572291 2.32263 2 P 0
L 0.572291 2.32263 0.572291 2.31063 2 P 0
L 0.572291 2.31063 0.573791 2.30763 2 P 0
L 0.573791 2.30763 0.575291 2.30613 2 P 0
L 0.575291 2.30613 0.578291 2.30463 2 P 0
L 0.578291 2.30463 0.58429 2.30463 2 P 0
L 0.58429 2.30463 0.58729 2.30613 2 P 0
L 0.58729 2.30613 0.588789 2.30763 2 P 0
L 0.588789 2.30763 0.590289 2.31063 2 P 0
L 0.590289 2.31063 0.590289 2.31813 2 P 0
L 0.590289 2.31813 0.588789 2.32113 2 P 0
L 0.588789 2.32113 0.58729 2.32263 2 P 0
L 0.58729 2.32263 0.58429 2.32413 2 P 0
L 0.58429 2.32413 0.578291 2.32413 2 P 0
L 0.578291 2.32413 0.575291 2.32263 2 P 0
L 0.575291 2.32263 0.573791 2.32113 2 P 0
L 0.573791 2.32113 0.572291 2.31813 2 P 0
L 1.39944 0.92968 1.39794 0.92818 2 P 0
L 1.39794 0.92818 1.39344 0.92668 2 P 0
L 1.39344 0.92668 1.39044 0.92668 2 P 0
L 1.39044 0.92668 1.38594 0.92818 2 P 0
L 1.38594 0.92818 1.38294 0.93118 2 P 0
L 1.38294 0.93118 1.38144 0.934179 2 P 0
L 1.38144 0.934179 1.37994 0.940179 2 P 0
L 1.37994 0.940179 1.37994 0.944678 2 P 0
L 1.37994 0.944678 1.38144 0.950677 2 P 0
L 1.38144 0.950677 1.38294 0.953677 2 P 0
L 1.38294 0.953677 1.38594 0.956677 2 P 0
L 1.38594 0.956677 1.39044 0.958176 2 P 0
L 1.39044 0.958176 1.39344 0.958176 2 P 0
L 1.39344 0.958176 1.39794 0.956677 2 P 0
L 1.39794 0.956677 1.39944 0.955177 2 P 0
L 1.41144 0.955177 1.41294 0.956677 2 P 0
L 1.41294 0.956677 1.41594 0.958176 2 P 0
L 1.41594 0.958176 1.42344 0.958176 2 P 0
L 1.42344 0.958176 1.42643 0.956677 2 P 0
L 1.42643 0.956677 1.42793 0.955177 2 P 0
L 1.42793 0.955177 1.42943 0.952177 2 P 0
L 1.42943 0.952177 1.42943 0.949178 2 P 0
L 1.42943 0.949178 1.42793 0.944678 2 P 0
L 1.42793 0.944678 1.40994 0.92668 2 P 0
L 1.40994 0.92668 1.42943 0.92668 2 P 0
L 1.43993 0.958176 1.46093 0.958176 2 P 0
L 1.46093 0.958176 1.44743 0.92668 2 P 0
L 2.1308 1.45318 2.1158 1.44268 2 P 0
L 2.1308 1.43518 2.0993 1.43518 2 P 0
L 2.0993 1.43518 2.0993 1.44718 2 P 0
L 2.0993 1.44718 2.1008 1.45018 2 P 0
L 2.1008 1.45018 2.1023 1.45168 2 P 0
L 2.1023 1.45168 2.1053 1.45318 2 P 0
L 2.1053 1.45318 2.1098 1.45318 2 P 0
L 2.1098 1.45318 2.1128 1.45168 2 P 0
L 2.1128 1.45168 2.1143 1.45018 2 P 0
L 2.1143 1.45018 2.1158 1.44718 2 P 0
L 2.1158 1.44718 2.1158 1.43518 2 P 0
L 2.1308 1.48317 2.1308 1.46517 2 P 0
L 2.1308 1.47417 2.0993 1.47417 2 P 0
L 2.0993 1.47417 2.1038 1.47117 2 P 0
L 2.1038 1.47117 2.1068 1.46818 2 P 0
L 2.1068 1.46818 2.1083 1.46517 2 P 0
L 2.0993 1.49367 2.0993 1.51467 2 P 0
L 2.0993 1.51467 2.1308 1.50117 2 P 0
L 2.39945 1.54274 2.40095 1.54124 2 P 0
L 2.40095 1.54124 2.40245 1.53674 2 P 0
L 2.40245 1.53674 2.40245 1.53374 2 P 0
L 2.40245 1.53374 2.40095 1.52924 2 P 0
L 2.40095 1.52924 2.39795 1.52625 2 P 0
L 2.39795 1.52625 2.39495 1.52475 2 P 0
L 2.39495 1.52475 2.38895 1.52325 2 P 0
L 2.38895 1.52325 2.38445 1.52325 2 P 0
L 2.38445 1.52325 2.37846 1.52475 2 P 0
L 2.37846 1.52475 2.37546 1.52625 2 P 0
L 2.37546 1.52625 2.37246 1.52924 2 P 0
L 2.37246 1.52924 2.37096 1.53374 2 P 0
L 2.37096 1.53374 2.37096 1.53674 2 P 0
L 2.37096 1.53674 2.37246 1.54124 2 P 0
L 2.37246 1.54124 2.37396 1.54274 2 P 0
L 2.40245 1.57274 2.40245 1.55474 2 P 0
L 2.40245 1.56374 2.37096 1.56374 2 P 0
L 2.37096 1.56374 2.37546 1.56074 2 P 0
L 2.37546 1.56074 2.37846 1.55774 2 P 0
L 2.37846 1.55774 2.37996 1.55474 2 P 0
L 2.37096 1.60124 2.37096 1.58624 2 P 0
L 2.37096 1.58624 2.38596 1.58474 2 P 0
L 2.38596 1.58474 2.38445 1.58624 2 P 0
L 2.38445 1.58624 2.38295 1.58924 2 P 0
L 2.38295 1.58924 2.38295 1.59674 2 P 0
L 2.38295 1.59674 2.38445 1.59974 2 P 0
L 2.38445 1.59974 2.38596 1.60124 2 P 0
L 2.38596 1.60124 2.38895 1.60274 2 P 0
L 2.38895 1.60274 2.39645 1.60274 2 P 0
L 2.39645 1.60274 2.39945 1.60124 2 P 0
L 2.39945 1.60124 2.40095 1.59974 2 P 0
L 2.40095 1.59974 2.40245 1.59674 2 P 0
L 2.40245 1.59674 2.40245 1.58924 2 P 0
L 2.40245 1.58924 2.40095 1.58624 2 P 0
L 2.40095 1.58624 2.39945 1.58474 2 P 0
L 2.64447 2.03298 2.66247 2.03298 2 P 0
L 2.65347 2.00148 2.65347 2.03298 2 P 0
L 2.67297 2.00148 2.67297 2.03298 2 P 0
L 2.67297 2.03298 2.68497 2.03298 2 P 0
L 2.68497 2.03298 2.68796 2.03148 2 P 0
L 2.68796 2.03148 2.68946 2.02998 2 P 0
L 2.68946 2.02998 2.69096 2.02698 2 P 0
L 2.69096 2.02698 2.69096 2.02248 2 P 0
L 2.69096 2.02248 2.68946 2.01948 2 P 0
L 2.68946 2.01948 2.68796 2.01798 2 P 0
L 2.68796 2.01798 2.68497 2.01648 2 P 0
L 2.68497 2.01648 2.67297 2.01648 2 P 0
L 2.72096 2.00148 2.70296 2.00148 2 P 0
L 2.71196 2.00148 2.71196 2.03298 2 P 0
L 2.71196 2.03298 2.70896 2.02848 2 P 0
L 2.70896 2.02848 2.70596 2.02548 2 P 0
L 2.70596 2.02548 2.70296 2.02398 2 P 0
L 2.74946 2.03298 2.73446 2.03298 2 P 0
L 2.73446 2.03298 2.73296 2.01798 2 P 0
L 2.73296 2.01798 2.73446 2.01948 2 P 0
L 2.73446 2.01948 2.73746 2.02098 2 P 0
L 2.73746 2.02098 2.74496 2.02098 2 P 0
L 2.74496 2.02098 2.74796 2.01948 2 P 0
L 2.74796 2.01948 2.74946 2.01798 2 P 0
L 2.74946 2.01798 2.75096 2.01498 2 P 0
L 2.75096 2.01498 2.75096 2.00748 2 P 0
L 2.75096 2.00748 2.74946 2.00448 2 P 0
L 2.74946 2.00448 2.74796 2.00298 2 P 0
L 2.74796 2.00298 2.74496 2.00148 2 P 0
L 2.74496 2.00148 2.73746 2.00148 2 P 0
L 2.73746 2.00148 2.73446 2.00298 2 P 0
L 2.73446 2.00298 2.73296 2.00448 2 P 0
L 1.62872 0.765263 1.64672 0.765263 2 P 0
L 1.63772 0.733767 1.63772 0.765263 2 P 0
L 1.65722 0.733767 1.65722 0.765263 2 P 0
L 1.65722 0.765263 1.66922 0.765263 2 P 0
L 1.66922 0.765263 1.67222 0.763763 2 P 0
L 1.67222 0.763763 1.67372 0.762263 2 P 0
L 1.67372 0.762263 1.67522 0.759264 2 P 0
L 1.67522 0.759264 1.67522 0.754764 2 P 0
L 1.67522 0.754764 1.67372 0.751765 2 P 0
L 1.67372 0.751765 1.67222 0.750265 2 P 0
L 1.67222 0.750265 1.66922 0.748765 2 P 0
L 1.66922 0.748765 1.65722 0.748765 2 P 0
L 1.70221 0.754764 1.70221 0.733767 2 P 0
L 1.69471 0.766763 1.68721 0.744266 2 P 0
L 1.68721 0.744266 1.70671 0.744266 2 P 0
L 1.71721 0.762263 1.71871 0.763763 2 P 0
L 1.71871 0.763763 1.72171 0.765263 2 P 0
L 1.72171 0.765263 1.72921 0.765263 2 P 0
L 1.72921 0.765263 1.73221 0.763763 2 P 0
L 1.73221 0.763763 1.73371 0.762263 2 P 0
L 1.73371 0.762263 1.73521 0.759264 2 P 0
L 1.73521 0.759264 1.73521 0.756264 2 P 0
L 1.73521 0.756264 1.73371 0.751765 2 P 0
L 1.73371 0.751765 1.71571 0.733767 2 P 0
L 1.71571 0.733767 1.73521 0.733767 2 P 0
L 1.59143 1.47188 1.57643 1.46138 2 P 0
L 1.59143 1.45388 1.55993 1.45388 2 P 0
L 1.55993 1.45388 1.55993 1.46588 2 P 0
L 1.55993 1.46588 1.56143 1.46888 2 P 0
L 1.56143 1.46888 1.56293 1.47038 2 P 0
L 1.56293 1.47038 1.56593 1.47188 2 P 0
L 1.56593 1.47188 1.57043 1.47188 2 P 0
L 1.57043 1.47188 1.57343 1.47038 2 P 0
L 1.57343 1.47038 1.57493 1.46888 2 P 0
L 1.57493 1.46888 1.57643 1.46588 2 P 0
L 1.57643 1.46588 1.57643 1.45388 2 P 0
L 1.59143 1.50187 1.59143 1.48388 2 P 0
L 1.59143 1.49287 1.55993 1.49287 2 P 0
L 1.55993 1.49287 1.56443 1.48987 2 P 0
L 1.56443 1.48987 1.56743 1.48688 2 P 0
L 1.56743 1.48688 1.56893 1.48388 2 P 0
L 1.55993 1.53037 1.55993 1.51537 2 P 0
L 1.55993 1.51537 1.57493 1.51387 2 P 0
L 1.57493 1.51387 1.57343 1.51537 2 P 0
L 1.57343 1.51537 1.57193 1.51837 2 P 0
L 1.57193 1.51837 1.57193 1.52587 2 P 0
L 1.57193 1.52587 1.57343 1.52887 2 P 0
L 1.57343 1.52887 1.57493 1.53037 2 P 0
L 1.57493 1.53037 1.57793 1.53187 2 P 0
L 1.57793 1.53187 1.58543 1.53187 2 P 0
L 1.58543 1.53187 1.58843 1.53037 2 P 0
L 1.58843 1.53037 1.58993 1.52887 2 P 0
L 1.58993 1.52887 1.59143 1.52587 2 P 0
L 1.59143 1.52587 1.59143 1.51837 2 P 0
L 1.59143 1.51837 1.58993 1.51537 2 P 0
L 1.58993 1.51537 1.58843 1.51387 2 P 0
L 0.991958 1.06747 0.990458 1.06597 2 P 0
L 0.990458 1.06597 0.985958 1.06448 2 P 0
L 0.985958 1.06448 0.982959 1.06448 2 P 0
L 0.982959 1.06448 0.978459 1.06597 2 P 0
L 0.978459 1.06597 0.97546 1.06898 2 P 0
L 0.97546 1.06898 0.97396 1.07197 2 P 0
L 0.97396 1.07197 0.97246 1.07797 2 P 0
L 0.97246 1.07797 0.97246 1.08247 2 P 0
L 0.97246 1.08247 0.97396 1.08847 2 P 0
L 0.97396 1.08847 0.97546 1.09147 2 P 0
L 0.97546 1.09147 0.978459 1.09447 2 P 0
L 0.978459 1.09447 0.982959 1.09597 2 P 0
L 0.982959 1.09597 0.985958 1.09597 2 P 0
L 0.985958 1.09597 0.990458 1.09447 2 P 0
L 0.990458 1.09447 0.991958 1.09297 2 P 0
L 1.00396 1.09297 1.00546 1.09447 2 P 0
L 1.00546 1.09447 1.00846 1.09597 2 P 0
L 1.00846 1.09597 1.01595 1.09597 2 P 0
L 1.01595 1.09597 1.01895 1.09447 2 P 0
L 1.01895 1.09447 1.02045 1.09297 2 P 0
L 1.02045 1.09297 1.02195 1.08997 2 P 0
L 1.02195 1.08997 1.02195 1.08697 2 P 0
L 1.02195 1.08697 1.02045 1.08247 2 P 0
L 1.02045 1.08247 1.00246 1.06448 2 P 0
L 1.00246 1.06448 1.02195 1.06448 2 P 0
L 1.05045 1.09597 1.03545 1.09597 2 P 0
L 1.03545 1.09597 1.03395 1.08097 2 P 0
L 1.03395 1.08097 1.03545 1.08247 2 P 0
L 1.03545 1.08247 1.03845 1.08397 2 P 0
L 1.03845 1.08397 1.04595 1.08397 2 P 0
L 1.04595 1.08397 1.04895 1.08247 2 P 0
L 1.04895 1.08247 1.05045 1.08097 2 P 0
L 1.05045 1.08097 1.05195 1.07797 2 P 0
L 1.05195 1.07797 1.05195 1.07047 2 P 0
L 1.05195 1.07047 1.05045 1.06747 2 P 0
L 1.05045 1.06747 1.04895 1.06597 2 P 0
L 1.04895 1.06597 1.04595 1.06448 2 P 0
L 1.04595 1.06448 1.03845 1.06448 2 P 0
L 1.03845 1.06448 1.03545 1.06597 2 P 0
L 1.03545 1.06597 1.03395 1.06747 2 P 0
L 1.20352 1.09597 1.22152 1.09597 2 P 0
L 1.21252 1.06448 1.21252 1.09597 2 P 0
L 1.23202 1.06448 1.23202 1.09597 2 P 0
L 1.23202 1.09597 1.24402 1.09597 2 P 0
L 1.24402 1.09597 1.24702 1.09447 2 P 0
L 1.24702 1.09447 1.24852 1.09297 2 P 0
L 1.24852 1.09297 1.25002 1.08997 2 P 0
L 1.25002 1.08997 1.25002 1.08547 2 P 0
L 1.25002 1.08547 1.24852 1.08247 2 P 0
L 1.24852 1.08247 1.24702 1.08097 2 P 0
L 1.24702 1.08097 1.24402 1.07947 2 P 0
L 1.24402 1.07947 1.23202 1.07947 2 P 0
L 1.26202 1.09297 1.26352 1.09447 2 P 0
L 1.26352 1.09447 1.26652 1.09597 2 P 0
L 1.26652 1.09597 1.27402 1.09597 2 P 0
L 1.27402 1.09597 1.27702 1.09447 2 P 0
L 1.27702 1.09447 1.27852 1.09297 2 P 0
L 1.27852 1.09297 1.28001 1.08997 2 P 0
L 1.28001 1.08997 1.28001 1.08697 2 P 0
L 1.28001 1.08697 1.27852 1.08247 2 P 0
L 1.27852 1.08247 1.26052 1.06448 2 P 0
L 1.26052 1.06448 1.28001 1.06448 2 P 0
L 1.29951 1.09597 1.30251 1.09597 2 P 0
L 1.30251 1.09597 1.30551 1.09447 2 P 0
L 1.30551 1.09447 1.30701 1.09297 2 P 0
L 1.30701 1.09297 1.30851 1.08997 2 P 0
L 1.30851 1.08997 1.31001 1.08397 2 P 0
L 1.31001 1.08397 1.31001 1.07647 2 P 0
L 1.31001 1.07647 1.30851 1.07047 2 P 0
L 1.30851 1.07047 1.30701 1.06747 2 P 0
L 1.30701 1.06747 1.30551 1.06597 2 P 0
L 1.30551 1.06597 1.30251 1.06448 2 P 0
L 1.30251 1.06448 1.29951 1.06448 2 P 0
L 1.29951 1.06448 1.29651 1.06597 2 P 0
L 1.29651 1.06597 1.29501 1.06747 2 P 0
L 1.29501 1.06747 1.29351 1.07047 2 P 0
L 1.29351 1.07047 1.29201 1.07647 2 P 0
L 1.29201 1.07647 1.29201 1.08397 2 P 0
L 1.29201 1.08397 1.29351 1.08997 2 P 0
L 1.29351 1.08997 1.29501 1.09297 2 P 0
L 1.29501 1.09297 1.29651 1.09447 2 P 0
L 1.29651 1.09447 1.29951 1.09597 2 P 0
L 7.42804 2.6886 7.45354 2.6886 2 P 0
L 7.45354 2.6886 7.45654 2.6901 2 P 0
L 7.45654 2.6901 7.45804 2.6916 2 P 0
L 7.45804 2.6916 7.45954 2.6946 2 P 0
L 7.45954 2.6946 7.45954 2.7006 2 P 0
L 7.45954 2.7006 7.45804 2.7036 2 P 0
L 7.45804 2.7036 7.45654 2.7051 2 P 0
L 7.45654 2.7051 7.45354 2.7066 2 P 0
L 7.45354 2.7066 7.42804 2.7066 2 P 0
L 7.44154 2.7261 7.44004 2.7231 2 P 0
L 7.44004 2.7231 7.43854 2.7216 2 P 0
L 7.43854 2.7216 7.43554 2.7201 2 P 0
L 7.43554 2.7201 7.43404 2.7201 2 P 0
L 7.43404 2.7201 7.43104 2.7216 2 P 0
L 7.43104 2.7216 7.42954 2.7231 2 P 0
L 7.42954 2.7231 7.42804 2.7261 2 P 0
L 7.42804 2.7261 7.42804 2.73209 2 P 0
L 7.42804 2.73209 7.42954 2.73509 2 P 0
L 7.42954 2.73509 7.43104 2.73659 2 P 0
L 7.43104 2.73659 7.43404 2.73809 2 P 0
L 7.43404 2.73809 7.43554 2.73809 2 P 0
L 7.43554 2.73809 7.43854 2.73659 2 P 0
L 7.43854 2.73659 7.44004 2.73509 2 P 0
L 7.44004 2.73509 7.44154 2.73209 2 P 0
L 7.44154 2.73209 7.44154 2.7261 2 P 0
L 7.44154 2.7261 7.44304 2.7231 2 P 0
L 7.44304 2.7231 7.44454 2.7216 2 P 0
L 7.44454 2.7216 7.44754 2.7201 2 P 0
L 7.44754 2.7201 7.45354 2.7201 2 P 0
L 7.45354 2.7201 7.45654 2.7216 2 P 0
L 7.45654 2.7216 7.45804 2.7231 2 P 0
L 7.45804 2.7231 7.45954 2.7261 2 P 0
L 7.45954 2.7261 7.45954 2.73209 2 P 0
L 7.45954 2.73209 7.45804 2.73509 2 P 0
L 7.45804 2.73509 7.45654 2.73659 2 P 0
L 7.45654 2.73659 7.45354 2.73809 2 P 0
L 7.45354 2.73809 7.44754 2.73809 2 P 0
L 7.44754 2.73809 7.44454 2.73659 2 P 0
L 7.44454 2.73659 7.44304 2.73509 2 P 0
L 7.44304 2.73509 7.44154 2.73209 2 P 0
L 0.631909 1.37156 0.649907 1.37156 2 P 0
L 0.640908 1.34007 0.640908 1.37156 2 P 0
L 0.660405 1.34007 0.660405 1.37156 2 P 0
L 0.660405 1.37156 0.672404 1.37156 2 P 0
L 0.672404 1.37156 0.675404 1.37006 2 P 0
L 0.675404 1.37006 0.676903 1.36856 2 P 0
L 0.676903 1.36856 0.678403 1.36556 2 P 0
L 0.678403 1.36556 0.678403 1.36106 2 P 0
L 0.678403 1.36106 0.676903 1.35806 2 P 0
L 0.676903 1.35806 0.675404 1.35656 2 P 0
L 0.675404 1.35656 0.672404 1.35506 2 P 0
L 0.672404 1.35506 0.660405 1.35506 2 P 0
L 0.7054 1.36106 0.7054 1.34007 2 P 0
L 0.697901 1.37306 0.690402 1.35057 2 P 0
L 0.690402 1.35057 0.709899 1.35057 2 P 0
L 2.22621 1.13047 2.22471 1.12897 2 P 0
L 2.22471 1.12897 2.22021 1.12747 2 P 0
L 2.22021 1.12747 2.21721 1.12747 2 P 0
L 2.21721 1.12747 2.21271 1.12897 2 P 0
L 2.21271 1.12897 2.20971 1.13197 2 P 0
L 2.20971 1.13197 2.20821 1.13497 2 P 0
L 2.20821 1.13497 2.20671 1.14097 2 P 0
L 2.20671 1.14097 2.20671 1.14547 2 P 0
L 2.20671 1.14547 2.20821 1.15146 2 P 0
L 2.20821 1.15146 2.20971 1.15446 2 P 0
L 2.20971 1.15446 2.21271 1.15746 2 P 0
L 2.21271 1.15746 2.21721 1.15896 2 P 0
L 2.21721 1.15896 2.22021 1.15896 2 P 0
L 2.22021 1.15896 2.22471 1.15746 2 P 0
L 2.22471 1.15746 2.22621 1.15596 2 P 0
L 2.23671 1.15896 2.25621 1.15896 2 P 0
L 2.25621 1.15896 2.24571 1.14697 2 P 0
L 2.24571 1.14697 2.25021 1.14697 2 P 0
L 2.25021 1.14697 2.25321 1.14547 2 P 0
L 2.25321 1.14547 2.25471 1.14397 2 P 0
L 2.25471 1.14397 2.25621 1.14097 2 P 0
L 2.25621 1.14097 2.25621 1.13347 2 P 0
L 2.25621 1.13347 2.25471 1.13047 2 P 0
L 2.25471 1.13047 2.25321 1.12897 2 P 0
L 2.25321 1.12897 2.25021 1.12747 2 P 0
L 2.25021 1.12747 2.24121 1.12747 2 P 0
L 2.24121 1.12747 2.23821 1.12897 2 P 0
L 2.23821 1.12897 2.23671 1.13047 2 P 0
L 2.2757 1.15896 2.2787 1.15896 2 P 0
L 2.2787 1.15896 2.2817 1.15746 2 P 0
L 2.2817 1.15746 2.2832 1.15596 2 P 0
L 2.2832 1.15596 2.2847 1.15297 2 P 0
L 2.2847 1.15297 2.2862 1.14697 2 P 0
L 2.2862 1.14697 2.2862 1.13947 2 P 0
L 2.2862 1.13947 2.2847 1.13347 2 P 0
L 2.2847 1.13347 2.2832 1.13047 2 P 0
L 2.2832 1.13047 2.2817 1.12897 2 P 0
L 2.2817 1.12897 2.2787 1.12747 2 P 0
L 2.2787 1.12747 2.2757 1.12747 2 P 0
L 2.2757 1.12747 2.2727 1.12897 2 P 0
L 2.2727 1.12897 2.2712 1.13047 2 P 0
L 2.2712 1.13047 2.2697 1.13347 2 P 0
L 2.2697 1.13347 2.2682 1.13947 2 P 0
L 2.2682 1.13947 2.2682 1.14697 2 P 0
L 2.2682 1.14697 2.2697 1.15297 2 P 0
L 2.2697 1.15297 2.2712 1.15596 2 P 0
L 2.2712 1.15596 2.2727 1.15746 2 P 0
L 2.2727 1.15746 2.2757 1.15896 2 P 0
L 2.91151 0.899043 2.89651 0.888544 2 P 0
L 2.91151 0.881045 2.88001 0.881045 2 P 0
L 2.88001 0.881045 2.88001 0.893044 2 P 0
L 2.88001 0.893044 2.88151 0.896043 2 P 0
L 2.88151 0.896043 2.88301 0.897543 2 P 0
L 2.88301 0.897543 2.88601 0.899043 2 P 0
L 2.88601 0.899043 2.89051 0.899043 2 P 0
L 2.89051 0.899043 2.89351 0.897543 2 P 0
L 2.89351 0.897543 2.89501 0.896043 2 P 0
L 2.89501 0.896043 2.89651 0.893044 2 P 0
L 2.89651 0.893044 2.89651 0.881045 2 P 0
L 2.88301 0.911041 2.88151 0.912541 2 P 0
L 2.88151 0.912541 2.88001 0.915541 2 P 0
L 2.88001 0.915541 2.88001 0.92304 2 P 0
L 2.88001 0.92304 2.88151 0.92604 2 P 0
L 2.88151 0.92604 2.88301 0.927539 2 P 0
L 2.88301 0.927539 2.88601 0.929039 2 P 0
L 2.88601 0.929039 2.88901 0.929039 2 P 0
L 2.88901 0.929039 2.89351 0.927539 2 P 0
L 2.89351 0.927539 2.91151 0.909542 2 P 0
L 2.91151 0.909542 2.91151 0.929039 2 P 0
L 2.91151 0.944037 2.91151 0.950037 2 P 0
L 2.91151 0.950037 2.91001 0.953036 2 P 0
L 2.91001 0.953036 2.90851 0.954536 2 P 0
L 2.90851 0.954536 2.90401 0.957536 2 P 0
L 2.90401 0.957536 2.89801 0.959035 2 P 0
L 2.89801 0.959035 2.88601 0.959035 2 P 0
L 2.88601 0.959035 2.88301 0.957536 2 P 0
L 2.88301 0.957536 2.88151 0.956036 2 P 0
L 2.88151 0.956036 2.88001 0.953036 2 P 0
L 2.88001 0.953036 2.88001 0.947037 2 P 0
L 2.88001 0.947037 2.88151 0.944037 2 P 0
L 2.88151 0.944037 2.88301 0.942538 2 P 0
L 2.88301 0.942538 2.88601 0.941038 2 P 0
L 2.88601 0.941038 2.89351 0.941038 2 P 0
L 2.89351 0.941038 2.89651 0.942538 2 P 0
L 2.89651 0.942538 2.89801 0.944037 2 P 0
L 2.89801 0.944037 2.89951 0.947037 2 P 0
L 2.89951 0.947037 2.89951 0.953036 2 P 0
L 2.89951 0.953036 2.89801 0.956036 2 P 0
L 2.89801 0.956036 2.89651 0.957536 2 P 0
L 2.89651 0.957536 2.89351 0.959035 2 P 0
L 1.2114 1.29282 1.2294 1.29282 2 P 0
L 1.2204 1.26133 1.2204 1.29282 2 P 0
L 1.23989 1.26133 1.23989 1.29282 2 P 0
L 1.23989 1.29282 1.25189 1.29282 2 P 0
L 1.25189 1.29282 1.25489 1.29132 2 P 0
L 1.25489 1.29132 1.25639 1.28982 2 P 0
L 1.25639 1.28982 1.25789 1.28682 2 P 0
L 1.25789 1.28682 1.25789 1.28232 2 P 0
L 1.25789 1.28232 1.25639 1.27932 2 P 0
L 1.25639 1.27932 1.25489 1.27782 2 P 0
L 1.25489 1.27782 1.25189 1.27632 2 P 0
L 1.25189 1.27632 1.23989 1.27632 2 P 0
L 1.26989 1.28982 1.27139 1.29132 2 P 0
L 1.27139 1.29132 1.27439 1.29282 2 P 0
L 1.27439 1.29282 1.28189 1.29282 2 P 0
L 1.28189 1.29282 1.28489 1.29132 2 P 0
L 1.28489 1.29132 1.28639 1.28982 2 P 0
L 1.28639 1.28982 1.28789 1.28682 2 P 0
L 1.28789 1.28682 1.28789 1.28382 2 P 0
L 1.28789 1.28382 1.28639 1.27932 2 P 0
L 1.28639 1.27932 1.26839 1.26133 2 P 0
L 1.26839 1.26133 1.28789 1.26133 2 P 0
L 1.29989 1.28982 1.30139 1.29132 2 P 0
L 1.30139 1.29132 1.30439 1.29282 2 P 0
L 1.30439 1.29282 1.31189 1.29282 2 P 0
L 1.31189 1.29282 1.31489 1.29132 2 P 0
L 1.31489 1.29132 1.31639 1.28982 2 P 0
L 1.31639 1.28982 1.31789 1.28682 2 P 0
L 1.31789 1.28682 1.31789 1.28382 2 P 0
L 1.31789 1.28382 1.31639 1.27932 2 P 0
L 1.31639 1.27932 1.29839 1.26133 2 P 0
L 1.29839 1.26133 1.31789 1.26133 2 P 0
L 0.813761 1.88337 0.831759 1.88337 2 P 0
L 0.82276 1.85188 0.82276 1.88337 2 P 0
L 0.842258 1.85188 0.842258 1.88337 2 P 0
L 0.842258 1.88337 0.854256 1.88337 2 P 0
L 0.854256 1.88337 0.857256 1.88187 2 P 0
L 0.857256 1.88187 0.858756 1.88037 2 P 0
L 0.858756 1.88037 0.860255 1.87737 2 P 0
L 0.860255 1.87737 0.860255 1.87287 2 P 0
L 0.860255 1.87287 0.858756 1.86987 2 P 0
L 0.858756 1.86987 0.857256 1.86837 2 P 0
L 0.857256 1.86837 0.854256 1.86687 2 P 0
L 0.854256 1.86687 0.842258 1.86687 2 P 0
L 0.890252 1.85188 0.872254 1.85188 2 P 0
L 0.881253 1.85188 0.881253 1.88337 2 P 0
L 0.881253 1.88337 0.878253 1.87887 2 P 0
L 0.878253 1.87887 0.875254 1.87587 2 P 0
L 0.875254 1.87587 0.872254 1.87437 2 P 0
L 0.917248 1.87287 0.917248 1.85188 2 P 0
L 0.909749 1.88487 0.90225 1.86238 2 P 0
L 0.90225 1.86238 0.921748 1.86238 2 P 0
L 7.70156 0.990438 7.70343 0.988563 2 P 0
L 7.70343 0.988563 7.70531 0.982939 2 P 0
L 7.70531 0.982939 7.70531 0.979189 2 P 0
L 7.70531 0.979189 7.70343 0.973565 2 P 0
L 7.70343 0.973565 7.69968 0.969815 2 P 0
L 7.69968 0.969815 7.69593 0.967941 2 P 0
L 7.69593 0.967941 7.68843 0.966066 2 P 0
L 7.68843 0.966066 7.68281 0.966066 2 P 0
L 7.68281 0.966066 7.67531 0.967941 2 P 0
L 7.67531 0.967941 7.67156 0.969815 2 P 0
L 7.67156 0.969815 7.66781 0.973565 2 P 0
L 7.66781 0.973565 7.66594 0.979189 2 P 0
L 7.66594 0.979189 7.66594 0.982939 2 P 0
L 7.66594 0.982939 7.66781 0.988563 2 P 0
L 7.66781 0.988563 7.66969 0.990438 2 P 0
L 7.67906 1.02418 7.70531 1.02418 2 P 0
L 7.66406 1.01481 7.69218 1.00544 2 P 0
L 7.69218 1.00544 7.69218 1.02981 2 P 0
L 7.68281 1.05043 7.68094 1.04668 2 P 0
L 7.68094 1.04668 7.67906 1.04481 2 P 0
L 7.67906 1.04481 7.67531 1.04293 2 P 0
L 7.67531 1.04293 7.67344 1.04293 2 P 0
L 7.67344 1.04293 7.66969 1.04481 2 P 0
L 7.66969 1.04481 7.66781 1.04668 2 P 0
L 7.66781 1.04668 7.66594 1.05043 2 P 0
L 7.66594 1.05043 7.66594 1.05793 2 P 0
L 7.66594 1.05793 7.66781 1.06168 2 P 0
L 7.66781 1.06168 7.66969 1.06355 2 P 0
L 7.66969 1.06355 7.67344 1.06543 2 P 0
L 7.67344 1.06543 7.67531 1.06543 2 P 0
L 7.67531 1.06543 7.67906 1.06355 2 P 0
L 7.67906 1.06355 7.68094 1.06168 2 P 0
L 7.68094 1.06168 7.68281 1.05793 2 P 0
L 7.68281 1.05793 7.68281 1.05043 2 P 0
L 7.68281 1.05043 7.68469 1.04668 2 P 0
L 7.68469 1.04668 7.68656 1.04481 2 P 0
L 7.68656 1.04481 7.69031 1.04293 2 P 0
L 7.69031 1.04293 7.69781 1.04293 2 P 0
L 7.69781 1.04293 7.70156 1.04481 2 P 0
L 7.70156 1.04481 7.70343 1.04668 2 P 0
L 7.70343 1.04668 7.70531 1.05043 2 P 0
L 7.70531 1.05043 7.70531 1.05793 2 P 0
L 7.70531 1.05793 7.70343 1.06168 2 P 0
L 7.70343 1.06168 7.70156 1.06355 2 P 0
L 7.70156 1.06355 7.69781 1.06543 2 P 0
L 7.69781 1.06543 7.69031 1.06543 2 P 0
L 7.69031 1.06543 7.68656 1.06355 2 P 0
L 7.68656 1.06355 7.68469 1.06168 2 P 0
L 7.68469 1.06168 7.68281 1.05793 2 P 0
L 2.18778 0.997546 2.18778 1.02904 2 P 0
L 2.18778 1.02904 2.19528 1.02904 2 P 0
L 2.19528 1.02904 2.19978 1.02754 2 P 0
L 2.19978 1.02754 2.20277 1.02454 2 P 0
L 2.20277 1.02454 2.20427 1.02154 2 P 0
L 2.20427 1.02154 2.20578 1.01554 2 P 0
L 2.20578 1.01554 2.20578 1.01104 2 P 0
L 2.20578 1.01104 2.20427 1.00505 2 P 0
L 2.20427 1.00505 2.20277 1.00205 2 P 0
L 2.20277 1.00205 2.19978 0.999046 2 P 0
L 2.19978 0.999046 2.19528 0.997546 2 P 0
L 2.19528 0.997546 2.18778 0.997546 2 P 0
L 2.21777 1.02604 2.21927 1.02754 2 P 0
L 2.21927 1.02754 2.22227 1.02904 2 P 0
L 2.22227 1.02904 2.22977 1.02904 2 P 0
L 2.22977 1.02904 2.23277 1.02754 2 P 0
L 2.23277 1.02754 2.23427 1.02604 2 P 0
L 2.23427 1.02604 2.23577 1.02304 2 P 0
L 2.23577 1.02304 2.23577 1.02004 2 P 0
L 2.23577 1.02004 2.23427 1.01554 2 P 0
L 2.23427 1.01554 2.21627 0.997546 2 P 0
L 2.21627 0.997546 2.23577 0.997546 2 P 0
L 7.42804 3.25947 7.45354 3.25947 2 P 0
L 7.45354 3.25947 7.45654 3.26097 2 P 0
L 7.45654 3.26097 7.45804 3.26247 2 P 0
L 7.45804 3.26247 7.45954 3.26547 2 P 0
L 7.45954 3.26547 7.45954 3.27147 2 P 0
L 7.45954 3.27147 7.45804 3.27446 2 P 0
L 7.45804 3.27446 7.45654 3.27596 2 P 0
L 7.45654 3.27596 7.45354 3.27746 2 P 0
L 7.45354 3.27746 7.42804 3.27746 2 P 0
L 7.42804 3.28946 7.42804 3.31046 2 P 0
L 7.42804 3.31046 7.45954 3.29696 2 P 0
L 1.34526 1.43062 1.36325 1.43062 2 P 0
L 1.35426 1.39912 1.35426 1.43062 2 P 0
L 1.37375 1.39912 1.37375 1.43062 2 P 0
L 1.37375 1.43062 1.38575 1.43062 2 P 0
L 1.38575 1.43062 1.38875 1.42912 2 P 0
L 1.38875 1.42912 1.39025 1.42762 2 P 0
L 1.39025 1.42762 1.39175 1.42462 2 P 0
L 1.39175 1.42462 1.39175 1.42012 2 P 0
L 1.39175 1.42012 1.39025 1.41712 2 P 0
L 1.39025 1.41712 1.38875 1.41562 2 P 0
L 1.38875 1.41562 1.38575 1.41412 2 P 0
L 1.38575 1.41412 1.37375 1.41412 2 P 0
L 1.42175 1.39912 1.40375 1.39912 2 P 0
L 1.41275 1.39912 1.41275 1.43062 2 P 0
L 1.41275 1.43062 1.40975 1.42612 2 P 0
L 1.40975 1.42612 1.40675 1.42312 2 P 0
L 1.40675 1.42312 1.40375 1.42162 2 P 0
L 1.43675 1.39912 1.44274 1.39912 2 P 0
L 1.44274 1.39912 1.44574 1.40062 2 P 0
L 1.44574 1.40062 1.44724 1.40212 2 P 0
L 1.44724 1.40212 1.45024 1.40662 2 P 0
L 1.45024 1.40662 1.45174 1.41262 2 P 0
L 1.45174 1.41262 1.45174 1.42462 2 P 0
L 1.45174 1.42462 1.45024 1.42762 2 P 0
L 1.45024 1.42762 1.44874 1.42912 2 P 0
L 1.44874 1.42912 1.44574 1.43062 2 P 0
L 1.44574 1.43062 1.43974 1.43062 2 P 0
L 1.43974 1.43062 1.43675 1.42912 2 P 0
L 1.43675 1.42912 1.43525 1.42762 2 P 0
L 1.43525 1.42762 1.43375 1.42462 2 P 0
L 1.43375 1.42462 1.43375 1.41712 2 P 0
L 1.43375 1.41712 1.43525 1.41412 2 P 0
L 1.43525 1.41412 1.43675 1.41262 2 P 0
L 1.43675 1.41262 1.43974 1.41112 2 P 0
L 1.43974 1.41112 1.44574 1.41112 2 P 0
L 1.44574 1.41112 1.44874 1.41262 2 P 0
L 1.44874 1.41262 1.45024 1.41412 2 P 0
L 1.45024 1.41412 1.45174 1.41712 2 P 0
L 3.5303 3.10385 3.54829 3.10385 2 P 0
L 3.5393 3.07235 3.5393 3.10385 2 P 0
L 3.55879 3.07235 3.55879 3.10385 2 P 0
L 3.55879 3.10385 3.57079 3.10385 2 P 0
L 3.57079 3.10385 3.57379 3.10235 2 P 0
L 3.57379 3.10235 3.57529 3.10085 2 P 0
L 3.57529 3.10085 3.57679 3.09785 2 P 0
L 3.57679 3.09785 3.57679 3.09335 2 P 0
L 3.57679 3.09335 3.57529 3.09035 2 P 0
L 3.57529 3.09035 3.57379 3.08885 2 P 0
L 3.57379 3.08885 3.57079 3.08735 2 P 0
L 3.57079 3.08735 3.55879 3.08735 2 P 0
L 3.60379 3.09335 3.60379 3.07235 2 P 0
L 3.59629 3.10535 3.58879 3.08285 2 P 0
L 3.58879 3.08285 3.60829 3.08285 2 P 0
L 3.62179 3.07235 3.62778 3.07235 2 P 0
L 3.62778 3.07235 3.63078 3.07385 2 P 0
L 3.63078 3.07385 3.63228 3.07535 2 P 0
L 3.63228 3.07535 3.63528 3.07985 2 P 0
L 3.63528 3.07985 3.63678 3.08585 2 P 0
L 3.63678 3.08585 3.63678 3.09785 2 P 0
L 3.63678 3.09785 3.63528 3.10085 2 P 0
L 3.63528 3.10085 3.63378 3.10235 2 P 0
L 3.63378 3.10235 3.63078 3.10385 2 P 0
L 3.63078 3.10385 3.62478 3.10385 2 P 0
L 3.62478 3.10385 3.62179 3.10235 2 P 0
L 3.62179 3.10235 3.62028 3.10085 2 P 0
L 3.62028 3.10085 3.61879 3.09785 2 P 0
L 3.61879 3.09785 3.61879 3.09035 2 P 0
L 3.61879 3.09035 3.62028 3.08735 2 P 0
L 3.62028 3.08735 3.62179 3.08585 2 P 0
L 3.62179 3.08585 3.62478 3.08435 2 P 0
L 3.62478 3.08435 3.63078 3.08435 2 P 0
L 3.63078 3.08435 3.63378 3.08585 2 P 0
L 3.63378 3.08585 3.63528 3.08735 2 P 0
L 3.63528 3.08735 3.63678 3.09035 2 P 0
L 3.01361 3.57929 3.01211 3.57779 2 P 0
L 3.01211 3.57779 3.00761 3.57629 2 P 0
L 3.00761 3.57629 3.00461 3.57629 2 P 0
L 3.00461 3.57629 3.00011 3.57779 2 P 0
L 3.00011 3.57779 2.99711 3.58079 2 P 0
L 2.99711 3.58079 2.99561 3.58379 2 P 0
L 2.99561 3.58379 2.99411 3.58979 2 P 0
L 2.99411 3.58979 2.99411 3.59428 2 P 0
L 2.99411 3.59428 2.99561 3.60028 2 P 0
L 2.99561 3.60028 2.99711 3.60328 2 P 0
L 2.99711 3.60328 3.00011 3.60628 2 P 0
L 3.00011 3.60628 3.00461 3.60778 2 P 0
L 3.00461 3.60778 3.00761 3.60778 2 P 0
L 3.00761 3.60778 3.01211 3.60628 2 P 0
L 3.01211 3.60628 3.01361 3.60478 2 P 0
L 3.04061 3.59728 3.04061 3.57629 2 P 0
L 3.03311 3.60928 3.02561 3.58678 2 P 0
L 3.02561 3.58678 3.04511 3.58678 2 P 0
L 3.05411 3.60778 3.0736 3.60778 2 P 0
L 3.0736 3.60778 3.0631 3.59578 2 P 0
L 3.0631 3.59578 3.0676 3.59578 2 P 0
L 3.0676 3.59578 3.0706 3.59428 2 P 0
L 3.0706 3.59428 3.0721 3.59278 2 P 0
L 3.0721 3.59278 3.0736 3.58979 2 P 0
L 3.0736 3.58979 3.0736 3.58229 2 P 0
L 3.0736 3.58229 3.0721 3.57929 2 P 0
L 3.0721 3.57929 3.0706 3.57779 2 P 0
L 3.0706 3.57779 3.0676 3.57629 2 P 0
L 3.0676 3.57629 3.05861 3.57629 2 P 0
L 3.05861 3.57629 3.05561 3.57779 2 P 0
L 3.05561 3.57779 3.05411 3.57929 2 P 0
L 7.70943 2.12823 7.71131 2.12636 2 P 0
L 7.71131 2.12636 7.71318 2.12073 2 P 0
L 7.71318 2.12073 7.71318 2.11698 2 P 0
L 7.71318 2.11698 7.71131 2.11136 2 P 0
L 7.71131 2.11136 7.70756 2.10761 2 P 0
L 7.70756 2.10761 7.70381 2.10574 2 P 0
L 7.70381 2.10574 7.69631 2.10386 2 P 0
L 7.69631 2.10386 7.69068 2.10386 2 P 0
L 7.69068 2.10386 7.68319 2.10574 2 P 0
L 7.68319 2.10574 7.67944 2.10761 2 P 0
L 7.67944 2.10761 7.67569 2.11136 2 P 0
L 7.67569 2.11136 7.67381 2.11698 2 P 0
L 7.67381 2.11698 7.67381 2.12073 2 P 0
L 7.67381 2.12073 7.67569 2.12636 2 P 0
L 7.67569 2.12636 7.67756 2.12823 2 P 0
L 7.68694 2.16198 7.71318 2.16198 2 P 0
L 7.67194 2.1526 7.70006 2.14323 2 P 0
L 7.70006 2.14323 7.70006 2.1676 2 P 0
L 7.67381 2.19947 7.67381 2.19197 2 P 0
L 7.67381 2.19197 7.67569 2.18823 2 P 0
L 7.67569 2.18823 7.67756 2.18635 2 P 0
L 7.67756 2.18635 7.68319 2.1826 2 P 0
L 7.68319 2.1826 7.69068 2.18073 2 P 0
L 7.69068 2.18073 7.70568 2.18073 2 P 0
L 7.70568 2.18073 7.70943 2.1826 2 P 0
L 7.70943 2.1826 7.71131 2.18448 2 P 0
L 7.71131 2.18448 7.71318 2.18823 2 P 0
L 7.71318 2.18823 7.71318 2.19572 2 P 0
L 7.71318 2.19572 7.71131 2.19947 2 P 0
L 7.71131 2.19947 7.70943 2.20135 2 P 0
L 7.70943 2.20135 7.70568 2.20322 2 P 0
L 7.70568 2.20322 7.69631 2.20322 2 P 0
L 7.69631 2.20322 7.69256 2.20135 2 P 0
L 7.69256 2.20135 7.69068 2.19947 2 P 0
L 7.69068 2.19947 7.68881 2.19572 2 P 0
L 7.68881 2.19572 7.68881 2.18823 2 P 0
L 7.68881 2.18823 7.69068 2.18448 2 P 0
L 7.69068 2.18448 7.69256 2.1826 2 P 0
L 7.69256 2.1826 7.69631 2.18073 2 P 0
L 2.98507 3.50448 2.98357 3.50298 2 P 0
L 2.98357 3.50298 2.97907 3.50148 2 P 0
L 2.97907 3.50148 2.97607 3.50148 2 P 0
L 2.97607 3.50148 2.97157 3.50298 2 P 0
L 2.97157 3.50298 2.96857 3.50598 2 P 0
L 2.96857 3.50598 2.96707 3.50898 2 P 0
L 2.96707 3.50898 2.96557 3.51498 2 P 0
L 2.96557 3.51498 2.96557 3.51948 2 P 0
L 2.96557 3.51948 2.96707 3.52548 2 P 0
L 2.96707 3.52548 2.96857 3.52848 2 P 0
L 2.96857 3.52848 2.97157 3.53148 2 P 0
L 2.97157 3.53148 2.97607 3.53298 2 P 0
L 2.97607 3.53298 2.97907 3.53298 2 P 0
L 2.97907 3.53298 2.98357 3.53148 2 P 0
L 2.98357 3.53148 2.98507 3.52998 2 P 0
L 2.99557 3.53298 3.01506 3.53298 2 P 0
L 3.01506 3.53298 3.00457 3.52098 2 P 0
L 3.00457 3.52098 3.00906 3.52098 2 P 0
L 3.00906 3.52098 3.01206 3.51948 2 P 0
L 3.01206 3.51948 3.01356 3.51798 2 P 0
L 3.01356 3.51798 3.01506 3.51498 2 P 0
L 3.01506 3.51498 3.01506 3.50748 2 P 0
L 3.01506 3.50748 3.01356 3.50448 2 P 0
L 3.01356 3.50448 3.01206 3.50298 2 P 0
L 3.01206 3.50298 3.00906 3.50148 2 P 0
L 3.00906 3.50148 3.00007 3.50148 2 P 0
L 3.00007 3.50148 2.99707 3.50298 2 P 0
L 2.99707 3.50298 2.99557 3.50448 2 P 0
L 3.03006 3.50148 3.03606 3.50148 2 P 0
L 3.03606 3.50148 3.03906 3.50298 2 P 0
L 3.03906 3.50298 3.04056 3.50448 2 P 0
L 3.04056 3.50448 3.04356 3.50898 2 P 0
L 3.04356 3.50898 3.04506 3.51498 2 P 0
L 3.04506 3.51498 3.04506 3.52698 2 P 0
L 3.04506 3.52698 3.04356 3.52998 2 P 0
L 3.04356 3.52998 3.04206 3.53148 2 P 0
L 3.04206 3.53148 3.03906 3.53298 2 P 0
L 3.03906 3.53298 3.03306 3.53298 2 P 0
L 3.03306 3.53298 3.03006 3.53148 2 P 0
L 3.03006 3.53148 3.02856 3.52998 2 P 0
L 3.02856 3.52998 3.02706 3.52698 2 P 0
L 3.02706 3.52698 3.02706 3.51948 2 P 0
L 3.02706 3.51948 3.02856 3.51648 2 P 0
L 3.02856 3.51648 3.03006 3.51498 2 P 0
L 3.03006 3.51498 3.03306 3.51348 2 P 0
L 3.03306 3.51348 3.03906 3.51348 2 P 0
L 3.03906 3.51348 3.04206 3.51498 2 P 0
L 3.04206 3.51498 3.04356 3.51648 2 P 0
L 3.04356 3.51648 3.04506 3.51948 2 P 0
L 2.50969 1.54274 2.51119 1.54124 2 P 0
L 2.51119 1.54124 2.51269 1.53674 2 P 0
L 2.51269 1.53674 2.51269 1.53374 2 P 0
L 2.51269 1.53374 2.51119 1.52924 2 P 0
L 2.51119 1.52924 2.50819 1.52625 2 P 0
L 2.50819 1.52625 2.50519 1.52475 2 P 0
L 2.50519 1.52475 2.49919 1.52325 2 P 0
L 2.49919 1.52325 2.49469 1.52325 2 P 0
L 2.49469 1.52325 2.48869 1.52475 2 P 0
L 2.48869 1.52475 2.48569 1.52625 2 P 0
L 2.48569 1.52625 2.48269 1.52924 2 P 0
L 2.48269 1.52924 2.48119 1.53374 2 P 0
L 2.48119 1.53374 2.48119 1.53674 2 P 0
L 2.48119 1.53674 2.48269 1.54124 2 P 0
L 2.48269 1.54124 2.48419 1.54274 2 P 0
L 2.51269 1.57274 2.51269 1.55474 2 P 0
L 2.51269 1.56374 2.48119 1.56374 2 P 0
L 2.48119 1.56374 2.48569 1.56074 2 P 0
L 2.48569 1.56074 2.48869 1.55774 2 P 0
L 2.48869 1.55774 2.49019 1.55474 2 P 0
L 2.48119 1.59974 2.48119 1.59374 2 P 0
L 2.48119 1.59374 2.48269 1.59074 2 P 0
L 2.48269 1.59074 2.48419 1.58924 2 P 0
L 2.48419 1.58924 2.48869 1.58624 2 P 0
L 2.48869 1.58624 2.49469 1.58474 2 P 0
L 2.49469 1.58474 2.50669 1.58474 2 P 0
L 2.50669 1.58474 2.50969 1.58624 2 P 0
L 2.50969 1.58624 2.51119 1.58774 2 P 0
L 2.51119 1.58774 2.51269 1.59074 2 P 0
L 2.51269 1.59074 2.51269 1.59674 2 P 0
L 2.51269 1.59674 2.51119 1.59974 2 P 0
L 2.51119 1.59974 2.50969 1.60124 2 P 0
L 2.50969 1.60124 2.50669 1.60274 2 P 0
L 2.50669 1.60274 2.49919 1.60274 2 P 0
L 2.49919 1.60274 2.49619 1.60124 2 P 0
L 2.49619 1.60124 2.49469 1.59974 2 P 0
L 2.49469 1.59974 2.49319 1.59674 2 P 0
L 2.49319 1.59674 2.49319 1.59074 2 P 0
L 2.49319 1.59074 2.49469 1.58774 2 P 0
L 2.49469 1.58774 2.49619 1.58624 2 P 0
L 2.49619 1.58624 2.49919 1.58474 2 P 0
L 1.61111 0.841956 1.59612 0.831458 2 P 0
L 1.61111 0.823959 1.57962 0.823959 2 P 0
L 1.57962 0.823959 1.57962 0.835957 2 P 0
L 1.57962 0.835957 1.58112 0.838957 2 P 0
L 1.58112 0.838957 1.58262 0.840456 2 P 0
L 1.58262 0.840456 1.58562 0.841956 2 P 0
L 1.58562 0.841956 1.59012 0.841956 2 P 0
L 1.59012 0.841956 1.59312 0.840456 2 P 0
L 1.59312 0.840456 1.59462 0.838957 2 P 0
L 1.59462 0.838957 1.59612 0.835957 2 P 0
L 1.59612 0.835957 1.59612 0.823959 2 P 0
L 1.58262 0.853955 1.58112 0.855455 2 P 0
L 1.58112 0.855455 1.57962 0.858454 2 P 0
L 1.57962 0.858454 1.57962 0.865953 2 P 0
L 1.57962 0.865953 1.58112 0.868953 2 P 0
L 1.58112 0.868953 1.58262 0.870453 2 P 0
L 1.58262 0.870453 1.58562 0.871953 2 P 0
L 1.58562 0.871953 1.58862 0.871953 2 P 0
L 1.58862 0.871953 1.59312 0.870453 2 P 0
L 1.59312 0.870453 1.61111 0.852455 2 P 0
L 1.61111 0.852455 1.61111 0.871953 2 P 0
L 1.57962 0.898949 1.57962 0.89295 2 P 0
L 1.57962 0.89295 1.58112 0.88995 2 P 0
L 1.58112 0.88995 1.58262 0.888451 2 P 0
L 1.58262 0.888451 1.58712 0.885451 2 P 0
L 1.58712 0.885451 1.59312 0.883951 2 P 0
L 1.59312 0.883951 1.60511 0.883951 2 P 0
L 1.60511 0.883951 1.60811 0.885451 2 P 0
L 1.60811 0.885451 1.60962 0.886951 2 P 0
L 1.60962 0.886951 1.61111 0.88995 2 P 0
L 1.61111 0.88995 1.61111 0.89595 2 P 0
L 1.61111 0.89595 1.60962 0.898949 2 P 0
L 1.60962 0.898949 1.60811 0.900449 2 P 0
L 1.60811 0.900449 1.60511 0.901949 2 P 0
L 1.60511 0.901949 1.59762 0.901949 2 P 0
L 1.59762 0.901949 1.59462 0.900449 2 P 0
L 1.59462 0.900449 1.59312 0.898949 2 P 0
L 1.59312 0.898949 1.59162 0.89595 2 P 0
L 1.59162 0.89595 1.59162 0.88995 2 P 0
L 1.59162 0.88995 1.59312 0.886951 2 P 0
L 1.59312 0.886951 1.59462 0.885451 2 P 0
L 1.59462 0.885451 1.59762 0.883951 2 P 0
L 1.81676 1.41787 1.81526 1.41637 2 P 0
L 1.81526 1.41637 1.81076 1.41487 2 P 0
L 1.81076 1.41487 1.80776 1.41487 2 P 0
L 1.80776 1.41487 1.80326 1.41637 2 P 0
L 1.80326 1.41637 1.80026 1.41937 2 P 0
L 1.80026 1.41937 1.79876 1.42237 2 P 0
L 1.79876 1.42237 1.79726 1.42837 2 P 0
L 1.79726 1.42837 1.79726 1.43287 2 P 0
L 1.79726 1.43287 1.79876 1.43887 2 P 0
L 1.79876 1.43887 1.80026 1.44187 2 P 0
L 1.80026 1.44187 1.80326 1.44487 2 P 0
L 1.80326 1.44487 1.80776 1.44636 2 P 0
L 1.80776 1.44636 1.81076 1.44636 2 P 0
L 1.81076 1.44636 1.81526 1.44487 2 P 0
L 1.81526 1.44487 1.81676 1.44337 2 P 0
L 1.82726 1.44636 1.84676 1.44636 2 P 0
L 1.84676 1.44636 1.83626 1.43437 2 P 0
L 1.83626 1.43437 1.84076 1.43437 2 P 0
L 1.84076 1.43437 1.84376 1.43287 2 P 0
L 1.84376 1.43287 1.84526 1.43137 2 P 0
L 1.84526 1.43137 1.84676 1.42837 2 P 0
L 1.84676 1.42837 1.84676 1.42087 2 P 0
L 1.84676 1.42087 1.84526 1.41787 2 P 0
L 1.84526 1.41787 1.84376 1.41637 2 P 0
L 1.84376 1.41637 1.84076 1.41487 2 P 0
L 1.84076 1.41487 1.83176 1.41487 2 P 0
L 1.83176 1.41487 1.82876 1.41637 2 P 0
L 1.82876 1.41637 1.82726 1.41787 2 P 0
L 1.87675 1.41487 1.85876 1.41487 2 P 0
L 1.86775 1.41487 1.86775 1.44636 2 P 0
L 1.86775 1.44636 1.86475 1.44187 2 P 0
L 1.86475 1.44187 1.86175 1.43887 2 P 0
L 1.86175 1.43887 1.85876 1.43737 2 P 0
L 7.42804 2.11773 7.45354 2.11773 2 P 0
L 7.45354 2.11773 7.45654 2.11923 2 P 0
L 7.45654 2.11923 7.45804 2.12073 2 P 0
L 7.45804 2.12073 7.45954 2.12373 2 P 0
L 7.45954 2.12373 7.45954 2.12973 2 P 0
L 7.45954 2.12973 7.45804 2.13273 2 P 0
L 7.45804 2.13273 7.45654 2.13423 2 P 0
L 7.45654 2.13423 7.45354 2.13573 2 P 0
L 7.45354 2.13573 7.42804 2.13573 2 P 0
L 7.45954 2.15223 7.45954 2.15823 2 P 0
L 7.45954 2.15823 7.45804 2.16123 2 P 0
L 7.45804 2.16123 7.45654 2.16273 2 P 0
L 7.45654 2.16273 7.45204 2.16573 2 P 0
L 7.45204 2.16573 7.44604 2.16723 2 P 0
L 7.44604 2.16723 7.43404 2.16723 2 P 0
L 7.43404 2.16723 7.43104 2.16573 2 P 0
L 7.43104 2.16573 7.42954 2.16423 2 P 0
L 7.42954 2.16423 7.42804 2.16123 2 P 0
L 7.42804 2.16123 7.42804 2.15523 2 P 0
L 7.42804 2.15523 7.42954 2.15223 2 P 0
L 7.42954 2.15223 7.43104 2.15073 2 P 0
L 7.43104 2.15073 7.43404 2.14923 2 P 0
L 7.43404 2.14923 7.44154 2.14923 2 P 0
L 7.44154 2.14923 7.44454 2.15073 2 P 0
L 7.44454 2.15073 7.44604 2.15223 2 P 0
L 7.44604 2.15223 7.44754 2.15523 2 P 0
L 7.44754 2.15523 7.44754 2.16123 2 P 0
L 7.44754 2.16123 7.44604 2.16423 2 P 0
L 7.44604 2.16423 7.44454 2.16573 2 P 0
L 7.44454 2.16573 7.44154 2.16723 2 P 0
L 1.17897 0.985735 1.16847 1.00073 2 P 0
L 1.16097 0.985735 1.16097 1.01723 2 P 0
L 1.16097 1.01723 1.17297 1.01723 2 P 0
L 1.17297 1.01723 1.17597 1.01573 2 P 0
L 1.17597 1.01573 1.17747 1.01423 2 P 0
L 1.17747 1.01423 1.17897 1.01123 2 P 0
L 1.17897 1.01123 1.17897 1.00673 2 P 0
L 1.17897 1.00673 1.17747 1.00373 2 P 0
L 1.17747 1.00373 1.17597 1.00223 2 P 0
L 1.17597 1.00223 1.17297 1.00073 2 P 0
L 1.17297 1.00073 1.16097 1.00073 2 P 0
L 1.20896 0.985735 1.19096 0.985735 2 P 0
L 1.19996 0.985735 1.19996 1.01723 2 P 0
L 1.19996 1.01723 1.19696 1.01273 2 P 0
L 1.19696 1.01273 1.19396 1.00973 2 P 0
L 1.19396 1.00973 1.19096 1.00823 2 P 0
L 1.22096 1.01423 1.22246 1.01573 2 P 0
L 1.22246 1.01573 1.22546 1.01723 2 P 0
L 1.22546 1.01723 1.23296 1.01723 2 P 0
L 1.23296 1.01723 1.23596 1.01573 2 P 0
L 1.23596 1.01573 1.23746 1.01423 2 P 0
L 1.23746 1.01423 1.23896 1.01123 2 P 0
L 1.23896 1.01123 1.23896 1.00823 2 P 0
L 1.23896 1.00823 1.23746 1.00373 2 P 0
L 1.23746 1.00373 1.21946 0.985735 2 P 0
L 1.21946 0.985735 1.23896 0.985735 2 P 0
L 1.0736 1.09597 1.0916 1.09597 2 P 0
L 1.0826 1.06448 1.0826 1.09597 2 P 0
L 1.1021 1.06448 1.1021 1.09597 2 P 0
L 1.1021 1.09597 1.1141 1.09597 2 P 0
L 1.1141 1.09597 1.1171 1.09447 2 P 0
L 1.1171 1.09447 1.1186 1.09297 2 P 0
L 1.1186 1.09297 1.1201 1.08997 2 P 0
L 1.1201 1.08997 1.1201 1.08547 2 P 0
L 1.1201 1.08547 1.1186 1.08247 2 P 0
L 1.1186 1.08247 1.1171 1.08097 2 P 0
L 1.1171 1.08097 1.1141 1.07947 2 P 0
L 1.1141 1.07947 1.1021 1.07947 2 P 0
L 1.15009 1.06448 1.1321 1.06448 2 P 0
L 1.14109 1.06448 1.14109 1.09597 2 P 0
L 1.14109 1.09597 1.1381 1.09147 2 P 0
L 1.1381 1.09147 1.1351 1.08847 2 P 0
L 1.1351 1.08847 1.1321 1.08697 2 P 0
L 1.16809 1.08247 1.16509 1.08397 2 P 0
L 1.16509 1.08397 1.16359 1.08547 2 P 0
L 1.16359 1.08547 1.16209 1.08847 2 P 0
L 1.16209 1.08847 1.16209 1.08997 2 P 0
L 1.16209 1.08997 1.16359 1.09297 2 P 0
L 1.16359 1.09297 1.16509 1.09447 2 P 0
L 1.16509 1.09447 1.16809 1.09597 2 P 0
L 1.16809 1.09597 1.17409 1.09597 2 P 0
L 1.17409 1.09597 1.17709 1.09447 2 P 0
L 1.17709 1.09447 1.17859 1.09297 2 P 0
L 1.17859 1.09297 1.18009 1.08997 2 P 0
L 1.18009 1.08997 1.18009 1.08847 2 P 0
L 1.18009 1.08847 1.17859 1.08547 2 P 0
L 1.17859 1.08547 1.17709 1.08397 2 P 0
L 1.17709 1.08397 1.17409 1.08247 2 P 0
L 1.17409 1.08247 1.16809 1.08247 2 P 0
L 1.16809 1.08247 1.16509 1.08097 2 P 0
L 1.16509 1.08097 1.16359 1.07947 2 P 0
L 1.16359 1.07947 1.16209 1.07647 2 P 0
L 1.16209 1.07647 1.16209 1.07047 2 P 0
L 1.16209 1.07047 1.16359 1.06747 2 P 0
L 1.16359 1.06747 1.16509 1.06597 2 P 0
L 1.16509 1.06597 1.16809 1.06448 2 P 0
L 1.16809 1.06448 1.17409 1.06448 2 P 0
L 1.17409 1.06448 1.17709 1.06597 2 P 0
L 1.17709 1.06597 1.17859 1.06747 2 P 0
L 1.17859 1.06747 1.18009 1.07047 2 P 0
L 1.18009 1.07047 1.18009 1.07647 2 P 0
L 1.18009 1.07647 1.17859 1.07947 2 P 0
L 1.17859 1.07947 1.17709 1.08097 2 P 0
L 1.17709 1.08097 1.17409 1.08247 2 P 0
L 2.59368 0.684554 2.61168 0.684554 2 P 0
L 2.60268 0.653058 2.60268 0.684554 2 P 0
L 2.62218 0.653058 2.62218 0.684554 2 P 0
L 2.62218 0.684554 2.63418 0.684554 2 P 0
L 2.63418 0.684554 2.63718 0.683055 2 P 0
L 2.63718 0.683055 2.63868 0.681555 2 P 0
L 2.63868 0.681555 2.64018 0.678555 2 P 0
L 2.64018 0.678555 2.64018 0.674056 2 P 0
L 2.64018 0.674056 2.63868 0.671056 2 P 0
L 2.63868 0.671056 2.63718 0.669556 2 P 0
L 2.63718 0.669556 2.63418 0.668056 2 P 0
L 2.63418 0.668056 2.62218 0.668056 2 P 0
L 2.66717 0.674056 2.66717 0.653058 2 P 0
L 2.65967 0.686054 2.65217 0.663557 2 P 0
L 2.65217 0.663557 2.67167 0.663557 2 P 0
L 2.69717 0.674056 2.69717 0.653058 2 P 0
L 2.68967 0.686054 2.68217 0.663557 2 P 0
L 2.68217 0.663557 2.70167 0.663557 2 P 0
L 2.60418 1.53881 2.60568 1.53731 2 P 0
L 2.60568 1.53731 2.60718 1.53281 2 P 0
L 2.60718 1.53281 2.60718 1.52981 2 P 0
L 2.60718 1.52981 2.60568 1.52531 2 P 0
L 2.60568 1.52531 2.60268 1.52231 2 P 0
L 2.60268 1.52231 2.59968 1.52081 2 P 0
L 2.59968 1.52081 2.59368 1.51931 2 P 0
L 2.59368 1.51931 2.58918 1.51931 2 P 0
L 2.58918 1.51931 2.58318 1.52081 2 P 0
L 2.58318 1.52081 2.58018 1.52231 2 P 0
L 2.58018 1.52231 2.57718 1.52531 2 P 0
L 2.57718 1.52531 2.57568 1.52981 2 P 0
L 2.57568 1.52981 2.57568 1.53281 2 P 0
L 2.57568 1.53281 2.57718 1.53731 2 P 0
L 2.57718 1.53731 2.57868 1.53881 2 P 0
L 2.60718 1.5688 2.60718 1.5508 2 P 0
L 2.60718 1.5598 2.57568 1.5598 2 P 0
L 2.57568 1.5598 2.58018 1.5568 2 P 0
L 2.58018 1.5568 2.58318 1.5538 2 P 0
L 2.58318 1.5538 2.58468 1.5508 2 P 0
L 2.57568 1.5793 2.57568 1.6003 2 P 0
L 2.57568 1.6003 2.60718 1.5868 2 P 0
L 1.29408 2.28889 1.31207 2.28889 2 P 0
L 1.30307 2.25739 1.30307 2.28889 2 P 0
L 1.32257 2.25739 1.32257 2.28889 2 P 0
L 1.32257 2.28889 1.33457 2.28889 2 P 0
L 1.33457 2.28889 1.33757 2.28739 2 P 0
L 1.33757 2.28739 1.33907 2.28588 2 P 0
L 1.33907 2.28588 1.34057 2.28289 2 P 0
L 1.34057 2.28289 1.34057 2.27839 2 P 0
L 1.34057 2.27839 1.33907 2.27539 2 P 0
L 1.33907 2.27539 1.33757 2.27389 2 P 0
L 1.33757 2.27389 1.33457 2.27239 2 P 0
L 1.33457 2.27239 1.32257 2.27239 2 P 0
L 1.35107 2.28889 1.37057 2.28889 2 P 0
L 1.37057 2.28889 1.36007 2.27689 2 P 0
L 1.36007 2.27689 1.36457 2.27689 2 P 0
L 1.36457 2.27689 1.36757 2.27539 2 P 0
L 1.36757 2.27539 1.36907 2.27389 2 P 0
L 1.36907 2.27389 1.37057 2.27089 2 P 0
L 1.37057 2.27089 1.37057 2.26339 2 P 0
L 1.37057 2.26339 1.36907 2.26039 2 P 0
L 1.36907 2.26039 1.36757 2.25889 2 P 0
L 1.36757 2.25889 1.36457 2.25739 2 P 0
L 1.36457 2.25739 1.35557 2.25739 2 P 0
L 1.35557 2.25739 1.35257 2.25889 2 P 0
L 1.35257 2.25889 1.35107 2.26039 2 P 0
L 1.38257 2.28588 1.38406 2.28739 2 P 0
L 1.38406 2.28739 1.38706 2.28889 2 P 0
L 1.38706 2.28889 1.39456 2.28889 2 P 0
L 1.39456 2.28889 1.39756 2.28739 2 P 0
L 1.39756 2.28739 1.39906 2.28588 2 P 0
L 1.39906 2.28588 1.40056 2.28289 2 P 0
L 1.40056 2.28289 1.40056 2.27989 2 P 0
L 1.40056 2.27989 1.39906 2.27539 2 P 0
L 1.39906 2.27539 1.38106 2.25739 2 P 0
L 1.38106 2.25739 1.40056 2.25739 2 P 0
L 2.02542 1.26039 2.02392 1.25889 2 P 0
L 2.02392 1.25889 2.01942 1.25739 2 P 0
L 2.01942 1.25739 2.01642 1.25739 2 P 0
L 2.01642 1.25739 2.01192 1.25889 2 P 0
L 2.01192 1.25889 2.00892 1.26189 2 P 0
L 2.00892 1.26189 2.00743 1.26489 2 P 0
L 2.00743 1.26489 2.00592 1.27089 2 P 0
L 2.00592 1.27089 2.00592 1.27539 2 P 0
L 2.00592 1.27539 2.00743 1.28139 2 P 0
L 2.00743 1.28139 2.00892 1.28439 2 P 0
L 2.00892 1.28439 2.01192 1.28739 2 P 0
L 2.01192 1.28739 2.01642 1.28888 2 P 0
L 2.01642 1.28888 2.01942 1.28888 2 P 0
L 2.01942 1.28888 2.02392 1.28739 2 P 0
L 2.02392 1.28739 2.02542 1.28588 2 P 0
L 2.03742 1.28588 2.03892 1.28739 2 P 0
L 2.03892 1.28739 2.04192 1.28888 2 P 0
L 2.04192 1.28888 2.04942 1.28888 2 P 0
L 2.04942 1.28888 2.05242 1.28739 2 P 0
L 2.05242 1.28739 2.05392 1.28588 2 P 0
L 2.05392 1.28588 2.05542 1.28289 2 P 0
L 2.05542 1.28289 2.05542 1.27989 2 P 0
L 2.05542 1.27989 2.05392 1.27539 2 P 0
L 2.05392 1.27539 2.03592 1.25739 2 P 0
L 2.03592 1.25739 2.05542 1.25739 2 P 0
L 2.07042 1.25739 2.07642 1.25739 2 P 0
L 2.07642 1.25739 2.07942 1.25889 2 P 0
L 2.07942 1.25889 2.08092 1.26039 2 P 0
L 2.08092 1.26039 2.08391 1.26489 2 P 0
L 2.08391 1.26489 2.08541 1.27089 2 P 0
L 2.08541 1.27089 2.08541 1.28289 2 P 0
L 2.08541 1.28289 2.08391 1.28588 2 P 0
L 2.08391 1.28588 2.08242 1.28739 2 P 0
L 2.08242 1.28739 2.07942 1.28888 2 P 0
L 2.07942 1.28888 2.07342 1.28888 2 P 0
L 2.07342 1.28888 2.07042 1.28739 2 P 0
L 2.07042 1.28739 2.06892 1.28588 2 P 0
L 2.06892 1.28588 2.06742 1.28289 2 P 0
L 2.06742 1.28289 2.06742 1.27539 2 P 0
L 2.06742 1.27539 2.06892 1.27239 2 P 0
L 2.06892 1.27239 2.07042 1.27089 2 P 0
L 2.07042 1.27089 2.07342 1.26939 2 P 0
L 2.07342 1.26939 2.07942 1.26939 2 P 0
L 2.07942 1.26939 2.08242 1.27089 2 P 0
L 2.08242 1.27089 2.08391 1.27239 2 P 0
L 2.08391 1.27239 2.08541 1.27539 2 P 0
L 3.48305 2.92668 3.50105 2.92668 2 P 0
L 3.49205 2.89518 3.49205 2.92668 2 P 0
L 3.51155 2.89518 3.51155 2.92668 2 P 0
L 3.51155 2.92668 3.52355 2.92668 2 P 0
L 3.52355 2.92668 3.52655 2.92518 2 P 0
L 3.52655 2.92518 3.52805 2.92368 2 P 0
L 3.52805 2.92368 3.52955 2.92068 2 P 0
L 3.52955 2.92068 3.52955 2.91618 2 P 0
L 3.52955 2.91618 3.52805 2.91318 2 P 0
L 3.52805 2.91318 3.52655 2.91168 2 P 0
L 3.52655 2.91168 3.52355 2.91018 2 P 0
L 3.52355 2.91018 3.51155 2.91018 2 P 0
L 3.55654 2.91618 3.55654 2.89518 2 P 0
L 3.54904 2.92818 3.54154 2.90568 2 P 0
L 3.54154 2.90568 3.56104 2.90568 2 P 0
L 3.58654 2.92668 3.58054 2.92668 2 P 0
L 3.58054 2.92668 3.57754 2.92518 2 P 0
L 3.57754 2.92518 3.57604 2.92368 2 P 0
L 3.57604 2.92368 3.57304 2.91918 2 P 0
L 3.57304 2.91918 3.57154 2.91318 2 P 0
L 3.57154 2.91318 3.57154 2.90118 2 P 0
L 3.57154 2.90118 3.57304 2.89818 2 P 0
L 3.57304 2.89818 3.57454 2.89668 2 P 0
L 3.57454 2.89668 3.57754 2.89518 2 P 0
L 3.57754 2.89518 3.58354 2.89518 2 P 0
L 3.58354 2.89518 3.58654 2.89668 2 P 0
L 3.58654 2.89668 3.58804 2.89818 2 P 0
L 3.58804 2.89818 3.58954 2.90118 2 P 0
L 3.58954 2.90118 3.58954 2.90868 2 P 0
L 3.58954 2.90868 3.58804 2.91168 2 P 0
L 3.58804 2.91168 3.58654 2.91318 2 P 0
L 3.58654 2.91318 3.58354 2.91468 2 P 0
L 3.58354 2.91468 3.57754 2.91468 2 P 0
L 3.57754 2.91468 3.57454 2.91318 2 P 0
L 3.57454 2.91318 3.57304 2.91168 2 P 0
L 3.57304 2.91168 3.57154 2.90868 2 P 0
L 0.864192 2.3755 0.864192 2.35 2 P 0
L 0.864192 2.35 0.865692 2.347 2 P 0
L 0.865692 2.347 0.867192 2.3455 2 P 0
L 0.867192 2.3455 0.870192 2.344 2 P 0
L 0.870192 2.344 0.876191 2.344 2 P 0
L 0.876191 2.344 0.879191 2.3455 2 P 0
L 0.879191 2.3455 0.88069 2.347 2 P 0
L 0.88069 2.347 0.88219 2.35 2 P 0
L 0.88219 2.35 0.88219 2.3755 2 P 0
L 0.913686 2.344 0.895688 2.344 2 P 0
L 0.904687 2.344 0.904687 2.3755 2 P 0
L 0.904687 2.3755 0.901688 2.371 2 P 0
L 0.901688 2.371 0.898688 2.368 2 P 0
L 0.898688 2.368 0.895688 2.3665 2 P 0
L 0.513799 2.45424 0.531796 2.45424 2 P 0
L 0.522798 2.42274 0.522798 2.45424 2 P 0
L 0.542295 2.42274 0.542295 2.45424 2 P 0
L 0.542295 2.45424 0.554294 2.45424 2 P 0
L 0.554294 2.45424 0.557293 2.45274 2 P 0
L 0.557293 2.45274 0.558793 2.45124 2 P 0
L 0.558793 2.45124 0.560293 2.44824 2 P 0
L 0.560293 2.44824 0.560293 2.44374 2 P 0
L 0.560293 2.44374 0.558793 2.44074 2 P 0
L 0.558793 2.44074 0.557293 2.43924 2 P 0
L 0.557293 2.43924 0.554294 2.43774 2 P 0
L 0.554294 2.43774 0.542295 2.43774 2 P 0
L 0.570792 2.45424 0.590289 2.45424 2 P 0
L 0.590289 2.45424 0.579791 2.44224 2 P 0
L 0.579791 2.44224 0.58429 2.44224 2 P 0
L 0.58429 2.44224 0.58729 2.44074 2 P 0
L 0.58729 2.44074 0.588789 2.43924 2 P 0
L 0.588789 2.43924 0.590289 2.43624 2 P 0
L 0.590289 2.43624 0.590289 2.42874 2 P 0
L 0.590289 2.42874 0.588789 2.42574 2 P 0
L 0.588789 2.42574 0.58729 2.42424 2 P 0
L 0.58729 2.42424 0.58429 2.42274 2 P 0
L 0.58429 2.42274 0.575291 2.42274 2 P 0
L 0.575291 2.42274 0.572291 2.42424 2 P 0
L 0.572291 2.42424 0.570792 2.42574 2 P 0
L 1.90825 1.5566 1.92625 1.5566 2 P 0
L 1.91725 1.52511 1.91725 1.5566 2 P 0
L 1.93675 1.52511 1.93675 1.5566 2 P 0
L 1.93675 1.5566 1.94874 1.5566 2 P 0
L 1.94874 1.5566 1.95174 1.5551 2 P 0
L 1.95174 1.5551 1.95324 1.5536 2 P 0
L 1.95324 1.5536 1.95474 1.5506 2 P 0
L 1.95474 1.5506 1.95474 1.5461 2 P 0
L 1.95474 1.5461 1.95324 1.5431 2 P 0
L 1.95324 1.5431 1.95174 1.5416 2 P 0
L 1.95174 1.5416 1.94874 1.5401 2 P 0
L 1.94874 1.5401 1.93675 1.5401 2 P 0
L 1.96524 1.5566 1.98474 1.5566 2 P 0
L 1.98474 1.5566 1.97424 1.5446 2 P 0
L 1.97424 1.5446 1.97874 1.5446 2 P 0
L 1.97874 1.5446 1.98174 1.5431 2 P 0
L 1.98174 1.5431 1.98324 1.5416 2 P 0
L 1.98324 1.5416 1.98474 1.5386 2 P 0
L 1.98474 1.5386 1.98474 1.5311 2 P 0
L 1.98474 1.5311 1.98324 1.5281 2 P 0
L 1.98324 1.5281 1.98174 1.5266 2 P 0
L 1.98174 1.5266 1.97874 1.52511 2 P 0
L 1.97874 1.52511 1.96974 1.52511 2 P 0
L 1.96974 1.52511 1.96674 1.5266 2 P 0
L 1.96674 1.5266 1.96524 1.5281 2 P 0
L 1.99524 1.5566 2.01474 1.5566 2 P 0
L 2.01474 1.5566 2.00424 1.5446 2 P 0
L 2.00424 1.5446 2.00874 1.5446 2 P 0
L 2.00874 1.5446 2.01174 1.5431 2 P 0
L 2.01174 1.5431 2.01324 1.5416 2 P 0
L 2.01324 1.5416 2.01474 1.5386 2 P 0
L 2.01474 1.5386 2.01474 1.5311 2 P 0
L 2.01474 1.5311 2.01324 1.5281 2 P 0
L 2.01324 1.5281 2.01174 1.5266 2 P 0
L 2.01174 1.5266 2.00874 1.52511 2 P 0
L 2.00874 1.52511 1.99974 1.52511 2 P 0
L 1.99974 1.52511 1.99674 1.5266 2 P 0
L 1.99674 1.5266 1.99524 1.5281 2 P 0
L 3.63174 3.28684 3.63324 3.28534 2 P 0
L 3.63324 3.28534 3.63474 3.28084 2 P 0
L 3.63474 3.28084 3.63474 3.27784 2 P 0
L 3.63474 3.27784 3.63324 3.27334 2 P 0
L 3.63324 3.27334 3.63024 3.27034 2 P 0
L 3.63024 3.27034 3.62724 3.26884 2 P 0
L 3.62724 3.26884 3.62124 3.26734 2 P 0
L 3.62124 3.26734 3.61674 3.26734 2 P 0
L 3.61674 3.26734 3.61074 3.26884 2 P 0
L 3.61074 3.26884 3.60774 3.27034 2 P 0
L 3.60774 3.27034 3.60474 3.27334 2 P 0
L 3.60474 3.27334 3.60324 3.27784 2 P 0
L 3.60324 3.27784 3.60324 3.28084 2 P 0
L 3.60324 3.28084 3.60474 3.28534 2 P 0
L 3.60474 3.28534 3.60624 3.28684 2 P 0
L 3.60324 3.29734 3.60324 3.31683 2 P 0
L 3.60324 3.31683 3.61524 3.30634 2 P 0
L 3.61524 3.30634 3.61524 3.31083 2 P 0
L 3.61524 3.31083 3.61674 3.31383 2 P 0
L 3.61674 3.31383 3.61824 3.31533 2 P 0
L 3.61824 3.31533 3.62124 3.31683 2 P 0
L 3.62124 3.31683 3.62874 3.31683 2 P 0
L 3.62874 3.31683 3.63174 3.31533 2 P 0
L 3.63174 3.31533 3.63324 3.31383 2 P 0
L 3.63324 3.31383 3.63474 3.31083 2 P 0
L 3.63474 3.31083 3.63474 3.30184 2 P 0
L 3.63474 3.30184 3.63324 3.29884 2 P 0
L 3.63324 3.29884 3.63174 3.29734 2 P 0
L 3.61674 3.33483 3.61524 3.33183 2 P 0
L 3.61524 3.33183 3.61374 3.33033 2 P 0
L 3.61374 3.33033 3.61074 3.32883 2 P 0
L 3.61074 3.32883 3.60924 3.32883 2 P 0
L 3.60924 3.32883 3.60624 3.33033 2 P 0
L 3.60624 3.33033 3.60474 3.33183 2 P 0
L 3.60474 3.33183 3.60324 3.33483 2 P 0
L 3.60324 3.33483 3.60324 3.34083 2 P 0
L 3.60324 3.34083 3.60474 3.34383 2 P 0
L 3.60474 3.34383 3.60624 3.34533 2 P 0
L 3.60624 3.34533 3.60924 3.34683 2 P 0
L 3.60924 3.34683 3.61074 3.34683 2 P 0
L 3.61074 3.34683 3.61374 3.34533 2 P 0
L 3.61374 3.34533 3.61524 3.34383 2 P 0
L 3.61524 3.34383 3.61674 3.34083 2 P 0
L 3.61674 3.34083 3.61674 3.33483 2 P 0
L 3.61674 3.33483 3.61824 3.33183 2 P 0
L 3.61824 3.33183 3.61974 3.33033 2 P 0
L 3.61974 3.33033 3.62274 3.32883 2 P 0
L 3.62274 3.32883 3.62874 3.32883 2 P 0
L 3.62874 3.32883 3.63174 3.33033 2 P 0
L 3.63174 3.33033 3.63324 3.33183 2 P 0
L 3.63324 3.33183 3.63474 3.33483 2 P 0
L 3.63474 3.33483 3.63474 3.34083 2 P 0
L 3.63474 3.34083 3.63324 3.34383 2 P 0
L 3.63324 3.34383 3.63174 3.34533 2 P 0
L 3.63174 3.34533 3.62874 3.34683 2 P 0
L 3.62874 3.34683 3.62274 3.34683 2 P 0
L 3.62274 3.34683 3.61974 3.34533 2 P 0
L 3.61974 3.34533 3.61824 3.34383 2 P 0
L 3.61824 3.34383 3.61674 3.34083 2 P 0
L 2.37376 1.96255 2.37226 1.95955 2 P 0
L 2.37226 1.95955 2.36926 1.95655 2 P 0
L 2.36926 1.95655 2.36476 1.95205 2 P 0
L 2.36476 1.95205 2.36326 1.94905 2 P 0
L 2.36326 1.94905 2.36326 1.94605 2 P 0
L 2.37076 1.94755 2.36926 1.94455 2 P 0
L 2.36926 1.94455 2.36626 1.94155 2 P 0
L 2.36626 1.94155 2.36026 1.94005 2 P 0
L 2.36026 1.94005 2.34976 1.94005 2 P 0
L 2.34976 1.94005 2.34376 1.94155 2 P 0
L 2.34376 1.94155 2.34076 1.94455 2 P 0
L 2.34076 1.94455 2.33926 1.94755 2 P 0
L 2.33926 1.94755 2.33926 1.95355 2 P 0
L 2.33926 1.95355 2.34076 1.95655 2 P 0
L 2.34076 1.95655 2.34376 1.95955 2 P 0
L 2.34376 1.95955 2.34976 1.96105 2 P 0
L 2.34976 1.96105 2.36026 1.96105 2 P 0
L 2.36026 1.96105 2.36626 1.95955 2 P 0
L 2.36626 1.95955 2.36926 1.95655 2 P 0
L 2.36926 1.95655 2.37076 1.95355 2 P 0
L 2.37076 1.95355 2.37076 1.94755 2 P 0
L 2.33926 1.97155 2.33926 1.99105 2 P 0
L 2.33926 1.99105 2.35126 1.98055 2 P 0
L 2.35126 1.98055 2.35126 1.98505 2 P 0
L 2.35126 1.98505 2.35276 1.98805 2 P 0
L 2.35276 1.98805 2.35426 1.98955 2 P 0
L 2.35426 1.98955 2.35726 1.99105 2 P 0
L 2.35726 1.99105 2.36476 1.99105 2 P 0
L 2.36476 1.99105 2.36776 1.98955 2 P 0
L 2.36776 1.98955 2.36926 1.98805 2 P 0
L 2.36926 1.98805 2.37076 1.98505 2 P 0
L 2.37076 1.98505 2.37076 1.97605 2 P 0
L 2.37076 1.97605 2.36926 1.97305 2 P 0
L 2.36926 1.97305 2.36776 1.97155 2 P 0
L 1.56179 1.23377 1.57979 1.23377 2 P 0
L 1.57079 1.20227 1.57079 1.23377 2 P 0
L 1.59029 1.20227 1.59029 1.23377 2 P 0
L 1.59029 1.23377 1.60229 1.23377 2 P 0
L 1.60229 1.23377 1.60529 1.23227 2 P 0
L 1.60529 1.23227 1.60679 1.23077 2 P 0
L 1.60679 1.23077 1.60829 1.22777 2 P 0
L 1.60829 1.22777 1.60829 1.22327 2 P 0
L 1.60829 1.22327 1.60679 1.22027 2 P 0
L 1.60679 1.22027 1.60529 1.21877 2 P 0
L 1.60529 1.21877 1.60229 1.21727 2 P 0
L 1.60229 1.21727 1.59029 1.21727 2 P 0
L 1.62028 1.23077 1.62179 1.23227 2 P 0
L 1.62179 1.23227 1.62478 1.23377 2 P 0
L 1.62478 1.23377 1.63228 1.23377 2 P 0
L 1.63228 1.23377 1.63528 1.23227 2 P 0
L 1.63528 1.23227 1.63678 1.23077 2 P 0
L 1.63678 1.23077 1.63828 1.22777 2 P 0
L 1.63828 1.22777 1.63828 1.22477 2 P 0
L 1.63828 1.22477 1.63678 1.22027 2 P 0
L 1.63678 1.22027 1.61879 1.20227 2 P 0
L 1.61879 1.20227 1.63828 1.20227 2 P 0
L 1.66828 1.20227 1.65028 1.20227 2 P 0
L 1.65928 1.20227 1.65928 1.23377 2 P 0
L 1.65928 1.23377 1.65628 1.22927 2 P 0
L 1.65628 1.22927 1.65328 1.22627 2 P 0
L 1.65328 1.22627 1.65028 1.22477 2 P 0
L 3.50481 3.2829 3.48982 3.2724 2 P 0
L 3.50481 3.2649 3.47332 3.2649 2 P 0
L 3.47332 3.2649 3.47332 3.2769 2 P 0
L 3.47332 3.2769 3.47482 3.2799 2 P 0
L 3.47482 3.2799 3.47632 3.2814 2 P 0
L 3.47632 3.2814 3.47932 3.2829 2 P 0
L 3.47932 3.2829 3.48382 3.2829 2 P 0
L 3.48382 3.2829 3.48682 3.2814 2 P 0
L 3.48682 3.2814 3.48832 3.2799 2 P 0
L 3.48832 3.2799 3.48982 3.2769 2 P 0
L 3.48982 3.2769 3.48982 3.2649 2 P 0
L 3.47332 3.2934 3.47332 3.3129 2 P 0
L 3.47332 3.3129 3.48532 3.3024 2 P 0
L 3.48532 3.3024 3.48532 3.3069 2 P 0
L 3.48532 3.3069 3.48682 3.3099 2 P 0
L 3.48682 3.3099 3.48832 3.3114 2 P 0
L 3.48832 3.3114 3.49132 3.3129 2 P 0
L 3.49132 3.3129 3.49882 3.3129 2 P 0
L 3.49882 3.3129 3.50182 3.3114 2 P 0
L 3.50182 3.3114 3.50331 3.3099 2 P 0
L 3.50331 3.3099 3.50481 3.3069 2 P 0
L 3.50481 3.3069 3.50481 3.2979 2 P 0
L 3.50481 3.2979 3.50331 3.2949 2 P 0
L 3.50331 3.2949 3.50182 3.2934 2 P 0
L 3.47632 3.3249 3.47482 3.3264 2 P 0
L 3.47482 3.3264 3.47332 3.32939 2 P 0
L 3.47332 3.32939 3.47332 3.33689 2 P 0
L 3.47332 3.33689 3.47482 3.33989 2 P 0
L 3.47482 3.33989 3.47632 3.34139 2 P 0
L 3.47632 3.34139 3.47932 3.34289 2 P 0
L 3.47932 3.34289 3.48232 3.34289 2 P 0
L 3.48232 3.34289 3.48682 3.34139 2 P 0
L 3.48682 3.34139 3.50481 3.3234 2 P 0
L 3.50481 3.3234 3.50481 3.34289 2 P 0
L 1.90037 0.560539 1.91837 0.560539 2 P 0
L 1.90937 0.529043 1.90937 0.560539 2 P 0
L 1.92887 0.529043 1.92887 0.560539 2 P 0
L 1.92887 0.560539 1.94087 0.560539 2 P 0
L 1.94087 0.560539 1.94387 0.559039 2 P 0
L 1.94387 0.559039 1.94537 0.557539 2 P 0
L 1.94537 0.557539 1.94687 0.554539 2 P 0
L 1.94687 0.554539 1.94687 0.55004 2 P 0
L 1.94687 0.55004 1.94537 0.54704 2 P 0
L 1.94537 0.54704 1.94387 0.545541 2 P 0
L 1.94387 0.545541 1.94087 0.544041 2 P 0
L 1.94087 0.544041 1.92887 0.544041 2 P 0
L 1.95737 0.560539 1.97687 0.560539 2 P 0
L 1.97687 0.560539 1.96637 0.54854 2 P 0
L 1.96637 0.54854 1.97087 0.54854 2 P 0
L 1.97087 0.54854 1.97387 0.54704 2 P 0
L 1.97387 0.54704 1.97537 0.545541 2 P 0
L 1.97537 0.545541 1.97687 0.542541 2 P 0
L 1.97687 0.542541 1.97687 0.535042 2 P 0
L 1.97687 0.535042 1.97537 0.532042 2 P 0
L 1.97537 0.532042 1.97387 0.530542 2 P 0
L 1.97387 0.530542 1.97087 0.529043 2 P 0
L 1.97087 0.529043 1.96187 0.529043 2 P 0
L 1.96187 0.529043 1.95887 0.530542 2 P 0
L 1.95887 0.530542 1.95737 0.532042 2 P 0
L 1.99486 0.54704 1.99186 0.54854 2 P 0
L 1.99186 0.54854 1.99036 0.55004 2 P 0
L 1.99036 0.55004 1.98886 0.55304 2 P 0
L 1.98886 0.55304 1.98886 0.554539 2 P 0
L 1.98886 0.554539 1.99036 0.557539 2 P 0
L 1.99036 0.557539 1.99186 0.559039 2 P 0
L 1.99186 0.559039 1.99486 0.560539 2 P 0
L 1.99486 0.560539 2.00086 0.560539 2 P 0
L 2.00086 0.560539 2.00386 0.559039 2 P 0
L 2.00386 0.559039 2.00536 0.557539 2 P 0
L 2.00536 0.557539 2.00686 0.554539 2 P 0
L 2.00686 0.554539 2.00686 0.55304 2 P 0
L 2.00686 0.55304 2.00536 0.55004 2 P 0
L 2.00536 0.55004 2.00386 0.54854 2 P 0
L 2.00386 0.54854 2.00086 0.54704 2 P 0
L 2.00086 0.54704 1.99486 0.54704 2 P 0
L 1.99486 0.54704 1.99186 0.545541 2 P 0
L 1.99186 0.545541 1.99036 0.544041 2 P 0
L 1.99036 0.544041 1.98886 0.541041 2 P 0
L 1.98886 0.541041 1.98886 0.535042 2 P 0
L 1.98886 0.535042 1.99036 0.532042 2 P 0
L 1.99036 0.532042 1.99186 0.530542 2 P 0
L 1.99186 0.530542 1.99486 0.529043 2 P 0
L 1.99486 0.529043 2.00086 0.529043 2 P 0
L 2.00086 0.529043 2.00386 0.530542 2 P 0
L 2.00386 0.530542 2.00536 0.532042 2 P 0
L 2.00536 0.532042 2.00686 0.535042 2 P 0
L 2.00686 0.535042 2.00686 0.541041 2 P 0
L 2.00686 0.541041 2.00536 0.544041 2 P 0
L 2.00536 0.544041 2.00386 0.545541 2 P 0
L 2.00386 0.545541 2.00086 0.54704 2 P 0
L 2.39552 1.84196 2.39702 1.84046 2 P 0
L 2.39702 1.84046 2.39852 1.83596 2 P 0
L 2.39852 1.83596 2.39852 1.83296 2 P 0
L 2.39852 1.83296 2.39702 1.82846 2 P 0
L 2.39702 1.82846 2.39402 1.82546 2 P 0
L 2.39402 1.82546 2.39102 1.82396 2 P 0
L 2.39102 1.82396 2.38502 1.82246 2 P 0
L 2.38502 1.82246 2.38052 1.82246 2 P 0
L 2.38052 1.82246 2.37452 1.82396 2 P 0
L 2.37452 1.82396 2.37152 1.82546 2 P 0
L 2.37152 1.82546 2.36852 1.82846 2 P 0
L 2.36852 1.82846 2.36702 1.83296 2 P 0
L 2.36702 1.83296 2.36702 1.83596 2 P 0
L 2.36702 1.83596 2.36852 1.84046 2 P 0
L 2.36852 1.84046 2.37002 1.84196 2 P 0
L 2.39852 1.87195 2.39852 1.85396 2 P 0
L 2.39852 1.86295 2.36702 1.86295 2 P 0
L 2.36702 1.86295 2.37152 1.85995 2 P 0
L 2.37152 1.85995 2.37452 1.85695 2 P 0
L 2.37452 1.85695 2.37602 1.85396 2 P 0
L 2.36702 1.88245 2.36702 1.90195 2 P 0
L 2.36702 1.90195 2.37902 1.89145 2 P 0
L 2.37902 1.89145 2.37902 1.89595 2 P 0
L 2.37902 1.89595 2.38052 1.89895 2 P 0
L 2.38052 1.89895 2.38202 1.90045 2 P 0
L 2.38202 1.90045 2.38502 1.90195 2 P 0
L 2.38502 1.90195 2.39252 1.90195 2 P 0
L 2.39252 1.90195 2.39552 1.90045 2 P 0
L 2.39552 1.90045 2.39702 1.89895 2 P 0
L 2.39702 1.89895 2.39852 1.89595 2 P 0
L 2.39852 1.89595 2.39852 1.88695 2 P 0
L 2.39852 1.88695 2.39702 1.88395 2 P 0
L 2.39702 1.88395 2.39552 1.88245 2 P 0
L 1.25696 1.53992 1.25546 1.53842 2 P 0
L 1.25546 1.53842 1.25096 1.53692 2 P 0
L 1.25096 1.53692 1.24796 1.53692 2 P 0
L 1.24796 1.53692 1.24346 1.53842 2 P 0
L 1.24346 1.53842 1.24046 1.54142 2 P 0
L 1.24046 1.54142 1.23896 1.54442 2 P 0
L 1.23896 1.54442 1.23746 1.55041 2 P 0
L 1.23746 1.55041 1.23746 1.55491 2 P 0
L 1.23746 1.55491 1.23896 1.56091 2 P 0
L 1.23896 1.56091 1.24046 1.56391 2 P 0
L 1.24046 1.56391 1.24346 1.56691 2 P 0
L 1.24346 1.56691 1.24796 1.56841 2 P 0
L 1.24796 1.56841 1.25096 1.56841 2 P 0
L 1.25096 1.56841 1.25546 1.56691 2 P 0
L 1.25546 1.56691 1.25696 1.56541 2 P 0
L 1.27195 1.53692 1.27795 1.53692 2 P 0
L 1.27795 1.53692 1.28095 1.53842 2 P 0
L 1.28095 1.53842 1.28245 1.53992 2 P 0
L 1.28245 1.53992 1.28545 1.54442 2 P 0
L 1.28545 1.54442 1.28695 1.55041 2 P 0
L 1.28695 1.55041 1.28695 1.56241 2 P 0
L 1.28695 1.56241 1.28545 1.56541 2 P 0
L 1.28545 1.56541 1.28395 1.56691 2 P 0
L 1.28395 1.56691 1.28095 1.56841 2 P 0
L 1.28095 1.56841 1.27495 1.56841 2 P 0
L 1.27495 1.56841 1.27195 1.56691 2 P 0
L 1.27195 1.56691 1.27045 1.56541 2 P 0
L 1.27045 1.56541 1.26895 1.56241 2 P 0
L 1.26895 1.56241 1.26895 1.55491 2 P 0
L 1.26895 1.55491 1.27045 1.55191 2 P 0
L 1.27045 1.55191 1.27195 1.55041 2 P 0
L 1.27195 1.55041 1.27495 1.54891 2 P 0
L 1.27495 1.54891 1.28095 1.54891 2 P 0
L 1.28095 1.54891 1.28395 1.55041 2 P 0
L 1.28395 1.55041 1.28545 1.55191 2 P 0
L 1.28545 1.55191 1.28695 1.55491 2 P 0
L 1.65928 1.00936 1.64878 1.02436 2 P 0
L 1.64128 1.00936 1.64128 1.04085 2 P 0
L 1.64128 1.04085 1.65328 1.04085 2 P 0
L 1.65328 1.04085 1.65628 1.03935 2 P 0
L 1.65628 1.03935 1.65778 1.03785 2 P 0
L 1.65778 1.03785 1.65928 1.03485 2 P 0
L 1.65928 1.03485 1.65928 1.03035 2 P 0
L 1.65928 1.03035 1.65778 1.02736 2 P 0
L 1.65778 1.02736 1.65628 1.02585 2 P 0
L 1.65628 1.02585 1.65328 1.02436 2 P 0
L 1.65328 1.02436 1.64128 1.02436 2 P 0
L 1.67128 1.03785 1.67278 1.03935 2 P 0
L 1.67278 1.03935 1.67578 1.04085 2 P 0
L 1.67578 1.04085 1.68328 1.04085 2 P 0
L 1.68328 1.04085 1.68628 1.03935 2 P 0
L 1.68628 1.03935 1.68778 1.03785 2 P 0
L 1.68778 1.03785 1.68928 1.03485 2 P 0
L 1.68928 1.03485 1.68928 1.03185 2 P 0
L 1.68928 1.03185 1.68778 1.02736 2 P 0
L 1.68778 1.02736 1.66978 1.00936 2 P 0
L 1.66978 1.00936 1.68928 1.00936 2 P 0
L 1.71777 1.04085 1.70277 1.04085 2 P 0
L 1.70277 1.04085 1.70127 1.02585 2 P 0
L 1.70127 1.02585 1.70277 1.02736 2 P 0
L 1.70277 1.02736 1.70577 1.02885 2 P 0
L 1.70577 1.02885 1.71327 1.02885 2 P 0
L 1.71327 1.02885 1.71627 1.02736 2 P 0
L 1.71627 1.02736 1.71777 1.02585 2 P 0
L 1.71777 1.02585 1.71927 1.02286 2 P 0
L 1.71927 1.02286 1.71927 1.01536 2 P 0
L 1.71927 1.01536 1.71777 1.01236 2 P 0
L 1.71777 1.01236 1.71627 1.01086 2 P 0
L 1.71627 1.01086 1.71327 1.00936 2 P 0
L 1.71327 1.00936 1.70577 1.00936 2 P 0
L 1.70577 1.00936 1.70277 1.01086 2 P 0
L 1.70277 1.01086 1.70127 1.01236 2 P 0
L 2.70654 1.53881 2.70804 1.53731 2 P 0
L 2.70804 1.53731 2.70954 1.53281 2 P 0
L 2.70954 1.53281 2.70954 1.52981 2 P 0
L 2.70954 1.52981 2.70804 1.52531 2 P 0
L 2.70804 1.52531 2.70504 1.52231 2 P 0
L 2.70504 1.52231 2.70204 1.52081 2 P 0
L 2.70204 1.52081 2.69604 1.51931 2 P 0
L 2.69604 1.51931 2.69154 1.51931 2 P 0
L 2.69154 1.51931 2.68554 1.52081 2 P 0
L 2.68554 1.52081 2.68254 1.52231 2 P 0
L 2.68254 1.52231 2.67954 1.52531 2 P 0
L 2.67954 1.52531 2.67804 1.52981 2 P 0
L 2.67804 1.52981 2.67804 1.53281 2 P 0
L 2.67804 1.53281 2.67954 1.53731 2 P 0
L 2.67954 1.53731 2.68104 1.53881 2 P 0
L 2.70954 1.5688 2.70954 1.5508 2 P 0
L 2.70954 1.5598 2.67804 1.5598 2 P 0
L 2.67804 1.5598 2.68254 1.5568 2 P 0
L 2.68254 1.5568 2.68554 1.5538 2 P 0
L 2.68554 1.5538 2.68704 1.5508 2 P 0
L 2.69154 1.5868 2.69004 1.5838 2 P 0
L 2.69004 1.5838 2.68854 1.5823 2 P 0
L 2.68854 1.5823 2.68554 1.5808 2 P 0
L 2.68554 1.5808 2.68404 1.5808 2 P 0
L 2.68404 1.5808 2.68104 1.5823 2 P 0
L 2.68104 1.5823 2.67954 1.5838 2 P 0
L 2.67954 1.5838 2.67804 1.5868 2 P 0
L 2.67804 1.5868 2.67804 1.5928 2 P 0
L 2.67804 1.5928 2.67954 1.5958 2 P 0
L 2.67954 1.5958 2.68104 1.5973 2 P 0
L 2.68104 1.5973 2.68404 1.5988 2 P 0
L 2.68404 1.5988 2.68554 1.5988 2 P 0
L 2.68554 1.5988 2.68854 1.5973 2 P 0
L 2.68854 1.5973 2.69004 1.5958 2 P 0
L 2.69004 1.5958 2.69154 1.5928 2 P 0
L 2.69154 1.5928 2.69154 1.5868 2 P 0
L 2.69154 1.5868 2.69304 1.5838 2 P 0
L 2.69304 1.5838 2.69454 1.5823 2 P 0
L 2.69454 1.5823 2.69754 1.5808 2 P 0
L 2.69754 1.5808 2.70354 1.5808 2 P 0
L 2.70354 1.5808 2.70654 1.5823 2 P 0
L 2.70654 1.5823 2.70804 1.5838 2 P 0
L 2.70804 1.5838 2.70954 1.5868 2 P 0
L 2.70954 1.5868 2.70954 1.5928 2 P 0
L 2.70954 1.5928 2.70804 1.5958 2 P 0
L 2.70804 1.5958 2.70654 1.5973 2 P 0
L 2.70654 1.5973 2.70354 1.5988 2 P 0
L 2.70354 1.5988 2.69754 1.5988 2 P 0
L 2.69754 1.5988 2.69454 1.5973 2 P 0
L 2.69454 1.5973 2.69304 1.5958 2 P 0
L 2.69304 1.5958 2.69154 1.5928 2 P 0
L 0.627972 1.16684 0.64597 1.16684 2 P 0
L 0.636971 1.13534 0.636971 1.16684 2 P 0
L 0.656468 1.13534 0.656468 1.16684 2 P 0
L 0.656468 1.16684 0.668467 1.16684 2 P 0
L 0.668467 1.16684 0.671467 1.16534 2 P 0
L 0.671467 1.16534 0.672966 1.16384 2 P 0
L 0.672966 1.16384 0.674466 1.16084 2 P 0
L 0.674466 1.16084 0.674466 1.15634 2 P 0
L 0.674466 1.15634 0.672966 1.15334 2 P 0
L 0.672966 1.15334 0.671467 1.15184 2 P 0
L 0.671467 1.15184 0.668467 1.15034 2 P 0
L 0.668467 1.15034 0.656468 1.15034 2 P 0
L 0.702963 1.16684 0.687964 1.16684 2 P 0
L 0.687964 1.16684 0.686465 1.15184 2 P 0
L 0.686465 1.15184 0.687964 1.15334 2 P 0
L 0.687964 1.15334 0.690964 1.15484 2 P 0
L 0.690964 1.15484 0.698463 1.15484 2 P 0
L 0.698463 1.15484 0.701463 1.15334 2 P 0
L 0.701463 1.15334 0.702963 1.15184 2 P 0
L 0.702963 1.15184 0.704462 1.14884 2 P 0
L 0.704462 1.14884 0.704462 1.14134 2 P 0
L 0.704462 1.14134 0.702963 1.13834 2 P 0
L 0.702963 1.13834 0.701463 1.13684 2 P 0
L 0.701463 1.13684 0.698463 1.13534 2 P 0
L 0.698463 1.13534 0.690964 1.13534 2 P 0
L 0.690964 1.13534 0.687964 1.13684 2 P 0
L 0.687964 1.13684 0.686465 1.13834 2 P 0
L 0.533484 1.99944 0.551482 1.99944 2 P 0
L 0.542483 1.96794 0.542483 1.99944 2 P 0
L 0.56198 1.96794 0.56198 1.99944 2 P 0
L 0.56198 1.99944 0.573979 1.99944 2 P 0
L 0.573979 1.99944 0.576978 1.99794 2 P 0
L 0.576978 1.99794 0.578478 1.99644 2 P 0
L 0.578478 1.99644 0.579978 1.99344 2 P 0
L 0.579978 1.99344 0.579978 1.98894 2 P 0
L 0.579978 1.98894 0.578478 1.98594 2 P 0
L 0.578478 1.98594 0.576978 1.98444 2 P 0
L 0.576978 1.98444 0.573979 1.98294 2 P 0
L 0.573979 1.98294 0.56198 1.98294 2 P 0
L 0.590477 1.99944 0.611474 1.99944 2 P 0
L 0.611474 1.99944 0.597976 1.96794 2 P 0
L 7.42804 0.961004 7.45354 0.961004 2 P 0
L 7.45354 0.961004 7.45654 0.962504 2 P 0
L 7.45654 0.962504 7.45804 0.964004 2 P 0
L 7.45804 0.964004 7.45954 0.967003 2 P 0
L 7.45954 0.967003 7.45954 0.973002 2 P 0
L 7.45954 0.973002 7.45804 0.976002 2 P 0
L 7.45804 0.976002 7.45654 0.977502 2 P 0
L 7.45654 0.977502 7.45354 0.979002 2 P 0
L 7.45354 0.979002 7.42804 0.979002 2 P 0
L 7.45954 1.0105 7.45954 0.9925 2 P 0
L 7.45954 1.0015 7.42804 1.0015 2 P 0
L 7.42804 1.0015 7.43254 0.998499 2 P 0
L 7.43254 0.998499 7.43554 0.9955 2 P 0
L 7.43554 0.9955 7.43704 0.9925 2 P 0
L 7.45954 1.04049 7.45954 1.0225 2 P 0
L 7.45954 1.0315 7.42804 1.0315 2 P 0
L 7.42804 1.0315 7.43254 1.0285 2 P 0
L 7.43254 1.0285 7.43554 1.0255 2 P 0
L 7.43554 1.0255 7.43704 1.0225 2 P 0
L 7.19171 1.09392 7.20971 1.09392 2 P 0
L 7.20071 1.06243 7.20071 1.09392 2 P 0
L 7.22021 1.06243 7.22021 1.09392 2 P 0
L 7.22021 1.09392 7.23221 1.09392 2 P 0
L 7.23221 1.09392 7.23521 1.09242 2 P 0
L 7.23521 1.09242 7.23671 1.09092 2 P 0
L 7.23671 1.09092 7.23821 1.08793 2 P 0
L 7.23821 1.08793 7.23821 1.08343 2 P 0
L 7.23821 1.08343 7.23671 1.08043 2 P 0
L 7.23671 1.08043 7.23521 1.07893 2 P 0
L 7.23521 1.07893 7.23221 1.07743 2 P 0
L 7.23221 1.07743 7.22021 1.07743 2 P 0
L 7.2667 1.09392 7.25171 1.09392 2 P 0
L 7.25171 1.09392 7.25021 1.07893 2 P 0
L 7.25021 1.07893 7.25171 1.08043 2 P 0
L 7.25171 1.08043 7.25471 1.08193 2 P 0
L 7.25471 1.08193 7.2622 1.08193 2 P 0
L 7.2622 1.08193 7.2652 1.08043 2 P 0
L 7.2652 1.08043 7.2667 1.07893 2 P 0
L 7.2667 1.07893 7.2682 1.07593 2 P 0
L 7.2682 1.07593 7.2682 1.06843 2 P 0
L 7.2682 1.06843 7.2667 1.06543 2 P 0
L 7.2667 1.06543 7.2652 1.06393 2 P 0
L 7.2652 1.06393 7.2622 1.06243 2 P 0
L 7.2622 1.06243 7.25471 1.06243 2 P 0
L 7.25471 1.06243 7.25171 1.06393 2 P 0
L 7.25171 1.06393 7.25021 1.06543 2 P 0
L 7.2832 1.06243 7.2892 1.06243 2 P 0
L 7.2892 1.06243 7.2922 1.06393 2 P 0
L 7.2922 1.06393 7.2937 1.06543 2 P 0
L 7.2937 1.06543 7.2967 1.06993 2 P 0
L 7.2967 1.06993 7.2982 1.07593 2 P 0
L 7.2982 1.07593 7.2982 1.08793 2 P 0
L 7.2982 1.08793 7.2967 1.09092 2 P 0
L 7.2967 1.09092 7.2952 1.09242 2 P 0
L 7.2952 1.09242 7.2922 1.09392 2 P 0
L 7.2922 1.09392 7.2862 1.09392 2 P 0
L 7.2862 1.09392 7.2832 1.09242 2 P 0
L 7.2832 1.09242 7.2817 1.09092 2 P 0
L 7.2817 1.09092 7.2802 1.08793 2 P 0
L 7.2802 1.08793 7.2802 1.08043 2 P 0
L 7.2802 1.08043 7.2817 1.07743 2 P 0
L 7.2817 1.07743 7.2832 1.07593 2 P 0
L 7.2832 1.07593 7.2862 1.07443 2 P 0
L 7.2862 1.07443 7.2922 1.07443 2 P 0
L 7.2922 1.07443 7.2952 1.07593 2 P 0
L 7.2952 1.07593 7.2967 1.07743 2 P 0
L 7.2967 1.07743 7.2982 1.08043 2 P 0
L 3.24978 3.28692 3.26778 3.28692 2 P 0
L 3.25878 3.25542 3.25878 3.28692 2 P 0
L 3.27828 3.25542 3.27828 3.28692 2 P 0
L 3.27828 3.28692 3.29028 3.28692 2 P 0
L 3.29028 3.28692 3.29328 3.28542 2 P 0
L 3.29328 3.28542 3.29478 3.28392 2 P 0
L 3.29478 3.28392 3.29628 3.28092 2 P 0
L 3.29628 3.28092 3.29628 3.27642 2 P 0
L 3.29628 3.27642 3.29478 3.27342 2 P 0
L 3.29478 3.27342 3.29328 3.27192 2 P 0
L 3.29328 3.27192 3.29028 3.27042 2 P 0
L 3.29028 3.27042 3.27828 3.27042 2 P 0
L 3.32328 3.27642 3.32328 3.25542 2 P 0
L 3.31578 3.28842 3.30828 3.26592 2 P 0
L 3.30828 3.26592 3.32777 3.26592 2 P 0
L 3.34427 3.27342 3.34127 3.27492 2 P 0
L 3.34127 3.27492 3.33977 3.27642 2 P 0
L 3.33977 3.27642 3.33827 3.27942 2 P 0
L 3.33827 3.27942 3.33827 3.28092 2 P 0
L 3.33827 3.28092 3.33977 3.28392 2 P 0
L 3.33977 3.28392 3.34127 3.28542 2 P 0
L 3.34127 3.28542 3.34427 3.28692 2 P 0
L 3.34427 3.28692 3.35027 3.28692 2 P 0
L 3.35027 3.28692 3.35327 3.28542 2 P 0
L 3.35327 3.28542 3.35477 3.28392 2 P 0
L 3.35477 3.28392 3.35627 3.28092 2 P 0
L 3.35627 3.28092 3.35627 3.27942 2 P 0
L 3.35627 3.27942 3.35477 3.27642 2 P 0
L 3.35477 3.27642 3.35327 3.27492 2 P 0
L 3.35327 3.27492 3.35027 3.27342 2 P 0
L 3.35027 3.27342 3.34427 3.27342 2 P 0
L 3.34427 3.27342 3.34127 3.27192 2 P 0
L 3.34127 3.27192 3.33977 3.27042 2 P 0
L 3.33977 3.27042 3.33827 3.26742 2 P 0
L 3.33827 3.26742 3.33827 3.26142 2 P 0
L 3.33827 3.26142 3.33977 3.25842 2 P 0
L 3.33977 3.25842 3.34127 3.25692 2 P 0
L 3.34127 3.25692 3.34427 3.25542 2 P 0
L 3.34427 3.25542 3.35027 3.25542 2 P 0
L 3.35027 3.25542 3.35327 3.25692 2 P 0
L 3.35327 3.25692 3.35477 3.25842 2 P 0
L 3.35477 3.25842 3.35627 3.26142 2 P 0
L 3.35627 3.26142 3.35627 3.26742 2 P 0
L 3.35627 3.26742 3.35477 3.27042 2 P 0
L 3.35477 3.27042 3.35327 3.27192 2 P 0
L 3.35327 3.27192 3.35027 3.27342 2 P 0
L 4.36978 2.70735 4.35478 2.69685 2 P 0
L 4.36978 2.68935 4.33828 2.68935 2 P 0
L 4.33828 2.68935 4.33828 2.70135 2 P 0
L 4.33828 2.70135 4.33978 2.70435 2 P 0
L 4.33978 2.70435 4.34128 2.70585 2 P 0
L 4.34128 2.70585 4.34428 2.70735 2 P 0
L 4.34428 2.70735 4.34878 2.70735 2 P 0
L 4.34878 2.70735 4.35178 2.70585 2 P 0
L 4.35178 2.70585 4.35328 2.70435 2 P 0
L 4.35328 2.70435 4.35478 2.70135 2 P 0
L 4.35478 2.70135 4.35478 2.68935 2 P 0
L 4.33828 2.73434 4.33828 2.72835 2 P 0
L 4.33828 2.72835 4.33978 2.72535 2 P 0
L 4.33978 2.72535 4.34128 2.72385 2 P 0
L 4.34128 2.72385 4.34578 2.72085 2 P 0
L 4.34578 2.72085 4.35178 2.71935 2 P 0
L 4.35178 2.71935 4.36378 2.71935 2 P 0
L 4.36378 2.71935 4.36678 2.72085 2 P 0
L 4.36678 2.72085 4.36828 2.72235 2 P 0
L 4.36828 2.72235 4.36978 2.72535 2 P 0
L 4.36978 2.72535 4.36978 2.73134 2 P 0
L 4.36978 2.73134 4.36828 2.73434 2 P 0
L 4.36828 2.73434 4.36678 2.73584 2 P 0
L 4.36678 2.73584 4.36378 2.73734 2 P 0
L 4.36378 2.73734 4.35628 2.73734 2 P 0
L 4.35628 2.73734 4.35328 2.73584 2 P 0
L 4.35328 2.73584 4.35178 2.73434 2 P 0
L 4.35178 2.73434 4.35028 2.73134 2 P 0
L 4.35028 2.73134 4.35028 2.72535 2 P 0
L 4.35028 2.72535 4.35178 2.72235 2 P 0
L 4.35178 2.72235 4.35328 2.72085 2 P 0
L 4.35328 2.72085 4.35628 2.71935 2 P 0
L 1.02073 1.53992 1.01924 1.53842 2 P 0
L 1.01924 1.53842 1.01474 1.53692 2 P 0
L 1.01474 1.53692 1.01174 1.53692 2 P 0
L 1.01174 1.53692 1.00724 1.53842 2 P 0
L 1.00724 1.53842 1.00424 1.54142 2 P 0
L 1.00424 1.54142 1.00274 1.54442 2 P 0
L 1.00274 1.54442 1.00124 1.55041 2 P 0
L 1.00124 1.55041 1.00124 1.55491 2 P 0
L 1.00124 1.55491 1.00274 1.56091 2 P 0
L 1.00274 1.56091 1.00424 1.56391 2 P 0
L 1.00424 1.56391 1.00724 1.56691 2 P 0
L 1.00724 1.56691 1.01174 1.56841 2 P 0
L 1.01174 1.56841 1.01474 1.56841 2 P 0
L 1.01474 1.56841 1.01924 1.56691 2 P 0
L 1.01924 1.56691 1.02073 1.56541 2 P 0
L 1.03873 1.55491 1.03573 1.55641 2 P 0
L 1.03573 1.55641 1.03423 1.55791 2 P 0
L 1.03423 1.55791 1.03273 1.56091 2 P 0
L 1.03273 1.56091 1.03273 1.56241 2 P 0
L 1.03273 1.56241 1.03423 1.56541 2 P 0
L 1.03423 1.56541 1.03573 1.56691 2 P 0
L 1.03573 1.56691 1.03873 1.56841 2 P 0
L 1.03873 1.56841 1.04473 1.56841 2 P 0
L 1.04473 1.56841 1.04773 1.56691 2 P 0
L 1.04773 1.56691 1.04923 1.56541 2 P 0
L 1.04923 1.56541 1.05073 1.56241 2 P 0
L 1.05073 1.56241 1.05073 1.56091 2 P 0
L 1.05073 1.56091 1.04923 1.55791 2 P 0
L 1.04923 1.55791 1.04773 1.55641 2 P 0
L 1.04773 1.55641 1.04473 1.55491 2 P 0
L 1.04473 1.55491 1.03873 1.55491 2 P 0
L 1.03873 1.55491 1.03573 1.55341 2 P 0
L 1.03573 1.55341 1.03423 1.55191 2 P 0
L 1.03423 1.55191 1.03273 1.54891 2 P 0
L 1.03273 1.54891 1.03273 1.54292 2 P 0
L 1.03273 1.54292 1.03423 1.53992 2 P 0
L 1.03423 1.53992 1.03573 1.53842 2 P 0
L 1.03573 1.53842 1.03873 1.53692 2 P 0
L 1.03873 1.53692 1.04473 1.53692 2 P 0
L 1.04473 1.53692 1.04773 1.53842 2 P 0
L 1.04773 1.53842 1.04923 1.53992 2 P 0
L 1.04923 1.53992 1.05073 1.54292 2 P 0
L 1.05073 1.54292 1.05073 1.54891 2 P 0
L 1.05073 1.54891 1.04923 1.55191 2 P 0
L 1.04923 1.55191 1.04773 1.55341 2 P 0
L 1.04773 1.55341 1.04473 1.55491 2 P 0
L 2.48015 2.22496 2.47865 2.22346 2 P 0
L 2.47865 2.22346 2.47415 2.22196 2 P 0
L 2.47415 2.22196 2.47115 2.22196 2 P 0
L 2.47115 2.22196 2.46665 2.22346 2 P 0
L 2.46665 2.22346 2.46365 2.22646 2 P 0
L 2.46365 2.22646 2.46215 2.22945 2 P 0
L 2.46215 2.22945 2.46065 2.23545 2 P 0
L 2.46065 2.23545 2.46065 2.23995 2 P 0
L 2.46065 2.23995 2.46215 2.24595 2 P 0
L 2.46215 2.24595 2.46365 2.24895 2 P 0
L 2.46365 2.24895 2.46665 2.25195 2 P 0
L 2.46665 2.25195 2.47115 2.25345 2 P 0
L 2.47115 2.25345 2.47415 2.25345 2 P 0
L 2.47415 2.25345 2.47865 2.25195 2 P 0
L 2.47865 2.25195 2.48015 2.25045 2 P 0
L 2.51014 2.22196 2.49214 2.22196 2 P 0
L 2.50114 2.22196 2.50114 2.25345 2 P 0
L 2.50114 2.25345 2.49814 2.24895 2 P 0
L 2.49814 2.24895 2.49514 2.24595 2 P 0
L 2.49514 2.24595 2.49214 2.24445 2 P 0
L 2.52514 2.22196 2.53114 2.22196 2 P 0
L 2.53114 2.22196 2.53414 2.22346 2 P 0
L 2.53414 2.22346 2.53564 2.22496 2 P 0
L 2.53564 2.22496 2.53864 2.22945 2 P 0
L 2.53864 2.22945 2.54014 2.23545 2 P 0
L 2.54014 2.23545 2.54014 2.24745 2 P 0
L 2.54014 2.24745 2.53864 2.25045 2 P 0
L 2.53864 2.25045 2.53714 2.25195 2 P 0
L 2.53714 2.25195 2.53414 2.25345 2 P 0
L 2.53414 2.25345 2.52814 2.25345 2 P 0
L 2.52814 2.25345 2.52514 2.25195 2 P 0
L 2.52514 2.25195 2.52364 2.25045 2 P 0
L 2.52364 2.25045 2.52214 2.24745 2 P 0
L 2.52214 2.24745 2.52214 2.23995 2 P 0
L 2.52214 2.23995 2.52364 2.23695 2 P 0
L 2.52364 2.23695 2.52514 2.23545 2 P 0
L 2.52514 2.23545 2.52814 2.23395 2 P 0
L 2.52814 2.23395 2.53414 2.23395 2 P 0
L 2.53414 2.23395 2.53714 2.23545 2 P 0
L 2.53714 2.23545 2.53864 2.23695 2 P 0
L 2.53864 2.23695 2.54014 2.23995 2 P 0
L 1.47032 1.53881 1.47182 1.53731 2 P 0
L 1.47182 1.53731 1.47332 1.53281 2 P 0
L 1.47332 1.53281 1.47332 1.52981 2 P 0
L 1.47332 1.52981 1.47182 1.52531 2 P 0
L 1.47182 1.52531 1.46882 1.52231 2 P 0
L 1.46882 1.52231 1.46582 1.52081 2 P 0
L 1.46582 1.52081 1.45982 1.51931 2 P 0
L 1.45982 1.51931 1.45532 1.51931 2 P 0
L 1.45532 1.51931 1.44932 1.52081 2 P 0
L 1.44932 1.52081 1.44632 1.52231 2 P 0
L 1.44632 1.52231 1.44332 1.52531 2 P 0
L 1.44332 1.52531 1.44182 1.52981 2 P 0
L 1.44182 1.52981 1.44182 1.53281 2 P 0
L 1.44182 1.53281 1.44332 1.53731 2 P 0
L 1.44332 1.53731 1.44482 1.53881 2 P 0
L 1.47332 1.5688 1.47332 1.5508 2 P 0
L 1.47332 1.5598 1.44182 1.5598 2 P 0
L 1.44182 1.5598 1.44632 1.5568 2 P 0
L 1.44632 1.5568 1.44932 1.5538 2 P 0
L 1.44932 1.5538 1.45082 1.5508 2 P 0
L 1.44182 1.5883 1.44182 1.5913 2 P 0
L 1.44182 1.5913 1.44332 1.5943 2 P 0
L 1.44332 1.5943 1.44482 1.5958 2 P 0
L 1.44482 1.5958 1.44782 1.5973 2 P 0
L 1.44782 1.5973 1.45382 1.5988 2 P 0
L 1.45382 1.5988 1.46132 1.5988 2 P 0
L 1.46132 1.5988 1.46732 1.5973 2 P 0
L 1.46732 1.5973 1.47032 1.5958 2 P 0
L 1.47032 1.5958 1.47182 1.5943 2 P 0
L 1.47182 1.5943 1.47332 1.5913 2 P 0
L 1.47332 1.5913 1.47332 1.5883 2 P 0
L 1.47332 1.5883 1.47182 1.5853 2 P 0
L 1.47182 1.5853 1.47032 1.5838 2 P 0
L 1.47032 1.5838 1.46732 1.5823 2 P 0
L 1.46732 1.5823 1.46132 1.5808 2 P 0
L 1.46132 1.5808 1.45382 1.5808 2 P 0
L 1.45382 1.5808 1.44782 1.5823 2 P 0
L 1.44782 1.5823 1.44482 1.5838 2 P 0
L 1.44482 1.5838 1.44332 1.5853 2 P 0
L 1.44332 1.5853 1.44182 1.5883 2 P 0
L 4.08176 3.56251 4.07126 3.5775 2 P 0
L 4.06376 3.56251 4.06376 3.594 2 P 0
L 4.06376 3.594 4.07576 3.594 2 P 0
L 4.07576 3.594 4.07876 3.5925 2 P 0
L 4.07876 3.5925 4.08026 3.591 2 P 0
L 4.08026 3.591 4.08176 3.588 2 P 0
L 4.08176 3.588 4.08176 3.5835 2 P 0
L 4.08176 3.5835 4.08026 3.58051 2 P 0
L 4.08026 3.58051 4.07876 3.579 2 P 0
L 4.07876 3.579 4.07576 3.5775 2 P 0
L 4.07576 3.5775 4.06376 3.5775 2 P 0
L 4.09976 3.58051 4.09676 3.582 2 P 0
L 4.09676 3.582 4.09526 3.5835 2 P 0
L 4.09526 3.5835 4.09376 3.5865 2 P 0
L 4.09376 3.5865 4.09376 3.588 2 P 0
L 4.09376 3.588 4.09526 3.591 2 P 0
L 4.09526 3.591 4.09676 3.5925 2 P 0
L 4.09676 3.5925 4.09976 3.594 2 P 0
L 4.09976 3.594 4.10576 3.594 2 P 0
L 4.10576 3.594 4.10876 3.5925 2 P 0
L 4.10876 3.5925 4.11025 3.591 2 P 0
L 4.11025 3.591 4.11175 3.588 2 P 0
L 4.11175 3.588 4.11175 3.5865 2 P 0
L 4.11175 3.5865 4.11025 3.5835 2 P 0
L 4.11025 3.5835 4.10876 3.582 2 P 0
L 4.10876 3.582 4.10576 3.58051 2 P 0
L 4.10576 3.58051 4.09976 3.58051 2 P 0
L 4.09976 3.58051 4.09676 3.579 2 P 0
L 4.09676 3.579 4.09526 3.5775 2 P 0
L 4.09526 3.5775 4.09376 3.57451 2 P 0
L 4.09376 3.57451 4.09376 3.56851 2 P 0
L 4.09376 3.56851 4.09526 3.56551 2 P 0
L 4.09526 3.56551 4.09676 3.56401 2 P 0
L 4.09676 3.56401 4.09976 3.56251 2 P 0
L 4.09976 3.56251 4.10576 3.56251 2 P 0
L 4.10576 3.56251 4.10876 3.56401 2 P 0
L 4.10876 3.56401 4.11025 3.56551 2 P 0
L 4.11025 3.56551 4.11175 3.56851 2 P 0
L 4.11175 3.56851 4.11175 3.57451 2 P 0
L 4.11175 3.57451 4.11025 3.5775 2 P 0
L 4.11025 3.5775 4.10876 3.579 2 P 0
L 4.10876 3.579 4.10576 3.58051 2 P 0
L 2.99294 3.31551 2.99144 3.31401 2 P 0
L 2.99144 3.31401 2.98694 3.31251 2 P 0
L 2.98694 3.31251 2.98394 3.31251 2 P 0
L 2.98394 3.31251 2.97944 3.31401 2 P 0
L 2.97944 3.31401 2.97644 3.31701 2 P 0
L 2.97644 3.31701 2.97494 3.32001 2 P 0
L 2.97494 3.32001 2.97344 3.326 2 P 0
L 2.97344 3.326 2.97344 3.33051 2 P 0
L 2.97344 3.33051 2.97494 3.3365 2 P 0
L 2.97494 3.3365 2.97644 3.3395 2 P 0
L 2.97644 3.3395 2.97944 3.3425 2 P 0
L 2.97944 3.3425 2.98394 3.344 2 P 0
L 2.98394 3.344 2.98694 3.344 2 P 0
L 2.98694 3.344 2.99144 3.3425 2 P 0
L 2.99144 3.3425 2.99294 3.341 2 P 0
L 3.01994 3.3335 3.01994 3.31251 2 P 0
L 3.01244 3.3455 3.00494 3.32301 2 P 0
L 3.00494 3.32301 3.02444 3.32301 2 P 0
L 3.05293 3.31251 3.03494 3.31251 2 P 0
L 3.04394 3.31251 3.04394 3.344 2 P 0
L 3.04394 3.344 3.04094 3.3395 2 P 0
L 3.04094 3.3395 3.03794 3.3365 2 P 0
L 3.03794 3.3365 3.03494 3.335 2 P 0
L 0.941995 2.17771 0.940495 2.17621 2 P 0
L 0.940495 2.17621 0.935996 2.17471 2 P 0
L 0.935996 2.17471 0.932996 2.17471 2 P 0
L 0.932996 2.17471 0.928497 2.17621 2 P 0
L 0.928497 2.17621 0.925497 2.17921 2 P 0
L 0.925497 2.17921 0.923997 2.18221 2 P 0
L 0.923997 2.18221 0.922498 2.18821 2 P 0
L 0.922498 2.18821 0.922498 2.19271 2 P 0
L 0.922498 2.19271 0.923997 2.19871 2 P 0
L 0.923997 2.19871 0.925497 2.20171 2 P 0
L 0.925497 2.20171 0.928497 2.20471 2 P 0
L 0.928497 2.20471 0.932996 2.20621 2 P 0
L 0.932996 2.20621 0.935996 2.20621 2 P 0
L 0.935996 2.20621 0.940495 2.20471 2 P 0
L 0.940495 2.20471 0.941995 2.20321 2 P 0
L 0.952494 2.20621 0.973491 2.20621 2 P 0
L 0.973491 2.20621 0.959993 2.17471 2 P 0
L 4.6555 1.59974 4.65737 1.59786 2 P 0
L 4.65737 1.59786 4.65924 1.59224 2 P 0
L 4.65924 1.59224 4.65924 1.58849 2 P 0
L 4.65924 1.58849 4.65737 1.58286 2 P 0
L 4.65737 1.58286 4.65362 1.57911 2 P 0
L 4.65362 1.57911 4.64987 1.57724 2 P 0
L 4.64987 1.57724 4.64237 1.57536 2 P 0
L 4.64237 1.57536 4.63675 1.57536 2 P 0
L 4.63675 1.57536 4.62925 1.57724 2 P 0
L 4.62925 1.57724 4.6255 1.57911 2 P 0
L 4.6255 1.57911 4.62175 1.58286 2 P 0
L 4.62175 1.58286 4.61987 1.58849 2 P 0
L 4.61987 1.58849 4.61987 1.59224 2 P 0
L 4.61987 1.59224 4.62175 1.59786 2 P 0
L 4.62175 1.59786 4.62362 1.59974 2 P 0
L 4.61987 1.61286 4.61987 1.63723 2 P 0
L 4.61987 1.63723 4.63487 1.62411 2 P 0
L 4.63487 1.62411 4.63487 1.62973 2 P 0
L 4.63487 1.62973 4.63675 1.63348 2 P 0
L 4.63675 1.63348 4.63862 1.63536 2 P 0
L 4.63862 1.63536 4.64237 1.63723 2 P 0
L 4.64237 1.63723 4.65175 1.63723 2 P 0
L 4.65175 1.63723 4.6555 1.63536 2 P 0
L 4.6555 1.63536 4.65737 1.63348 2 P 0
L 4.65737 1.63348 4.65924 1.62973 2 P 0
L 4.65924 1.62973 4.65924 1.61848 2 P 0
L 4.65924 1.61848 4.65737 1.61474 2 P 0
L 4.65737 1.61474 4.6555 1.61286 2 P 0
L 7.48211 2.97983 7.47162 2.99483 2 P 0
L 7.46412 2.97983 7.46412 3.01133 2 P 0
L 7.46412 3.01133 7.47612 3.01133 2 P 0
L 7.47612 3.01133 7.47912 3.00983 2 P 0
L 7.47912 3.00983 7.48061 3.00833 2 P 0
L 7.48061 3.00833 7.48211 3.00533 2 P 0
L 7.48211 3.00533 7.48211 3.00083 2 P 0
L 7.48211 3.00083 7.48061 2.99783 2 P 0
L 7.48061 2.99783 7.47912 2.99633 2 P 0
L 7.47912 2.99633 7.47612 2.99483 2 P 0
L 7.47612 2.99483 7.46412 2.99483 2 P 0
L 7.49261 3.01133 7.51211 3.01133 2 P 0
L 7.51211 3.01133 7.50161 2.99933 2 P 0
L 7.50161 2.99933 7.50611 2.99933 2 P 0
L 7.50611 2.99933 7.50911 2.99783 2 P 0
L 7.50911 2.99783 7.51061 2.99633 2 P 0
L 7.51061 2.99633 7.51211 2.99333 2 P 0
L 7.51211 2.99333 7.51211 2.98583 2 P 0
L 7.51211 2.98583 7.51061 2.98283 2 P 0
L 7.51061 2.98283 7.50911 2.98133 2 P 0
L 7.50911 2.98133 7.50611 2.97983 2 P 0
L 7.50611 2.97983 7.49711 2.97983 2 P 0
L 7.49711 2.97983 7.49411 2.98133 2 P 0
L 7.49411 2.98133 7.49261 2.98283 2 P 0
L 7.53911 3.00083 7.53911 2.97983 2 P 0
L 7.53161 3.01283 7.52411 2.99033 2 P 0
L 7.52411 2.99033 7.54361 2.99033 2 P 0
L 2.35221 1.84196 2.35371 1.84046 2 P 0
L 2.35371 1.84046 2.35521 1.83596 2 P 0
L 2.35521 1.83596 2.35521 1.83296 2 P 0
L 2.35521 1.83296 2.35371 1.82846 2 P 0
L 2.35371 1.82846 2.35071 1.82546 2 P 0
L 2.35071 1.82546 2.34771 1.82396 2 P 0
L 2.34771 1.82396 2.34171 1.82246 2 P 0
L 2.34171 1.82246 2.33721 1.82246 2 P 0
L 2.33721 1.82246 2.33121 1.82396 2 P 0
L 2.33121 1.82396 2.32821 1.82546 2 P 0
L 2.32821 1.82546 2.32521 1.82846 2 P 0
L 2.32521 1.82846 2.32371 1.83296 2 P 0
L 2.32371 1.83296 2.32371 1.83596 2 P 0
L 2.32371 1.83596 2.32521 1.84046 2 P 0
L 2.32521 1.84046 2.32671 1.84196 2 P 0
L 2.35521 1.87195 2.35521 1.85396 2 P 0
L 2.35521 1.86295 2.32371 1.86295 2 P 0
L 2.32371 1.86295 2.32821 1.85995 2 P 0
L 2.32821 1.85995 2.33121 1.85695 2 P 0
L 2.33121 1.85695 2.33271 1.85396 2 P 0
L 2.32671 1.88395 2.32521 1.88545 2 P 0
L 2.32521 1.88545 2.32371 1.88845 2 P 0
L 2.32371 1.88845 2.32371 1.89595 2 P 0
L 2.32371 1.89595 2.32521 1.89895 2 P 0
L 2.32521 1.89895 2.32671 1.90045 2 P 0
L 2.32671 1.90045 2.32971 1.90195 2 P 0
L 2.32971 1.90195 2.33271 1.90195 2 P 0
L 2.33271 1.90195 2.33721 1.90045 2 P 0
L 2.33721 1.90045 2.35521 1.88245 2 P 0
L 2.35521 1.88245 2.35521 1.90195 2 P 0
L 2.50967 0.886523 2.49918 0.901521 2 P 0
L 2.49168 0.886523 2.49168 0.918019 2 P 0
L 2.49168 0.918019 2.50367 0.918019 2 P 0
L 2.50367 0.918019 2.50667 0.916519 2 P 0
L 2.50667 0.916519 2.50817 0.915019 2 P 0
L 2.50817 0.915019 2.50967 0.91202 2 P 0
L 2.50967 0.91202 2.50967 0.90752 2 P 0
L 2.50967 0.90752 2.50817 0.904521 2 P 0
L 2.50817 0.904521 2.50667 0.903021 2 P 0
L 2.50667 0.903021 2.50367 0.901521 2 P 0
L 2.50367 0.901521 2.49168 0.901521 2 P 0
L 2.52167 0.915019 2.52317 0.916519 2 P 0
L 2.52317 0.916519 2.52617 0.918019 2 P 0
L 2.52617 0.918019 2.53367 0.918019 2 P 0
L 2.53367 0.918019 2.53667 0.916519 2 P 0
L 2.53667 0.916519 2.53817 0.915019 2 P 0
L 2.53817 0.915019 2.53967 0.91202 2 P 0
L 2.53967 0.91202 2.53967 0.90902 2 P 0
L 2.53967 0.90902 2.53817 0.904521 2 P 0
L 2.53817 0.904521 2.52017 0.886523 2 P 0
L 2.52017 0.886523 2.53967 0.886523 2 P 0
L 2.55767 0.904521 2.55467 0.90602 2 P 0
L 2.55467 0.90602 2.55317 0.90752 2 P 0
L 2.55317 0.90752 2.55167 0.91052 2 P 0
L 2.55167 0.91052 2.55167 0.91202 2 P 0
L 2.55167 0.91202 2.55317 0.915019 2 P 0
L 2.55317 0.915019 2.55467 0.916519 2 P 0
L 2.55467 0.916519 2.55767 0.918019 2 P 0
L 2.55767 0.918019 2.56367 0.918019 2 P 0
L 2.56367 0.918019 2.56667 0.916519 2 P 0
L 2.56667 0.916519 2.56817 0.915019 2 P 0
L 2.56817 0.915019 2.56967 0.91202 2 P 0
L 2.56967 0.91202 2.56967 0.91052 2 P 0
L 2.56967 0.91052 2.56817 0.90752 2 P 0
L 2.56817 0.90752 2.56667 0.90602 2 P 0
L 2.56667 0.90602 2.56367 0.904521 2 P 0
L 2.56367 0.904521 2.55767 0.904521 2 P 0
L 2.55767 0.904521 2.55467 0.903021 2 P 0
L 2.55467 0.903021 2.55317 0.901521 2 P 0
L 2.55317 0.901521 2.55167 0.898521 2 P 0
L 2.55167 0.898521 2.55167 0.892522 2 P 0
L 2.55167 0.892522 2.55317 0.889523 2 P 0
L 2.55317 0.889523 2.55467 0.888023 2 P 0
L 2.55467 0.888023 2.55767 0.886523 2 P 0
L 2.55767 0.886523 2.56367 0.886523 2 P 0
L 2.56367 0.886523 2.56667 0.888023 2 P 0
L 2.56667 0.888023 2.56817 0.889523 2 P 0
L 2.56817 0.889523 2.56967 0.892522 2 P 0
L 2.56967 0.892522 2.56967 0.898521 2 P 0
L 2.56967 0.898521 2.56817 0.901521 2 P 0
L 2.56817 0.901521 2.56667 0.903021 2 P 0
L 2.56667 0.903021 2.56367 0.904521 2 P 0
L 2.69621 0.968956 2.69321 0.970456 2 P 0
L 2.69321 0.970456 2.69021 0.973456 2 P 0
L 2.69021 0.973456 2.68572 0.977955 2 P 0
L 2.68572 0.977955 2.68271 0.979455 2 P 0
L 2.68271 0.979455 2.67971 0.979455 2 P 0
L 2.68121 0.971956 2.67822 0.973456 2 P 0
L 2.67822 0.973456 2.67522 0.976455 2 P 0
L 2.67522 0.976455 2.67372 0.982455 2 P 0
L 2.67372 0.982455 2.67372 0.992953 2 P 0
L 2.67372 0.992953 2.67522 0.998953 2 P 0
L 2.67522 0.998953 2.67822 1.00195 2 P 0
L 2.67822 1.00195 2.68121 1.00345 2 P 0
L 2.68121 1.00345 2.68721 1.00345 2 P 0
L 2.68721 1.00345 2.69021 1.00195 2 P 0
L 2.69021 1.00195 2.69321 0.998953 2 P 0
L 2.69321 0.998953 2.69471 0.992953 2 P 0
L 2.69471 0.992953 2.69471 0.982455 2 P 0
L 2.69471 0.982455 2.69321 0.976455 2 P 0
L 2.69321 0.976455 2.69021 0.973456 2 P 0
L 2.69021 0.973456 2.68721 0.971956 2 P 0
L 2.68721 0.971956 2.68121 0.971956 2 P 0
L 2.72321 1.00345 2.70821 1.00345 2 P 0
L 2.70821 1.00345 2.70671 0.988454 2 P 0
L 2.70671 0.988454 2.70821 0.989954 2 P 0
L 2.70821 0.989954 2.71121 0.991453 2 P 0
L 2.71121 0.991453 2.71871 0.991453 2 P 0
L 2.71871 0.991453 2.72171 0.989954 2 P 0
L 2.72171 0.989954 2.72321 0.988454 2 P 0
L 2.72321 0.988454 2.72471 0.985454 2 P 0
L 2.72471 0.985454 2.72471 0.977955 2 P 0
L 2.72471 0.977955 2.72321 0.974956 2 P 0
L 2.72321 0.974956 2.72171 0.973456 2 P 0
L 2.72171 0.973456 2.71871 0.971956 2 P 0
L 2.71871 0.971956 2.71121 0.971956 2 P 0
L 2.71121 0.971956 2.70821 0.973456 2 P 0
L 2.70821 0.973456 2.70671 0.974956 2 P 0
L 2.61407 3.04691 2.61407 3.03192 2 P 0
L 2.61407 3.03192 2.58257 3.03192 2 P 0
L 2.58557 3.05591 2.58407 3.05741 2 P 0
L 2.58407 3.05741 2.58257 3.06041 2 P 0
L 2.58257 3.06041 2.58257 3.06791 2 P 0
L 2.58257 3.06791 2.58407 3.07091 2 P 0
L 2.58407 3.07091 2.58557 3.07241 2 P 0
L 2.58557 3.07241 2.58857 3.07391 2 P 0
L 2.58857 3.07391 2.59157 3.07391 2 P 0
L 2.59157 3.07391 2.59607 3.07241 2 P 0
L 2.59607 3.07241 2.61407 3.05441 2 P 0
L 2.61407 3.05441 2.61407 3.07391 2 P 0
L 1.78041 1.2829 1.76541 1.2724 2 P 0
L 1.78041 1.2649 1.74891 1.2649 2 P 0
L 1.74891 1.2649 1.74891 1.2769 2 P 0
L 1.74891 1.2769 1.75041 1.2799 2 P 0
L 1.75041 1.2799 1.75191 1.2814 2 P 0
L 1.75191 1.2814 1.75491 1.2829 2 P 0
L 1.75491 1.2829 1.75941 1.2829 2 P 0
L 1.75941 1.2829 1.76241 1.2814 2 P 0
L 1.76241 1.2814 1.76391 1.2799 2 P 0
L 1.76391 1.2799 1.76541 1.2769 2 P 0
L 1.76541 1.2769 1.76541 1.2649 2 P 0
L 1.78041 1.3129 1.78041 1.2949 2 P 0
L 1.78041 1.3039 1.74891 1.3039 2 P 0
L 1.74891 1.3039 1.75341 1.3009 2 P 0
L 1.75341 1.3009 1.75641 1.2979 2 P 0
L 1.75641 1.2979 1.75791 1.2949 2 P 0
L 1.74891 1.33239 1.74891 1.33539 2 P 0
L 1.74891 1.33539 1.75041 1.33839 2 P 0
L 1.75041 1.33839 1.75191 1.33989 2 P 0
L 1.75191 1.33989 1.75491 1.34139 2 P 0
L 1.75491 1.34139 1.76091 1.34289 2 P 0
L 1.76091 1.34289 1.76841 1.34289 2 P 0
L 1.76841 1.34289 1.77441 1.34139 2 P 0
L 1.77441 1.34139 1.77741 1.33989 2 P 0
L 1.77741 1.33989 1.77891 1.33839 2 P 0
L 1.77891 1.33839 1.78041 1.33539 2 P 0
L 1.78041 1.33539 1.78041 1.33239 2 P 0
L 1.78041 1.33239 1.77891 1.32939 2 P 0
L 1.77891 1.32939 1.77741 1.3279 2 P 0
L 1.77741 1.3279 1.77441 1.3264 2 P 0
L 1.77441 1.3264 1.76841 1.3249 2 P 0
L 1.76841 1.3249 1.76091 1.3249 2 P 0
L 1.76091 1.3249 1.75491 1.3264 2 P 0
L 1.75491 1.3264 1.75191 1.3279 2 P 0
L 1.75191 1.3279 1.75041 1.32939 2 P 0
L 1.75041 1.32939 1.74891 1.33239 2 P 0
L 2.06179 0.942428 2.07979 0.942428 2 P 0
L 2.07079 0.910932 2.07079 0.942428 2 P 0
L 2.09029 0.910932 2.09029 0.942428 2 P 0
L 2.09029 0.942428 2.10229 0.942428 2 P 0
L 2.10229 0.942428 2.10529 0.940929 2 P 0
L 2.10529 0.940929 2.10679 0.939429 2 P 0
L 2.10679 0.939429 2.10829 0.936429 2 P 0
L 2.10829 0.936429 2.10829 0.93193 2 P 0
L 2.10829 0.93193 2.10679 0.92893 2 P 0
L 2.10679 0.92893 2.10529 0.92743 2 P 0
L 2.10529 0.92743 2.10229 0.92593 2 P 0
L 2.10229 0.92593 2.09029 0.92593 2 P 0
L 2.12028 0.939429 2.12179 0.940929 2 P 0
L 2.12179 0.940929 2.12478 0.942428 2 P 0
L 2.12478 0.942428 2.13228 0.942428 2 P 0
L 2.13228 0.942428 2.13528 0.940929 2 P 0
L 2.13528 0.940929 2.13678 0.939429 2 P 0
L 2.13678 0.939429 2.13828 0.936429 2 P 0
L 2.13828 0.936429 2.13828 0.93343 2 P 0
L 2.13828 0.93343 2.13678 0.92893 2 P 0
L 2.13678 0.92893 2.11879 0.910932 2 P 0
L 2.11879 0.910932 2.13828 0.910932 2 P 0
L 2.15628 0.92893 2.15328 0.93043 2 P 0
L 2.15328 0.93043 2.15178 0.93193 2 P 0
L 2.15178 0.93193 2.15028 0.934929 2 P 0
L 2.15028 0.934929 2.15028 0.936429 2 P 0
L 2.15028 0.936429 2.15178 0.939429 2 P 0
L 2.15178 0.939429 2.15328 0.940929 2 P 0
L 2.15328 0.940929 2.15628 0.942428 2 P 0
L 2.15628 0.942428 2.16228 0.942428 2 P 0
L 2.16228 0.942428 2.16528 0.940929 2 P 0
L 2.16528 0.940929 2.16678 0.939429 2 P 0
L 2.16678 0.939429 2.16828 0.936429 2 P 0
L 2.16828 0.936429 2.16828 0.934929 2 P 0
L 2.16828 0.934929 2.16678 0.93193 2 P 0
L 2.16678 0.93193 2.16528 0.93043 2 P 0
L 2.16528 0.93043 2.16228 0.92893 2 P 0
L 2.16228 0.92893 2.15628 0.92893 2 P 0
L 2.15628 0.92893 2.15328 0.92743 2 P 0
L 2.15328 0.92743 2.15178 0.92593 2 P 0
L 2.15178 0.92593 2.15028 0.922931 2 P 0
L 2.15028 0.922931 2.15028 0.916932 2 P 0
L 2.15028 0.916932 2.15178 0.913932 2 P 0
L 2.15178 0.913932 2.15328 0.912432 2 P 0
L 2.15328 0.912432 2.15628 0.910932 2 P 0
L 2.15628 0.910932 2.16228 0.910932 2 P 0
L 2.16228 0.910932 2.16528 0.912432 2 P 0
L 2.16528 0.912432 2.16678 0.913932 2 P 0
L 2.16678 0.913932 2.16828 0.916932 2 P 0
L 2.16828 0.916932 2.16828 0.922931 2 P 0
L 2.16828 0.922931 2.16678 0.92593 2 P 0
L 2.16678 0.92593 2.16528 0.92743 2 P 0
L 2.16528 0.92743 2.16228 0.92893 2 P 0
L 7.19171 2.23566 7.20971 2.23566 2 P 0
L 7.20071 2.20416 7.20071 2.23566 2 P 0
L 7.22021 2.20416 7.22021 2.23566 2 P 0
L 7.22021 2.23566 7.23221 2.23566 2 P 0
L 7.23221 2.23566 7.23521 2.23416 2 P 0
L 7.23521 2.23416 7.23671 2.23266 2 P 0
L 7.23671 2.23266 7.23821 2.22966 2 P 0
L 7.23821 2.22966 7.23821 2.22516 2 P 0
L 7.23821 2.22516 7.23671 2.22216 2 P 0
L 7.23671 2.22216 7.23521 2.22066 2 P 0
L 7.23521 2.22066 7.23221 2.21916 2 P 0
L 7.23221 2.21916 7.22021 2.21916 2 P 0
L 7.2667 2.23566 7.25171 2.23566 2 P 0
L 7.25171 2.23566 7.25021 2.22066 2 P 0
L 7.25021 2.22066 7.25171 2.22216 2 P 0
L 7.25171 2.22216 7.25471 2.22366 2 P 0
L 7.25471 2.22366 7.2622 2.22366 2 P 0
L 7.2622 2.22366 7.2652 2.22216 2 P 0
L 7.2652 2.22216 7.2667 2.22066 2 P 0
L 7.2667 2.22066 7.2682 2.21766 2 P 0
L 7.2682 2.21766 7.2682 2.21016 2 P 0
L 7.2682 2.21016 7.2667 2.20716 2 P 0
L 7.2667 2.20716 7.2652 2.20566 2 P 0
L 7.2652 2.20566 7.2622 2.20416 2 P 0
L 7.2622 2.20416 7.25471 2.20416 2 P 0
L 7.25471 2.20416 7.25171 2.20566 2 P 0
L 7.25171 2.20566 7.25021 2.20716 2 P 0
L 7.2967 2.23566 7.2817 2.23566 2 P 0
L 7.2817 2.23566 7.2802 2.22066 2 P 0
L 7.2802 2.22066 7.2817 2.22216 2 P 0
L 7.2817 2.22216 7.2847 2.22366 2 P 0
L 7.2847 2.22366 7.2922 2.22366 2 P 0
L 7.2922 2.22366 7.2952 2.22216 2 P 0
L 7.2952 2.22216 7.2967 2.22066 2 P 0
L 7.2967 2.22066 7.2982 2.21766 2 P 0
L 7.2982 2.21766 7.2982 2.21016 2 P 0
L 7.2982 2.21016 7.2967 2.20716 2 P 0
L 7.2967 2.20716 7.2952 2.20566 2 P 0
L 7.2952 2.20566 7.2922 2.20416 2 P 0
L 7.2922 2.20416 7.2847 2.20416 2 P 0
L 7.2847 2.20416 7.2817 2.20566 2 P 0
L 7.2817 2.20566 7.2802 2.20716 2 P 0
L 1.13271 1.26133 1.12221 1.27632 2 P 0
L 1.11471 1.26133 1.11471 1.29282 2 P 0
L 1.11471 1.29282 1.12671 1.29282 2 P 0
L 1.12671 1.29282 1.12971 1.29132 2 P 0
L 1.12971 1.29132 1.13121 1.28982 2 P 0
L 1.13121 1.28982 1.13271 1.28682 2 P 0
L 1.13271 1.28682 1.13271 1.28232 2 P 0
L 1.13271 1.28232 1.13121 1.27932 2 P 0
L 1.13121 1.27932 1.12971 1.27782 2 P 0
L 1.12971 1.27782 1.12671 1.27632 2 P 0
L 1.12671 1.27632 1.11471 1.27632 2 P 0
L 1.1627 1.26133 1.1447 1.26133 2 P 0
L 1.1537 1.26133 1.1537 1.29282 2 P 0
L 1.1537 1.29282 1.1507 1.28832 2 P 0
L 1.1507 1.28832 1.1477 1.28532 2 P 0
L 1.1477 1.28532 1.1447 1.28382 2 P 0
L 1.1897 1.28232 1.1897 1.26133 2 P 0
L 1.1822 1.29432 1.1747 1.27182 2 P 0
L 1.1747 1.27182 1.1942 1.27182 2 P 0
L 0.705775 2.0192 0.695276 2.0342 2 P 0
L 0.687777 2.0192 0.687777 2.0507 2 P 0
L 0.687777 2.0507 0.699776 2.0507 2 P 0
L 0.699776 2.0507 0.702775 2.0492 2 P 0
L 0.702775 2.0492 0.704275 2.0477 2 P 0
L 0.704275 2.0477 0.705775 2.0447 2 P 0
L 0.705775 2.0447 0.705775 2.0402 2 P 0
L 0.705775 2.0402 0.704275 2.0372 2 P 0
L 0.704275 2.0372 0.702775 2.0357 2 P 0
L 0.702775 2.0357 0.699776 2.0342 2 P 0
L 0.699776 2.0342 0.687777 2.0342 2 P 0
L 0.734271 2.0507 0.719273 2.0507 2 P 0
L 0.719273 2.0507 0.717773 2.0357 2 P 0
L 0.717773 2.0357 0.719273 2.0372 2 P 0
L 0.719273 2.0372 0.722273 2.0387 2 P 0
L 0.722273 2.0387 0.729772 2.0387 2 P 0
L 0.729772 2.0387 0.732771 2.0372 2 P 0
L 0.732771 2.0372 0.734271 2.0357 2 P 0
L 0.734271 2.0357 0.735771 2.0327 2 P 0
L 0.735771 2.0327 0.735771 2.0252 2 P 0
L 0.735771 2.0252 0.734271 2.0222 2 P 0
L 0.734271 2.0222 0.732771 2.0207 2 P 0
L 0.732771 2.0207 0.729772 2.0192 2 P 0
L 0.729772 2.0192 0.722273 2.0192 2 P 0
L 0.722273 2.0192 0.719273 2.0207 2 P 0
L 0.719273 2.0207 0.717773 2.0222 2 P 0
L 1.52242 1.57629 1.54042 1.57629 2 P 0
L 1.53142 1.54479 1.53142 1.57629 2 P 0
L 1.55092 1.54479 1.55092 1.57629 2 P 0
L 1.55092 1.57629 1.56292 1.57629 2 P 0
L 1.56292 1.57629 1.56592 1.57479 2 P 0
L 1.56592 1.57479 1.56742 1.57329 2 P 0
L 1.56742 1.57329 1.56892 1.57029 2 P 0
L 1.56892 1.57029 1.56892 1.56579 2 P 0
L 1.56892 1.56579 1.56742 1.56279 2 P 0
L 1.56742 1.56279 1.56592 1.56129 2 P 0
L 1.56592 1.56129 1.56292 1.55979 2 P 0
L 1.56292 1.55979 1.55092 1.55979 2 P 0
L 1.58091 1.57329 1.58241 1.57479 2 P 0
L 1.58241 1.57479 1.58542 1.57629 2 P 0
L 1.58542 1.57629 1.59291 1.57629 2 P 0
L 1.59291 1.57629 1.59591 1.57479 2 P 0
L 1.59591 1.57479 1.59741 1.57329 2 P 0
L 1.59741 1.57329 1.59891 1.57029 2 P 0
L 1.59891 1.57029 1.59891 1.56729 2 P 0
L 1.59891 1.56729 1.59741 1.56279 2 P 0
L 1.59741 1.56279 1.57942 1.54479 2 P 0
L 1.57942 1.54479 1.59891 1.54479 2 P 0
L 1.62591 1.56579 1.62591 1.54479 2 P 0
L 1.61841 1.57779 1.61091 1.55529 2 P 0
L 1.61091 1.55529 1.63041 1.55529 2 P 0
L 3.12288 2.83802 3.12438 2.83652 2 P 0
L 3.12438 2.83652 3.12588 2.83202 2 P 0
L 3.12588 2.83202 3.12588 2.82902 2 P 0
L 3.12588 2.82902 3.12438 2.82452 2 P 0
L 3.12438 2.82452 3.12138 2.82152 2 P 0
L 3.12138 2.82152 3.11838 2.82002 2 P 0
L 3.11838 2.82002 3.11238 2.81852 2 P 0
L 3.11238 2.81852 3.10788 2.81852 2 P 0
L 3.10788 2.81852 3.10188 2.82002 2 P 0
L 3.10188 2.82002 3.09888 2.82152 2 P 0
L 3.09888 2.82152 3.09588 2.82452 2 P 0
L 3.09588 2.82452 3.09438 2.82902 2 P 0
L 3.09438 2.82902 3.09438 2.83202 2 P 0
L 3.09438 2.83202 3.09588 2.83652 2 P 0
L 3.09588 2.83652 3.09738 2.83802 2 P 0
L 3.09438 2.84852 3.09438 2.86802 2 P 0
L 3.09438 2.86802 3.10638 2.85752 2 P 0
L 3.10638 2.85752 3.10638 2.86202 2 P 0
L 3.10638 2.86202 3.10788 2.86502 2 P 0
L 3.10788 2.86502 3.10938 2.86652 2 P 0
L 3.10938 2.86652 3.11238 2.86802 2 P 0
L 3.11238 2.86802 3.11988 2.86802 2 P 0
L 3.11988 2.86802 3.12288 2.86652 2 P 0
L 3.12288 2.86652 3.12438 2.86502 2 P 0
L 3.12438 2.86502 3.12588 2.86202 2 P 0
L 3.12588 2.86202 3.12588 2.85302 2 P 0
L 3.12588 2.85302 3.12438 2.85002 2 P 0
L 3.12438 2.85002 3.12288 2.84852 2 P 0
L 3.09438 2.89501 3.09438 2.88901 2 P 0
L 3.09438 2.88901 3.09588 2.88601 2 P 0
L 3.09588 2.88601 3.09738 2.88451 2 P 0
L 3.09738 2.88451 3.10188 2.88151 2 P 0
L 3.10188 2.88151 3.10788 2.88001 2 P 0
L 3.10788 2.88001 3.11988 2.88001 2 P 0
L 3.11988 2.88001 3.12288 2.88151 2 P 0
L 3.12288 2.88151 3.12438 2.88301 2 P 0
L 3.12438 2.88301 3.12588 2.88601 2 P 0
L 3.12588 2.88601 3.12588 2.89201 2 P 0
L 3.12588 2.89201 3.12438 2.89501 2 P 0
L 3.12438 2.89501 3.12288 2.89651 2 P 0
L 3.12288 2.89651 3.11988 2.89801 2 P 0
L 3.11988 2.89801 3.11238 2.89801 2 P 0
L 3.11238 2.89801 3.10938 2.89651 2 P 0
L 3.10938 2.89651 3.10788 2.89501 2 P 0
L 3.10788 2.89501 3.10638 2.89201 2 P 0
L 3.10638 2.89201 3.10638 2.88601 2 P 0
L 3.10638 2.88601 3.10788 2.88301 2 P 0
L 3.10788 2.88301 3.10938 2.88151 2 P 0
L 3.10938 2.88151 3.11238 2.88001 2 P 0
L 4.30814 1.67471 4.29764 1.68971 2 P 0
L 4.29014 1.67471 4.29014 1.70621 2 P 0
L 4.29014 1.70621 4.30214 1.70621 2 P 0
L 4.30214 1.70621 4.30514 1.70471 2 P 0
L 4.30514 1.70471 4.30664 1.70321 2 P 0
L 4.30664 1.70321 4.30814 1.70021 2 P 0
L 4.30814 1.70021 4.30814 1.69571 2 P 0
L 4.30814 1.69571 4.30664 1.69271 2 P 0
L 4.30664 1.69271 4.30514 1.69121 2 P 0
L 4.30514 1.69121 4.30214 1.68971 2 P 0
L 4.30214 1.68971 4.29014 1.68971 2 P 0
L 4.31864 1.70621 4.33963 1.70621 2 P 0
L 4.33963 1.70621 4.32613 1.67471 2 P 0
L 7.68384 2.90495 7.70184 2.90495 2 P 0
L 7.69284 2.87345 7.69284 2.90495 2 P 0
L 7.71234 2.87345 7.71234 2.90495 2 P 0
L 7.71234 2.90495 7.72433 2.90495 2 P 0
L 7.72433 2.90495 7.72734 2.90345 2 P 0
L 7.72734 2.90345 7.72883 2.90195 2 P 0
L 7.72883 2.90195 7.73033 2.89895 2 P 0
L 7.73033 2.89895 7.73033 2.89445 2 P 0
L 7.73033 2.89445 7.72883 2.89145 2 P 0
L 7.72883 2.89145 7.72734 2.88995 2 P 0
L 7.72734 2.88995 7.72433 2.88845 2 P 0
L 7.72433 2.88845 7.71234 2.88845 2 P 0
L 7.75883 2.90495 7.74383 2.90495 2 P 0
L 7.74383 2.90495 7.74233 2.88995 2 P 0
L 7.74233 2.88995 7.74383 2.89145 2 P 0
L 7.74383 2.89145 7.74683 2.89295 2 P 0
L 7.74683 2.89295 7.75433 2.89295 2 P 0
L 7.75433 2.89295 7.75733 2.89145 2 P 0
L 7.75733 2.89145 7.75883 2.88995 2 P 0
L 7.75883 2.88995 7.76033 2.88695 2 P 0
L 7.76033 2.88695 7.76033 2.87945 2 P 0
L 7.76033 2.87945 7.75883 2.87645 2 P 0
L 7.75883 2.87645 7.75733 2.87495 2 P 0
L 7.75733 2.87495 7.75433 2.87345 2 P 0
L 7.75433 2.87345 7.74683 2.87345 2 P 0
L 7.74683 2.87345 7.74383 2.87495 2 P 0
L 7.74383 2.87495 7.74233 2.87645 2 P 0
L 7.78733 2.89445 7.78733 2.87345 2 P 0
L 7.77983 2.90645 7.77233 2.88395 2 P 0
L 7.77233 2.88395 7.79183 2.88395 2 P 0
L 2.99294 3.22102 2.99144 3.21952 2 P 0
L 2.99144 3.21952 2.98694 3.21802 2 P 0
L 2.98694 3.21802 2.98394 3.21802 2 P 0
L 2.98394 3.21802 2.97944 3.21952 2 P 0
L 2.97944 3.21952 2.97644 3.22252 2 P 0
L 2.97644 3.22252 2.97494 3.22552 2 P 0
L 2.97494 3.22552 2.97344 3.23152 2 P 0
L 2.97344 3.23152 2.97344 3.23602 2 P 0
L 2.97344 3.23602 2.97494 3.24202 2 P 0
L 2.97494 3.24202 2.97644 3.24502 2 P 0
L 2.97644 3.24502 2.97944 3.24801 2 P 0
L 2.97944 3.24801 2.98394 3.24951 2 P 0
L 2.98394 3.24951 2.98694 3.24951 2 P 0
L 2.98694 3.24951 2.99144 3.24801 2 P 0
L 2.99144 3.24801 2.99294 3.24652 2 P 0
L 3.01994 3.23902 3.01994 3.21802 2 P 0
L 3.01244 3.25101 3.00494 3.22852 2 P 0
L 3.00494 3.22852 3.02444 3.22852 2 P 0
L 3.03494 3.24652 3.03644 3.24801 2 P 0
L 3.03644 3.24801 3.03944 3.24951 2 P 0
L 3.03944 3.24951 3.04693 3.24951 2 P 0
L 3.04693 3.24951 3.04994 3.24801 2 P 0
L 3.04994 3.24801 3.05143 3.24652 2 P 0
L 3.05143 3.24652 3.05293 3.24352 2 P 0
L 3.05293 3.24352 3.05293 3.24052 2 P 0
L 3.05293 3.24052 3.05143 3.23602 2 P 0
L 3.05143 3.23602 3.03344 3.21802 2 P 0
L 3.03344 3.21802 3.05293 3.21802 2 P 0
L 7.7055 1.54949 7.70737 1.54762 2 P 0
L 7.70737 1.54762 7.70924 1.54199 2 P 0
L 7.70924 1.54199 7.70924 1.53824 2 P 0
L 7.70924 1.53824 7.70737 1.53262 2 P 0
L 7.70737 1.53262 7.70362 1.52887 2 P 0
L 7.70362 1.52887 7.69987 1.527 2 P 0
L 7.69987 1.527 7.69237 1.52512 2 P 0
L 7.69237 1.52512 7.68675 1.52512 2 P 0
L 7.68675 1.52512 7.67925 1.527 2 P 0
L 7.67925 1.527 7.6755 1.52887 2 P 0
L 7.6755 1.52887 7.67175 1.53262 2 P 0
L 7.67175 1.53262 7.66987 1.53824 2 P 0
L 7.66987 1.53824 7.66987 1.54199 2 P 0
L 7.66987 1.54199 7.67175 1.54762 2 P 0
L 7.67175 1.54762 7.67362 1.54949 2 P 0
L 7.683 1.58324 7.70924 1.58324 2 P 0
L 7.668 1.57386 7.69612 1.56449 2 P 0
L 7.69612 1.56449 7.69612 1.58886 2 P 0
L 7.66987 1.60011 7.66987 1.62636 2 P 0
L 7.66987 1.62636 7.70924 1.60948 2 P 0
L 5.86584 2.35499 5.85084 2.34449 2 P 0
L 5.86584 2.33699 5.83434 2.33699 2 P 0
L 5.83434 2.33699 5.83434 2.34899 2 P 0
L 5.83434 2.34899 5.83584 2.35199 2 P 0
L 5.83584 2.35199 5.83734 2.35349 2 P 0
L 5.83734 2.35349 5.84034 2.35499 2 P 0
L 5.84034 2.35499 5.84484 2.35499 2 P 0
L 5.84484 2.35499 5.84784 2.35349 2 P 0
L 5.84784 2.35349 5.84934 2.35199 2 P 0
L 5.84934 2.35199 5.85084 2.34899 2 P 0
L 5.85084 2.34899 5.85084 2.33699 2 P 0
L 5.83434 2.36549 5.83434 2.38498 2 P 0
L 5.83434 2.38498 5.84634 2.37448 2 P 0
L 5.84634 2.37448 5.84634 2.37898 2 P 0
L 5.84634 2.37898 5.84784 2.38198 2 P 0
L 5.84784 2.38198 5.84934 2.38348 2 P 0
L 5.84934 2.38348 5.85234 2.38498 2 P 0
L 5.85234 2.38498 5.85984 2.38498 2 P 0
L 5.85984 2.38498 5.86284 2.38348 2 P 0
L 5.86284 2.38348 5.86434 2.38198 2 P 0
L 5.86434 2.38198 5.86584 2.37898 2 P 0
L 5.86584 2.37898 5.86584 2.36998 2 P 0
L 5.86584 2.36998 5.86434 2.36698 2 P 0
L 5.86434 2.36698 5.86284 2.36549 2 P 0
L 1.25082 1.1944 1.24032 1.20939 2 P 0
L 1.23282 1.1944 1.23282 1.22589 2 P 0
L 1.23282 1.22589 1.24482 1.22589 2 P 0
L 1.24482 1.22589 1.24782 1.22439 2 P 0
L 1.24782 1.22439 1.24932 1.22289 2 P 0
L 1.24932 1.22289 1.25082 1.21989 2 P 0
L 1.25082 1.21989 1.25082 1.21539 2 P 0
L 1.25082 1.21539 1.24932 1.21239 2 P 0
L 1.24932 1.21239 1.24782 1.2109 2 P 0
L 1.24782 1.2109 1.24482 1.20939 2 P 0
L 1.24482 1.20939 1.23282 1.20939 2 P 0
L 1.28081 1.1944 1.26281 1.1944 2 P 0
L 1.27181 1.1944 1.27181 1.22589 2 P 0
L 1.27181 1.22589 1.26881 1.22139 2 P 0
L 1.26881 1.22139 1.26581 1.21839 2 P 0
L 1.26581 1.21839 1.26281 1.21689 2 P 0
L 1.29131 1.22589 1.31081 1.22589 2 P 0
L 1.31081 1.22589 1.30031 1.21389 2 P 0
L 1.30031 1.21389 1.30481 1.21389 2 P 0
L 1.30481 1.21389 1.30781 1.21239 2 P 0
L 1.30781 1.21239 1.30931 1.2109 2 P 0
L 1.30931 1.2109 1.31081 1.20789 2 P 0
L 1.31081 1.20789 1.31081 1.2004 2 P 0
L 1.31081 1.2004 1.30931 1.1974 2 P 0
L 1.30931 1.1974 1.30781 1.1959 2 P 0
L 1.30781 1.1959 1.30481 1.1944 2 P 0
L 1.30481 1.1944 1.29581 1.1944 2 P 0
L 1.29581 1.1944 1.29281 1.1959 2 P 0
L 1.29281 1.1959 1.29131 1.1974 2 P 0
L 4.34619 2.83427 4.34432 2.83239 2 P 0
L 4.34432 2.83239 4.3387 2.83052 2 P 0
L 4.3387 2.83052 4.33495 2.83052 2 P 0
L 4.33495 2.83052 4.32932 2.83239 2 P 0
L 4.32932 2.83239 4.32557 2.83614 2 P 0
L 4.32557 2.83614 4.3237 2.83989 2 P 0
L 4.3237 2.83989 4.32182 2.84739 2 P 0
L 4.32182 2.84739 4.32182 2.85302 2 P 0
L 4.32182 2.85302 4.3237 2.86051 2 P 0
L 4.3237 2.86051 4.32557 2.86426 2 P 0
L 4.32557 2.86426 4.32932 2.86801 2 P 0
L 4.32932 2.86801 4.33495 2.86989 2 P 0
L 4.33495 2.86989 4.3387 2.86989 2 P 0
L 4.3387 2.86989 4.34432 2.86801 2 P 0
L 4.34432 2.86801 4.34619 2.86614 2 P 0
L 4.37994 2.85676 4.37994 2.83052 2 P 0
L 4.37057 2.87176 4.36119 2.84364 2 P 0
L 4.36119 2.84364 4.38556 2.84364 2 P 0
L 7.42804 1.53187 7.45354 1.53187 2 P 0
L 7.45354 1.53187 7.45654 1.53337 2 P 0
L 7.45654 1.53337 7.45804 1.53487 2 P 0
L 7.45804 1.53487 7.45954 1.53787 2 P 0
L 7.45954 1.53787 7.45954 1.54387 2 P 0
L 7.45954 1.54387 7.45804 1.54687 2 P 0
L 7.45804 1.54687 7.45654 1.54837 2 P 0
L 7.45654 1.54837 7.45354 1.54987 2 P 0
L 7.45354 1.54987 7.42804 1.54987 2 P 0
L 7.45954 1.58136 7.45954 1.56337 2 P 0
L 7.45954 1.57237 7.42804 1.57237 2 P 0
L 7.42804 1.57237 7.43254 1.56936 2 P 0
L 7.43254 1.56936 7.43554 1.56637 2 P 0
L 7.43554 1.56637 7.43704 1.56337 2 P 0
L 7.42804 1.60086 7.42804 1.60386 2 P 0
L 7.42804 1.60386 7.42954 1.60686 2 P 0
L 7.42954 1.60686 7.43104 1.60836 2 P 0
L 7.43104 1.60836 7.43404 1.60986 2 P 0
L 7.43404 1.60986 7.44004 1.61136 2 P 0
L 7.44004 1.61136 7.44754 1.61136 2 P 0
L 7.44754 1.61136 7.45354 1.60986 2 P 0
L 7.45354 1.60986 7.45654 1.60836 2 P 0
L 7.45654 1.60836 7.45804 1.60686 2 P 0
L 7.45804 1.60686 7.45954 1.60386 2 P 0
L 7.45954 1.60386 7.45954 1.60086 2 P 0
L 7.45954 1.60086 7.45804 1.59786 2 P 0
L 7.45804 1.59786 7.45654 1.59636 2 P 0
L 7.45654 1.59636 7.45354 1.59486 2 P 0
L 7.45354 1.59486 7.44754 1.59336 2 P 0
L 7.44754 1.59336 7.44004 1.59336 2 P 0
L 7.44004 1.59336 7.43404 1.59486 2 P 0
L 7.43404 1.59486 7.43104 1.59636 2 P 0
L 7.43104 1.59636 7.42954 1.59786 2 P 0
L 7.42954 1.59786 7.42804 1.60086 2 P 0
L 2.94571 2.79471 2.94721 2.79321 2 P 0
L 2.94721 2.79321 2.94871 2.78871 2 P 0
L 2.94871 2.78871 2.94871 2.78571 2 P 0
L 2.94871 2.78571 2.94721 2.78121 2 P 0
L 2.94721 2.78121 2.94421 2.77821 2 P 0
L 2.94421 2.77821 2.94121 2.77671 2 P 0
L 2.94121 2.77671 2.93521 2.77521 2 P 0
L 2.93521 2.77521 2.93071 2.77521 2 P 0
L 2.93071 2.77521 2.92472 2.77671 2 P 0
L 2.92472 2.77671 2.92172 2.77821 2 P 0
L 2.92172 2.77821 2.91872 2.78121 2 P 0
L 2.91872 2.78121 2.91722 2.78571 2 P 0
L 2.91722 2.78571 2.91722 2.78871 2 P 0
L 2.91722 2.78871 2.91872 2.79321 2 P 0
L 2.91872 2.79321 2.92022 2.79471 2 P 0
L 2.91722 2.80521 2.91722 2.82471 2 P 0
L 2.91722 2.82471 2.92921 2.81421 2 P 0
L 2.92921 2.81421 2.92921 2.81871 2 P 0
L 2.92921 2.81871 2.93071 2.82171 2 P 0
L 2.93071 2.82171 2.93221 2.82321 2 P 0
L 2.93221 2.82321 2.93521 2.82471 2 P 0
L 2.93521 2.82471 2.94271 2.82471 2 P 0
L 2.94271 2.82471 2.94571 2.82321 2 P 0
L 2.94571 2.82321 2.94721 2.82171 2 P 0
L 2.94721 2.82171 2.94871 2.81871 2 P 0
L 2.94871 2.81871 2.94871 2.80971 2 P 0
L 2.94871 2.80971 2.94721 2.80671 2 P 0
L 2.94721 2.80671 2.94571 2.80521 2 P 0
L 2.92772 2.8517 2.94871 2.8517 2 P 0
L 2.91572 2.84421 2.93821 2.83671 2 P 0
L 2.93821 2.83671 2.93821 2.8562 2 P 0
L 2.22321 1.20227 2.24121 1.20227 2 P 0
L 2.23221 1.17077 2.23221 1.20227 2 P 0
L 2.25171 1.17077 2.25171 1.20227 2 P 0
L 2.25171 1.20227 2.2637 1.20227 2 P 0
L 2.2637 1.20227 2.2667 1.20077 2 P 0
L 2.2667 1.20077 2.2682 1.19927 2 P 0
L 2.2682 1.19927 2.2697 1.19627 2 P 0
L 2.2697 1.19627 2.2697 1.19177 2 P 0
L 2.2697 1.19177 2.2682 1.18877 2 P 0
L 2.2682 1.18877 2.2667 1.18727 2 P 0
L 2.2667 1.18727 2.2637 1.18577 2 P 0
L 2.2637 1.18577 2.25171 1.18577 2 P 0
L 2.2802 1.20227 2.2997 1.20227 2 P 0
L 2.2997 1.20227 2.2892 1.19027 2 P 0
L 2.2892 1.19027 2.2937 1.19027 2 P 0
L 2.2937 1.19027 2.2967 1.18877 2 P 0
L 2.2967 1.18877 2.2982 1.18727 2 P 0
L 2.2982 1.18727 2.2997 1.18427 2 P 0
L 2.2997 1.18427 2.2997 1.17677 2 P 0
L 2.2997 1.17677 2.2982 1.17377 2 P 0
L 2.2982 1.17377 2.2967 1.17227 2 P 0
L 2.2967 1.17227 2.2937 1.17077 2 P 0
L 2.2937 1.17077 2.2847 1.17077 2 P 0
L 2.2847 1.17077 2.2817 1.17227 2 P 0
L 2.2817 1.17227 2.2802 1.17377 2 P 0
L 2.3282 1.20227 2.3132 1.20227 2 P 0
L 2.3132 1.20227 2.3117 1.18727 2 P 0
L 2.3117 1.18727 2.3132 1.18877 2 P 0
L 2.3132 1.18877 2.3162 1.19027 2 P 0
L 2.3162 1.19027 2.3237 1.19027 2 P 0
L 2.3237 1.19027 2.3267 1.18877 2 P 0
L 2.3267 1.18877 2.3282 1.18727 2 P 0
L 2.3282 1.18727 2.3297 1.18427 2 P 0
L 2.3297 1.18427 2.3297 1.17677 2 P 0
L 2.3297 1.17677 2.3282 1.17377 2 P 0
L 2.3282 1.17377 2.3267 1.17227 2 P 0
L 2.3267 1.17227 2.3237 1.17077 2 P 0
L 2.3237 1.17077 2.3162 1.17077 2 P 0
L 2.3162 1.17077 2.3132 1.17227 2 P 0
L 2.3132 1.17227 2.3117 1.17377 2 P 0
L 4.08159 3.27128 4.10708 3.27128 2 P 0
L 4.10708 3.27128 4.11008 3.27278 2 P 0
L 4.11008 3.27278 4.11158 3.27428 2 P 0
L 4.11158 3.27428 4.11308 3.27728 2 P 0
L 4.11308 3.27728 4.11308 3.28328 2 P 0
L 4.11308 3.28328 4.11158 3.28628 2 P 0
L 4.11158 3.28628 4.11008 3.28778 2 P 0
L 4.11008 3.28778 4.10708 3.28927 2 P 0
L 4.10708 3.28927 4.08159 3.28927 2 P 0
L 4.09209 3.31777 4.11308 3.31777 2 P 0
L 4.08009 3.31027 4.10258 3.30277 2 P 0
L 4.10258 3.30277 4.10258 3.32227 2 P 0
L 0.631909 3.41676 0.649907 3.41676 2 P 0
L 0.640908 3.38526 0.640908 3.41676 2 P 0
L 0.660405 3.38526 0.660405 3.41676 2 P 0
L 0.660405 3.41676 0.672404 3.41676 2 P 0
L 0.672404 3.41676 0.675404 3.41526 2 P 0
L 0.675404 3.41526 0.676903 3.41376 2 P 0
L 0.676903 3.41376 0.678403 3.41076 2 P 0
L 0.678403 3.41076 0.678403 3.40626 2 P 0
L 0.678403 3.40626 0.676903 3.40326 2 P 0
L 0.676903 3.40326 0.675404 3.40176 2 P 0
L 0.675404 3.40176 0.672404 3.40026 2 P 0
L 0.672404 3.40026 0.660405 3.40026 2 P 0
L 0.690402 3.41376 0.691901 3.41526 2 P 0
L 0.691901 3.41526 0.694901 3.41676 2 P 0
L 0.694901 3.41676 0.7024 3.41676 2 P 0
L 0.7024 3.41676 0.7054 3.41526 2 P 0
L 0.7054 3.41526 0.7069 3.41376 2 P 0
L 0.7069 3.41376 0.708399 3.41076 2 P 0
L 0.708399 3.41076 0.708399 3.40776 2 P 0
L 0.708399 3.40776 0.7069 3.40326 2 P 0
L 0.7069 3.40326 0.688902 3.38526 2 P 0
L 0.688902 3.38526 0.708399 3.38526 2 P 0
L 4.70578 3.46233 4.72828 3.46233 2 P 0
L 4.71703 3.42296 4.71703 3.46233 2 P 0
L 4.7414 3.42296 4.7414 3.46233 2 P 0
L 4.7414 3.46233 4.7564 3.46233 2 P 0
L 4.7564 3.46233 4.76015 3.46045 2 P 0
L 4.76015 3.46045 4.76203 3.45858 2 P 0
L 4.76203 3.45858 4.7639 3.45483 2 P 0
L 4.7639 3.45483 4.7639 3.44921 2 P 0
L 4.7639 3.44921 4.76203 3.44546 2 P 0
L 4.76203 3.44546 4.76015 3.44358 2 P 0
L 4.76015 3.44358 4.7564 3.44171 2 P 0
L 4.7564 3.44171 4.7414 3.44171 2 P 0
L 4.8014 3.42296 4.7789 3.42296 2 P 0
L 4.79015 3.42296 4.79015 3.46233 2 P 0
L 4.79015 3.46233 4.7864 3.4567 2 P 0
L 4.7864 3.4567 4.78265 3.45295 2 P 0
L 4.78265 3.45295 4.7789 3.45108 2 P 0
L 4.82577 3.46233 4.82952 3.46233 2 P 0
L 4.82952 3.46233 4.83327 3.46045 2 P 0
L 4.83327 3.46045 4.83514 3.45858 2 P 0
L 4.83514 3.45858 4.83702 3.45483 2 P 0
L 4.83702 3.45483 4.83889 3.44733 2 P 0
L 4.83889 3.44733 4.83889 3.43796 2 P 0
L 4.83889 3.43796 4.83702 3.43046 2 P 0
L 4.83702 3.43046 4.83514 3.42671 2 P 0
L 4.83514 3.42671 4.83327 3.42483 2 P 0
L 4.83327 3.42483 4.82952 3.42296 2 P 0
L 4.82952 3.42296 4.82577 3.42296 2 P 0
L 4.82577 3.42296 4.82202 3.42483 2 P 0
L 4.82202 3.42483 4.82015 3.42671 2 P 0
L 4.82015 3.42671 4.81827 3.43046 2 P 0
L 4.81827 3.43046 4.81639 3.43796 2 P 0
L 4.81639 3.43796 4.81639 3.44733 2 P 0
L 4.81639 3.44733 4.81827 3.45483 2 P 0
L 4.81827 3.45483 4.82015 3.45858 2 P 0
L 4.82015 3.45858 4.82202 3.46045 2 P 0
L 4.82202 3.46045 4.82577 3.46233 2 P 0
L 2.75771 1.96014 2.74721 1.97514 2 P 0
L 2.73971 1.96014 2.73971 1.99164 2 P 0
L 2.73971 1.99164 2.75171 1.99164 2 P 0
L 2.75171 1.99164 2.75471 1.99014 2 P 0
L 2.75471 1.99014 2.75621 1.98864 2 P 0
L 2.75621 1.98864 2.75771 1.98564 2 P 0
L 2.75771 1.98564 2.75771 1.98114 2 P 0
L 2.75771 1.98114 2.75621 1.97814 2 P 0
L 2.75621 1.97814 2.75471 1.97664 2 P 0
L 2.75471 1.97664 2.75171 1.97514 2 P 0
L 2.75171 1.97514 2.73971 1.97514 2 P 0
L 2.7697 1.98864 2.7712 1.99014 2 P 0
L 2.7712 1.99014 2.7742 1.99164 2 P 0
L 2.7742 1.99164 2.7817 1.99164 2 P 0
L 2.7817 1.99164 2.7847 1.99014 2 P 0
L 2.7847 1.99014 2.7862 1.98864 2 P 0
L 2.7862 1.98864 2.7877 1.98564 2 P 0
L 2.7877 1.98564 2.7877 1.98264 2 P 0
L 2.7877 1.98264 2.7862 1.97814 2 P 0
L 2.7862 1.97814 2.7682 1.96014 2 P 0
L 2.7682 1.96014 2.7877 1.96014 2 P 0
L 2.8147 1.98114 2.8147 1.96014 2 P 0
L 2.8072 1.99314 2.7997 1.97064 2 P 0
L 2.7997 1.97064 2.8192 1.97064 2 P 0
L 1.80796 0.523059 1.79297 0.51256 2 P 0
L 1.80796 0.505061 1.77647 0.505061 2 P 0
L 1.77647 0.505061 1.77647 0.517059 2 P 0
L 1.77647 0.517059 1.77797 0.520059 2 P 0
L 1.77797 0.520059 1.77947 0.521559 2 P 0
L 1.77947 0.521559 1.78247 0.523059 2 P 0
L 1.78247 0.523059 1.78697 0.523059 2 P 0
L 1.78697 0.523059 1.78997 0.521559 2 P 0
L 1.78997 0.521559 1.79147 0.520059 2 P 0
L 1.79147 0.520059 1.79297 0.517059 2 P 0
L 1.79297 0.517059 1.79297 0.505061 2 P 0
L 1.77947 0.535057 1.77797 0.536557 2 P 0
L 1.77797 0.536557 1.77647 0.539557 2 P 0
L 1.77647 0.539557 1.77647 0.547056 2 P 0
L 1.77647 0.547056 1.77797 0.550055 2 P 0
L 1.77797 0.550055 1.77947 0.551555 2 P 0
L 1.77947 0.551555 1.78247 0.553055 2 P 0
L 1.78247 0.553055 1.78547 0.553055 2 P 0
L 1.78547 0.553055 1.78997 0.551555 2 P 0
L 1.78997 0.551555 1.80796 0.533557 2 P 0
L 1.80796 0.533557 1.80796 0.553055 2 P 0
L 1.80796 0.583051 1.80796 0.565053 2 P 0
L 1.80796 0.574052 1.77647 0.574052 2 P 0
L 1.77647 0.574052 1.78097 0.571053 2 P 0
L 1.78097 0.571053 1.78397 0.568053 2 P 0
L 1.78397 0.568053 1.78547 0.565053 2 P 0
L 7.71061 2.69516 7.71249 2.69329 2 P 0
L 7.71249 2.69329 7.71436 2.68766 2 P 0
L 7.71436 2.68766 7.71436 2.68391 2 P 0
L 7.71436 2.68391 7.71249 2.67829 2 P 0
L 7.71249 2.67829 7.70874 2.67454 2 P 0
L 7.70874 2.67454 7.70499 2.67266 2 P 0
L 7.70499 2.67266 7.69749 2.67079 2 P 0
L 7.69749 2.67079 7.69187 2.67079 2 P 0
L 7.69187 2.67079 7.68437 2.67266 2 P 0
L 7.68437 2.67266 7.68062 2.67454 2 P 0
L 7.68062 2.67454 7.67687 2.67829 2 P 0
L 7.67687 2.67829 7.67499 2.68391 2 P 0
L 7.67499 2.68391 7.67499 2.68766 2 P 0
L 7.67499 2.68766 7.67687 2.69329 2 P 0
L 7.67687 2.69329 7.67874 2.69516 2 P 0
L 7.68812 2.72891 7.71436 2.72891 2 P 0
L 7.67312 2.71953 7.70124 2.71016 2 P 0
L 7.70124 2.71016 7.70124 2.73453 2 P 0
L 7.67499 2.76828 7.67499 2.74953 2 P 0
L 7.67499 2.74953 7.69374 2.74766 2 P 0
L 7.69374 2.74766 7.69187 2.74953 2 P 0
L 7.69187 2.74953 7.68999 2.75328 2 P 0
L 7.68999 2.75328 7.68999 2.76265 2 P 0
L 7.68999 2.76265 7.69187 2.7664 2 P 0
L 7.69187 2.7664 7.69374 2.76828 2 P 0
L 7.69374 2.76828 7.69749 2.77015 2 P 0
L 7.69749 2.77015 7.70686 2.77015 2 P 0
L 7.70686 2.77015 7.71061 2.76828 2 P 0
L 7.71061 2.76828 7.71249 2.7664 2 P 0
L 7.71249 2.7664 7.71436 2.76265 2 P 0
L 7.71436 2.76265 7.71436 2.75328 2 P 0
L 7.71436 2.75328 7.71249 2.74953 2 P 0
L 7.71249 2.74953 7.71061 2.74766 2 P 0
L 3.57174 3.2829 3.55675 3.2724 2 P 0
L 3.57174 3.2649 3.54025 3.2649 2 P 0
L 3.54025 3.2649 3.54025 3.2769 2 P 0
L 3.54025 3.2769 3.54175 3.2799 2 P 0
L 3.54175 3.2799 3.54325 3.2814 2 P 0
L 3.54325 3.2814 3.54625 3.2829 2 P 0
L 3.54625 3.2829 3.55075 3.2829 2 P 0
L 3.55075 3.2829 3.55375 3.2814 2 P 0
L 3.55375 3.2814 3.55525 3.2799 2 P 0
L 3.55525 3.2799 3.55675 3.2769 2 P 0
L 3.55675 3.2769 3.55675 3.2649 2 P 0
L 3.54025 3.2934 3.54025 3.3129 2 P 0
L 3.54025 3.3129 3.55225 3.3024 2 P 0
L 3.55225 3.3024 3.55225 3.3069 2 P 0
L 3.55225 3.3069 3.55375 3.3099 2 P 0
L 3.55375 3.3099 3.55525 3.3114 2 P 0
L 3.55525 3.3114 3.55825 3.3129 2 P 0
L 3.55825 3.3129 3.56574 3.3129 2 P 0
L 3.56574 3.3129 3.56874 3.3114 2 P 0
L 3.56874 3.3114 3.57024 3.3099 2 P 0
L 3.57024 3.3099 3.57174 3.3069 2 P 0
L 3.57174 3.3069 3.57174 3.2979 2 P 0
L 3.57174 3.2979 3.57024 3.2949 2 P 0
L 3.57024 3.2949 3.56874 3.2934 2 P 0
L 3.57174 3.34289 3.57174 3.3249 2 P 0
L 3.57174 3.3339 3.54025 3.3339 2 P 0
L 3.54025 3.3339 3.54475 3.33089 2 P 0
L 3.54475 3.33089 3.54775 3.3279 2 P 0
L 3.54775 3.3279 3.54925 3.3249 2 P 0
L 2.70254 2.8431 2.72054 2.8431 2 P 0
L 2.71154 2.8116 2.71154 2.8431 2 P 0
L 2.73104 2.8116 2.73104 2.8431 2 P 0
L 2.73104 2.8431 2.74304 2.8431 2 P 0
L 2.74304 2.8431 2.74604 2.8416 2 P 0
L 2.74604 2.8416 2.74754 2.8401 2 P 0
L 2.74754 2.8401 2.74903 2.8371 2 P 0
L 2.74903 2.8371 2.74903 2.8326 2 P 0
L 2.74903 2.8326 2.74754 2.8296 2 P 0
L 2.74754 2.8296 2.74604 2.8281 2 P 0
L 2.74604 2.8281 2.74304 2.8266 2 P 0
L 2.74304 2.8266 2.73104 2.8266 2 P 0
L 2.77603 2.8326 2.77603 2.8116 2 P 0
L 2.76853 2.8446 2.76103 2.8221 2 P 0
L 2.76103 2.8221 2.78053 2.8221 2 P 0
L 2.78953 2.8431 2.81053 2.8431 2 P 0
L 2.81053 2.8431 2.79703 2.8116 2 P 0
L 1.80101 0.618656 1.79951 0.617157 2 P 0
L 1.79951 0.617157 1.79501 0.615657 2 P 0
L 1.79501 0.615657 1.79201 0.615657 2 P 0
L 1.79201 0.615657 1.78751 0.617157 2 P 0
L 1.78751 0.617157 1.78451 0.620156 2 P 0
L 1.78451 0.620156 1.78302 0.623156 2 P 0
L 1.78302 0.623156 1.78151 0.629155 2 P 0
L 1.78151 0.629155 1.78151 0.633654 2 P 0
L 1.78151 0.633654 1.78302 0.639654 2 P 0
L 1.78302 0.639654 1.78451 0.642653 2 P 0
L 1.78451 0.642653 1.78751 0.645653 2 P 0
L 1.78751 0.645653 1.79201 0.647153 2 P 0
L 1.79201 0.647153 1.79501 0.647153 2 P 0
L 1.79501 0.647153 1.79951 0.645653 2 P 0
L 1.79951 0.645653 1.80101 0.644153 2 P 0
L 1.81151 0.647153 1.83101 0.647153 2 P 0
L 1.83101 0.647153 1.82051 0.635154 2 P 0
L 1.82051 0.635154 1.82501 0.635154 2 P 0
L 1.82501 0.635154 1.82801 0.633654 2 P 0
L 1.82801 0.633654 1.82951 0.632155 2 P 0
L 1.82951 0.632155 1.83101 0.629155 2 P 0
L 1.83101 0.629155 1.83101 0.621656 2 P 0
L 1.83101 0.621656 1.82951 0.618656 2 P 0
L 1.82951 0.618656 1.82801 0.617157 2 P 0
L 1.82801 0.617157 1.82501 0.615657 2 P 0
L 1.82501 0.615657 1.81601 0.615657 2 P 0
L 1.81601 0.615657 1.81301 0.617157 2 P 0
L 1.81301 0.617157 1.81151 0.618656 2 P 0
L 1.84151 0.647153 1.86101 0.647153 2 P 0
L 1.86101 0.647153 1.85051 0.635154 2 P 0
L 1.85051 0.635154 1.85501 0.635154 2 P 0
L 1.85501 0.635154 1.85801 0.633654 2 P 0
L 1.85801 0.633654 1.85951 0.632155 2 P 0
L 1.85951 0.632155 1.86101 0.629155 2 P 0
L 1.86101 0.629155 1.86101 0.621656 2 P 0
L 1.86101 0.621656 1.85951 0.618656 2 P 0
L 1.85951 0.618656 1.85801 0.617157 2 P 0
L 1.85801 0.617157 1.85501 0.615657 2 P 0
L 1.85501 0.615657 1.84601 0.615657 2 P 0
L 1.84601 0.615657 1.84301 0.617157 2 P 0
L 1.84301 0.617157 1.84151 0.618656 2 P 0
L 2.5766 2.22496 2.5751 2.22346 2 P 0
L 2.5751 2.22346 2.5706 2.22196 2 P 0
L 2.5706 2.22196 2.5676 2.22196 2 P 0
L 2.5676 2.22196 2.5631 2.22346 2 P 0
L 2.5631 2.22346 2.56011 2.22646 2 P 0
L 2.56011 2.22646 2.55861 2.22945 2 P 0
L 2.55861 2.22945 2.55711 2.23545 2 P 0
L 2.55711 2.23545 2.55711 2.23995 2 P 0
L 2.55711 2.23995 2.55861 2.24595 2 P 0
L 2.55861 2.24595 2.56011 2.24895 2 P 0
L 2.56011 2.24895 2.5631 2.25195 2 P 0
L 2.5631 2.25195 2.5676 2.25345 2 P 0
L 2.5676 2.25345 2.5706 2.25345 2 P 0
L 2.5706 2.25345 2.5751 2.25195 2 P 0
L 2.5751 2.25195 2.5766 2.25045 2 P 0
L 2.5886 2.25045 2.5901 2.25195 2 P 0
L 2.5901 2.25195 2.5931 2.25345 2 P 0
L 2.5931 2.25345 2.6006 2.25345 2 P 0
L 2.6006 2.25345 2.6036 2.25195 2 P 0
L 2.6036 2.25195 2.6051 2.25045 2 P 0
L 2.6051 2.25045 2.6066 2.24745 2 P 0
L 2.6066 2.24745 2.6066 2.24445 2 P 0
L 2.6066 2.24445 2.6051 2.23995 2 P 0
L 2.6051 2.23995 2.5871 2.22196 2 P 0
L 2.5871 2.22196 2.6066 2.22196 2 P 0
L 2.6261 2.25345 2.6291 2.25345 2 P 0
L 2.6291 2.25345 2.6321 2.25195 2 P 0
L 2.6321 2.25195 2.6336 2.25045 2 P 0
L 2.6336 2.25045 2.6351 2.24745 2 P 0
L 2.6351 2.24745 2.6366 2.24145 2 P 0
L 2.6366 2.24145 2.6366 2.23395 2 P 0
L 2.6366 2.23395 2.6351 2.22795 2 P 0
L 2.6351 2.22795 2.6336 2.22496 2 P 0
L 2.6336 2.22496 2.6321 2.22346 2 P 0
L 2.6321 2.22346 2.6291 2.22196 2 P 0
L 2.6291 2.22196 2.6261 2.22196 2 P 0
L 2.6261 2.22196 2.6231 2.22346 2 P 0
L 2.6231 2.22346 2.6216 2.22496 2 P 0
L 2.6216 2.22496 2.6201 2.22795 2 P 0
L 2.6201 2.22795 2.6186 2.23395 2 P 0
L 2.6186 2.23395 2.6186 2.24145 2 P 0
L 2.6186 2.24145 2.6201 2.24745 2 P 0
L 2.6201 2.24745 2.6216 2.25045 2 P 0
L 2.6216 2.25045 2.6231 2.25195 2 P 0
L 2.6231 2.25195 2.6261 2.25345 2 P 0
L 1.8551 0.485735 1.8731 0.485735 2 P 0
L 1.8641 0.454239 1.8641 0.485735 2 P 0
L 1.8836 0.454239 1.8836 0.485735 2 P 0
L 1.8836 0.485735 1.89559 0.485735 2 P 0
L 1.89559 0.485735 1.89859 0.484236 2 P 0
L 1.89859 0.484236 1.90009 0.482736 2 P 0
L 1.90009 0.482736 1.90159 0.479736 2 P 0
L 1.90159 0.479736 1.90159 0.475237 2 P 0
L 1.90159 0.475237 1.90009 0.472237 2 P 0
L 1.90009 0.472237 1.89859 0.470737 2 P 0
L 1.89859 0.470737 1.89559 0.469238 2 P 0
L 1.89559 0.469238 1.8836 0.469238 2 P 0
L 1.92859 0.475237 1.92859 0.454239 2 P 0
L 1.92109 0.487235 1.91359 0.464738 2 P 0
L 1.91359 0.464738 1.93309 0.464738 2 P 0
L 1.95109 0.485735 1.95409 0.485735 2 P 0
L 1.95409 0.485735 1.95709 0.484236 2 P 0
L 1.95709 0.484236 1.95859 0.482736 2 P 0
L 1.95859 0.482736 1.96009 0.479736 2 P 0
L 1.96009 0.479736 1.96159 0.473737 2 P 0
L 1.96159 0.473737 1.96159 0.466238 2 P 0
L 1.96159 0.466238 1.96009 0.460239 2 P 0
L 1.96009 0.460239 1.95859 0.457239 2 P 0
L 1.95859 0.457239 1.95709 0.455739 2 P 0
L 1.95709 0.455739 1.95409 0.454239 2 P 0
L 1.95409 0.454239 1.95109 0.454239 2 P 0
L 1.95109 0.454239 1.94809 0.455739 2 P 0
L 1.94809 0.455739 1.94659 0.457239 2 P 0
L 1.94659 0.457239 1.94509 0.460239 2 P 0
L 1.94509 0.460239 1.94359 0.466238 2 P 0
L 1.94359 0.466238 1.94359 0.473737 2 P 0
L 1.94359 0.473737 1.94509 0.479736 2 P 0
L 1.94509 0.479736 1.94659 0.482736 2 P 0
L 1.94659 0.482736 1.94809 0.484236 2 P 0
L 1.94809 0.484236 1.95109 0.485735 2 P 0
L 2.16416 1.2692 2.18215 1.2692 2 P 0
L 2.17315 1.2377 2.17315 1.2692 2 P 0
L 2.19265 1.2377 2.19265 1.2692 2 P 0
L 2.19265 1.2692 2.20465 1.2692 2 P 0
L 2.20465 1.2692 2.20765 1.2677 2 P 0
L 2.20765 1.2677 2.20915 1.2662 2 P 0
L 2.20915 1.2662 2.21065 1.2632 2 P 0
L 2.21065 1.2632 2.21065 1.2587 2 P 0
L 2.21065 1.2587 2.20915 1.2557 2 P 0
L 2.20915 1.2557 2.20765 1.2542 2 P 0
L 2.20765 1.2542 2.20465 1.2527 2 P 0
L 2.20465 1.2527 2.19265 1.2527 2 P 0
L 2.22265 1.2662 2.22415 1.2677 2 P 0
L 2.22415 1.2677 2.22715 1.2692 2 P 0
L 2.22715 1.2692 2.23465 1.2692 2 P 0
L 2.23465 1.2692 2.23765 1.2677 2 P 0
L 2.23765 1.2677 2.23915 1.2662 2 P 0
L 2.23915 1.2662 2.24064 1.2632 2 P 0
L 2.24064 1.2632 2.24064 1.2602 2 P 0
L 2.24064 1.2602 2.23915 1.2557 2 P 0
L 2.23915 1.2557 2.22115 1.2377 2 P 0
L 2.22115 1.2377 2.24064 1.2377 2 P 0
L 2.25564 1.2377 2.26164 1.2377 2 P 0
L 2.26164 1.2377 2.26464 1.2392 2 P 0
L 2.26464 1.2392 2.26614 1.2407 2 P 0
L 2.26614 1.2407 2.26914 1.2452 2 P 0
L 2.26914 1.2452 2.27064 1.2512 2 P 0
L 2.27064 1.2512 2.27064 1.2632 2 P 0
L 2.27064 1.2632 2.26914 1.2662 2 P 0
L 2.26914 1.2662 2.26764 1.2677 2 P 0
L 2.26764 1.2677 2.26464 1.2692 2 P 0
L 2.26464 1.2692 2.25864 1.2692 2 P 0
L 2.25864 1.2692 2.25564 1.2677 2 P 0
L 2.25564 1.2677 2.25414 1.2662 2 P 0
L 2.25414 1.2662 2.25264 1.2632 2 P 0
L 2.25264 1.2632 2.25264 1.2557 2 P 0
L 2.25264 1.2557 2.25414 1.2527 2 P 0
L 2.25414 1.2527 2.25564 1.2512 2 P 0
L 2.25564 1.2512 2.25864 1.2497 2 P 0
L 2.25864 1.2497 2.26464 1.2497 2 P 0
L 2.26464 1.2497 2.26764 1.2512 2 P 0
L 2.26764 1.2512 2.26914 1.2527 2 P 0
L 2.26914 1.2527 2.27064 1.2557 2 P 0
L 7.48211 2.40896 7.47162 2.42396 2 P 0
L 7.46412 2.40896 7.46412 2.44046 2 P 0
L 7.46412 2.44046 7.47612 2.44046 2 P 0
L 7.47612 2.44046 7.47912 2.43896 2 P 0
L 7.47912 2.43896 7.48061 2.43746 2 P 0
L 7.48061 2.43746 7.48211 2.43446 2 P 0
L 7.48211 2.43446 7.48211 2.42996 2 P 0
L 7.48211 2.42996 7.48061 2.42696 2 P 0
L 7.48061 2.42696 7.47912 2.42546 2 P 0
L 7.47912 2.42546 7.47612 2.42396 2 P 0
L 7.47612 2.42396 7.46412 2.42396 2 P 0
L 7.49261 2.44046 7.51211 2.44046 2 P 0
L 7.51211 2.44046 7.50161 2.42846 2 P 0
L 7.50161 2.42846 7.50611 2.42846 2 P 0
L 7.50611 2.42846 7.50911 2.42696 2 P 0
L 7.50911 2.42696 7.51061 2.42546 2 P 0
L 7.51061 2.42546 7.51211 2.42246 2 P 0
L 7.51211 2.42246 7.51211 2.41496 2 P 0
L 7.51211 2.41496 7.51061 2.41196 2 P 0
L 7.51061 2.41196 7.50911 2.41046 2 P 0
L 7.50911 2.41046 7.50611 2.40896 2 P 0
L 7.50611 2.40896 7.49711 2.40896 2 P 0
L 7.49711 2.40896 7.49411 2.41046 2 P 0
L 7.49411 2.41046 7.49261 2.41196 2 P 0
L 7.54061 2.44046 7.52561 2.44046 2 P 0
L 7.52561 2.44046 7.52411 2.42546 2 P 0
L 7.52411 2.42546 7.52561 2.42696 2 P 0
L 7.52561 2.42696 7.52861 2.42846 2 P 0
L 7.52861 2.42846 7.53611 2.42846 2 P 0
L 7.53611 2.42846 7.53911 2.42696 2 P 0
L 7.53911 2.42696 7.54061 2.42546 2 P 0
L 7.54061 2.42546 7.54211 2.42246 2 P 0
L 7.54211 2.42246 7.54211 2.41496 2 P 0
L 7.54211 2.41496 7.54061 2.41196 2 P 0
L 7.54061 2.41196 7.53911 2.41046 2 P 0
L 7.53911 2.41046 7.53611 2.40896 2 P 0
L 7.53611 2.40896 7.52861 2.40896 2 P 0
L 7.52861 2.40896 7.52561 2.41046 2 P 0
L 7.52561 2.41046 7.52411 2.41196 2 P 0
L 3.0402 2.79471 3.0417 2.79321 2 P 0
L 3.0417 2.79321 3.0432 2.78871 2 P 0
L 3.0432 2.78871 3.0432 2.78571 2 P 0
L 3.0432 2.78571 3.0417 2.78121 2 P 0
L 3.0417 2.78121 3.0387 2.77821 2 P 0
L 3.0387 2.77821 3.0357 2.77671 2 P 0
L 3.0357 2.77671 3.0297 2.77521 2 P 0
L 3.0297 2.77521 3.0252 2.77521 2 P 0
L 3.0252 2.77521 3.0192 2.77671 2 P 0
L 3.0192 2.77671 3.0162 2.77821 2 P 0
L 3.0162 2.77821 3.0132 2.78121 2 P 0
L 3.0132 2.78121 3.01171 2.78571 2 P 0
L 3.01171 2.78571 3.01171 2.78871 2 P 0
L 3.01171 2.78871 3.0132 2.79321 2 P 0
L 3.0132 2.79321 3.0147 2.79471 2 P 0
L 3.01171 2.80521 3.01171 2.82471 2 P 0
L 3.01171 2.82471 3.0237 2.81421 2 P 0
L 3.0237 2.81421 3.0237 2.81871 2 P 0
L 3.0237 2.81871 3.0252 2.82171 2 P 0
L 3.0252 2.82171 3.0267 2.82321 2 P 0
L 3.0267 2.82321 3.0297 2.82471 2 P 0
L 3.0297 2.82471 3.0372 2.82471 2 P 0
L 3.0372 2.82471 3.0402 2.82321 2 P 0
L 3.0402 2.82321 3.0417 2.82171 2 P 0
L 3.0417 2.82171 3.0432 2.81871 2 P 0
L 3.0432 2.81871 3.0432 2.80971 2 P 0
L 3.0432 2.80971 3.0417 2.80671 2 P 0
L 3.0417 2.80671 3.0402 2.80521 2 P 0
L 3.01171 2.8532 3.01171 2.83821 2 P 0
L 3.01171 2.83821 3.0267 2.83671 2 P 0
L 3.0267 2.83671 3.0252 2.83821 2 P 0
L 3.0252 2.83821 3.0237 2.84121 2 P 0
L 3.0237 2.84121 3.0237 2.8487 2 P 0
L 3.0237 2.8487 3.0252 2.8517 2 P 0
L 3.0252 2.8517 3.0267 2.8532 2 P 0
L 3.0267 2.8532 3.0297 2.85471 2 P 0
L 3.0297 2.85471 3.0372 2.85471 2 P 0
L 3.0372 2.85471 3.0402 2.8532 2 P 0
L 3.0402 2.8532 3.0417 2.8517 2 P 0
L 3.0417 2.8517 3.0432 2.8487 2 P 0
L 3.0432 2.8487 3.0432 2.84121 2 P 0
L 3.0432 2.84121 3.0417 2.83821 2 P 0
L 3.0417 2.83821 3.0402 2.83671 2 P 0
L 2.24891 1.39707 2.23391 1.38658 2 P 0
L 2.24891 1.37908 2.21741 1.37908 2 P 0
L 2.21741 1.37908 2.21741 1.39107 2 P 0
L 2.21741 1.39107 2.21891 1.39407 2 P 0
L 2.21891 1.39407 2.22041 1.39558 2 P 0
L 2.22041 1.39558 2.22341 1.39707 2 P 0
L 2.22341 1.39707 2.22791 1.39707 2 P 0
L 2.22791 1.39707 2.23091 1.39558 2 P 0
L 2.23091 1.39558 2.23241 1.39407 2 P 0
L 2.23241 1.39407 2.23391 1.39107 2 P 0
L 2.23391 1.39107 2.23391 1.37908 2 P 0
L 2.24891 1.42707 2.24891 1.40907 2 P 0
L 2.24891 1.41807 2.21741 1.41807 2 P 0
L 2.21741 1.41807 2.22191 1.41507 2 P 0
L 2.22191 1.41507 2.22491 1.41207 2 P 0
L 2.22491 1.41207 2.22641 1.40907 2 P 0
L 2.24891 1.44207 2.24891 1.44807 2 P 0
L 2.24891 1.44807 2.24741 1.45107 2 P 0
L 2.24741 1.45107 2.24591 1.45257 2 P 0
L 2.24591 1.45257 2.24141 1.45557 2 P 0
L 2.24141 1.45557 2.23541 1.45707 2 P 0
L 2.23541 1.45707 2.22341 1.45707 2 P 0
L 2.22341 1.45707 2.22041 1.45557 2 P 0
L 2.22041 1.45557 2.21891 1.45407 2 P 0
L 2.21891 1.45407 2.21741 1.45107 2 P 0
L 2.21741 1.45107 2.21741 1.44507 2 P 0
L 2.21741 1.44507 2.21891 1.44207 2 P 0
L 2.21891 1.44207 2.22041 1.44057 2 P 0
L 2.22041 1.44057 2.22341 1.43907 2 P 0
L 2.22341 1.43907 2.23091 1.43907 2 P 0
L 2.23091 1.43907 2.23391 1.44057 2 P 0
L 2.23391 1.44057 2.23541 1.44207 2 P 0
L 2.23541 1.44207 2.23691 1.44507 2 P 0
L 2.23691 1.44507 2.23691 1.45107 2 P 0
L 2.23691 1.45107 2.23541 1.45407 2 P 0
L 2.23541 1.45407 2.23391 1.45557 2 P 0
L 2.23391 1.45557 2.23091 1.45707 2 P 0
L 1.07962 2.66798 1.06462 2.65748 2 P 0
L 1.07962 2.64998 1.04812 2.64998 2 P 0
L 1.04812 2.64998 1.04812 2.66198 2 P 0
L 1.04812 2.66198 1.04962 2.66498 2 P 0
L 1.04962 2.66498 1.05112 2.66648 2 P 0
L 1.05112 2.66648 1.05412 2.66798 2 P 0
L 1.05412 2.66798 1.05862 2.66798 2 P 0
L 1.05862 2.66798 1.06162 2.66648 2 P 0
L 1.06162 2.66648 1.06312 2.66498 2 P 0
L 1.06312 2.66498 1.06462 2.66198 2 P 0
L 1.06462 2.66198 1.06462 2.64998 2 P 0
L 1.05112 2.67998 1.04962 2.68148 2 P 0
L 1.04962 2.68148 1.04812 2.68448 2 P 0
L 1.04812 2.68448 1.04812 2.69197 2 P 0
L 1.04812 2.69197 1.04962 2.69497 2 P 0
L 1.04962 2.69497 1.05112 2.69647 2 P 0
L 1.05112 2.69647 1.05412 2.69797 2 P 0
L 1.05412 2.69797 1.05712 2.69797 2 P 0
L 1.05712 2.69797 1.06162 2.69647 2 P 0
L 1.06162 2.69647 1.07962 2.67848 2 P 0
L 1.07962 2.67848 1.07962 2.69797 2 P 0
L 7.7055 3.26603 7.70737 3.26415 2 P 0
L 7.70737 3.26415 7.70924 3.25853 2 P 0
L 7.70924 3.25853 7.70924 3.25478 2 P 0
L 7.70924 3.25478 7.70737 3.24916 2 P 0
L 7.70737 3.24916 7.70362 3.24541 2 P 0
L 7.70362 3.24541 7.69987 3.24353 2 P 0
L 7.69987 3.24353 7.69237 3.24166 2 P 0
L 7.69237 3.24166 7.68675 3.24166 2 P 0
L 7.68675 3.24166 7.67925 3.24353 2 P 0
L 7.67925 3.24353 7.6755 3.24541 2 P 0
L 7.6755 3.24541 7.67175 3.24916 2 P 0
L 7.67175 3.24916 7.66987 3.25478 2 P 0
L 7.66987 3.25478 7.66987 3.25853 2 P 0
L 7.66987 3.25853 7.67175 3.26415 2 P 0
L 7.67175 3.26415 7.67362 3.26603 2 P 0
L 7.683 3.29977 7.70924 3.29977 2 P 0
L 7.668 3.2904 7.69612 3.28103 2 P 0
L 7.69612 3.28103 7.69612 3.3054 2 P 0
L 7.683 3.33727 7.70924 3.33727 2 P 0
L 7.668 3.3279 7.69612 3.31852 2 P 0
L 7.69612 3.31852 7.69612 3.34289 2 P 0
L 4.27533 3.52915 4.27345 3.52727 2 P 0
L 4.27345 3.52727 4.26783 3.5254 2 P 0
L 4.26783 3.5254 4.26408 3.5254 2 P 0
L 4.26408 3.5254 4.25846 3.52727 2 P 0
L 4.25846 3.52727 4.25471 3.53102 2 P 0
L 4.25471 3.53102 4.25283 3.53477 2 P 0
L 4.25283 3.53477 4.25096 3.54227 2 P 0
L 4.25096 3.54227 4.25096 3.5479 2 P 0
L 4.25096 3.5479 4.25283 3.5554 2 P 0
L 4.25283 3.5554 4.25471 3.55915 2 P 0
L 4.25471 3.55915 4.25846 3.56289 2 P 0
L 4.25846 3.56289 4.26408 3.56477 2 P 0
L 4.26408 3.56477 4.26783 3.56477 2 P 0
L 4.26783 3.56477 4.27345 3.56289 2 P 0
L 4.27345 3.56289 4.27533 3.56102 2 P 0
L 4.31095 3.56477 4.2922 3.56477 2 P 0
L 4.2922 3.56477 4.29033 3.54602 2 P 0
L 4.29033 3.54602 4.2922 3.5479 2 P 0
L 4.2922 3.5479 4.29595 3.54977 2 P 0
L 4.29595 3.54977 4.30532 3.54977 2 P 0
L 4.30532 3.54977 4.30907 3.5479 2 P 0
L 4.30907 3.5479 4.31095 3.54602 2 P 0
L 4.31095 3.54602 4.31282 3.54227 2 P 0
L 4.31282 3.54227 4.31282 3.5329 2 P 0
L 4.31282 3.5329 4.31095 3.52915 2 P 0
L 4.31095 3.52915 4.30907 3.52727 2 P 0
L 4.30907 3.52727 4.30532 3.5254 2 P 0
L 4.30532 3.5254 4.29595 3.5254 2 P 0
L 4.29595 3.5254 4.2922 3.52727 2 P 0
L 4.2922 3.52727 4.29033 3.52915 2 P 0
L 1.96638 0.936445 1.96788 0.934945 2 P 0
L 1.96788 0.934945 1.96938 0.930445 2 P 0
L 1.96938 0.930445 1.96938 0.927446 2 P 0
L 1.96938 0.927446 1.96788 0.922946 2 P 0
L 1.96788 0.922946 1.96488 0.919947 2 P 0
L 1.96488 0.919947 1.96188 0.918447 2 P 0
L 1.96188 0.918447 1.95588 0.916947 2 P 0
L 1.95588 0.916947 1.95138 0.916947 2 P 0
L 1.95138 0.916947 1.94538 0.918447 2 P 0
L 1.94538 0.918447 1.94239 0.919947 2 P 0
L 1.94239 0.919947 1.93939 0.922946 2 P 0
L 1.93939 0.922946 1.93789 0.927446 2 P 0
L 1.93789 0.927446 1.93789 0.930445 2 P 0
L 1.93789 0.930445 1.93939 0.934945 2 P 0
L 1.93939 0.934945 1.94089 0.936445 2 P 0
L 1.93789 0.946943 1.93789 0.966441 2 P 0
L 1.93789 0.966441 1.94988 0.955942 2 P 0
L 1.94988 0.955942 1.94988 0.960441 2 P 0
L 1.94988 0.960441 1.95138 0.963441 2 P 0
L 1.95138 0.963441 1.95288 0.964941 2 P 0
L 1.95288 0.964941 1.95588 0.966441 2 P 0
L 1.95588 0.966441 1.96338 0.966441 2 P 0
L 1.96338 0.966441 1.96638 0.964941 2 P 0
L 1.96638 0.964941 1.96788 0.963441 2 P 0
L 1.96788 0.963441 1.96938 0.960441 2 P 0
L 1.96938 0.960441 1.96938 0.951443 2 P 0
L 1.96938 0.951443 1.96788 0.948443 2 P 0
L 1.96788 0.948443 1.96638 0.946943 2 P 0
L 1.94089 0.978439 1.93939 0.979939 2 P 0
L 1.93939 0.979939 1.93789 0.982939 2 P 0
L 1.93789 0.982939 1.93789 0.990438 2 P 0
L 1.93789 0.990438 1.93939 0.993437 2 P 0
L 1.93939 0.993437 1.94089 0.994937 2 P 0
L 1.94089 0.994937 1.94388 0.996437 2 P 0
L 1.94388 0.996437 1.94688 0.996437 2 P 0
L 1.94688 0.996437 1.95138 0.994937 2 P 0
L 1.95138 0.994937 1.96938 0.976939 2 P 0
L 1.96938 0.976939 1.96938 0.996437 2 P 0
L 4.87676 3.85604 4.87676 3.93478 3 P 0
L 4.88936 4.04541 4.88936 2.24541 3 P 0
L 5.69369 4.14974 4.99369 4.14974 3 P 0
L 5.69369 2.14108 4.99369 2.14108 3 P 0
L 5.79802 4.04541 5.79802 2.24541 3 P 0
A 4.88935500 4.04540800 4.99368600 4.14973900 4.99368600 4.04540800 3 P 0 Y
A 4.99368600 2.14107800 4.88935500 2.24540800 4.99368600 2.24540800 3 P 0 Y
A 5.69368600 4.14973900 5.79801600 4.04540800 5.69368600 4.04540800 3 P 0 Y
A 5.79801600 2.24540800 5.69368600 2.14107800 5.69368600 2.24540800 3 P 0 Y
A 7.09380400 2.39840800 6.98356700 2.39840800 7.03868600 2.39840800 3 P 0 Y
A 6.98356700 2.39840800 7.09380400 2.39840800 7.03868600 2.39840800 3 P 0 Y
A 4.65984300 3.60236100 4.54960700 3.60236100 4.60472500 3.60236100 3 P 0 Y
A 4.54960700 3.60236100 4.65984300 3.60236100 4.60472500 3.60236100 3 P 0 Y
A 4.40787400 1.07873900 4.29763800 1.07873900 4.35275600 1.07873900 3 P 0 Y
A 4.29763800 1.07873900 4.40787400 1.07873900 4.35275600 1.07873900 3 P 0 Y
A 2.43937100 3.57873900 2.32913400 3.57873900 2.38425200 3.57873900 3 P 0 Y
A 2.32913400 3.57873900 2.43937100 3.57873900 2.38425200 3.57873900 3 P 0 Y
A 8.01023700 0.44881800 7.90000000 0.44881800 7.95511900 0.44881800 3 P 0 Y
A 7.90000000 0.44881800 8.01023700 0.44881800 7.95511900 0.44881800 3 P 0 Y
A 0.23464600 0.42913300 0.12441000 0.42913300 0.17952800 0.42913300 3 P 0 Y
A 0.12441000 0.42913300 0.23464600 0.42913300 0.17952800 0.42913300 3 P 0 Y
A 0.47086700 4.03149500 0.36063000 4.03149500 0.41574800 4.03149500 3 P 0 Y
A 0.36063000 4.03149500 0.47086700 4.03149500 0.41574800 4.03149500 3 P 0 Y
A 7.75433100 4.03149500 7.64409500 4.03149500 7.69921300 4.03149500 3 P 0 Y
A 7.64409500 4.03149500 7.75433100 4.03149500 7.69921300 4.03149500 3 P 0 Y
A 4.73858300 3.95669200 4.60472500 3.95669200 4.67165400 3.95669200 3 P 0 Y
A 4.60472500 3.95669200 4.73858300 3.95669200 4.67165400 3.95669200 3 P 0 Y
A 4.04567000 2.85039300 3.91181100 2.85039300 3.97874100 2.85039300 3 P 0 Y
A 3.91181100 2.85039300 4.04567000 2.85039300 3.97874100 2.85039300 3 P 0 Y
A 4.67165400 1.80708600 4.53779600 1.80708600 4.60472500 1.80708600 3 P 0 Y
A 4.53779600 1.80708600 4.67165400 1.80708600 4.60472500 1.80708600 3 P 0 Y
L 5.9875 2.44932 5.9875 2.468 3 P 0
L 5.94636 2.44932 5.94636 2.468 3 P 0
L 1.41299 2.85118 1.72874 2.85118 3 P 0
L 1.41299 2.25905 1.41299 2.85118 3 P 0
L 1.55157 2.25905 1.41299 2.25905 3 P 0
L 1.90591 2.25905 1.7878 2.25905 3 P 0
L 1.96496 2.85118 2.28071 2.85118 3 P 0
L 2.28071 2.85118 2.28071 2.25905 3 P 0
L 2.28071 2.25905 2.14213 2.25905 3 P 0
A 1.72874100 1.44881800 1.67362300 1.44881800 1.70118200 1.44881800 3 P 0 Y
A 1.67362300 1.44881800 1.72874100 1.44881800 1.70118200 1.44881800 3 P 0 Y
L 7.27657 0.634923 7.27657 0.617044 3 P 0
L 7.33445 0.634923 7.33445 0.617044 3 P 0
L 3.60384 2.92767 3.60384 2.94635 3 P 0
L 3.64498 2.92767 3.64498 2.94635 3 P 0
A 4.22756000 2.21150400 3.50944900 2.21150400 3.86850400 2.21150400 3 P 0 Y
A 3.50944900 2.21150400 4.22756000 2.21150400 3.86850400 2.21150400 3 P 0 Y
L 3.9252 2.30284 4.21417 2.30284 3 P 0
L 3.9252 2.30442 4.21374 2.30442 3 P 0
L 3.9252 2.30599 4.21335 2.30599 3 P 0
L 3.9252 2.30757 4.21291 2.30757 3 P 0
L 3.9252 2.30914 4.21244 2.30914 3 P 0
L 3.9252 2.31072 4.21201 2.31072 3 P 0
L 3.9252 2.31229 4.21154 2.31229 3 P 0
L 3.9252 2.31387 4.2111 2.31387 3 P 0
L 3.9252 2.31544 4.21063 2.31544 3 P 0
L 3.9252 2.31702 4.21012 2.31702 3 P 0
L 3.9252 2.31859 4.20965 2.31859 3 P 0
L 3.9252 2.32016 4.20913 2.32016 3 P 0
L 3.9252 2.32174 4.20866 2.32174 3 P 0
L 3.9252 2.32332 4.20815 2.32332 3 P 0
L 3.9252 2.32489 4.2076 2.32489 3 P 0
L 3.9252 2.32646 4.20709 2.32646 3 P 0
L 3.9252 2.32804 4.20654 2.32804 3 P 0
L 3.9252 2.32961 4.20599 2.32961 3 P 0
L 3.9252 2.33119 4.20543 2.33119 3 P 0
L 3.9252 2.33276 4.20488 2.33276 3 P 0
L 3.9252 2.33434 4.20433 2.33434 3 P 0
L 3.9252 2.33591 4.20374 2.33591 3 P 0
L 3.9252 2.33749 4.20315 2.33749 3 P 0
L 3.9252 2.33906 4.20256 2.33906 3 P 0
L 3.9252 2.34064 4.20197 2.34064 3 P 0
L 3.9252 2.34221 4.20134 2.34221 3 P 0
L 3.9252 2.34379 4.20071 2.34379 3 P 0
L 3.9252 2.34536 4.20012 2.34536 3 P 0
L 3.9252 2.34694 4.19945 2.34694 3 P 0
L 3.9252 2.34851 4.19882 2.34851 3 P 0
L 3.9252 2.35009 4.19815 2.35009 3 P 0
L 3.9252 2.35166 4.19748 2.35166 3 P 0
L 3.9252 2.35324 4.19681 2.35324 3 P 0
L 3.9252 2.35481 4.19614 2.35481 3 P 0
L 3.9252 2.35639 4.19547 2.35639 3 P 0
L 3.9252 2.35796 4.19476 2.35796 3 P 0
L 3.9252 2.35953 4.19406 2.35953 3 P 0
L 3.9252 2.36111 4.19335 2.36111 3 P 0
L 3.9252 2.36268 4.1926 2.36268 3 P 0
L 3.9252 2.36426 4.19185 2.36426 3 P 0
L 3.9252 2.36583 4.19114 2.36583 3 P 0
L 3.9252 2.36741 4.19035 2.36741 3 P 0
L 3.9252 2.36898 4.18961 2.36898 3 P 0
L 3.9252 2.37056 4.18882 2.37056 3 P 0
L 3.9252 2.37213 4.18803 2.37213 3 P 0
L 3.9252 2.37371 4.18724 2.37371 3 P 0
L 3.9252 2.37528 4.18646 2.37528 3 P 0
L 3.9252 2.37686 4.18563 2.37686 3 P 0
L 3.9252 2.37843 4.1848 2.37843 3 P 0
L 3.9252 2.38001 4.18398 2.38001 3 P 0
L 3.9252 2.38158 4.18315 2.38158 3 P 0
L 3.9252 2.38316 4.18228 2.38316 3 P 0
L 3.9252 2.38473 4.18142 2.38473 3 P 0
L 3.9252 2.38631 4.18055 2.38631 3 P 0
L 3.9252 2.38788 4.17969 2.38788 3 P 0
L 3.9252 2.38946 4.17878 2.38946 3 P 0
L 3.9252 2.39103 4.17787 2.39103 3 P 0
L 3.9252 2.39261 4.17697 2.39261 3 P 0
L 3.9252 2.39418 4.17602 2.39418 3 P 0
L 3.9252 2.39576 4.17512 2.39576 3 P 0
L 3.9252 2.39733 4.17417 2.39733 3 P 0
L 3.9252 2.39891 4.17319 2.39891 3 P 0
L 3.9252 2.40048 4.17225 2.40048 3 P 0
L 3.9252 2.40205 4.17126 2.40205 3 P 0
L 3.9252 2.40363 4.17028 2.40363 3 P 0
L 3.9252 2.40521 4.16925 2.40521 3 P 0
L 3.9252 2.40678 4.16823 2.40678 3 P 0
L 3.9252 2.40835 4.16721 2.40835 3 P 0
L 3.9252 2.40993 4.16618 2.40993 3 P 0
L 3.9252 2.4115 4.16512 2.4115 3 P 0
L 3.9252 2.41308 4.16406 2.41308 3 P 0
L 3.9252 2.41465 4.16299 2.41465 3 P 0
L 3.87008 2.57056 3.86693 2.57056 3 P 0
L 3.8365 2.56898 3.90051 2.56898 3 P 0
L 3.82264 2.56741 3.91437 2.56741 3 P 0
L 3.81201 2.56583 3.925 2.56583 3 P 0
L 3.80311 2.56426 3.9339 2.56426 3 P 0
L 3.79531 2.56269 3.94169 2.56269 3 P 0
L 3.78827 2.56111 3.94874 2.56111 3 P 0
L 3.78181 2.55953 3.9552 2.55953 3 P 0
L 3.77579 2.55796 3.96122 2.55796 3 P 0
L 3.7702 2.55639 3.96681 2.55639 3 P 0
L 3.76492 2.55481 3.97209 2.55481 3 P 0
L 3.75988 2.55324 3.97713 2.55324 3 P 0
L 3.75512 2.55166 3.98189 2.55166 3 P 0
L 3.75055 2.55009 3.98646 2.55009 3 P 0
L 3.74618 2.54851 3.99083 2.54851 3 P 0
L 3.74201 2.54694 3.995 2.54694 3 P 0
L 3.73795 2.54536 3.99906 2.54536 3 P 0
L 3.73402 2.54379 4.00299 2.54379 3 P 0
L 3.73024 2.54221 4.00677 2.54221 3 P 0
L 3.72657 2.54064 4.01043 2.54064 3 P 0
L 3.72303 2.53906 4.01398 2.53906 3 P 0
L 3.71957 2.53749 4.01744 2.53749 3 P 0
L 3.71618 2.53591 4.02083 2.53591 3 P 0
L 3.71291 2.53434 4.02409 2.53434 3 P 0
L 3.70972 2.53276 4.02728 2.53276 3 P 0
L 3.70661 2.53119 4.03039 2.53119 3 P 0
L 3.70358 2.52961 4.03343 2.52961 3 P 0
L 3.70059 2.52804 4.03642 2.52804 3 P 0
L 3.69768 2.52646 4.03933 2.52646 3 P 0
L 3.69484 2.52489 4.04217 2.52489 3 P 0
L 3.69205 2.52331 4.04496 2.52331 3 P 0
L 3.68933 2.52174 4.04768 2.52174 3 P 0
L 3.68665 2.52016 4.05035 2.52016 3 P 0
L 3.68402 2.51859 4.05299 2.51859 3 P 0
L 3.68146 2.51702 4.05555 2.51702 3 P 0
L 3.6789 2.51544 4.05811 2.51544 3 P 0
L 3.67642 2.51387 4.06059 2.51387 3 P 0
L 3.67402 2.51229 4.06299 2.51229 3 P 0
L 3.67161 2.51072 4.06539 2.51072 3 P 0
L 3.66925 2.50914 4.06776 2.50914 3 P 0
L 3.66713 1.82727 3.66713 1.89814 3 P 0
L 3.66693 2.50757 4.07008 2.50757 3 P 0
L 3.66465 2.50599 4.07236 2.50599 3 P 0
L 3.6624 2.50442 4.07461 2.50442 3 P 0
L 3.6602 2.50284 4.07681 2.50284 3 P 0
L 3.65803 2.50127 4.07898 2.50127 3 P 0
L 3.65591 2.49969 4.0811 2.49969 3 P 0
L 3.65382 2.49812 4.08319 2.49812 3 P 0
L 3.65173 2.49654 4.08528 2.49654 3 P 0
L 3.64969 2.49497 4.08732 2.49497 3 P 0
L 3.64768 2.49339 4.08933 2.49339 3 P 0
L 3.64571 2.49182 4.0913 2.49182 3 P 0
L 3.64374 2.49024 4.09327 2.49024 3 P 0
L 3.64181 2.48867 4.0952 2.48867 3 P 0
L 3.63992 2.48709 4.09709 2.48709 3 P 0
L 3.63807 2.48552 4.09894 2.48552 3 P 0
L 3.63622 2.48394 4.10079 2.48394 3 P 0
L 3.63437 2.48237 4.10264 2.48237 3 P 0
L 3.6326 2.4808 4.10441 2.4808 3 P 0
L 3.63169 1.86271 3.70256 1.86271 3 P 0
L 3.63083 2.47922 4.10618 2.47922 3 P 0
L 3.62906 2.47765 4.10795 2.47765 3 P 0
L 3.62732 2.47607 4.10969 2.47607 3 P 0
L 3.62563 2.4745 4.11138 2.4745 3 P 0
L 3.62394 2.47292 4.11307 2.47292 3 P 0
L 3.62228 2.47135 4.11472 2.47135 3 P 0
L 3.62063 2.46977 4.11638 2.46977 3 P 0
L 3.61902 2.4682 4.11799 2.4682 3 P 0
L 3.61744 2.46662 4.11957 2.46662 3 P 0
L 3.61583 2.46505 4.12118 2.46505 3 P 0
L 3.61429 2.46347 4.12272 2.46347 3 P 0
L 3.61276 2.4619 4.12425 2.4619 3 P 0
L 3.61122 2.46032 4.12579 2.46032 3 P 0
L 3.60972 2.45875 4.12728 2.45875 3 P 0
L 3.60823 2.45717 4.12878 2.45717 3 P 0
L 3.60677 2.4556 4.13024 2.4556 3 P 0
L 3.60532 2.45402 4.13169 2.45402 3 P 0
L 3.60386 2.45245 4.13315 2.45245 3 P 0
L 3.60244 2.45087 4.13457 2.45087 3 P 0
L 3.60106 2.4493 4.13594 2.4493 3 P 0
L 3.59969 2.44772 4.13732 2.44772 3 P 0
L 3.59831 2.44615 4.1387 2.44615 3 P 0
L 3.59697 2.44457 4.14004 2.44457 3 P 0
L 3.59563 2.443 4.14138 2.443 3 P 0
L 3.59429 2.44142 4.14272 2.44142 3 P 0
L 3.59299 2.43985 4.14402 2.43985 3 P 0
L 3.59169 2.43827 4.14532 2.43827 3 P 0
L 3.59043 2.4367 4.14657 2.4367 3 P 0
L 3.58917 2.43513 4.14783 2.43513 3 P 0
L 3.58791 2.43355 4.14909 2.43355 3 P 0
L 3.58669 2.43198 4.15031 2.43198 3 P 0
L 3.58547 2.4304 4.15154 2.4304 3 P 0
L 3.58425 2.42883 4.15276 2.42883 3 P 0
L 3.58307 2.42725 4.15394 2.42725 3 P 0
L 3.58189 2.42568 4.15512 2.42568 3 P 0
L 3.58075 2.4241 4.15626 2.4241 3 P 0
L 3.57957 2.42253 4.15744 2.42253 3 P 0
L 3.57843 2.42095 4.15858 2.42095 3 P 0
L 3.57732 2.41938 4.15969 2.41938 3 P 0
L 3.57622 2.4178 4.16079 2.4178 3 P 0
L 3.57512 2.41623 4.16189 2.41623 3 P 0
L 3.57402 2.41465 3.81181 2.41465 3 P 0
L 3.57295 2.41308 3.81181 2.41308 3 P 0
L 3.57189 2.4115 3.81181 2.4115 3 P 0
L 3.57083 2.40993 3.81181 2.40993 3 P 0
L 3.5698 2.40835 3.81181 2.40835 3 P 0
L 3.56878 2.40678 3.81181 2.40678 3 P 0
L 3.56776 2.40521 3.81181 2.40521 3 P 0
L 3.56673 2.40363 3.81181 2.40363 3 P 0
L 3.56575 2.40205 3.81181 2.40205 3 P 0
L 3.56476 2.40048 3.81181 2.40048 3 P 0
L 3.56382 2.39891 3.81181 2.39891 3 P 0
L 3.56283 2.39733 3.81181 2.39733 3 P 0
L 3.56189 2.39576 3.81181 2.39576 3 P 0
L 3.56098 2.39418 3.81181 2.39418 3 P 0
L 3.56004 2.39261 3.81181 2.39261 3 P 0
L 3.55913 2.39103 3.81181 2.39103 3 P 0
L 3.55823 2.38946 3.81181 2.38946 3 P 0
L 3.55732 2.38788 3.81181 2.38788 3 P 0
L 3.55646 2.38631 3.81181 2.38631 3 P 0
L 3.55559 2.38473 3.81181 2.38473 3 P 0
L 3.55472 2.38316 3.81181 2.38316 3 P 0
L 3.55386 2.38158 3.81181 2.38158 3 P 0
L 3.55303 2.38001 3.81181 2.38001 3 P 0
L 3.5522 2.37843 3.81181 2.37843 3 P 0
L 3.55138 2.37686 3.81181 2.37686 3 P 0
L 3.55055 2.37528 3.81181 2.37528 3 P 0
L 3.54976 2.37371 3.81181 2.37371 3 P 0
L 3.54898 2.37213 3.81181 2.37213 3 P 0
L 3.54819 2.37056 3.81181 2.37056 3 P 0
L 3.5474 2.36898 3.81181 2.36898 3 P 0
L 3.54665 2.36741 3.81181 2.36741 3 P 0
L 3.54587 2.36583 3.81181 2.36583 3 P 0
L 3.54516 2.36426 3.81181 2.36426 3 P 0
L 3.54441 2.36268 3.81181 2.36268 3 P 0
L 3.54366 2.36111 3.81181 2.36111 3 P 0
L 3.54295 2.35953 3.81181 2.35953 3 P 0
L 3.54224 2.35796 3.81181 2.35796 3 P 0
L 3.54154 2.35639 3.81181 2.35639 3 P 0
L 3.54087 2.35481 3.81181 2.35481 3 P 0
L 3.5402 2.35324 3.81181 2.35324 3 P 0
L 3.53953 2.35166 3.81181 2.35166 3 P 0
L 3.53886 2.35009 3.81181 2.35009 3 P 0
L 3.53819 2.34851 3.81181 2.34851 3 P 0
L 3.53756 2.34694 3.81181 2.34694 3 P 0
L 3.53689 2.34536 3.81181 2.34536 3 P 0
L 3.5363 2.34379 3.81181 2.34379 3 P 0
L 3.53567 2.34221 3.81181 2.34221 3 P 0
L 3.53504 2.34064 3.81181 2.34064 3 P 0
L 3.53445 2.33906 3.81181 2.33906 3 P 0
L 3.53386 2.33749 3.81181 2.33749 3 P 0
L 3.53327 2.33591 3.81181 2.33591 3 P 0
L 3.53268 2.33434 3.81181 2.33434 3 P 0
L 3.53213 2.33276 3.81181 2.33276 3 P 0
L 3.53157 2.33119 3.81181 2.33119 3 P 0
L 3.53102 2.32961 3.81181 2.32961 3 P 0
L 3.53047 2.32804 3.81181 2.32804 3 P 0
L 3.52992 2.32646 3.81181 2.32646 3 P 0
L 3.52941 2.32489 3.81181 2.32489 3 P 0
L 3.52886 2.32332 3.81181 2.32332 3 P 0
L 3.52835 2.32174 3.81181 2.32174 3 P 0
L 3.52787 2.32016 3.81181 2.32016 3 P 0
L 3.52736 2.31859 3.81181 2.31859 3 P 0
L 3.52689 2.31702 3.81181 2.31702 3 P 0
L 3.52638 2.31544 3.81181 2.31544 3 P 0
L 3.52591 2.31387 3.81181 2.31387 3 P 0
L 3.52547 2.31229 3.81181 2.31229 3 P 0
L 3.525 2.31072 3.81181 2.31072 3 P 0
L 3.52457 2.30914 3.81181 2.30914 3 P 0
L 3.52409 2.30757 3.81181 2.30757 3 P 0
L 3.52366 2.30599 3.81181 2.30599 3 P 0
L 3.52327 2.30442 3.81181 2.30442 3 P 0
L 3.52283 2.30284 3.81181 2.30284 3 P 0
L 3.52244 2.30127 4.21457 2.30127 3 P 0
L 3.52201 2.29969 4.215 2.29969 3 P 0
L 3.52161 2.29812 4.21539 2.29812 3 P 0
L 3.52122 2.29654 4.21579 2.29654 3 P 0
L 3.52087 2.29497 4.21614 2.29497 3 P 0
L 3.52047 2.29339 4.21654 2.29339 3 P 0
L 3.52012 2.29182 4.21689 2.29182 3 P 0
L 3.51976 2.29024 4.21725 2.29024 3 P 0
L 3.51941 2.28867 4.2176 2.28867 3 P 0
L 3.51906 2.28709 4.21795 2.28709 3 P 0
L 3.51874 2.28552 4.21827 2.28552 3 P 0
L 3.51843 2.28395 4.21858 2.28395 3 P 0
L 3.51807 2.28237 4.21894 2.28237 3 P 0
L 3.51776 2.28079 4.21925 2.28079 3 P 0
L 3.51748 2.27922 4.21953 2.27922 3 P 0
L 3.51717 2.27765 4.21984 2.27765 3 P 0
L 3.51689 2.27607 4.22012 2.27607 3 P 0
L 3.51658 2.2745 4.22043 2.2745 3 P 0
L 3.5163 2.27292 4.22071 2.27292 3 P 0
L 3.51606 2.27135 4.22094 2.27135 3 P 0
L 3.51579 2.26977 4.22122 2.26977 3 P 0
L 3.51551 2.2682 4.2215 2.2682 3 P 0
L 3.51528 2.26662 4.22173 2.26662 3 P 0
L 3.51504 2.26505 4.22197 2.26505 3 P 0
L 3.5148 2.26347 4.2222 2.26347 3 P 0
L 3.51457 2.2619 4.22244 2.2619 3 P 0
L 3.51437 2.26032 4.22264 2.26032 3 P 0
L 3.51413 2.25875 4.22287 2.25875 3 P 0
L 3.51394 2.25717 4.22307 2.25717 3 P 0
L 3.51374 2.2556 4.22327 2.2556 3 P 0
L 3.51354 2.25402 4.22347 2.25402 3 P 0
L 3.51335 2.25245 4.22366 2.25245 3 P 0
L 3.51319 2.25087 4.22382 2.25087 3 P 0
L 3.51303 2.2493 4.22398 2.2493 3 P 0
L 3.51287 2.24772 4.22413 2.24772 3 P 0
L 3.51272 2.24615 4.22429 2.24615 3 P 0
L 3.51256 2.24457 4.22445 2.24457 3 P 0
L 3.5124 2.243 4.22461 2.243 3 P 0
L 3.51228 2.24143 4.22472 2.24143 3 P 0
L 3.51213 2.23985 4.22488 2.23985 3 P 0
L 3.51201 2.23827 4.225 2.23827 3 P 0
L 3.51189 2.2367 4.22512 2.2367 3 P 0
L 3.51181 2.23513 4.2252 2.23513 3 P 0
L 3.51169 2.23355 4.22532 2.23355 3 P 0
L 3.51161 2.23198 4.22539 2.23198 3 P 0
L 3.51154 2.2304 4.22547 2.2304 3 P 0
L 3.51146 2.22883 4.22555 2.22883 3 P 0
L 3.51138 2.22725 4.22563 2.22725 3 P 0
L 3.5113 2.22568 4.22571 2.22568 3 P 0
L 3.51126 2.2241 4.22575 2.2241 3 P 0
L 3.51118 2.22253 4.22583 2.22253 3 P 0
L 3.51114 2.22095 4.22587 2.22095 3 P 0
L 3.5111 2.21938 4.22591 2.21938 3 P 0
L 3.51106 2.21623 4.22594 2.21623 3 P 0
L 3.51106 2.2178 4.22594 2.2178 3 P 0
L 3.51102 2.2115 4.22598 2.2115 3 P 0
L 3.51102 2.21308 4.22598 2.21308 3 P 0
L 3.51102 2.21465 4.22598 2.21465 3 P 0
A 4.21968600 1.44291200 3.50157500 1.44291200 3.86063000 1.44291200 3 P 0 Y
A 3.50157500 1.44291200 4.21968600 1.44291200 3.86063000 1.44291200 3 P 0 Y
L 4.21811 1.43976 3.50315 1.43976 3 P 0
L 4.21811 1.44134 3.50315 1.44134 3 P 0
L 4.21811 1.44291 3.50315 1.44291 3 P 0
L 4.21807 1.43661 3.50319 1.43661 3 P 0
L 4.21807 1.43819 3.50319 1.43819 3 P 0
L 4.21803 1.43504 3.50323 1.43504 3 P 0
L 4.21799 1.43346 3.50327 1.43346 3 P 0
L 4.21795 1.43189 3.50331 1.43189 3 P 0
L 4.21787 1.43031 3.50339 1.43031 3 P 0
L 4.21784 1.42874 3.50343 1.42874 3 P 0
L 4.21776 1.42716 3.5035 1.42716 3 P 0
L 4.21768 1.42559 3.50358 1.42559 3 P 0
L 4.2176 1.42402 3.50366 1.42402 3 P 0
L 4.21752 1.42244 3.50374 1.42244 3 P 0
L 4.21744 1.42087 3.50382 1.42087 3 P 0
L 4.21732 1.41929 3.50394 1.41929 3 P 0
L 4.21725 1.41772 3.50402 1.41772 3 P 0
L 4.21713 1.41614 3.50413 1.41614 3 P 0
L 4.21701 1.41457 3.50425 1.41457 3 P 0
L 4.21685 1.41299 3.50441 1.41299 3 P 0
L 4.21673 1.41142 3.50453 1.41142 3 P 0
L 4.21657 1.40984 3.50469 1.40984 3 P 0
L 4.21642 1.40827 3.50484 1.40827 3 P 0
L 4.21626 1.40669 3.505 1.40669 3 P 0
L 4.2161 1.40512 3.50516 1.40512 3 P 0
L 4.21594 1.40354 3.50531 1.40354 3 P 0
L 4.21579 1.40197 3.50547 1.40197 3 P 0
L 4.21559 1.40039 3.50567 1.40039 3 P 0
L 4.21539 1.39882 3.50587 1.39882 3 P 0
L 4.2152 1.39724 3.50606 1.39724 3 P 0
L 4.215 1.39567 3.50626 1.39567 3 P 0
L 4.21476 1.39409 3.5065 1.39409 3 P 0
L 4.21457 1.39252 3.50669 1.39252 3 P 0
L 4.21433 1.39094 3.50693 1.39094 3 P 0
L 4.21409 1.38937 3.50717 1.38937 3 P 0
L 4.21386 1.38779 3.5074 1.38779 3 P 0
L 4.21362 1.38622 3.50764 1.38622 3 P 0
L 4.21335 1.38464 3.50791 1.38464 3 P 0
L 4.21307 1.38307 3.50819 1.38307 3 P 0
L 4.21284 1.38149 3.50843 1.38149 3 P 0
L 4.21256 1.37992 3.5087 1.37992 3 P 0
L 4.21225 1.37835 3.50902 1.37835 3 P 0
L 4.21197 1.37677 3.50929 1.37677 3 P 0
L 4.21165 1.3752 3.50961 1.3752 3 P 0
L 4.21138 1.37362 3.50988 1.37362 3 P 0
L 4.21106 1.37205 3.5102 1.37205 3 P 0
L 4.21071 1.37047 3.51055 1.37047 3 P 0
L 4.21039 1.3689 3.51087 1.3689 3 P 0
L 4.21008 1.36732 3.51118 1.36732 3 P 0
L 4.20972 1.36575 3.51154 1.36575 3 P 0
L 4.20937 1.36417 3.51189 1.36417 3 P 0
L 4.20902 1.3626 3.51225 1.3626 3 P 0
L 4.20866 1.36102 3.5126 1.36102 3 P 0
L 4.20827 1.35945 3.51299 1.35945 3 P 0
L 4.20791 1.35787 3.51335 1.35787 3 P 0
L 4.20752 1.3563 3.51374 1.3563 3 P 0
L 4.20713 1.35472 3.51413 1.35472 3 P 0
L 4.20669 1.35315 3.51457 1.35315 3 P 0
L 4.2063 1.35157 3.91732 1.35157 3 P 0
L 4.20587 1.35 3.91732 1.35 3 P 0
L 4.20547 1.34842 3.91732 1.34842 3 P 0
L 4.20504 1.34685 3.91732 1.34685 3 P 0
L 4.20457 1.34527 3.91732 1.34527 3 P 0
L 4.20413 1.3437 3.91732 1.3437 3 P 0
L 4.20366 1.34213 3.91732 1.34213 3 P 0
L 4.20323 1.34055 3.91732 1.34055 3 P 0
L 4.20276 1.33898 3.91732 1.33898 3 P 0
L 4.20224 1.3374 3.91732 1.3374 3 P 0
L 4.20177 1.33583 3.91732 1.33583 3 P 0
L 4.20126 1.33425 3.91732 1.33425 3 P 0
L 4.20079 1.33268 3.91732 1.33268 3 P 0
L 4.20028 1.3311 3.91732 1.3311 3 P 0
L 4.19972 1.32953 3.91732 1.32953 3 P 0
L 4.19921 1.32795 3.91732 1.32795 3 P 0
L 4.19866 1.32638 3.91732 1.32638 3 P 0
L 4.19811 1.3248 3.91732 1.3248 3 P 0
L 4.19756 1.32323 3.91732 1.32323 3 P 0
L 4.19701 1.32165 3.91732 1.32165 3 P 0
L 4.19646 1.32008 3.91732 1.32008 3 P 0
L 4.19587 1.3185 3.91732 1.3185 3 P 0
L 4.19528 1.31693 3.91732 1.31693 3 P 0
L 4.19469 1.31535 3.91732 1.31535 3 P 0
L 4.19409 1.31378 3.91732 1.31378 3 P 0
L 4.19346 1.3122 3.91732 1.3122 3 P 0
L 4.19283 1.31063 3.91732 1.31063 3 P 0
L 4.19224 1.30905 3.91732 1.30905 3 P 0
L 4.19157 1.30748 3.91732 1.30748 3 P 0
L 4.19095 1.3059 3.91732 1.3059 3 P 0
L 4.19028 1.30433 3.91732 1.30433 3 P 0
L 4.18961 1.30275 3.91732 1.30275 3 P 0
L 4.18894 1.30118 3.91732 1.30118 3 P 0
L 4.18827 1.2996 3.91732 1.2996 3 P 0
L 4.1876 1.29803 3.91732 1.29803 3 P 0
L 4.18689 1.29646 3.91732 1.29646 3 P 0
L 4.18618 1.29488 3.91732 1.29488 3 P 0
L 4.18547 1.29331 3.91732 1.29331 3 P 0
L 4.18473 1.29173 3.91732 1.29173 3 P 0
L 4.18398 1.29016 3.91732 1.29016 3 P 0
L 4.18327 1.28858 3.91732 1.28858 3 P 0
L 4.18248 1.28701 3.91732 1.28701 3 P 0
L 4.18173 1.28543 3.91732 1.28543 3 P 0
L 4.18094 1.28386 3.91732 1.28386 3 P 0
L 4.18016 1.28228 3.91732 1.28228 3 P 0
L 4.17937 1.28071 3.91732 1.28071 3 P 0
L 4.17858 1.27913 3.91732 1.27913 3 P 0
L 4.17776 1.27756 3.91732 1.27756 3 P 0
L 4.17693 1.27598 3.91732 1.27598 3 P 0
L 4.1761 1.27441 3.91732 1.27441 3 P 0
L 4.17528 1.27283 3.91732 1.27283 3 P 0
L 4.17441 1.27126 3.91732 1.27126 3 P 0
L 4.17354 1.26968 3.91732 1.26968 3 P 0
L 4.17268 1.26811 3.91732 1.26811 3 P 0
L 4.17181 1.26653 3.91732 1.26653 3 P 0
L 4.17091 1.26496 3.91732 1.26496 3 P 0
L 4.17 1.26338 3.91732 1.26338 3 P 0
L 4.16909 1.26181 3.91732 1.26181 3 P 0
L 4.16815 1.26023 3.91732 1.26023 3 P 0
L 4.16724 1.25866 3.91732 1.25866 3 P 0
L 4.1663 1.25709 3.91732 1.25709 3 P 0
L 4.16531 1.25551 3.91732 1.25551 3 P 0
L 4.16437 1.25394 3.91732 1.25394 3 P 0
L 4.16339 1.25236 3.91732 1.25236 3 P 0
L 4.1624 1.25079 3.91732 1.25079 3 P 0
L 4.16138 1.24921 3.91732 1.24921 3 P 0
L 4.16036 1.24764 3.91732 1.24764 3 P 0
L 4.15933 1.24606 3.91732 1.24606 3 P 0
L 4.15831 1.24449 3.91732 1.24449 3 P 0
L 4.15724 1.24291 3.91732 1.24291 3 P 0
L 4.15618 1.24134 3.91732 1.24134 3 P 0
L 4.15512 1.23976 3.91732 1.23976 3 P 0
L 4.15402 1.23819 3.56724 1.23819 3 P 0
L 4.15291 1.23661 3.56835 1.23661 3 P 0
L 4.15181 1.23504 3.56945 1.23504 3 P 0
L 4.15071 1.23346 3.57055 1.23346 3 P 0
L 4.14957 1.23189 3.57169 1.23189 3 P 0
L 4.14839 1.23031 3.57287 1.23031 3 P 0
L 4.14724 1.22874 3.57402 1.22874 3 P 0
L 4.14606 1.22716 3.5752 1.22716 3 P 0
L 4.14488 1.22559 3.57638 1.22559 3 P 0
L 4.14366 1.22401 3.5776 1.22401 3 P 0
L 4.14244 1.22244 3.57882 1.22244 3 P 0
L 4.14122 1.22086 3.58004 1.22086 3 P 0
L 4.13996 1.21929 3.5813 1.21929 3 P 0
L 4.1387 1.21772 3.58256 1.21772 3 P 0
L 4.13744 1.21614 3.58382 1.21614 3 P 0
L 4.13614 1.21457 3.58512 1.21457 3 P 0
L 4.13484 1.21299 3.58642 1.21299 3 P 0
L 4.1335 1.21142 3.58776 1.21142 3 P 0
L 4.13217 1.20984 3.58909 1.20984 3 P 0
L 4.13083 1.20827 3.59043 1.20827 3 P 0
L 4.12945 1.20669 3.59181 1.20669 3 P 0
L 4.12807 1.20512 3.59319 1.20512 3 P 0
L 4.12669 1.20354 3.59457 1.20354 3 P 0
L 4.12528 1.20197 3.59598 1.20197 3 P 0
L 4.12382 1.20039 3.59744 1.20039 3 P 0
L 4.12236 1.19882 3.5989 1.19882 3 P 0
L 4.12091 1.19724 3.60035 1.19724 3 P 0
L 4.11941 1.19567 3.60185 1.19567 3 P 0
L 4.11791 1.19409 3.60335 1.19409 3 P 0
L 4.11638 1.19252 3.60488 1.19252 3 P 0
L 4.11484 1.19094 3.60642 1.19094 3 P 0
L 4.11331 1.18937 3.60795 1.18937 3 P 0
L 4.11169 1.18779 3.60957 1.18779 3 P 0
L 4.11012 1.18622 3.61114 1.18622 3 P 0
L 4.1085 1.18464 3.61276 1.18464 3 P 0
L 4.10685 1.18307 3.61441 1.18307 3 P 0
L 4.1052 1.18149 3.61606 1.18149 3 P 0
L 4.1035 1.17992 3.61776 1.17992 3 P 0
L 4.10181 1.17835 3.61945 1.17835 3 P 0
L 4.10008 1.17677 3.62118 1.17677 3 P 0
L 4.09831 1.1752 3.62295 1.1752 3 P 0
L 4.09744 1.79171 4.02658 1.79171 3 P 0
L 4.09654 1.17362 3.62472 1.17362 3 P 0
L 4.09476 1.17205 3.6265 1.17205 3 P 0
L 4.09291 1.17047 3.62835 1.17047 3 P 0
L 4.09106 1.1689 3.6302 1.1689 3 P 0
L 4.08921 1.16732 3.63205 1.16732 3 P 0
L 4.08732 1.16575 3.63394 1.16575 3 P 0
L 4.08539 1.16417 3.63587 1.16417 3 P 0
L 4.08343 1.1626 3.63783 1.1626 3 P 0
L 4.08146 1.16102 3.6398 1.16102 3 P 0
L 4.07945 1.15945 3.64181 1.15945 3 P 0
L 4.0774 1.15787 3.64386 1.15787 3 P 0
L 4.07531 1.1563 3.64594 1.1563 3 P 0
L 4.07323 1.15472 3.64803 1.15472 3 P 0
L 4.0711 1.15315 3.65016 1.15315 3 P 0
L 4.06894 1.15157 3.65232 1.15157 3 P 0
L 4.06673 1.15 3.65453 1.15 3 P 0
L 4.06449 1.14842 3.65677 1.14842 3 P 0
L 4.0622 1.14685 3.65906 1.14685 3 P 0
L 4.06201 1.82714 4.06201 1.75628 3 P 0
L 4.05988 1.14528 3.66138 1.14528 3 P 0
L 4.05752 1.1437 3.66374 1.1437 3 P 0
L 4.05512 1.14213 3.66614 1.14213 3 P 0
L 4.05272 1.14055 3.66854 1.14055 3 P 0
L 4.05024 1.13897 3.67102 1.13897 3 P 0
L 4.04768 1.1374 3.67358 1.1374 3 P 0
L 4.04512 1.13583 3.67614 1.13583 3 P 0
L 4.04248 1.13425 3.67878 1.13425 3 P 0
L 4.0398 1.13268 3.68146 1.13268 3 P 0
L 4.03709 1.1311 3.68417 1.1311 3 P 0
L 4.03429 1.12953 3.68697 1.12953 3 P 0
L 4.03146 1.12795 3.6898 1.12795 3 P 0
L 4.02854 1.12638 3.69272 1.12638 3 P 0
L 4.02555 1.1248 3.69571 1.1248 3 P 0
L 4.02252 1.12323 3.69874 1.12323 3 P 0
L 4.01941 1.12165 3.70185 1.12165 3 P 0
L 4.01622 1.12008 3.70504 1.12008 3 P 0
L 4.01295 1.1185 3.70831 1.1185 3 P 0
L 4.00957 1.11693 3.71169 1.11693 3 P 0
L 4.0061 1.11535 3.71516 1.11535 3 P 0
L 4.00256 1.11378 3.7187 1.11378 3 P 0
L 3.9989 1.1122 3.72236 1.1122 3 P 0
L 3.99512 1.11063 3.72614 1.11063 3 P 0
L 3.99118 1.10905 3.73008 1.10905 3 P 0
L 3.98713 1.10748 3.73413 1.10748 3 P 0
L 3.98295 1.1059 3.73831 1.1059 3 P 0
L 3.97858 1.10433 3.74268 1.10433 3 P 0
L 3.97402 1.10275 3.74724 1.10275 3 P 0
L 3.96925 1.10118 3.75201 1.10118 3 P 0
L 3.96421 1.0996 3.75705 1.0996 3 P 0
L 3.95894 1.09803 3.76232 1.09803 3 P 0
L 3.95335 1.09646 3.76791 1.09646 3 P 0
L 3.94732 1.09488 3.77394 1.09488 3 P 0
L 3.94087 1.09331 3.78039 1.09331 3 P 0
L 3.93382 1.09173 3.78744 1.09173 3 P 0
L 3.92602 1.09016 3.79524 1.09016 3 P 0
L 3.91713 1.08858 3.80413 1.08858 3 P 0
L 3.9065 1.08701 3.81476 1.08701 3 P 0
L 3.89264 1.08543 3.82862 1.08543 3 P 0
L 3.85906 1.08386 3.8622 1.08386 3 P 0
L 3.80394 1.23976 3.56614 1.23976 3 P 0
L 3.80394 1.24134 3.56508 1.24134 3 P 0
L 3.80394 1.24291 3.56402 1.24291 3 P 0
L 3.80394 1.24449 3.56295 1.24449 3 P 0
L 3.80394 1.24606 3.56193 1.24606 3 P 0
L 3.80394 1.24764 3.56091 1.24764 3 P 0
L 3.80394 1.24921 3.55988 1.24921 3 P 0
L 3.80394 1.25079 3.55886 1.25079 3 P 0
L 3.80394 1.25236 3.55787 1.25236 3 P 0
L 3.80394 1.25394 3.55689 1.25394 3 P 0
L 3.80394 1.25551 3.55594 1.25551 3 P 0
L 3.80394 1.25709 3.55496 1.25709 3 P 0
L 3.80394 1.25866 3.55402 1.25866 3 P 0
L 3.80394 1.26023 3.55311 1.26023 3 P 0
L 3.80394 1.26181 3.55217 1.26181 3 P 0
L 3.80394 1.26338 3.55126 1.26338 3 P 0
L 3.80394 1.26496 3.55035 1.26496 3 P 0
L 3.80394 1.26653 3.54945 1.26653 3 P 0
L 3.80394 1.26811 3.54858 1.26811 3 P 0
L 3.80394 1.26968 3.54772 1.26968 3 P 0
L 3.80394 1.27126 3.54685 1.27126 3 P 0
L 3.80394 1.27283 3.54598 1.27283 3 P 0
L 3.80394 1.27441 3.54516 1.27441 3 P 0
L 3.80394 1.27598 3.54433 1.27598 3 P 0
L 3.80394 1.27756 3.5435 1.27756 3 P 0
L 3.80394 1.27913 3.54268 1.27913 3 P 0
L 3.80394 1.28071 3.54189 1.28071 3 P 0
L 3.80394 1.28228 3.5411 1.28228 3 P 0
L 3.80394 1.28386 3.54031 1.28386 3 P 0
L 3.80394 1.28543 3.53953 1.28543 3 P 0
L 3.80394 1.28701 3.53878 1.28701 3 P 0
L 3.80394 1.28858 3.53799 1.28858 3 P 0
L 3.80394 1.29016 3.53728 1.29016 3 P 0
L 3.80394 1.29173 3.53654 1.29173 3 P 0
L 3.80394 1.29331 3.53579 1.29331 3 P 0
L 3.80394 1.29488 3.53508 1.29488 3 P 0
L 3.80394 1.29646 3.53437 1.29646 3 P 0
L 3.80394 1.29803 3.53366 1.29803 3 P 0
L 3.80394 1.2996 3.53299 1.2996 3 P 0
L 3.80394 1.30118 3.53232 1.30118 3 P 0
L 3.80394 1.30275 3.53165 1.30275 3 P 0
L 3.80394 1.30433 3.53098 1.30433 3 P 0
L 3.80394 1.3059 3.53031 1.3059 3 P 0
L 3.80394 1.30748 3.52969 1.30748 3 P 0
L 3.80394 1.30905 3.52902 1.30905 3 P 0
L 3.80394 1.31063 3.52843 1.31063 3 P 0
L 3.80394 1.3122 3.5278 1.3122 3 P 0
L 3.80394 1.31378 3.52717 1.31378 3 P 0
L 3.80394 1.31535 3.52657 1.31535 3 P 0
L 3.80394 1.31693 3.52598 1.31693 3 P 0
L 3.80394 1.3185 3.52539 1.3185 3 P 0
L 3.80394 1.32008 3.5248 1.32008 3 P 0
L 3.80394 1.32165 3.52425 1.32165 3 P 0
L 3.80394 1.32323 3.5237 1.32323 3 P 0
L 3.80394 1.3248 3.52315 1.3248 3 P 0
L 3.80394 1.32638 3.5226 1.32638 3 P 0
L 3.80394 1.32795 3.52205 1.32795 3 P 0
L 3.80394 1.32953 3.52154 1.32953 3 P 0
L 3.80394 1.3311 3.52099 1.3311 3 P 0
L 3.80394 1.33268 3.52047 1.33268 3 P 0
L 3.80394 1.33425 3.52 1.33425 3 P 0
L 3.80394 1.33583 3.51949 1.33583 3 P 0
L 3.80394 1.3374 3.51902 1.3374 3 P 0
L 3.80394 1.33898 3.5185 1.33898 3 P 0
L 3.80394 1.34055 3.51803 1.34055 3 P 0
L 3.80394 1.34213 3.5176 1.34213 3 P 0
L 3.80394 1.3437 3.51713 1.3437 3 P 0
L 3.80394 1.34527 3.51669 1.34527 3 P 0
L 3.80394 1.34685 3.51622 1.34685 3 P 0
L 3.80394 1.34842 3.51579 1.34842 3 P 0
L 3.80394 1.35 3.51539 1.35 3 P 0
L 3.80394 1.35157 3.51496 1.35157 3 P 0
L 4.51706 1.94055 4.51706 2.16929 3 P 0
L 4.34777 1.94055 4.51706 1.94055 3 P 0
L 4.34777 1.94055 4.34777 2.16929 3 P 0
A 2.39507900 2.20078600 2.33996100 2.20078600 2.36752000 2.20078600 3 P 0 Y
A 2.33996100 2.20078600 2.39507900 2.20078600 2.36752000 2.20078600 3 P 0 Y
L 2.40147 2.10541 2.38279 2.10541 3 P 0
L 2.40147 2.14655 2.38279 2.14655 3 P 0
A 3.47165400 2.21062900 2.75354400 2.21062900 3.11259900 2.21062900 3 P 0 Y
A 2.75354400 2.21062900 3.47165400 2.21062900 3.11259900 2.21062900 3 P 0 Y
L 3.16929 2.30197 3.45827 2.30197 3 P 0
L 3.16929 2.30354 3.45783 2.30354 3 P 0
L 3.16929 2.30512 3.45744 2.30512 3 P 0
L 3.16929 2.30669 3.45701 2.30669 3 P 0
L 3.16929 2.30827 3.45654 2.30827 3 P 0
L 3.16929 2.30984 3.4561 2.30984 3 P 0
L 3.16929 2.31142 3.45563 2.31142 3 P 0
L 3.16929 2.31299 3.4552 2.31299 3 P 0
L 3.16929 2.31457 3.45472 2.31457 3 P 0
L 3.16929 2.31614 3.45421 2.31614 3 P 0
L 3.16929 2.31772 3.45374 2.31772 3 P 0
L 3.16929 2.31929 3.45323 2.31929 3 P 0
L 3.16929 2.32086 3.45276 2.32086 3 P 0
L 3.16929 2.32244 3.45225 2.32244 3 P 0
L 3.16929 2.32401 3.45169 2.32401 3 P 0
L 3.16929 2.32559 3.45118 2.32559 3 P 0
L 3.16929 2.32716 3.45063 2.32716 3 P 0
L 3.16929 2.32874 3.45008 2.32874 3 P 0
L 3.16929 2.33031 3.44953 2.33031 3 P 0
L 3.16929 2.33189 3.44898 2.33189 3 P 0
L 3.16929 2.33346 3.44843 2.33346 3 P 0
L 3.16929 2.33504 3.44783 2.33504 3 P 0
L 3.16929 2.33661 3.44724 2.33661 3 P 0
L 3.16929 2.33819 3.44665 2.33819 3 P 0
L 3.16929 2.33976 3.44606 2.33976 3 P 0
L 3.16929 2.34134 3.44543 2.34134 3 P 0
L 3.16929 2.34291 3.4448 2.34291 3 P 0
L 3.16929 2.34449 3.44421 2.34449 3 P 0
L 3.16929 2.34606 3.44354 2.34606 3 P 0
L 3.16929 2.34764 3.44291 2.34764 3 P 0
L 3.16929 2.34921 3.44224 2.34921 3 P 0
L 3.16929 2.35079 3.44157 2.35079 3 P 0
L 3.16929 2.35236 3.44091 2.35236 3 P 0
L 3.16929 2.35394 3.44024 2.35394 3 P 0
L 3.16929 2.35551 3.43957 2.35551 3 P 0
L 3.16929 2.35709 3.43886 2.35709 3 P 0
L 3.16929 2.35866 3.43815 2.35866 3 P 0
L 3.16929 2.36023 3.43744 2.36023 3 P 0
L 3.16929 2.36181 3.43669 2.36181 3 P 0
L 3.16929 2.36339 3.43594 2.36339 3 P 0
L 3.16929 2.36496 3.43524 2.36496 3 P 0
L 3.16929 2.36653 3.43445 2.36653 3 P 0
L 3.16929 2.36811 3.4337 2.36811 3 P 0
L 3.16929 2.36968 3.43291 2.36968 3 P 0
L 3.16929 2.37126 3.43213 2.37126 3 P 0
L 3.16929 2.37283 3.43134 2.37283 3 P 0
L 3.16929 2.37441 3.43055 2.37441 3 P 0
L 3.16929 2.37598 3.42972 2.37598 3 P 0
L 3.16929 2.37756 3.4289 2.37756 3 P 0
L 3.16929 2.37913 3.42807 2.37913 3 P 0
L 3.16929 2.38071 3.42724 2.38071 3 P 0
L 3.16929 2.38228 3.42638 2.38228 3 P 0
L 3.16929 2.38386 3.42551 2.38386 3 P 0
L 3.16929 2.38543 3.42465 2.38543 3 P 0
L 3.16929 2.38701 3.42378 2.38701 3 P 0
L 3.16929 2.38858 3.42287 2.38858 3 P 0
L 3.16929 2.39016 3.42197 2.39016 3 P 0
L 3.16929 2.39173 3.42106 2.39173 3 P 0
L 3.16929 2.39331 3.42012 2.39331 3 P 0
L 3.16929 2.39488 3.41921 2.39488 3 P 0
L 3.16929 2.39646 3.41827 2.39646 3 P 0
L 3.16929 2.39803 3.41728 2.39803 3 P 0
L 3.16929 2.3996 3.41634 2.3996 3 P 0
L 3.16929 2.40118 3.41535 2.40118 3 P 0
L 3.16929 2.40275 3.41437 2.40275 3 P 0
L 3.16929 2.40433 3.41335 2.40433 3 P 0
L 3.16929 2.4059 3.41232 2.4059 3 P 0
L 3.16929 2.40748 3.4113 2.40748 3 P 0
L 3.16929 2.40905 3.41028 2.40905 3 P 0
L 3.16929 2.41063 3.40921 2.41063 3 P 0
L 3.16929 2.4122 3.40815 2.4122 3 P 0
L 3.16929 2.41378 3.40709 2.41378 3 P 0
L 3.11417 2.56968 3.11102 2.56968 3 P 0
L 3.08059 2.56811 3.14461 2.56811 3 P 0
L 3.06673 2.56653 3.15847 2.56653 3 P 0
L 3.0561 2.56496 3.16909 2.56496 3 P 0
L 3.0472 2.56338 3.17799 2.56338 3 P 0
L 3.03941 2.56181 3.18579 2.56181 3 P 0
L 3.03236 2.56024 3.19283 2.56024 3 P 0
L 3.02591 2.55866 3.19929 2.55866 3 P 0
L 3.01988 2.55709 3.20531 2.55709 3 P 0
L 3.01429 2.55551 3.21091 2.55551 3 P 0
L 3.00902 2.55394 3.21618 2.55394 3 P 0
L 3.00398 2.55236 3.22122 2.55236 3 P 0
L 2.99921 2.55079 3.22598 2.55079 3 P 0
L 2.99465 2.54921 3.23055 2.54921 3 P 0
L 2.99028 2.54764 3.23492 2.54764 3 P 0
L 2.9861 2.54606 3.23909 2.54606 3 P 0
L 2.98205 2.54449 3.24315 2.54449 3 P 0
L 2.97811 2.54291 3.24709 2.54291 3 P 0
L 2.97433 2.54134 3.25087 2.54134 3 P 0
L 2.97067 2.53976 3.25453 2.53976 3 P 0
L 2.96713 2.53819 3.25807 2.53819 3 P 0
L 2.96366 2.53661 3.26154 2.53661 3 P 0
L 2.96028 2.53504 3.26492 2.53504 3 P 0
L 2.95701 2.53346 3.26819 2.53346 3 P 0
L 2.95382 2.53189 3.27138 2.53189 3 P 0
L 2.95071 2.53031 3.27449 2.53031 3 P 0
L 2.94768 2.52874 3.27752 2.52874 3 P 0
L 2.94469 2.52716 3.28051 2.52716 3 P 0
L 2.94177 2.52559 3.28343 2.52559 3 P 0
L 2.93894 2.52401 3.28626 2.52401 3 P 0
L 2.93614 2.52244 3.28906 2.52244 3 P 0
L 2.93343 2.52086 3.29177 2.52086 3 P 0
L 2.93075 2.51929 3.29445 2.51929 3 P 0
L 2.92811 2.51772 3.29709 2.51772 3 P 0
L 2.92555 2.51614 3.29965 2.51614 3 P 0
L 2.92299 2.51457 3.3022 2.51457 3 P 0
L 2.92051 2.51299 3.30469 2.51299 3 P 0
L 2.91811 2.51142 3.30709 2.51142 3 P 0
L 2.91571 2.50984 3.30949 2.50984 3 P 0
L 2.91335 2.50827 3.31185 2.50827 3 P 0
L 2.91122 1.8264 2.91122 1.89726 3 P 0
L 2.91102 2.50669 3.31417 2.50669 3 P 0
L 2.90874 2.50512 3.31646 2.50512 3 P 0
L 2.9065 2.50354 3.3187 2.50354 3 P 0
L 2.90429 2.50197 3.32091 2.50197 3 P 0
L 2.90213 2.50039 3.32307 2.50039 3 P 0
L 2.9 2.49882 3.3252 2.49882 3 P 0
L 2.89791 2.49724 3.32728 2.49724 3 P 0
L 2.89583 2.49567 3.32937 2.49567 3 P 0
L 2.89378 2.49409 3.33142 2.49409 3 P 0
L 2.89177 2.49252 3.33343 2.49252 3 P 0
L 2.8898 2.49094 3.33539 2.49094 3 P 0
L 2.88783 2.48937 3.33736 2.48937 3 P 0
L 2.88591 2.48779 3.33929 2.48779 3 P 0
L 2.88402 2.48622 3.34118 2.48622 3 P 0
L 2.88217 2.48464 3.34303 2.48464 3 P 0
L 2.88031 2.48307 3.34488 2.48307 3 P 0
L 2.87846 2.48149 3.34673 2.48149 3 P 0
L 2.87669 2.47992 3.3485 2.47992 3 P 0
L 2.87579 1.86183 2.94665 1.86183 3 P 0
L 2.87492 2.47835 3.35028 2.47835 3 P 0
L 2.87315 2.47677 3.35205 2.47677 3 P 0
L 2.87142 2.4752 3.35378 2.4752 3 P 0
L 2.86972 2.47362 3.35547 2.47362 3 P 0
L 2.86803 2.47205 3.35717 2.47205 3 P 0
L 2.86638 2.47047 3.35882 2.47047 3 P 0
L 2.86472 2.4689 3.36047 2.4689 3 P 0
L 2.86311 2.46732 3.36209 2.46732 3 P 0
L 2.86154 2.46575 3.36366 2.46575 3 P 0
L 2.85992 2.46417 3.36528 2.46417 3 P 0
L 2.85839 2.4626 3.36681 2.4626 3 P 0
L 2.85685 2.46102 3.36835 2.46102 3 P 0
L 2.85532 2.45945 3.36988 2.45945 3 P 0
L 2.85382 2.45787 3.37138 2.45787 3 P 0
L 2.85232 2.4563 3.37287 2.4563 3 P 0
L 2.85087 2.45472 3.37433 2.45472 3 P 0
L 2.84941 2.45315 3.37579 2.45315 3 P 0
L 2.84795 2.45157 3.37724 2.45157 3 P 0
L 2.84654 2.45 3.37866 2.45 3 P 0
L 2.84516 2.44842 3.38004 2.44842 3 P 0
L 2.84378 2.44685 3.38142 2.44685 3 P 0
L 2.8424 2.44528 3.3828 2.44528 3 P 0
L 2.84106 2.4437 3.38413 2.4437 3 P 0
L 2.83973 2.44212 3.38547 2.44212 3 P 0
L 2.83839 2.44055 3.38681 2.44055 3 P 0
L 2.83709 2.43897 3.38811 2.43897 3 P 0
L 2.83579 2.4374 3.38941 2.4374 3 P 0
L 2.83453 2.43583 3.39067 2.43583 3 P 0
L 2.83327 2.43425 3.39193 2.43425 3 P 0
L 2.83201 2.43268 3.39319 2.43268 3 P 0
L 2.83079 2.4311 3.39441 2.4311 3 P 0
L 2.82957 2.42953 3.39563 2.42953 3 P 0
L 2.82835 2.42795 3.39685 2.42795 3 P 0
L 2.82717 2.42638 3.39803 2.42638 3 P 0
L 2.82598 2.4248 3.39921 2.4248 3 P 0
L 2.82484 2.42323 3.40035 2.42323 3 P 0
L 2.82366 2.42165 3.40154 2.42165 3 P 0
L 2.82252 2.42008 3.40268 2.42008 3 P 0
L 2.82142 2.4185 3.40378 2.4185 3 P 0
L 2.82031 2.41693 3.40488 2.41693 3 P 0
L 2.81921 2.41535 3.40598 2.41535 3 P 0
L 2.81811 2.41378 3.05591 2.41378 3 P 0
L 2.81705 2.4122 3.05591 2.4122 3 P 0
L 2.81598 2.41063 3.05591 2.41063 3 P 0
L 2.81492 2.40905 3.05591 2.40905 3 P 0
L 2.8139 2.40748 3.05591 2.40748 3 P 0
L 2.81287 2.4059 3.05591 2.4059 3 P 0
L 2.81185 2.40433 3.05591 2.40433 3 P 0
L 2.81083 2.40275 3.05591 2.40275 3 P 0
L 2.80984 2.40118 3.05591 2.40118 3 P 0
L 2.80886 2.3996 3.05591 2.3996 3 P 0
L 2.80791 2.39803 3.05591 2.39803 3 P 0
L 2.80693 2.39646 3.05591 2.39646 3 P 0
L 2.80598 2.39488 3.05591 2.39488 3 P 0
L 2.80508 2.39331 3.05591 2.39331 3 P 0
L 2.80413 2.39173 3.05591 2.39173 3 P 0
L 2.80323 2.39016 3.05591 2.39016 3 P 0
L 2.80232 2.38858 3.05591 2.38858 3 P 0
L 2.80142 2.38701 3.05591 2.38701 3 P 0
L 2.80055 2.38543 3.05591 2.38543 3 P 0
L 2.79969 2.38386 3.05591 2.38386 3 P 0
L 2.79882 2.38228 3.05591 2.38228 3 P 0
L 2.79795 2.38071 3.05591 2.38071 3 P 0
L 2.79713 2.37913 3.05591 2.37913 3 P 0
L 2.7963 2.37756 3.05591 2.37756 3 P 0
L 2.79547 2.37598 3.05591 2.37598 3 P 0
L 2.79465 2.37441 3.05591 2.37441 3 P 0
L 2.79386 2.37283 3.05591 2.37283 3 P 0
L 2.79307 2.37126 3.05591 2.37126 3 P 0
L 2.79228 2.36968 3.05591 2.36968 3 P 0
L 2.7915 2.36811 3.05591 2.36811 3 P 0
L 2.79075 2.36653 3.05591 2.36653 3 P 0
L 2.78996 2.36496 3.05591 2.36496 3 P 0
L 2.78925 2.36339 3.05591 2.36339 3 P 0
L 2.7885 2.36181 3.05591 2.36181 3 P 0
L 2.78776 2.36023 3.05591 2.36023 3 P 0
L 2.78705 2.35866 3.05591 2.35866 3 P 0
L 2.78634 2.35709 3.05591 2.35709 3 P 0
L 2.78563 2.35551 3.05591 2.35551 3 P 0
L 2.78496 2.35394 3.05591 2.35394 3 P 0
L 2.78429 2.35236 3.05591 2.35236 3 P 0
L 2.78362 2.35079 3.05591 2.35079 3 P 0
L 2.78295 2.34921 3.05591 2.34921 3 P 0
L 2.78228 2.34764 3.05591 2.34764 3 P 0
L 2.78165 2.34606 3.05591 2.34606 3 P 0
L 2.78098 2.34449 3.05591 2.34449 3 P 0
L 2.78039 2.34291 3.05591 2.34291 3 P 0
L 2.77976 2.34134 3.05591 2.34134 3 P 0
L 2.77913 2.33976 3.05591 2.33976 3 P 0
L 2.77854 2.33819 3.05591 2.33819 3 P 0
L 2.77795 2.33661 3.05591 2.33661 3 P 0
L 2.77736 2.33504 3.05591 2.33504 3 P 0
L 2.77677 2.33346 3.05591 2.33346 3 P 0
L 2.77622 2.33189 3.05591 2.33189 3 P 0
L 2.77567 2.33031 3.05591 2.33031 3 P 0
L 2.77512 2.32874 3.05591 2.32874 3 P 0
L 2.77457 2.32716 3.05591 2.32716 3 P 0
L 2.77402 2.32559 3.05591 2.32559 3 P 0
L 2.7735 2.32401 3.05591 2.32401 3 P 0
L 2.77295 2.32244 3.05591 2.32244 3 P 0
L 2.77244 2.32086 3.05591 2.32086 3 P 0
L 2.77197 2.31929 3.05591 2.31929 3 P 0
L 2.77146 2.31772 3.05591 2.31772 3 P 0
L 2.77099 2.31614 3.05591 2.31614 3 P 0
L 2.77047 2.31457 3.05591 2.31457 3 P 0
L 2.77 2.31299 3.05591 2.31299 3 P 0
L 2.76957 2.31142 3.05591 2.31142 3 P 0
L 2.7691 2.30984 3.05591 2.30984 3 P 0
L 2.76866 2.30827 3.05591 2.30827 3 P 0
L 2.76819 2.30669 3.05591 2.30669 3 P 0
L 2.76776 2.30512 3.05591 2.30512 3 P 0
L 2.76736 2.30354 3.05591 2.30354 3 P 0
L 2.76693 2.30197 3.05591 2.30197 3 P 0
L 2.76654 2.30039 3.45866 2.30039 3 P 0
L 2.7661 2.29882 3.4591 2.29882 3 P 0
L 2.76571 2.29724 3.45949 2.29724 3 P 0
L 2.76531 2.29567 3.45988 2.29567 3 P 0
L 2.76496 2.29409 3.46024 2.29409 3 P 0
L 2.76457 2.29252 3.46063 2.29252 3 P 0
L 2.76421 2.29094 3.46098 2.29094 3 P 0
L 2.76386 2.28937 3.46134 2.28937 3 P 0
L 2.7635 2.28779 3.46169 2.28779 3 P 0
L 2.76315 2.28622 3.46205 2.28622 3 P 0
L 2.76283 2.28464 3.46236 2.28464 3 P 0
L 2.76252 2.28307 3.46268 2.28307 3 P 0
L 2.76217 2.2815 3.46303 2.2815 3 P 0
L 2.76185 2.27992 3.46335 2.27992 3 P 0
L 2.76157 2.27835 3.46362 2.27835 3 P 0
L 2.76126 2.27677 3.46394 2.27677 3 P 0
L 2.76098 2.2752 3.46421 2.2752 3 P 0
L 2.76067 2.27362 3.46453 2.27362 3 P 0
L 2.76039 2.27205 3.4648 2.27205 3 P 0
L 2.76016 2.27047 3.46504 2.27047 3 P 0
L 2.75988 2.2689 3.46531 2.2689 3 P 0
L 2.75961 2.26732 3.46559 2.26732 3 P 0
L 2.75937 2.26575 3.46583 2.26575 3 P 0
L 2.75913 2.26417 3.46606 2.26417 3 P 0
L 2.7589 2.2626 3.4663 2.2626 3 P 0
L 2.75866 2.26102 3.46654 2.26102 3 P 0
L 2.75846 2.25945 3.46673 2.25945 3 P 0
L 2.75823 2.25787 3.46697 2.25787 3 P 0
L 2.75803 2.2563 3.46717 2.2563 3 P 0
L 2.75784 2.25472 3.46736 2.25472 3 P 0
L 2.75764 2.25315 3.46756 2.25315 3 P 0
L 2.75744 2.25157 3.46776 2.25157 3 P 0
L 2.75728 2.25 3.46791 2.25 3 P 0
L 2.75713 2.24842 3.46807 2.24842 3 P 0
L 2.75697 2.24685 3.46823 2.24685 3 P 0
L 2.75681 2.24527 3.46839 2.24527 3 P 0
L 2.75665 2.2437 3.46854 2.2437 3 P 0
L 2.7565 2.24212 3.4687 2.24212 3 P 0
L 2.75638 2.24055 3.46882 2.24055 3 P 0
L 2.75622 2.23897 3.46898 2.23897 3 P 0
L 2.7561 2.2374 3.46909 2.2374 3 P 0
L 2.75598 2.23583 3.46921 2.23583 3 P 0
L 2.75591 2.23425 3.46929 2.23425 3 P 0
L 2.75579 2.23268 3.46941 2.23268 3 P 0
L 2.75571 2.2311 3.46949 2.2311 3 P 0
L 2.75563 2.22953 3.46957 2.22953 3 P 0
L 2.75555 2.22795 3.46965 2.22795 3 P 0
L 2.75547 2.22638 3.46972 2.22638 3 P 0
L 2.75539 2.2248 3.4698 2.2248 3 P 0
L 2.75535 2.22323 3.46984 2.22323 3 P 0
L 2.75528 2.22165 3.46992 2.22165 3 P 0
L 2.75524 2.22008 3.46996 2.22008 3 P 0
L 2.7552 2.2185 3.47 2.2185 3 P 0
L 2.75516 2.21535 3.47004 2.21535 3 P 0
L 2.75516 2.21693 3.47004 2.21693 3 P 0
L 2.75512 2.21063 3.47008 2.21063 3 P 0
L 2.75512 2.2122 3.47008 2.2122 3 P 0
L 2.75512 2.21378 3.47008 2.21378 3 P 0
L 5.09646 0.09055 4.87008 0.09055 3 P 0
L 5.09646 0.326771 5.09646 0.09055 3 P 0
L 5.04331 0.28307 4.84331 0.28307 3 P 0
L 5.04331 0.322834 5.04331 0.28307 3 P 0
L 4.84331 0.28307 4.84331 0.322834 3 P 0
L 4.81693 0.092519 4.69095 0.092519 3 P 0
L 4.69095 0.092519 4.69095 0.326771 3 P 0
L 4.69095 0.326771 5.09646 0.326771 3 P 0
L 5.68701 0.09055 5.46063 0.09055 3 P 0
L 5.68701 0.326771 5.68701 0.09055 3 P 0
L 5.63386 0.28307 5.43386 0.28307 3 P 0
L 5.63386 0.322834 5.63386 0.28307 3 P 0
L 5.43386 0.28307 5.43386 0.322834 3 P 0
L 5.40748 0.092519 5.2815 0.092519 3 P 0
L 5.2815 0.092519 5.2815 0.326771 3 P 0
L 5.2815 0.326771 5.68701 0.326771 3 P 0
L 6.27756 0.09055 6.05118 0.09055 3 P 0
L 6.27756 0.326771 6.27756 0.09055 3 P 0
L 6.22441 0.28307 6.02441 0.28307 3 P 0
L 6.22441 0.322834 6.22441 0.28307 3 P 0
L 6.02441 0.28307 6.02441 0.322834 3 P 0
L 5.99803 0.092519 5.87205 0.092519 3 P 0
L 5.87205 0.092519 5.87205 0.326771 3 P 0
L 5.87205 0.326771 6.27756 0.326771 3 P 0
L 6.86811 0.09055 6.64173 0.09055 3 P 0
L 6.86811 0.326771 6.86811 0.09055 3 P 0
L 6.81496 0.28307 6.61496 0.28307 3 P 0
L 6.81496 0.322834 6.81496 0.28307 3 P 0
L 6.61496 0.28307 6.61496 0.322834 3 P 0
L 6.58858 0.092519 6.4626 0.092519 3 P 0
L 6.4626 0.092519 6.4626 0.326771 3 P 0
L 6.4626 0.326771 6.86811 0.326771 3 P 0
L 7.45866 0.09055 7.23228 0.09055 3 P 0
L 7.45866 0.326771 7.45866 0.09055 3 P 0
L 7.40551 0.28307 7.20551 0.28307 3 P 0
L 7.40551 0.322834 7.40551 0.28307 3 P 0
L 7.20551 0.28307 7.20551 0.322834 3 P 0
L 7.17913 0.092519 7.05315 0.092519 3 P 0
L 7.05315 0.092519 7.05315 0.326771 3 P 0
L 7.05315 0.326771 7.45866 0.326771 3 P 0
L 8.0378 1.36968 8.0378 1.14331 3 P 0
L 7.80157 1.36968 8.0378 1.36968 3 P 0
L 7.84528 1.31653 7.84528 1.11653 3 P 0
L 7.80551 1.31653 7.84528 1.31653 3 P 0
L 7.84528 1.11653 7.80551 1.11653 3 P 0
L 8.03583 1.09016 8.03583 0.964172 3 P 0
L 8.03583 0.964172 7.80157 0.964172 3 P 0
L 7.80157 0.964172 7.80157 1.36968 3 P 0
L 8.0378 1.94055 8.0378 1.71417 3 P 0
L 7.80157 1.94055 8.0378 1.94055 3 P 0
L 7.84528 1.8874 7.84528 1.6874 3 P 0
L 7.80551 1.8874 7.84528 1.8874 3 P 0
L 7.84528 1.6874 7.80551 1.6874 3 P 0
L 8.03583 1.66102 8.03583 1.53504 3 P 0
L 8.03583 1.53504 7.80157 1.53504 3 P 0
L 7.80157 1.53504 7.80157 1.94055 3 P 0
L 8.0378 2.51142 8.0378 2.28504 3 P 0
L 7.80157 2.51142 8.0378 2.51142 3 P 0
L 7.84528 2.45827 7.84528 2.25827 3 P 0
L 7.80551 2.45827 7.84528 2.45827 3 P 0
L 7.84528 2.25827 7.80551 2.25827 3 P 0
L 8.03583 2.23189 8.03583 2.1059 3 P 0
L 8.03583 2.1059 7.80157 2.1059 3 P 0
L 7.80157 2.1059 7.80157 2.51142 3 P 0
L 8.0378 3.08228 8.0378 2.8559 3 P 0
L 7.80157 3.08228 8.0378 3.08228 3 P 0
L 7.84528 3.02913 7.84528 2.82913 3 P 0
L 7.80551 3.02913 7.84528 3.02913 3 P 0
L 7.84528 2.82913 7.80551 2.82913 3 P 0
L 8.03583 2.80275 8.03583 2.67677 3 P 0
L 8.03583 2.67677 7.80157 2.67677 3 P 0
L 7.80157 2.67677 7.80157 3.08228 3 P 0
L 8.0378 3.65315 8.0378 3.42677 3 P 0
L 7.80157 3.65315 8.0378 3.65315 3 P 0
L 7.84528 3.6 7.84528 3.4 3 P 0
L 7.80551 3.6 7.84528 3.6 3 P 0
L 7.84528 3.4 7.80551 3.4 3 P 0
L 8.03583 3.37362 8.03583 3.24764 3 P 0
L 8.03583 3.24764 7.80157 3.24764 3 P 0
L 7.80157 3.24764 7.80157 3.65315 3 P 0
A 5.95511900 0.80314900 5.90000000 0.80314900 5.92756000 0.80314900 3 P 0 Y
A 5.90000000 0.80314900 5.95511900 0.80314900 5.92756000 0.80314900 3 P 0 Y
A 7.13622100 0.86220400 7.08110300 0.86220400 7.10866200 0.86220400 3 P 0 Y
A 7.08110300 0.86220400 7.13622100 0.86220400 7.10866200 0.86220400 3 P 0 Y
A 6.52598500 0.80314900 6.47086700 0.80314900 6.49842600 0.80314900 3 P 0 Y
A 6.47086700 0.80314900 6.52598500 0.80314900 6.49842600 0.80314900 3 P 0 Y
L 6.15335 0.634923 6.15335 0.617044 3 P 0
L 6.09547 0.634923 6.09547 0.617044 3 P 0
L 5.44097 0.468109 5.4299 0.468109 3 P 0
L 5.44097 0.508267 5.4299 0.508267 3 P 0
L 6.62207 0.468109 6.611 0.468109 3 P 0
L 6.62207 0.508267 6.611 0.508267 3 P 0
L 5.82126 0.642125 5.81181 0.655117 3 P 0
L 5.81181 0.655117 5.83071 0.655117 3 P 0
L 5.83071 0.655117 5.82126 0.642125 3 P 0
S P 0
OB 5.8212600000 0.6421250000 I
OS 5.8118110000 0.6551170000
OS 5.8307090000 0.6551170000
OS 5.8212600000 0.6421250000
OE
SE
L 5.97126 0.523227 5.84449 0.523227 3 P 0
L 5.97126 0.531101 5.97126 0.523227 3 P 0
L 5.97126 0.649999 5.97126 0.642125 3 P 0
L 5.84449 0.523227 5.84449 0.531101 3 P 0
L 5.84449 0.642125 5.84449 0.649999 3 P 0
L 5.84449 0.649999 5.97126 0.649999 3 P 0
L 4.97225 0.634923 4.97225 0.617044 3 P 0
L 4.91437 0.634923 4.91437 0.617044 3 P 0
A 5.46299300 0.38976300 5.40787400 0.38976300 5.43543400 0.38976300 3 P 0 Y
A 5.40787400 0.38976300 5.46299300 0.38976300 5.43543400 0.38976300 3 P 0 Y
L 6.7439 0.634923 6.7439 0.617044 3 P 0
L 6.68602 0.634923 6.68602 0.617044 3 P 0
L 5.23071 0.642125 5.22126 0.655117 3 P 0
L 5.22126 0.655117 5.24016 0.655117 3 P 0
L 5.24016 0.655117 5.23071 0.642125 3 P 0
S P 0
OB 5.2307090000 0.6421250000 I
OS 5.2212600000 0.6551170000
OS 5.2401580000 0.6551170000
OS 5.2307090000 0.6421250000
OE
SE
L 5.38071 0.523227 5.25394 0.523227 3 P 0
L 5.38071 0.531101 5.38071 0.523227 3 P 0
L 5.38071 0.649999 5.38071 0.642125 3 P 0
L 5.25394 0.523227 5.25394 0.531101 3 P 0
L 5.25394 0.642125 5.25394 0.649999 3 P 0
L 5.25394 0.649999 5.38071 0.649999 3 P 0
L 4.85042 0.468109 4.83935 0.468109 3 P 0
L 4.85042 0.508267 4.83935 0.508267 3 P 0
L 7.21262 0.468109 7.20155 0.468109 3 P 0
L 7.21262 0.508267 7.20155 0.508267 3 P 0
A 5.34488200 0.82283400 5.28976400 0.82283400 5.31732300 0.82283400 3 P 0 Y
A 5.28976400 0.82283400 5.34488200 0.82283400 5.31732300 0.82283400 3 P 0 Y
A 4.86850400 0.38976300 4.81338600 0.38976300 4.84094500 0.38976300 3 P 0 Y
A 4.81338600 0.38976300 4.86850400 0.38976300 4.84094500 0.38976300 3 P 0 Y
L 6.03152 0.468109 6.02045 0.468109 3 P 0
L 6.03152 0.508267 6.02045 0.508267 3 P 0
A 7.23464600 0.38976300 7.17952800 0.38976300 7.20708700 0.38976300 3 P 0 Y
A 7.17952800 0.38976300 7.23464600 0.38976300 7.20708700 0.38976300 3 P 0 Y
A 6.64409500 0.38976300 6.58897700 0.38976300 6.61653600 0.38976300 3 P 0 Y
A 6.58897700 0.38976300 6.64409500 0.38976300 6.61653600 0.38976300 3 P 0 Y
L 4.64016 0.642125 4.63071 0.655117 3 P 0
L 4.63071 0.655117 4.64961 0.655117 3 P 0
L 4.64961 0.655117 4.64016 0.642125 3 P 0
S P 0
OB 4.6401580000 0.6421250000 I
OS 4.6307090000 0.6551170000
OS 4.6496070000 0.6551170000
OS 4.6401580000 0.6421250000
OE
SE
L 4.79016 0.523227 4.66339 0.523227 3 P 0
L 4.79016 0.531101 4.79016 0.523227 3 P 0
L 4.79016 0.649999 4.79016 0.642125 3 P 0
L 4.66339 0.523227 4.66339 0.531101 3 P 0
L 4.66339 0.642125 4.66339 0.649999 3 P 0
L 4.66339 0.649999 4.79016 0.649999 3 P 0
A 4.75433100 0.80314900 4.69921300 0.80314900 4.72677200 0.80314900 3 P 0 Y
A 4.69921300 0.80314900 4.75433100 0.80314900 4.72677200 0.80314900 3 P 0 Y
L 5.5628 0.634923 5.5628 0.617044 3 P 0
L 5.50492 0.634923 5.50492 0.617044 3 P 0
L 6.41181 0.642125 6.40236 0.655117 3 P 0
L 6.40236 0.655117 6.42126 0.655117 3 P 0
L 6.42126 0.655117 6.41181 0.642125 3 P 0
S P 0
OB 6.4118110000 0.6421250000 I
OS 6.4023630000 0.6551170000
OS 6.4212600000 0.6551170000
OS 6.4118110000 0.6421250000
OE
SE
L 6.56181 0.523227 6.43504 0.523227 3 P 0
L 6.56181 0.531101 6.56181 0.523227 3 P 0
L 6.56181 0.649999 6.56181 0.642125 3 P 0
L 6.43504 0.523227 6.43504 0.531101 3 P 0
L 6.43504 0.642125 6.43504 0.649999 3 P 0
L 6.43504 0.649999 6.56181 0.649999 3 P 0
A 6.05354400 0.38976300 5.99842600 0.38976300 6.02598500 0.38976300 3 P 0 Y
A 5.99842600 0.38976300 6.05354400 0.38976300 6.02598500 0.38976300 3 P 0 Y
L 7.00236 0.642125 6.99291 0.655117 3 P 0
L 6.99291 0.655117 7.01181 0.655117 3 P 0
L 7.01181 0.655117 7.00236 0.642125 3 P 0
S P 0
OB 7.0023630000 0.6421250000 I
OS 6.9929140000 0.6551170000
OS 7.0118110000 0.6551170000
OS 7.0023630000 0.6421250000
OE
SE
L 7.15236 0.523227 7.02559 0.523227 3 P 0
L 7.15236 0.531101 7.15236 0.523227 3 P 0
L 7.15236 0.649999 7.15236 0.642125 3 P 0
L 7.02559 0.523227 7.02559 0.531101 3 P 0
L 7.02559 0.642125 7.02559 0.649999 3 P 0
L 7.02559 0.649999 7.15236 0.649999 3 P 0
A 2.20708700 1.55905400 2.15196900 1.55905400 2.17952800 1.55905400 3 P 0 Y
A 2.15196900 1.55905400 2.20708700 1.55905400 2.17952800 1.55905400 3 P 0 Y
A 2.11653600 1.37401500 2.06141800 1.37401500 2.08897700 1.37401500 3 P 0 Y
A 2.06141800 1.37401500 2.11653600 1.37401500 2.08897700 1.37401500 3 P 0 Y
A 1.96496100 1.43897500 1.90984300 1.43897500 1.93740200 1.43897500 3 P 0 Y
A 1.90984300 1.43897500 1.96496100 1.43897500 1.93740200 1.43897500 3 P 0 Y
L 1.91732 1.38976 1.91732 1.32283 3 P 0
L 1.91732 1.38976 2.02205 1.38976 3 P 0
L 1.91732 1.32283 2.02205 1.32283 3 P 0
A 1.90000000 1.37007800 1.84488200 1.37007800 1.87244100 1.37007800 3 P 0 Y
A 1.84488200 1.37007800 1.90000000 1.37007800 1.87244100 1.37007800 3 P 0 Y
L 1.40442 2.12116 1.38574 2.12116 3 P 0
L 1.40442 2.1623 1.38574 2.1623 3 P 0
A 1.82126000 1.37007800 1.76614200 1.37007800 1.79370100 1.37007800 3 P 0 Y
A 1.76614200 1.37007800 1.82126000 1.37007800 1.79370100 1.37007800 3 P 0 Y
L 0.366536 3.55315 0.317323 3.55315 3 P 0
L 0.266142 3.54134 0.266142 3.51181 3 P 0
L 0.266142 3.51181 0.15 3.51181 3 P 0
L 0.15 3.51181 0.15 3.34252 3 P 0
L 0.366536 3.50394 0.366536 3.55315 3 P 0
L 0.266142 3.17323 0.15 3.17323 3 P 0
L 0.15 3.17323 0.15 3.34252 3 P 0
L 0.266142 3.1437 0.266142 3.17323 3 P 0
L 0.355119 3.54173 0.120079 3.54173 3 P 0
L 0.120079 3.54173 0.120079 3.14331 3 P 0
L 0.120079 3.14331 0.355119 3.14331 3 P 0
L 0.355119 3.14331 0.355119 3.54173 3 P 0
L 0.354725 3.54134 0.325197 3.54134 3 P 0
L 0.325197 3.54134 0.325197 3.47047 3 P 0
L 0.325197 3.47047 0.354725 3.47047 3 P 0
L 0.354725 3.47047 0.354725 3.54134 3 P 0
L 0.354725 3.41142 0.325197 3.41142 3 P 0
L 0.325197 3.41142 0.325197 3.27362 3 P 0
L 0.325197 3.27362 0.354725 3.27362 3 P 0
L 0.354725 3.27362 0.354725 3.41142 3 P 0
L 0.354725 3.21457 0.325197 3.21457 3 P 0
L 0.325197 3.21457 0.325197 3.1437 3 P 0
L 0.325197 3.1437 0.354725 3.1437 3 P 0
L 0.354725 3.1437 0.354725 3.21457 3 P 0
L 0.37441 2.25787 0.325197 2.25787 3 P 0
L 0.274016 2.24606 0.274016 2.21653 3 P 0
L 0.274016 2.21653 0.157874 2.21653 3 P 0
L 0.157874 2.21653 0.157874 1.80118 3 P 0
L 0.37441 2.20866 0.37441 2.25787 3 P 0
L 0.274016 1.38583 0.157874 1.38583 3 P 0
L 0.157874 1.38583 0.157874 1.80118 3 P 0
L 0.274016 1.3563 0.274016 1.38583 3 P 0
L 0.362993 2.24646 0.127953 2.24646 3 P 0
L 0.127953 2.24646 0.127953 1.3559 3 P 0
L 0.127953 1.3559 0.362993 1.3559 3 P 0
L 0.362993 1.3559 0.362993 2.24646 3 P 0
L 0.362599 2.24606 0.333071 2.24606 3 P 0
L 0.333071 2.24606 0.333071 2.1752 3 P 0
L 0.333071 2.1752 0.362599 2.1752 3 P 0
L 0.362599 2.1752 0.362599 2.24606 3 P 0
L 0.362599 2.11614 0.333071 2.11614 3 P 0
L 0.333071 2.11614 0.333071 1.48622 3 P 0
L 0.333071 1.48622 0.362599 1.48622 3 P 0
L 0.362599 1.48622 0.362599 2.11614 3 P 0
L 0.362599 1.42716 0.333071 1.42716 3 P 0
L 0.333071 1.42716 0.333071 1.3563 3 P 0
L 0.333071 1.3563 0.362599 1.3563 3 P 0
L 0.362599 1.3563 0.362599 1.42716 3 P 0
L 4.56496 2.81535 4.69173 2.81535 3 P 0
L 4.56496 2.80748 4.56496 2.81535 3 P 0
L 4.56496 2.68858 4.56496 2.69646 3 P 0
L 4.69173 2.81535 4.69173 2.80748 3 P 0
L 4.69173 2.69646 4.69173 2.68858 3 P 0
L 4.69173 2.68858 4.56496 2.68858 3 P 0
L 4.72441 2.68346 4.70551 2.68346 3 P 0
L 4.70551 2.68346 4.71496 2.69646 3 P 0
L 4.71496 2.69646 4.72441 2.68346 3 P 0
S P 0
OB 4.7244100000 2.6834640000 I
OS 4.7055120000 2.6834640000
OS 4.7149610000 2.6964560000
OS 4.7244100000 2.6834640000
OE
SE
A 2.35669300 1.10236100 2.30157500 1.10236100 2.32913400 1.10236100 3 P 0 Y
A 2.30157500 1.10236100 2.35669300 1.10236100 2.32913400 1.10236100 3 P 0 Y
A 7.07716600 3.30314900 7.02204800 3.30314900 7.04960700 3.30314900 3 P 0 Y
A 7.02204800 3.30314900 7.07716600 3.30314900 7.04960700 3.30314900 3 P 0 Y
L 1.08189 2.03877 1.14252 2.03877 3 P 0
L 1.08189 2.0372 1.14252 2.0372 3 P 0
L 1.08193 2.04035 1.14252 2.04035 3 P 0
L 1.08201 2.04192 1.14252 2.04192 3 P 0
L 1.08209 2.0435 1.14252 2.0435 3 P 0
L 1.0822 2.04507 1.14252 2.04507 3 P 0
L 1.08232 2.04665 1.14252 2.04665 3 P 0
L 1.08248 2.04822 1.14252 2.04822 3 P 0
L 1.08268 2.0498 1.14252 2.0498 3 P 0
L 1.08287 2.05137 1.14252 2.05137 3 P 0
L 1.08311 2.05295 1.14252 2.05295 3 P 0
L 1.08335 2.05452 1.14252 2.05452 3 P 0
L 1.08362 2.0561 1.14252 2.0561 3 P 0
L 1.08394 2.05767 1.14252 2.05767 3 P 0
L 1.08429 2.05925 1.14252 2.05925 3 P 0
L 1.08465 2.06082 1.14252 2.06082 3 P 0
L 1.085 2.0624 1.14252 2.0624 3 P 0
L 1.08543 2.06397 1.14252 2.06397 3 P 0
L 1.08587 2.06555 1.14252 2.06555 3 P 0
L 1.08634 2.06712 1.14252 2.06712 3 P 0
L 1.08681 2.06869 1.14252 2.06869 3 P 0
L 1.08732 2.07027 1.14252 2.07027 3 P 0
L 1.08787 2.07184 1.14252 2.07184 3 P 0
L 1.08847 2.07342 1.14252 2.07342 3 P 0
L 1.08906 2.07499 1.14252 2.07499 3 P 0
L 1.08969 2.07657 1.14252 2.07657 3 P 0
L 1.09035 2.07814 1.14252 2.07814 3 P 0
L 1.09106 2.07972 1.14252 2.07972 3 P 0
L 1.09177 2.08129 1.14252 2.08129 3 P 0
L 1.09256 2.08287 1.14252 2.08287 3 P 0
L 1.09335 2.08444 1.14252 2.08444 3 P 0
L 1.09417 2.08602 1.14252 2.08602 3 P 0
L 1.09504 2.08759 1.14252 2.08759 3 P 0
L 1.09594 2.08917 1.14252 2.08917 3 P 0
L 1.09689 2.09074 1.14252 2.09074 3 P 0
L 1.09783 2.09232 1.14252 2.09232 3 P 0
L 1.09886 2.09389 1.14252 2.09389 3 P 0
L 1.09992 2.09547 1.14252 2.09547 3 P 0
L 1.10102 2.09704 1.14252 2.09704 3 P 0
L 1.10217 2.09862 1.14252 2.09862 3 P 0
L 1.10335 2.10019 1.14252 2.10019 3 P 0
L 1.10461 2.10177 1.14252 2.10177 3 P 0
L 1.10591 2.10334 1.14252 2.10334 3 P 0
L 1.10725 2.10492 1.14252 2.10492 3 P 0
L 1.10862 2.10649 1.14252 2.10649 3 P 0
L 1.11008 2.10806 1.14252 2.10806 3 P 0
L 1.11162 2.10964 1.14252 2.10964 3 P 0
L 1.11319 2.11122 1.14252 2.11122 3 P 0
L 1.11484 2.11279 1.14252 2.11279 3 P 0
L 1.11555 1.93662 1.13524 1.93662 3 P 0
L 1.11657 2.11436 1.14252 2.11436 3 P 0
L 1.11843 2.11594 1.14252 2.11594 3 P 0
L 1.12031 2.11751 1.24662 2.11751 3 P 0
L 1.12232 2.11909 1.24461 2.11909 3 P 0
L 1.12445 2.12066 1.24248 2.12066 3 P 0
L 1.12539 1.92677 1.12539 1.94646 3 P 0
L 1.12665 2.12224 1.24028 2.12224 3 P 0
L 1.12902 2.12381 1.23791 2.12381 3 P 0
L 1.13154 2.12539 1.23539 2.12539 3 P 0
L 1.13421 2.12696 1.23272 2.12696 3 P 0
L 1.13713 2.12854 1.2298 2.12854 3 P 0
L 1.14024 2.13011 1.22669 2.13011 3 P 0
L 1.14366 2.13169 1.22327 2.13169 3 P 0
L 1.14748 2.13326 1.21945 2.13326 3 P 0
L 1.15177 2.13484 1.21516 2.13484 3 P 0
L 1.15681 2.13641 1.21012 2.13641 3 P 0
L 1.16311 2.13799 1.20382 2.13799 3 P 0
L 1.17232 2.13956 1.19461 2.13956 3 P 0
L 1.22441 2.11594 1.2485 2.11594 3 P 0
L 1.22441 2.11436 1.25035 2.11436 3 P 0
L 1.22441 2.11279 1.25209 2.11279 3 P 0
L 1.22441 2.11122 1.25374 2.11122 3 P 0
L 1.22441 2.10964 1.25531 2.10964 3 P 0
L 1.22441 2.10806 1.25685 2.10806 3 P 0
L 1.22441 2.10649 1.25831 2.10649 3 P 0
L 1.22441 2.10492 1.25969 2.10492 3 P 0
L 1.22441 2.10334 1.26102 2.10334 3 P 0
L 1.22441 2.10177 1.26232 2.10177 3 P 0
L 1.22441 2.10019 1.26358 2.10019 3 P 0
L 1.22441 2.09862 1.26476 2.09862 3 P 0
L 1.22441 2.09704 1.26591 2.09704 3 P 0
L 1.22441 2.09547 1.26701 2.09547 3 P 0
L 1.22441 2.09389 1.26807 2.09389 3 P 0
L 1.22441 2.09232 1.26909 2.09232 3 P 0
L 1.22441 2.09074 1.27004 2.09074 3 P 0
L 1.22441 2.08917 1.27099 2.08917 3 P 0
L 1.22441 2.08759 1.27189 2.08759 3 P 0
L 1.22441 2.08602 1.27276 2.08602 3 P 0
L 1.22441 2.08444 1.27358 2.08444 3 P 0
L 1.22441 2.08287 1.27437 2.08287 3 P 0
L 1.22441 2.08129 1.27516 2.08129 3 P 0
L 1.22441 2.07972 1.27587 2.07972 3 P 0
L 1.22441 2.07814 1.27658 2.07814 3 P 0
L 1.22441 2.07657 1.27724 2.07657 3 P 0
L 1.22441 2.07499 1.27787 2.07499 3 P 0
L 1.22441 2.07342 1.27846 2.07342 3 P 0
L 1.22441 2.07184 1.27906 2.07184 3 P 0
L 1.22441 2.07027 1.27961 2.07027 3 P 0
L 1.22441 2.06869 1.28012 2.06869 3 P 0
L 1.22441 2.06712 1.28059 2.06712 3 P 0
L 1.22441 2.06555 1.28106 2.06555 3 P 0
L 1.22441 2.06397 1.2815 2.06397 3 P 0
L 1.22441 2.0624 1.28193 2.0624 3 P 0
L 1.22441 2.06082 1.28228 2.06082 3 P 0
L 1.22441 2.05925 1.28264 2.05925 3 P 0
L 1.22441 2.05767 1.28299 2.05767 3 P 0
L 1.22441 2.0561 1.28331 2.0561 3 P 0
L 1.22441 2.05452 1.28358 2.05452 3 P 0
L 1.22441 2.05295 1.28382 2.05295 3 P 0
L 1.22441 2.05137 1.28406 2.05137 3 P 0
L 1.22441 2.0498 1.28425 2.0498 3 P 0
L 1.22441 2.04822 1.28445 2.04822 3 P 0
L 1.22441 2.04665 1.28461 2.04665 3 P 0
L 1.22441 2.04507 1.28472 2.04507 3 P 0
L 1.22441 2.0435 1.28484 2.0435 3 P 0
L 1.22441 2.04192 1.28492 2.04192 3 P 0
L 1.22441 2.04035 1.285 2.04035 3 P 0
L 1.22441 2.03877 1.28504 2.03877 3 P 0
L 1.22441 2.0372 1.28504 2.0372 3 P 0
A 1.28661500 2.03719900 1.08031500 2.03719900 1.18346500 2.03719900 3 P 0 Y
A 1.08031500 2.03719900 1.28661500 2.03719900 1.18346500 2.03719900 3 P 0 Y
L 4.80512 3.15096 4.80512 3.16203 3 P 0
L 4.84528 3.15096 4.84528 3.16203 3 P 0
A 1.11259900 2.59448700 1.05748100 2.59448700 1.08504000 2.59448700 3 P 0 Y
A 1.05748100 2.59448700 1.11259900 2.59448700 1.08504000 2.59448700 3 P 0 Y
L 1.42509 1.35522 1.40641 1.35522 3 P 0
L 1.42509 1.31407 1.40641 1.31407 3 P 0
A 7.76614200 1.68897500 7.71102400 1.68897500 7.73858300 1.68897500 3 P 0 Y
A 7.71102400 1.68897500 7.76614200 1.68897500 7.73858300 1.68897500 3 P 0 Y
L 4.4311 1.38189 4.41811 1.37244 3 P 0
L 4.41811 1.37244 4.41811 1.39134 3 P 0
L 4.41811 1.39134 4.4311 1.38189 3 P 0
S P 0
OB 4.4311030000 1.3818890000 I
OS 4.4181110000 1.3724400000
OS 4.4181110000 1.3913380000
OS 4.4311030000 1.3818890000
OE
SE
L 4.55 1.40512 4.54213 1.40512 3 P 0
L 4.55 1.53189 4.55 1.40512 3 P 0
L 4.54213 1.53189 4.55 1.53189 3 P 0
L 4.4311 1.40512 4.42323 1.40512 3 P 0
L 4.42323 1.40512 4.42323 1.53189 3 P 0
L 4.42323 1.53189 4.4311 1.53189 3 P 0
A 1.81338600 0.70472300 1.75826800 0.70472300 1.78582700 0.70472300 3 P 0 Y
A 1.75826800 0.70472300 1.81338600 0.70472300 1.78582700 0.70472300 3 P 0 Y
L 1.86811 1.72964 1.86811 1.71524 3 P 0
L 2.00276 1.72964 2.00276 1.71524 3 P 0
A 1.75236300 0.80708600 1.69724500 0.80708600 1.72480400 0.80708600 3 P 0 Y
A 1.69724500 0.80708600 1.75236300 0.80708600 1.72480400 0.80708600 3 P 0 Y
L 1.01183 2.37835 1.00076 2.37835 3 P 0
L 1.01183 2.33819 1.00076 2.33819 3 P 0
A 7.76614200 2.25984200 7.71102400 2.25984200 7.73858300 2.25984200 3 P 0 Y
A 7.71102400 2.25984200 7.76614200 2.25984200 7.73858300 2.25984200 3 P 0 Y
A 2.24252000 0.84251900 2.18740200 0.84251900 2.21496100 0.84251900 3 P 0 Y
A 2.18740200 0.84251900 2.24252000 0.84251900 2.21496100 0.84251900 3 P 0 Y
L 1.63337 1.32036 1.63337 1.30168 3 P 0
L 1.67451 1.32036 1.67451 1.30168 3 P 0
L 1.51772 1.75339 1.51772 1.69739 3 P 0
L 1.58937 1.75339 1.58937 1.69739 3 P 0
A 7.76614200 1.11810900 7.71102400 1.11810900 7.73858300 1.11810900 3 P 0 Y
A 7.71102400 1.11810900 7.76614200 1.11810900 7.73858300 1.11810900 3 P 0 Y
L 1.86929 2.08386 1.86929 1.84764 3 P 0
L 2.07894 2.08386 2.07894 1.84764 3 P 0
L 1.90925 1.8076 1.89036 1.8076 3 P 0
L 1.89036 1.8076 1.8998 1.8206 3 P 0
L 1.8998 1.8206 1.90925 1.8076 3 P 0
S P 0
OB 1.9092520000 1.8076040000 I
OS 1.8903550000 1.8076040000
OS 1.8998040000 1.8205960000
OS 1.9092520000 1.8076040000
OE
SE
L 1.69094 1.72964 1.69094 1.71524 3 P 0
L 1.82559 1.72964 1.82559 1.71524 3 P 0
A 4.14409500 1.83661300 4.08897700 1.83661300 4.11653600 1.83661300 3 P 0 Y
A 4.08897700 1.83661300 4.14409500 1.83661300 4.11653600 1.83661300 3 P 0 Y
A 1.59881900 1.14566800 1.54370100 1.14566800 1.57126000 1.14566800 3 P 0 Y
A 1.54370100 1.14566800 1.59881900 1.14566800 1.57126000 1.14566800 3 P 0 Y
L 1.9877 0.804635 1.9877 0.823316 3 P 0
L 2.02884 0.804635 2.02884 0.823316 3 P 0
L 1.61299 2.08386 1.61299 1.84764 3 P 0
L 1.82264 2.08386 1.82264 1.84764 3 P 0
L 1.65295 1.8076 1.63406 1.8076 3 P 0
L 1.63406 1.8076 1.6435 1.8206 3 P 0
L 1.6435 1.8206 1.65295 1.8076 3 P 0
S P 0
OB 1.6529530000 1.8076040000 I
OS 1.6340560000 1.8076040000
OS 1.6435040000 1.8205960000
OS 1.6529530000 1.8076040000
OE
SE
A 2.73366200 3.57480200 2.67854400 3.57480200 2.70610300 3.57480200 3 P 0 Y
A 2.67854400 3.57480200 2.73366200 3.57480200 2.70610300 3.57480200 3 P 0 Y
A 0.65984300 2.98818800 0.60472500 2.98818800 0.63228400 2.98818800 3 P 0 Y
A 0.60472500 2.98818800 0.65984300 2.98818800 0.63228400 2.98818800 3 P 0 Y
L 1.38681 1.84724 1.38681 2.08346 3 P 0
L 1.59646 1.84724 1.59646 2.08346 3 P 0
L 1.56594 2.1105 1.5565 2.1235 3 P 0
L 1.5565 2.1235 1.57539 2.1235 3 P 0
L 1.57539 2.1235 1.56594 2.1105 3 P 0
S P 0
OB 1.5659450000 2.1105040000 I
OS 1.5564970000 2.1234960000
OS 1.5753940000 2.1234960000
OS 1.5659450000 2.1105040000
OE
SE
L 1.83809 0.816427 1.83809 0.797745 3 P 0
L 1.87923 0.816427 1.87923 0.797745 3 P 0
A 7.27401600 1.59055000 7.21889800 1.59055000 7.24645700 1.59055000 3 P 0 Y
A 7.21889800 1.59055000 7.27401600 1.59055000 7.24645700 1.59055000 3 P 0 Y
L 4.7062 3.15109 4.7062 3.16977 3 P 0
L 4.74734 3.15109 4.74734 3.16977 3 P 0
A 7.27401600 2.73228300 7.21889800 2.73228300 7.24645700 2.73228300 3 P 0 Y
A 7.21889800 2.73228300 7.27401600 2.73228300 7.24645700 2.73228300 3 P 0 Y
A 2.86850400 0.80314900 2.81338600 0.80314900 2.84094500 0.80314900 3 P 0 Y
A 2.81338600 0.80314900 2.86850400 0.80314900 2.84094500 0.80314900 3 P 0 Y
A 0.75826800 3.53936900 0.70315000 3.53936900 0.73070900 3.53936900 3 P 0 Y
A 0.70315000 3.53936900 0.75826800 3.53936900 0.73070900 3.53936900 3 P 0 Y
L 3.25689 3.03484 3.32854 3.03484 3 P 0
L 3.25689 3.03287 3.25689 3.03484 3 P 0
L 3.25689 2.91201 3.25689 2.91397 3 P 0
L 3.32854 3.03484 3.32854 3.03287 3 P 0
L 3.32854 2.91397 3.32854 2.91201 3 P 0
L 3.32854 2.91201 3.25689 2.91201 3 P 0
L 3.23563 3.03287 3.22618 3.04587 3 P 0
L 3.22618 3.04587 3.24508 3.04587 3 P 0
L 3.24508 3.04587 3.23563 3.03287 3 P 0
S P 0
OB 3.2356300000 3.0328730000 I
OS 3.2261820000 3.0458650000
OS 3.2450790000 3.0458650000
OS 3.2356300000 3.0328730000
OE
SE
L 1.42128 1.16575 1.41021 1.16575 3 P 0
L 1.42128 1.12559 1.41021 1.12559 3 P 0
L 7.49342 1.24547 7.5113 1.24547 3 P 0
L 7.49342 1.1876 7.5113 1.1876 3 P 0
L 2.25787 1.75241 2.25787 1.69641 3 P 0
L 2.32953 1.75241 2.32953 1.69641 3 P 0
L 1.73425 1.23858 1.75295 1.23858 3 P 0
L 1.73425 1.21988 1.73425 1.23858 3 P 0
L 1.73425 1.03307 1.73425 1.05177 3 P 0
L 1.75295 1.03307 1.73425 1.03307 3 P 0
L 1.88169 1.23858 1.90039 1.23858 3 P 0
L 1.90039 1.23858 1.90039 1.21988 3 P 0
L 1.90039 1.05177 1.90039 1.03307 3 P 0
L 1.90039 1.03307 1.88169 1.03307 3 P 0
L 1.71339 1.20472 1.70039 1.19527 3 P 0
L 1.70039 1.19527 1.70039 1.21417 3 P 0
L 1.70039 1.21417 1.71339 1.20472 3 P 0
S P 0
OB 1.7133860000 1.2047230000 I
OS 1.7003940000 1.1952750000
OS 1.7003940000 1.2141720000
OS 1.7133860000 1.2047230000
OE
SE
L 3.35017 3.09193 3.36124 3.09193 3 P 0
L 3.35017 3.05177 3.36124 3.05177 3 P 0
L 2.83164 3.45807 2.88765 3.45807 3 P 0
L 2.83164 3.38642 2.88765 3.38642 3 P 0
L 1.56892 1.02401 1.55785 1.02401 3 P 0
L 1.56892 0.983857 1.55785 0.983857 3 P 0
L 7.49342 3.52894 7.5113 3.52894 3 P 0
L 7.49342 3.47106 7.5113 3.47106 3 P 0
A 2.05354400 1.06692800 1.99842600 1.06692800 2.02598500 1.06692800 3 P 0 Y
A 1.99842600 1.06692800 2.05354400 1.06692800 2.02598500 1.06692800 3 P 0 Y
L 7.49342 1.81634 7.5113 1.81634 3 P 0
L 7.49342 1.75846 7.5113 1.75846 3 P 0
A 7.76614200 3.40157400 7.71102400 3.40157400 7.73858300 3.40157400 3 P 0 Y
A 7.71102400 3.40157400 7.76614200 3.40157400 7.73858300 3.40157400 3 P 0 Y
L 3.05984 1.35157 2.77087 1.35157 3 P 0
L 3.05984 1.35 2.7713 1.35 3 P 0
L 3.05984 1.34842 2.77169 1.34842 3 P 0
L 3.05984 1.34685 2.77213 1.34685 3 P 0
L 3.05984 1.34527 2.7726 1.34527 3 P 0
L 3.05984 1.3437 2.77303 1.3437 3 P 0
L 3.05984 1.34213 2.7735 1.34213 3 P 0
L 3.05984 1.34055 2.77394 1.34055 3 P 0
L 3.05984 1.33898 2.77441 1.33898 3 P 0
L 3.05984 1.3374 2.77492 1.3374 3 P 0
L 3.05984 1.33583 2.77539 1.33583 3 P 0
L 3.05984 1.33425 2.77591 1.33425 3 P 0
L 3.05984 1.33268 2.77638 1.33268 3 P 0
L 3.05984 1.3311 2.77689 1.3311 3 P 0
L 3.05984 1.32953 2.77744 1.32953 3 P 0
L 3.05984 1.32795 2.77795 1.32795 3 P 0
L 3.05984 1.32638 2.7785 1.32638 3 P 0
L 3.05984 1.3248 2.77906 1.3248 3 P 0
L 3.05984 1.32323 2.77961 1.32323 3 P 0
L 3.05984 1.32165 2.78016 1.32165 3 P 0
L 3.05984 1.32008 2.78071 1.32008 3 P 0
L 3.05984 1.3185 2.7813 1.3185 3 P 0
L 3.05984 1.31693 2.78189 1.31693 3 P 0
L 3.05984 1.31535 2.78248 1.31535 3 P 0
L 3.05984 1.31378 2.78307 1.31378 3 P 0
L 3.05984 1.3122 2.7837 1.3122 3 P 0
L 3.05984 1.31063 2.78433 1.31063 3 P 0
L 3.05984 1.30905 2.78492 1.30905 3 P 0
L 3.05984 1.30748 2.78559 1.30748 3 P 0
L 3.05984 1.3059 2.78622 1.3059 3 P 0
L 3.05984 1.30433 2.78689 1.30433 3 P 0
L 3.05984 1.30275 2.78756 1.30275 3 P 0
L 3.05984 1.30118 2.78823 1.30118 3 P 0
L 3.05984 1.2996 2.7889 1.2996 3 P 0
L 3.05984 1.29803 2.78957 1.29803 3 P 0
L 3.05984 1.29646 2.79028 1.29646 3 P 0
L 3.05984 1.29488 2.79099 1.29488 3 P 0
L 3.05984 1.29331 2.79169 1.29331 3 P 0
L 3.05984 1.29173 2.79244 1.29173 3 P 0
L 3.05984 1.29016 2.79319 1.29016 3 P 0
L 3.05984 1.28858 2.7939 1.28858 3 P 0
L 3.05984 1.28701 2.79469 1.28701 3 P 0
L 3.05984 1.28543 2.79543 1.28543 3 P 0
L 3.05984 1.28386 2.79622 1.28386 3 P 0
L 3.05984 1.28228 2.79701 1.28228 3 P 0
L 3.05984 1.28071 2.7978 1.28071 3 P 0
L 3.05984 1.27913 2.79858 1.27913 3 P 0
L 3.05984 1.27756 2.79941 1.27756 3 P 0
L 3.05984 1.27598 2.80024 1.27598 3 P 0
L 3.05984 1.27441 2.80106 1.27441 3 P 0
L 3.05984 1.27283 2.80189 1.27283 3 P 0
L 3.05984 1.27126 2.80276 1.27126 3 P 0
L 3.05984 1.26968 2.80362 1.26968 3 P 0
L 3.05984 1.26811 2.80449 1.26811 3 P 0
L 3.05984 1.26653 2.80536 1.26653 3 P 0
L 3.05984 1.26496 2.80626 1.26496 3 P 0
L 3.05984 1.26338 2.80717 1.26338 3 P 0
L 3.05984 1.26181 2.80807 1.26181 3 P 0
L 3.05984 1.26023 2.80902 1.26023 3 P 0
L 3.05984 1.25866 2.80992 1.25866 3 P 0
L 3.05984 1.25709 2.81087 1.25709 3 P 0
L 3.05984 1.25551 2.81185 1.25551 3 P 0
L 3.05984 1.25394 2.8128 1.25394 3 P 0
L 3.05984 1.25236 2.81378 1.25236 3 P 0
L 3.05984 1.25079 2.81476 1.25079 3 P 0
L 3.05984 1.24921 2.81579 1.24921 3 P 0
L 3.05984 1.24764 2.81681 1.24764 3 P 0
L 3.05984 1.24606 2.81784 1.24606 3 P 0
L 3.05984 1.24449 2.81886 1.24449 3 P 0
L 3.05984 1.24291 2.81992 1.24291 3 P 0
L 3.05984 1.24134 2.82098 1.24134 3 P 0
L 3.05984 1.23976 2.82205 1.23976 3 P 0
L 3.11496 1.08386 3.11811 1.08386 3 P 0
L 3.14854 1.08543 3.08453 1.08543 3 P 0
L 3.1624 1.08701 3.07067 1.08701 3 P 0
L 3.17303 1.08858 3.06004 1.08858 3 P 0
L 3.18193 1.09016 3.05114 1.09016 3 P 0
L 3.18972 1.09173 3.04335 1.09173 3 P 0
L 3.19677 1.09331 3.0363 1.09331 3 P 0
L 3.20323 1.09488 3.02984 1.09488 3 P 0
L 3.20925 1.09646 3.02382 1.09646 3 P 0
L 3.21484 1.09803 3.01823 1.09803 3 P 0
L 3.22012 1.0996 3.01295 1.0996 3 P 0
L 3.22516 1.10118 3.00791 1.10118 3 P 0
L 3.22992 1.10275 3.00315 1.10275 3 P 0
L 3.23449 1.10433 2.99858 1.10433 3 P 0
L 3.23886 1.1059 2.99421 1.1059 3 P 0
L 3.24303 1.10748 2.99004 1.10748 3 P 0
L 3.24709 1.10905 2.98598 1.10905 3 P 0
L 3.25102 1.11063 2.98205 1.11063 3 P 0
L 3.2548 1.1122 2.97827 1.1122 3 P 0
L 3.25846 1.11378 2.97461 1.11378 3 P 0
L 3.26201 1.11535 2.97106 1.11535 3 P 0
L 3.26547 1.11693 2.9676 1.11693 3 P 0
L 3.26886 1.1185 2.96421 1.1185 3 P 0
L 3.27213 1.12008 2.96094 1.12008 3 P 0
L 3.27531 1.12165 2.95776 1.12165 3 P 0
L 3.27843 1.12323 2.95465 1.12323 3 P 0
L 3.28146 1.1248 2.95161 1.1248 3 P 0
L 3.28445 1.12638 2.94862 1.12638 3 P 0
L 3.28736 1.12795 2.94571 1.12795 3 P 0
L 3.2902 1.12953 2.94287 1.12953 3 P 0
L 3.29299 1.1311 2.94008 1.1311 3 P 0
L 3.29571 1.13268 2.93736 1.13268 3 P 0
L 3.29839 1.13425 2.93469 1.13425 3 P 0
L 3.30102 1.13583 2.93205 1.13583 3 P 0
L 3.30358 1.1374 2.92949 1.1374 3 P 0
L 3.30614 1.13897 2.92693 1.13897 3 P 0
L 3.30862 1.14055 2.92445 1.14055 3 P 0
L 3.31102 1.14213 2.92205 1.14213 3 P 0
L 3.31343 1.1437 2.91965 1.1437 3 P 0
L 3.31579 1.14528 2.91728 1.14528 3 P 0
L 3.31791 1.82714 3.31791 1.75628 3 P 0
L 3.31811 1.14685 2.91496 1.14685 3 P 0
L 3.32039 1.14842 2.91268 1.14842 3 P 0
L 3.32264 1.15 2.91043 1.15 3 P 0
L 3.32484 1.15157 2.90823 1.15157 3 P 0
L 3.32701 1.15315 2.90606 1.15315 3 P 0
L 3.32913 1.15472 2.90394 1.15472 3 P 0
L 3.33122 1.1563 2.90185 1.1563 3 P 0
L 3.33331 1.15787 2.89976 1.15787 3 P 0
L 3.33535 1.15945 2.89772 1.15945 3 P 0
L 3.33736 1.16102 2.89571 1.16102 3 P 0
L 3.33933 1.1626 2.89374 1.1626 3 P 0
L 3.3413 1.16417 2.89177 1.16417 3 P 0
L 3.34323 1.16575 2.88984 1.16575 3 P 0
L 3.34512 1.16732 2.88795 1.16732 3 P 0
L 3.34697 1.1689 2.8861 1.1689 3 P 0
L 3.34882 1.17047 2.88425 1.17047 3 P 0
L 3.35067 1.17205 2.8824 1.17205 3 P 0
L 3.35244 1.17362 2.88063 1.17362 3 P 0
L 3.35335 1.79171 3.28248 1.79171 3 P 0
L 3.35421 1.1752 2.87886 1.1752 3 P 0
L 3.35598 1.17677 2.87709 1.17677 3 P 0
L 3.35772 1.17835 2.87535 1.17835 3 P 0
L 3.35941 1.17992 2.87366 1.17992 3 P 0
L 3.3611 1.18149 2.87197 1.18149 3 P 0
L 3.36276 1.18307 2.87031 1.18307 3 P 0
L 3.36441 1.18464 2.86866 1.18464 3 P 0
L 3.36602 1.18622 2.86705 1.18622 3 P 0
L 3.3676 1.18779 2.86547 1.18779 3 P 0
L 3.36921 1.18937 2.86386 1.18937 3 P 0
L 3.37075 1.19094 2.86232 1.19094 3 P 0
L 3.37228 1.19252 2.86079 1.19252 3 P 0
L 3.37382 1.19409 2.85925 1.19409 3 P 0
L 3.37532 1.19567 2.85776 1.19567 3 P 0
L 3.37681 1.19724 2.85626 1.19724 3 P 0
L 3.37827 1.19882 2.8548 1.19882 3 P 0
L 3.37972 1.20039 2.85335 1.20039 3 P 0
L 3.38118 1.20197 2.85189 1.20197 3 P 0
L 3.3826 1.20354 2.85047 1.20354 3 P 0
L 3.38398 1.20512 2.84909 1.20512 3 P 0
L 3.38535 1.20669 2.84772 1.20669 3 P 0
L 3.38673 1.20827 2.84634 1.20827 3 P 0
L 3.38807 1.20984 2.845 1.20984 3 P 0
L 3.38941 1.21142 2.84366 1.21142 3 P 0
L 3.39075 1.21299 2.84232 1.21299 3 P 0
L 3.39205 1.21457 2.84102 1.21457 3 P 0
L 3.39335 1.21614 2.83973 1.21614 3 P 0
L 3.39461 1.21772 2.83846 1.21772 3 P 0
L 3.39587 1.21929 2.8372 1.21929 3 P 0
L 3.39713 1.22086 2.83594 1.22086 3 P 0
L 3.39835 1.22244 2.83472 1.22244 3 P 0
L 3.39957 1.22401 2.8335 1.22401 3 P 0
L 3.40079 1.22559 2.83228 1.22559 3 P 0
L 3.40197 1.22716 2.8311 1.22716 3 P 0
L 3.40315 1.22874 2.82992 1.22874 3 P 0
L 3.40429 1.23031 2.82878 1.23031 3 P 0
L 3.40547 1.23189 2.8276 1.23189 3 P 0
L 3.40661 1.23346 2.82646 1.23346 3 P 0
L 3.40772 1.23504 2.82536 1.23504 3 P 0
L 3.40882 1.23661 2.82425 1.23661 3 P 0
L 3.40992 1.23819 2.82315 1.23819 3 P 0
L 3.41102 1.23976 3.17323 1.23976 3 P 0
L 3.41209 1.24134 3.17323 1.24134 3 P 0
L 3.41315 1.24291 3.17323 1.24291 3 P 0
L 3.41421 1.24449 3.17323 1.24449 3 P 0
L 3.41524 1.24606 3.17323 1.24606 3 P 0
L 3.41626 1.24764 3.17323 1.24764 3 P 0
L 3.41728 1.24921 3.17323 1.24921 3 P 0
L 3.41831 1.25079 3.17323 1.25079 3 P 0
L 3.41929 1.25236 3.17323 1.25236 3 P 0
L 3.42028 1.25394 3.17323 1.25394 3 P 0
L 3.42122 1.25551 3.17323 1.25551 3 P 0
L 3.4222 1.25709 3.17323 1.25709 3 P 0
L 3.42315 1.25866 3.17323 1.25866 3 P 0
L 3.42406 1.26023 3.17323 1.26023 3 P 0
L 3.425 1.26181 3.17323 1.26181 3 P 0
L 3.42591 1.26338 3.17323 1.26338 3 P 0
L 3.42681 1.26496 3.17323 1.26496 3 P 0
L 3.42772 1.26653 3.17323 1.26653 3 P 0
L 3.42858 1.26811 3.17323 1.26811 3 P 0
L 3.42945 1.26968 3.17323 1.26968 3 P 0
L 3.43031 1.27126 3.17323 1.27126 3 P 0
L 3.43118 1.27283 3.17323 1.27283 3 P 0
L 3.43201 1.27441 3.17323 1.27441 3 P 0
L 3.43283 1.27598 3.17323 1.27598 3 P 0
L 3.43366 1.27756 3.17323 1.27756 3 P 0
L 3.43449 1.27913 3.17323 1.27913 3 P 0
L 3.43528 1.28071 3.17323 1.28071 3 P 0
L 3.43606 1.28228 3.17323 1.28228 3 P 0
L 3.43685 1.28386 3.17323 1.28386 3 P 0
L 3.43764 1.28543 3.17323 1.28543 3 P 0
L 3.43839 1.28701 3.17323 1.28701 3 P 0
L 3.43917 1.28858 3.17323 1.28858 3 P 0
L 3.43988 1.29016 3.17323 1.29016 3 P 0
L 3.44063 1.29173 3.17323 1.29173 3 P 0
L 3.44138 1.29331 3.17323 1.29331 3 P 0
L 3.44209 1.29488 3.17323 1.29488 3 P 0
L 3.4428 1.29646 3.17323 1.29646 3 P 0
L 3.4435 1.29803 3.17323 1.29803 3 P 0
L 3.44417 1.2996 3.17323 1.2996 3 P 0
L 3.44484 1.30118 3.17323 1.30118 3 P 0
L 3.44551 1.30275 3.17323 1.30275 3 P 0
L 3.44618 1.30433 3.17323 1.30433 3 P 0
L 3.44685 1.3059 3.17323 1.3059 3 P 0
L 3.44748 1.30748 3.17323 1.30748 3 P 0
L 3.44815 1.30905 3.17323 1.30905 3 P 0
L 3.44874 1.31063 3.17323 1.31063 3 P 0
L 3.44937 1.3122 3.17323 1.3122 3 P 0
L 3.45 1.31378 3.17323 1.31378 3 P 0
L 3.45059 1.31535 3.17323 1.31535 3 P 0
L 3.45118 1.31693 3.17323 1.31693 3 P 0
L 3.45177 1.3185 3.17323 1.3185 3 P 0
L 3.45236 1.32008 3.17323 1.32008 3 P 0
L 3.45291 1.32165 3.17323 1.32165 3 P 0
L 3.45347 1.32323 3.17323 1.32323 3 P 0
L 3.45402 1.3248 3.17323 1.3248 3 P 0
L 3.45457 1.32638 3.17323 1.32638 3 P 0
L 3.45512 1.32795 3.17323 1.32795 3 P 0
L 3.45563 1.32953 3.17323 1.32953 3 P 0
L 3.45618 1.3311 3.17323 1.3311 3 P 0
L 3.45669 1.33268 3.17323 1.33268 3 P 0
L 3.45717 1.33425 3.17323 1.33425 3 P 0
L 3.45768 1.33583 3.17323 1.33583 3 P 0
L 3.45815 1.3374 3.17323 1.3374 3 P 0
L 3.45866 1.33898 3.17323 1.33898 3 P 0
L 3.45913 1.34055 3.17323 1.34055 3 P 0
L 3.45957 1.34213 3.17323 1.34213 3 P 0
L 3.46004 1.3437 3.17323 1.3437 3 P 0
L 3.46047 1.34527 3.17323 1.34527 3 P 0
L 3.46094 1.34685 3.17323 1.34685 3 P 0
L 3.46138 1.34842 3.17323 1.34842 3 P 0
L 3.46177 1.35 3.17323 1.35 3 P 0
L 3.4622 1.35157 3.17323 1.35157 3 P 0
L 3.4626 1.35315 2.77047 1.35315 3 P 0
L 3.46303 1.35472 2.77004 1.35472 3 P 0
L 3.46343 1.3563 2.76965 1.3563 3 P 0
L 3.46382 1.35787 2.76925 1.35787 3 P 0
L 3.46417 1.35945 2.7689 1.35945 3 P 0
L 3.46457 1.36102 2.7685 1.36102 3 P 0
L 3.46492 1.3626 2.76815 1.3626 3 P 0
L 3.46528 1.36417 2.7678 1.36417 3 P 0
L 3.46563 1.36575 2.76744 1.36575 3 P 0
L 3.46598 1.36732 2.76709 1.36732 3 P 0
L 3.4663 1.3689 2.76677 1.3689 3 P 0
L 3.46662 1.37047 2.76646 1.37047 3 P 0
L 3.46697 1.37205 2.7661 1.37205 3 P 0
L 3.46728 1.37362 2.76579 1.37362 3 P 0
L 3.46756 1.3752 2.76551 1.3752 3 P 0
L 3.46787 1.37677 2.7652 1.37677 3 P 0
L 3.46815 1.37835 2.76492 1.37835 3 P 0
L 3.46846 1.37992 2.76461 1.37992 3 P 0
L 3.46874 1.38149 2.76433 1.38149 3 P 0
L 3.46898 1.38307 2.76409 1.38307 3 P 0
L 3.46925 1.38464 2.76382 1.38464 3 P 0
L 3.46953 1.38622 2.76354 1.38622 3 P 0
L 3.46976 1.38779 2.76331 1.38779 3 P 0
L 3.47 1.38937 2.76307 1.38937 3 P 0
L 3.47024 1.39094 2.76283 1.39094 3 P 0
L 3.47047 1.39252 2.7626 1.39252 3 P 0
L 3.47067 1.39409 2.7624 1.39409 3 P 0
L 3.47091 1.39567 2.76217 1.39567 3 P 0
L 3.4711 1.39724 2.76197 1.39724 3 P 0
L 3.4713 1.39882 2.76177 1.39882 3 P 0
L 3.4715 1.40039 2.76157 1.40039 3 P 0
L 3.47169 1.40197 2.76138 1.40197 3 P 0
L 3.47185 1.40354 2.76122 1.40354 3 P 0
L 3.47201 1.40512 2.76106 1.40512 3 P 0
L 3.47217 1.40669 2.76091 1.40669 3 P 0
L 3.47232 1.40827 2.76075 1.40827 3 P 0
L 3.47248 1.40984 2.76059 1.40984 3 P 0
L 3.47264 1.41142 2.76043 1.41142 3 P 0
L 3.47276 1.41299 2.76031 1.41299 3 P 0
L 3.47291 1.41457 2.76016 1.41457 3 P 0
L 3.47303 1.41614 2.76004 1.41614 3 P 0
L 3.47315 1.41772 2.75992 1.41772 3 P 0
L 3.47323 1.41929 2.75984 1.41929 3 P 0
L 3.47335 1.42087 2.75972 1.42087 3 P 0
L 3.47343 1.42244 2.75965 1.42244 3 P 0
L 3.4735 1.42402 2.75957 1.42402 3 P 0
L 3.47358 1.42559 2.75949 1.42559 3 P 0
L 3.47366 1.42716 2.75941 1.42716 3 P 0
L 3.47374 1.42874 2.75933 1.42874 3 P 0
L 3.47378 1.43031 2.75929 1.43031 3 P 0
L 3.47386 1.43189 2.75921 1.43189 3 P 0
L 3.4739 1.43346 2.75917 1.43346 3 P 0
L 3.47394 1.43504 2.75913 1.43504 3 P 0
L 3.47398 1.43819 2.75909 1.43819 3 P 0
L 3.47398 1.43661 2.75909 1.43661 3 P 0
L 3.47402 1.44291 2.75906 1.44291 3 P 0
L 3.47402 1.44134 2.75906 1.44134 3 P 0
L 3.47402 1.43976 2.75906 1.43976 3 P 0
A 3.47559100 1.44291200 2.75748100 1.44291200 3.11653600 1.44291200 3 P 0 Y
A 2.75748100 1.44291200 3.47559100 1.44291200 3.11653600 1.44291200 3 P 0 Y
A 0.67952800 2.33858200 0.62441000 2.33858200 0.65196900 2.33858200 3 P 0 Y
A 0.62441000 2.33858200 0.67952800 2.33858200 0.65196900 2.33858200 3 P 0 Y
L 1.56892 0.961023 1.55785 0.961023 3 P 0
L 1.56892 0.920865 1.55785 0.920865 3 P 0
L 2.03691 1.46704 2.03691 1.48572 3 P 0
L 2.07805 1.46704 2.07805 1.48572 3 P 0
L 2.3563 1.75241 2.3563 1.69641 3 P 0
L 2.42795 1.75241 2.42795 1.69641 3 P 0
A 2.72283500 1.95275500 2.66771700 1.95275500 2.69527600 1.95275500 3 P 0 Y
A 2.66771700 1.95275500 2.72283500 1.95275500 2.69527600 1.95275500 3 P 0 Y
A 1.75236300 0.88976300 1.69724500 0.88976300 1.72480400 0.88976300 3 P 0 Y
A 1.69724500 0.88976300 1.75236300 0.88976300 1.72480400 0.88976300 3 P 0 Y
L 1.57037 1.32036 1.57037 1.30168 3 P 0
L 1.61152 1.32036 1.61152 1.30168 3 P 0
L 1.42128 1.10275 1.41021 1.10275 3 P 0
L 1.42128 1.0626 1.41021 1.0626 3 P 0
A 1.63818900 1.07480200 1.58307100 1.07480200 1.61063000 1.07480200 3 P 0 Y
A 1.58307100 1.07480200 1.63818900 1.07480200 1.61063000 1.07480200 3 P 0 Y
L 7.47835 2.77598 7.48622 2.77598 3 P 0
L 7.47835 2.64921 7.47835 2.77598 3 P 0
L 7.48622 2.64921 7.47835 2.64921 3 P 0
L 7.59725 2.77598 7.60512 2.77598 3 P 0
L 7.60512 2.77598 7.60512 2.64921 3 P 0
L 7.60512 2.64921 7.59725 2.64921 3 P 0
L 7.48622 2.62598 7.47323 2.61653 3 P 0
L 7.47323 2.61653 7.47323 2.63543 3 P 0
L 7.47323 2.63543 7.48622 2.62598 3 P 0
S P 0
OB 7.4862210000 2.6259830000 I
OS 7.4732290000 2.6165340000
OS 7.4732290000 2.6354320000
OS 7.4862210000 2.6259830000
OE
SE
A 0.60078800 1.35433000 0.54567000 1.35433000 0.57322900 1.35433000 3 P 0 Y
A 0.54567000 1.35433000 0.60078800 1.35433000 0.57322900 1.35433000 3 P 0 Y
L 2.02832 1.17756 2.03939 1.17756 3 P 0
L 2.02832 1.1374 2.03939 1.1374 3 P 0
L 2.82037 0.928631 2.82037 0.90995 3 P 0
L 2.86152 0.928631 2.86152 0.90995 3 P 0
L 5.69132 3.44541 5.69132 2.34305 3 P 0
L 5.69132 3.44541 5.79605 3.44541 3 P 0
L 5.69132 2.34305 5.79605 2.34305 3 P 0
L 5.74369 3.54777 5.79605 3.54777 3 P 0
L 5.79605 3.54777 5.79605 3.49541 3 P 0
L 5.79605 3.44541 5.79605 2.34305 3 P 0
A 1.54567000 1.29527500 1.49055200 1.29527500 1.51811100 1.29527500 3 P 0 Y
A 1.49055200 1.29527500 1.54567000 1.29527500 1.51811100 1.29527500 3 P 0 Y
A 0.85669300 1.80708600 0.80157500 1.80708600 0.82913400 1.80708600 3 P 0 Y
A 0.80157500 1.80708600 0.85669300 1.80708600 0.82913400 1.80708600 3 P 0 Y
L 7.62008 1.12364 7.62008 1.11257 3 P 0
L 7.66024 1.12364 7.66024 1.11257 3 P 0
L 2.09449 1.1122 2.09449 1.04527 3 P 0
L 2.09449 1.1122 2.19921 1.1122 3 P 0
L 2.09449 1.04527 2.19921 1.04527 3 P 0
L 7.47835 3.34685 7.48622 3.34685 3 P 0
L 7.47835 3.22008 7.47835 3.34685 3 P 0
L 7.48622 3.22008 7.47835 3.22008 3 P 0
L 7.59725 3.34685 7.60512 3.34685 3 P 0
L 7.60512 3.34685 7.60512 3.22008 3 P 0
L 7.60512 3.22008 7.59725 3.22008 3 P 0
L 7.48622 3.19685 7.47323 3.1874 3 P 0
L 7.47323 3.1874 7.47323 3.2063 3 P 0
L 7.47323 3.2063 7.48622 3.19685 3 P 0
S P 0
OB 7.4862210000 3.1968490000 I
OS 7.4732290000 3.1874010000
OS 7.4732290000 3.2062980000
OS 7.4862210000 3.1968490000
OE
SE
A 1.53385900 1.38976300 1.47874100 1.38976300 1.50630000 1.38976300 3 P 0 Y
A 1.47874100 1.38976300 1.53385900 1.38976300 1.50630000 1.38976300 3 P 0 Y
A 3.51811100 3.08858200 3.46299300 3.08858200 3.49055200 3.08858200 3 P 0 Y
A 3.46299300 3.08858200 3.51811100 3.08858200 3.49055200 3.08858200 3 P 0 Y
L 2.88561 3.61555 2.89668 3.61555 3 P 0
L 2.88561 3.57539 2.89668 3.57539 3 P 0
L 7.62008 2.26538 7.62008 2.25431 3 P 0
L 7.66024 2.26538 7.66024 2.25431 3 P 0
L 2.83164 3.55256 2.88765 3.55256 3 P 0
L 2.83164 3.4809 2.88765 3.4809 3 P 0
L 2.45472 1.75339 2.45472 1.69739 3 P 0
L 2.52638 1.75339 2.52638 1.69739 3 P 0
L 1.63337 0.899104 1.63337 0.880422 3 P 0
L 1.67451 0.899104 1.67451 0.880422 3 P 0
L 1.8514 1.31929 1.84033 1.31929 3 P 0
L 1.8514 1.27913 1.84033 1.27913 3 P 0
L 7.47835 2.20512 7.48622 2.20512 3 P 0
L 7.47835 2.07835 7.47835 2.20512 3 P 0
L 7.48622 2.07835 7.47835 2.07835 3 P 0
L 7.59725 2.20512 7.60512 2.20512 3 P 0
L 7.60512 2.20512 7.60512 2.07835 3 P 0
L 7.60512 2.07835 7.59725 2.07835 3 P 0
L 7.48622 2.05512 7.47323 2.04567 3 P 0
L 7.47323 2.04567 7.47323 2.06457 3 P 0
L 7.47323 2.06457 7.48622 2.05512 3 P 0
S P 0
OB 7.4862210000 2.0551170000 I
OS 7.4732290000 2.0456680000
OS 7.4732290000 2.0645660000
OS 7.4862210000 2.0551170000
OE
SE
L 1.4497 1.02451 1.43101 1.02451 3 P 0
L 1.4497 0.983365 1.43101 0.983365 3 P 0
A 1.54370100 1.08267600 1.48858300 1.08267600 1.51614200 1.08267600 3 P 0 Y
A 1.48858300 1.08267600 1.54370100 1.08267600 1.51614200 1.08267600 3 P 0 Y
A 2.67598500 0.74606200 2.62086700 0.74606200 2.64842600 0.74606200 3 P 0 Y
A 2.62086700 0.74606200 2.67598500 0.74606200 2.64842600 0.74606200 3 P 0 Y
L 2.55118 1.75339 2.55118 1.69739 3 P 0
L 2.62283 1.75339 2.62283 1.69739 3 P 0
A 1.38818900 2.21259700 1.33307100 2.21259700 1.36063000 2.21259700 3 P 0 Y
A 1.33307100 2.21259700 1.38818900 2.21259700 1.36063000 2.21259700 3 P 0 Y
L 2.02832 1.24055 2.03939 1.24055 3 P 0
L 2.02832 1.20039 2.03939 1.20039 3 P 0
A 3.56535500 2.97244000 3.51023700 2.97244000 3.53779600 2.97244000 3 P 0 Y
A 3.51023700 2.97244000 3.56535500 2.97244000 3.53779600 2.97244000 3 P 0 Y
L 0.824804 2.52008 0.951575 2.52008 3 P 0
L 0.824804 2.5122 0.824804 2.52008 3 P 0
L 0.824804 2.39331 0.824804 2.40118 3 P 0
L 0.951575 2.52008 0.951575 2.5122 3 P 0
L 0.951575 2.40118 0.951575 2.39331 3 P 0
L 0.951575 2.39331 0.824804 2.39331 3 P 0
L 0.801575 2.5122 0.792126 2.5252 3 P 0
L 0.792126 2.5252 0.811024 2.5252 3 P 0
L 0.811024 2.5252 0.801575 2.5122 3 P 0
S P 0
OB 0.8015750000 2.5122040000 I
OS 0.7921260000 2.5251960000
OS 0.8110240000 2.5251960000
OS 0.8015750000 2.5122040000
OE
SE
A 0.67952800 2.43700700 0.62441000 2.43700700 0.65196900 2.43700700 3 P 0 Y
A 0.62441000 2.43700700 0.67952800 2.43700700 0.65196900 2.43700700 3 P 0 Y
A 2.08504000 1.57873900 2.02992200 1.57873900 2.05748100 1.57873900 3 P 0 Y
A 2.02992200 1.57873900 2.08504000 1.57873900 2.05748100 1.57873900 3 P 0 Y
L 3.60039 3.20238 3.60039 3.19131 3 P 0
L 3.64055 3.20238 3.64055 3.19131 3 P 0
L 2.09902 1.84724 2.09902 2.08346 3 P 0
L 2.30866 1.84724 2.30866 2.08346 3 P 0
L 2.27815 2.1105 2.2687 2.1235 3 P 0
L 2.2687 2.1235 2.2876 2.1235 3 P 0
L 2.2876 2.1235 2.27815 2.1105 3 P 0
S P 0
OB 2.2781500000 2.1105040000 I
OS 2.2687010000 2.1234960000
OS 2.2875990000 2.1234960000
OS 2.2781500000 2.1105040000
OE
SE
A 1.54468600 1.20866000 1.48956700 1.20866000 1.51712600 1.20866000 3 P 0 Y
A 1.48956700 1.20866000 1.54468600 1.20866000 1.51712600 1.20866000 3 P 0 Y
L 3.46998 3.18751 3.46998 3.20619 3 P 0
L 3.51112 3.18751 3.51112 3.20619 3 P 0
A 1.95708700 0.80708600 1.90196900 0.80708600 1.92952800 0.80708600 3 P 0 Y
A 1.90196900 0.80708600 1.95708700 0.80708600 1.92952800 0.80708600 3 P 0 Y
L 2.15945 1.75241 2.15945 1.69641 3 P 0
L 2.2311 1.75241 2.2311 1.69641 3 P 0
L 1.2252 1.7126 1.16457 1.7126 3 P 0
L 1.2252 1.71102 1.16457 1.71102 3 P 0
L 1.2252 1.70945 1.16461 1.70945 3 P 0
L 1.2252 1.70787 1.16469 1.70787 3 P 0
L 1.2252 1.7063 1.16476 1.7063 3 P 0
L 1.2252 1.70472 1.16488 1.70472 3 P 0
L 1.2252 1.70315 1.165 1.70315 3 P 0
L 1.2252 1.70157 1.16516 1.70157 3 P 0
L 1.2252 1.7 1.16535 1.7 3 P 0
L 1.2252 1.69842 1.16555 1.69842 3 P 0
L 1.2252 1.69685 1.16579 1.69685 3 P 0
L 1.2252 1.69527 1.16602 1.69527 3 P 0
L 1.2252 1.6937 1.1663 1.6937 3 P 0
L 1.2252 1.69212 1.16661 1.69212 3 P 0
L 1.2252 1.69055 1.16697 1.69055 3 P 0
L 1.2252 1.68897 1.16732 1.68897 3 P 0
L 1.2252 1.6874 1.16768 1.6874 3 P 0
L 1.2252 1.68583 1.16811 1.68583 3 P 0
L 1.2252 1.68425 1.16854 1.68425 3 P 0
L 1.2252 1.68268 1.16902 1.68268 3 P 0
L 1.2252 1.6811 1.16949 1.6811 3 P 0
L 1.2252 1.67953 1.17 1.67953 3 P 0
L 1.2252 1.67795 1.17055 1.67795 3 P 0
L 1.2252 1.67638 1.17114 1.67638 3 P 0
L 1.2252 1.6748 1.17173 1.6748 3 P 0
L 1.2252 1.67323 1.17236 1.67323 3 P 0
L 1.2252 1.67165 1.17303 1.67165 3 P 0
L 1.2252 1.67008 1.17374 1.67008 3 P 0
L 1.2252 1.6685 1.17445 1.6685 3 P 0
L 1.2252 1.66693 1.17524 1.66693 3 P 0
L 1.2252 1.66535 1.17602 1.66535 3 P 0
L 1.2252 1.66378 1.17685 1.66378 3 P 0
L 1.2252 1.6622 1.17772 1.6622 3 P 0
L 1.2252 1.66063 1.17862 1.66063 3 P 0
L 1.2252 1.65905 1.17957 1.65905 3 P 0
L 1.2252 1.65748 1.18051 1.65748 3 P 0
L 1.2252 1.6559 1.18154 1.6559 3 P 0
L 1.2252 1.65433 1.1826 1.65433 3 P 0
L 1.2252 1.65275 1.1837 1.65275 3 P 0
L 1.2252 1.65118 1.18484 1.65118 3 P 0
L 1.2252 1.6496 1.18602 1.6496 3 P 0
L 1.2252 1.64803 1.18728 1.64803 3 P 0
L 1.2252 1.64646 1.18858 1.64646 3 P 0
L 1.2252 1.64488 1.18992 1.64488 3 P 0
L 1.2252 1.64331 1.1913 1.64331 3 P 0
L 1.2252 1.64173 1.19276 1.64173 3 P 0
L 1.2252 1.64016 1.19429 1.64016 3 P 0
L 1.2252 1.63858 1.19587 1.63858 3 P 0
L 1.2252 1.63701 1.19752 1.63701 3 P 0
L 1.2252 1.63543 1.19925 1.63543 3 P 0
L 1.2252 1.63386 1.2011 1.63386 3 P 0
L 1.27728 1.61023 1.255 1.61023 3 P 0
L 1.2865 1.61181 1.24579 1.61181 3 P 0
L 1.2928 1.61338 1.23949 1.61338 3 P 0
L 1.29783 1.61496 1.23445 1.61496 3 P 0
L 1.30213 1.61653 1.23016 1.61653 3 P 0
L 1.30594 1.61811 1.22634 1.61811 3 P 0
L 1.30937 1.61968 1.22291 1.61968 3 P 0
L 1.31248 1.62126 1.2198 1.62126 3 P 0
L 1.31539 1.62283 1.21689 1.62283 3 P 0
L 1.31807 1.62441 1.21421 1.62441 3 P 0
L 1.32059 1.62598 1.21169 1.62598 3 P 0
L 1.32295 1.62756 1.20933 1.62756 3 P 0
L 1.32421 1.82302 1.32421 1.80334 3 P 0
L 1.32516 1.62913 1.20713 1.62913 3 P 0
L 1.32728 1.63071 1.205 1.63071 3 P 0
L 1.32929 1.63228 1.20299 1.63228 3 P 0
L 1.33118 1.63386 1.30709 1.63386 3 P 0
L 1.33303 1.63543 1.30709 1.63543 3 P 0
L 1.33406 1.81318 1.31437 1.81318 3 P 0
L 1.33476 1.63701 1.30709 1.63701 3 P 0
L 1.33642 1.63858 1.30709 1.63858 3 P 0
L 1.33799 1.64016 1.30709 1.64016 3 P 0
L 1.33953 1.64173 1.30709 1.64173 3 P 0
L 1.34098 1.64331 1.30709 1.64331 3 P 0
L 1.34236 1.64488 1.30709 1.64488 3 P 0
L 1.3437 1.64646 1.30709 1.64646 3 P 0
L 1.345 1.64803 1.30709 1.64803 3 P 0
L 1.34626 1.6496 1.30709 1.6496 3 P 0
L 1.34744 1.65118 1.30709 1.65118 3 P 0
L 1.34858 1.65275 1.30709 1.65275 3 P 0
L 1.34969 1.65433 1.30709 1.65433 3 P 0
L 1.35075 1.6559 1.30709 1.6559 3 P 0
L 1.35177 1.65748 1.30709 1.65748 3 P 0
L 1.35272 1.65905 1.30709 1.65905 3 P 0
L 1.35366 1.66063 1.30709 1.66063 3 P 0
L 1.35457 1.6622 1.30709 1.6622 3 P 0
L 1.35543 1.66378 1.30709 1.66378 3 P 0
L 1.35626 1.66535 1.30709 1.66535 3 P 0
L 1.35705 1.66693 1.30709 1.66693 3 P 0
L 1.35783 1.6685 1.30709 1.6685 3 P 0
L 1.35854 1.67008 1.30709 1.67008 3 P 0
L 1.35925 1.67165 1.30709 1.67165 3 P 0
L 1.35992 1.67323 1.30709 1.67323 3 P 0
L 1.36055 1.6748 1.30709 1.6748 3 P 0
L 1.36114 1.67638 1.30709 1.67638 3 P 0
L 1.36173 1.67795 1.30709 1.67795 3 P 0
L 1.36228 1.67953 1.30709 1.67953 3 P 0
L 1.3628 1.6811 1.30709 1.6811 3 P 0
L 1.36327 1.68268 1.30709 1.68268 3 P 0
L 1.36374 1.68425 1.30709 1.68425 3 P 0
L 1.36417 1.68583 1.30709 1.68583 3 P 0
L 1.36461 1.6874 1.30709 1.6874 3 P 0
L 1.36496 1.68897 1.30709 1.68897 3 P 0
L 1.36531 1.69055 1.30709 1.69055 3 P 0
L 1.36567 1.69212 1.30709 1.69212 3 P 0
L 1.36599 1.6937 1.30709 1.6937 3 P 0
L 1.36626 1.69527 1.30709 1.69527 3 P 0
L 1.3665 1.69685 1.30709 1.69685 3 P 0
L 1.36673 1.69842 1.30709 1.69842 3 P 0
L 1.36693 1.7 1.30709 1.7 3 P 0
L 1.36713 1.70157 1.30709 1.70157 3 P 0
L 1.36728 1.70315 1.30709 1.70315 3 P 0
L 1.3674 1.70472 1.30709 1.70472 3 P 0
L 1.36752 1.7063 1.30709 1.7063 3 P 0
L 1.3676 1.70787 1.30709 1.70787 3 P 0
L 1.36768 1.70945 1.30709 1.70945 3 P 0
L 1.36772 1.7126 1.30709 1.7126 3 P 0
L 1.36772 1.71102 1.30709 1.71102 3 P 0
A 1.36929200 1.71259700 1.16299300 1.71259700 1.26614200 1.71259700 3 P 0 Y
A 1.16299300 1.71259700 1.36929200 1.71259700 1.26614200 1.71259700 3 P 0 Y
L 1.74596 1.00089 1.72727 1.00089 3 P 0
L 1.74596 0.959743 1.72727 0.959743 3 P 0
L 2.65157 1.75339 2.65157 1.69739 3 P 0
L 2.72323 1.75339 2.72323 1.69739 3 P 0
A 0.59685100 1.14960500 0.54173300 1.14960500 0.56929200 1.14960500 3 P 0 Y
A 0.54173300 1.14960500 0.59685100 1.14960500 0.56929200 1.14960500 3 P 0 Y
A 0.60078800 1.92519600 0.54567000 1.92519600 0.57322900 1.92519600 3 P 0 Y
A 0.54567000 1.92519600 0.60078800 1.92519600 0.57322900 1.92519600 3 P 0 Y
L 7.47835 1.06339 7.48622 1.06339 3 P 0
L 7.47835 0.936613 7.47835 1.06339 3 P 0
L 7.48622 0.936613 7.47835 0.936613 3 P 0
L 7.59725 1.06339 7.60512 1.06339 3 P 0
L 7.60512 1.06339 7.60512 0.936613 3 P 0
L 7.60512 0.936613 7.59725 0.936613 3 P 0
L 7.48622 0.913385 7.47323 0.903936 3 P 0
L 7.47323 0.903936 7.47323 0.922834 3 P 0
L 7.47323 0.922834 7.48622 0.913385 3 P 0
S P 0
OB 7.4862210000 0.9133850000 I
OS 7.4732290000 0.9039360000
OS 7.4732290000 0.9228340000
OS 7.4862210000 0.9133850000
OE
SE
A 7.27401600 1.01968400 7.21889800 1.01968400 7.24645700 1.01968400 3 P 0 Y
A 7.21889800 1.01968400 7.27401600 1.01968400 7.24645700 1.01968400 3 P 0 Y
A 3.37145700 3.20669200 3.31633900 3.20669200 3.34389800 3.20669200 3 P 0 Y
A 3.31633900 3.20669200 3.37145700 3.20669200 3.34389800 3.20669200 3 P 0 Y
L 4.39124 2.70326 4.39124 2.72194 3 P 0
L 4.43238 2.70326 4.43238 2.72194 3 P 0
L 0.988977 1.7126 0.928347 1.7126 3 P 0
L 0.988977 1.71102 0.928347 1.71102 3 P 0
L 0.988977 1.70945 0.928386 1.70945 3 P 0
L 0.988977 1.70787 0.928465 1.70787 3 P 0
L 0.988977 1.7063 0.928544 1.7063 3 P 0
L 0.988977 1.70472 0.928662 1.70472 3 P 0
L 0.988977 1.70315 0.92878 1.70315 3 P 0
L 0.988977 1.70157 0.928937 1.70157 3 P 0
L 0.988977 1.7 0.929134 1.7 3 P 0
L 0.988977 1.69842 0.929331 1.69842 3 P 0
L 0.988977 1.69685 0.929567 1.69685 3 P 0
L 0.988977 1.69527 0.929804 1.69527 3 P 0
L 0.988977 1.6937 0.930079 1.6937 3 P 0
L 0.988977 1.69212 0.930394 1.69212 3 P 0
L 0.988977 1.69055 0.930748 1.69055 3 P 0
L 0.988977 1.68897 0.931103 1.68897 3 P 0
L 0.988977 1.6874 0.931457 1.6874 3 P 0
L 0.988977 1.68583 0.93189 1.68583 3 P 0
L 0.988977 1.68425 0.932323 1.68425 3 P 0
L 0.988977 1.68268 0.932796 1.68268 3 P 0
L 0.988977 1.6811 0.933268 1.6811 3 P 0
L 0.988977 1.67953 0.93378 1.67953 3 P 0
L 0.988977 1.67795 0.934331 1.67795 3 P 0
L 0.988977 1.67638 0.934922 1.67638 3 P 0
L 0.988977 1.6748 0.935512 1.6748 3 P 0
L 0.988977 1.67323 0.936142 1.67323 3 P 0
L 0.988977 1.67165 0.936811 1.67165 3 P 0
L 0.988977 1.67008 0.93752 1.67008 3 P 0
L 0.988977 1.6685 0.938229 1.6685 3 P 0
L 0.988977 1.66693 0.939016 1.66693 3 P 0
L 0.988977 1.66535 0.939804 1.66535 3 P 0
L 0.988977 1.66378 0.94063 1.66378 3 P 0
L 0.988977 1.6622 0.941497 1.6622 3 P 0
L 0.988977 1.66063 0.942402 1.66063 3 P 0
L 0.988977 1.65905 0.943347 1.65905 3 P 0
L 0.988977 1.65748 0.944292 1.65748 3 P 0
L 0.988977 1.6559 0.945315 1.6559 3 P 0
L 0.988977 1.65433 0.946378 1.65433 3 P 0
L 0.988977 1.65275 0.947481 1.65275 3 P 0
L 0.988977 1.65118 0.948623 1.65118 3 P 0
L 0.988977 1.6496 0.949804 1.6496 3 P 0
L 0.988977 1.64803 0.951063 1.64803 3 P 0
L 0.988977 1.64646 0.952363 1.64646 3 P 0
L 0.988977 1.64488 0.953701 1.64488 3 P 0
L 0.988977 1.64331 0.955079 1.64331 3 P 0
L 0.988977 1.64173 0.956536 1.64173 3 P 0
L 0.988977 1.64016 0.958071 1.64016 3 P 0
L 0.988977 1.63858 0.959646 1.63858 3 P 0
L 0.988977 1.63701 0.9613 1.63701 3 P 0
L 0.988977 1.63543 0.963032 1.63543 3 P 0
L 0.988977 1.63386 0.964882 1.63386 3 P 0
L 1.04106 1.61023 1.01878 1.61023 3 P 0
L 1.05028 1.61181 1.00957 1.61181 3 P 0
L 1.05658 1.61338 1.00327 1.61338 3 P 0
L 1.06161 1.61496 0.998229 1.61496 3 P 0
L 1.06591 1.61653 0.993937 1.61653 3 P 0
L 1.06973 1.61811 0.990119 1.61811 3 P 0
L 1.07315 1.61968 0.986693 1.61968 3 P 0
L 1.07626 1.62126 0.983583 1.62126 3 P 0
L 1.07917 1.62283 0.98067 1.62283 3 P 0
L 1.08185 1.62441 0.977993 1.62441 3 P 0
L 1.08437 1.62598 0.975473 1.62598 3 P 0
L 1.08673 1.62756 0.973111 1.62756 3 P 0
L 1.08799 1.82302 1.08799 1.80334 3 P 0
L 1.08894 1.62913 0.970906 1.62913 3 P 0
L 1.09106 1.63071 0.96878 1.63071 3 P 0
L 1.09307 1.63228 0.966772 1.63228 3 P 0
L 1.09496 1.63386 1.07087 1.63386 3 P 0
L 1.09681 1.63543 1.07087 1.63543 3 P 0
L 1.09783 1.81318 1.07815 1.81318 3 P 0
L 1.09854 1.63701 1.07087 1.63701 3 P 0
L 1.1002 1.63858 1.07087 1.63858 3 P 0
L 1.10177 1.64016 1.07087 1.64016 3 P 0
L 1.10331 1.64173 1.07087 1.64173 3 P 0
L 1.10476 1.64331 1.07087 1.64331 3 P 0
L 1.10614 1.64488 1.07087 1.64488 3 P 0
L 1.10748 1.64646 1.07087 1.64646 3 P 0
L 1.10878 1.64803 1.07087 1.64803 3 P 0
L 1.11004 1.6496 1.07087 1.6496 3 P 0
L 1.11122 1.65118 1.07087 1.65118 3 P 0
L 1.11236 1.65275 1.07087 1.65275 3 P 0
L 1.11346 1.65433 1.07087 1.65433 3 P 0
L 1.11453 1.6559 1.07087 1.6559 3 P 0
L 1.11555 1.65748 1.07087 1.65748 3 P 0
L 1.1165 1.65905 1.07087 1.65905 3 P 0
L 1.11744 1.66063 1.07087 1.66063 3 P 0
L 1.11835 1.6622 1.07087 1.6622 3 P 0
L 1.11921 1.66378 1.07087 1.66378 3 P 0
L 1.12004 1.66535 1.07087 1.66535 3 P 0
L 1.12083 1.66693 1.07087 1.66693 3 P 0
L 1.12162 1.6685 1.07087 1.6685 3 P 0
L 1.12232 1.67008 1.07087 1.67008 3 P 0
L 1.12303 1.67165 1.07087 1.67165 3 P 0
L 1.1237 1.67323 1.07087 1.67323 3 P 0
L 1.12433 1.6748 1.07087 1.6748 3 P 0
L 1.12492 1.67638 1.07087 1.67638 3 P 0
L 1.12551 1.67795 1.07087 1.67795 3 P 0
L 1.12606 1.67953 1.07087 1.67953 3 P 0
L 1.12657 1.6811 1.07087 1.6811 3 P 0
L 1.12705 1.68268 1.07087 1.68268 3 P 0
L 1.12752 1.68425 1.07087 1.68425 3 P 0
L 1.12795 1.68583 1.07087 1.68583 3 P 0
L 1.12839 1.6874 1.07087 1.6874 3 P 0
L 1.12874 1.68897 1.07087 1.68897 3 P 0
L 1.12909 1.69055 1.07087 1.69055 3 P 0
L 1.12945 1.69212 1.07087 1.69212 3 P 0
L 1.12976 1.6937 1.07087 1.6937 3 P 0
L 1.13004 1.69527 1.07087 1.69527 3 P 0
L 1.13028 1.69685 1.07087 1.69685 3 P 0
L 1.13051 1.69842 1.07087 1.69842 3 P 0
L 1.13071 1.7 1.07087 1.7 3 P 0
L 1.13091 1.70157 1.07087 1.70157 3 P 0
L 1.13106 1.70315 1.07087 1.70315 3 P 0
L 1.13118 1.70472 1.07087 1.70472 3 P 0
L 1.1313 1.7063 1.07087 1.7063 3 P 0
L 1.13138 1.70787 1.07087 1.70787 3 P 0
L 1.13146 1.70945 1.07087 1.70945 3 P 0
L 1.1315 1.7126 1.07087 1.7126 3 P 0
L 1.1315 1.71102 1.07087 1.71102 3 P 0
A 1.13307100 1.71259700 0.92677200 1.71259700 1.02992200 1.71259700 3 P 0 Y
A 0.92677200 1.71259700 1.13307100 1.71259700 1.02992200 1.71259700 3 P 0 Y
L 2.53425 2.03893 2.53425 2.09493 3 P 0
L 2.4626 2.03893 2.4626 2.09493 3 P 0
L 1.42323 1.75339 1.42323 1.69739 3 P 0
L 1.49488 1.75339 1.49488 1.69739 3 P 0
L 4.07807 3.54075 4.09595 3.54075 3 P 0
L 4.07807 3.48287 4.09595 3.48287 3 P 0
L 2.83164 3.36358 2.88765 3.36358 3 P 0
L 2.83164 3.29193 2.88765 3.29193 3 P 0
L 0.84567 2.03877 0.9063 2.03877 3 P 0
L 0.84567 2.0372 0.9063 2.0372 3 P 0
L 0.845709 2.04035 0.9063 2.04035 3 P 0
L 0.845788 2.04192 0.9063 2.04192 3 P 0
L 0.845867 2.0435 0.9063 2.0435 3 P 0
L 0.845985 2.04507 0.9063 2.04507 3 P 0
L 0.846103 2.04665 0.9063 2.04665 3 P 0
L 0.84626 2.04822 0.9063 2.04822 3 P 0
L 0.846457 2.0498 0.9063 2.0498 3 P 0
L 0.846654 2.05137 0.9063 2.05137 3 P 0
L 0.84689 2.05295 0.9063 2.05295 3 P 0
L 0.847126 2.05452 0.9063 2.05452 3 P 0
L 0.847402 2.0561 0.9063 2.0561 3 P 0
L 0.847717 2.05767 0.9063 2.05767 3 P 0
L 0.848071 2.05925 0.9063 2.05925 3 P 0
L 0.848426 2.06082 0.9063 2.06082 3 P 0
L 0.84878 2.0624 0.9063 2.0624 3 P 0
L 0.849213 2.06397 0.9063 2.06397 3 P 0
L 0.849646 2.06555 0.9063 2.06555 3 P 0
L 0.850119 2.06712 0.9063 2.06712 3 P 0
L 0.850591 2.06869 0.9063 2.06869 3 P 0
L 0.851103 2.07027 0.9063 2.07027 3 P 0
L 0.851654 2.07184 0.9063 2.07184 3 P 0
L 0.852245 2.07342 0.9063 2.07342 3 P 0
L 0.852835 2.07499 0.9063 2.07499 3 P 0
L 0.853465 2.07657 0.9063 2.07657 3 P 0
L 0.854134 2.07814 0.9063 2.07814 3 P 0
L 0.854843 2.07972 0.9063 2.07972 3 P 0
L 0.855552 2.08129 0.9063 2.08129 3 P 0
L 0.856339 2.08287 0.9063 2.08287 3 P 0
L 0.857126 2.08444 0.9063 2.08444 3 P 0
L 0.857953 2.08602 0.9063 2.08602 3 P 0
L 0.858819 2.08759 0.9063 2.08759 3 P 0
L 0.859725 2.08917 0.9063 2.08917 3 P 0
L 0.86067 2.09074 0.9063 2.09074 3 P 0
L 0.861615 2.09232 0.9063 2.09232 3 P 0
L 0.862638 2.09389 0.9063 2.09389 3 P 0
L 0.863701 2.09547 0.9063 2.09547 3 P 0
L 0.864804 2.09704 0.9063 2.09704 3 P 0
L 0.865945 2.09862 0.9063 2.09862 3 P 0
L 0.867126 2.10019 0.9063 2.10019 3 P 0
L 0.868386 2.10177 0.9063 2.10177 3 P 0
L 0.869686 2.10334 0.9063 2.10334 3 P 0
L 0.871024 2.10492 0.9063 2.10492 3 P 0
L 0.872402 2.10649 0.9063 2.10649 3 P 0
L 0.873859 2.10806 0.9063 2.10806 3 P 0
L 0.875394 2.10964 0.9063 2.10964 3 P 0
L 0.876969 2.11122 0.9063 2.11122 3 P 0
L 0.878623 2.11279 0.9063 2.11279 3 P 0
L 0.879331 1.93662 0.899016 1.93662 3 P 0
L 0.880355 2.11436 0.9063 2.11436 3 P 0
L 0.882205 2.11594 0.9063 2.11594 3 P 0
L 0.884095 2.11751 1.01039 2.11751 3 P 0
L 0.886103 2.11909 1.00839 2.11909 3 P 0
L 0.888229 2.12066 1.00626 2.12066 3 P 0
L 0.889174 1.92677 0.889174 1.94646 3 P 0
L 0.890434 2.12224 1.00406 2.12224 3 P 0
L 0.892796 2.12381 1.00169 2.12381 3 P 0
L 0.895315 2.12539 0.999174 2.12539 3 P 0
L 0.897993 2.12696 0.996497 2.12696 3 P 0
L 0.900906 2.12854 0.993583 2.12854 3 P 0
L 0.904016 2.13011 0.990473 2.13011 3 P 0
L 0.907441 2.13169 0.987048 2.13169 3 P 0
L 0.91126 2.13326 0.983229 2.13326 3 P 0
L 0.915552 2.13484 0.978937 2.13484 3 P 0
L 0.920591 2.13641 0.973898 2.13641 3 P 0
L 0.92689 2.13799 0.967599 2.13799 3 P 0
L 0.936103 2.13956 0.958386 2.13956 3 P 0
L 0.988189 2.11594 1.01228 2.11594 3 P 0
L 0.988189 2.11436 1.01413 2.11436 3 P 0
L 0.988189 2.11279 1.01587 2.11279 3 P 0
L 0.988189 2.11122 1.01752 2.11122 3 P 0
L 0.988189 2.10964 1.01909 2.10964 3 P 0
L 0.988189 2.10806 1.02063 2.10806 3 P 0
L 0.988189 2.10649 1.02209 2.10649 3 P 0
L 0.988189 2.10492 1.02346 2.10492 3 P 0
L 0.988189 2.10334 1.0248 2.10334 3 P 0
L 0.988189 2.10177 1.0261 2.10177 3 P 0
L 0.988189 2.10019 1.02736 2.10019 3 P 0
L 0.988189 2.09862 1.02854 2.09862 3 P 0
L 0.988189 2.09704 1.02969 2.09704 3 P 0
L 0.988189 2.09547 1.03079 2.09547 3 P 0
L 0.988189 2.09389 1.03185 2.09389 3 P 0
L 0.988189 2.09232 1.03287 2.09232 3 P 0
L 0.988189 2.09074 1.03382 2.09074 3 P 0
L 0.988189 2.08917 1.03476 2.08917 3 P 0
L 0.988189 2.08759 1.03567 2.08759 3 P 0
L 0.988189 2.08602 1.03654 2.08602 3 P 0
L 0.988189 2.08444 1.03736 2.08444 3 P 0
L 0.988189 2.08287 1.03815 2.08287 3 P 0
L 0.988189 2.08129 1.03894 2.08129 3 P 0
L 0.988189 2.07972 1.03965 2.07972 3 P 0
L 0.988189 2.07814 1.04035 2.07814 3 P 0
L 0.988189 2.07657 1.04102 2.07657 3 P 0
L 0.988189 2.07499 1.04165 2.07499 3 P 0
L 0.988189 2.07342 1.04224 2.07342 3 P 0
L 0.988189 2.07184 1.04283 2.07184 3 P 0
L 0.988189 2.07027 1.04339 2.07027 3 P 0
L 0.988189 2.06869 1.0439 2.06869 3 P 0
L 0.988189 2.06712 1.04437 2.06712 3 P 0
L 0.988189 2.06555 1.04484 2.06555 3 P 0
L 0.988189 2.06397 1.04528 2.06397 3 P 0
L 0.988189 2.0624 1.04571 2.0624 3 P 0
L 0.988189 2.06082 1.04606 2.06082 3 P 0
L 0.988189 2.05925 1.04642 2.05925 3 P 0
L 0.988189 2.05767 1.04677 2.05767 3 P 0
L 0.988189 2.0561 1.04709 2.0561 3 P 0
L 0.988189 2.05452 1.04736 2.05452 3 P 0
L 0.988189 2.05295 1.0476 2.05295 3 P 0
L 0.988189 2.05137 1.04783 2.05137 3 P 0
L 0.988189 2.0498 1.04803 2.0498 3 P 0
L 0.988189 2.04822 1.04823 2.04822 3 P 0
L 0.988189 2.04665 1.04839 2.04665 3 P 0
L 0.988189 2.04507 1.0485 2.04507 3 P 0
L 0.988189 2.0435 1.04862 2.0435 3 P 0
L 0.988189 2.04192 1.0487 2.04192 3 P 0
L 0.988189 2.04035 1.04878 2.04035 3 P 0
L 0.988189 2.03877 1.04882 2.03877 3 P 0
L 0.988189 2.0372 1.04882 2.0372 3 P 0
A 1.05039400 2.03719900 0.84409500 2.03719900 0.94724500 2.03719900 3 P 0 Y
A 0.84409500 2.03719900 1.05039400 2.03719900 0.94724500 2.03719900 3 P 0 Y
L 4.60512 1.61183 4.60512 1.60076 3 P 0
L 4.56496 1.61183 4.56496 1.60076 3 P 0
L 7.49342 2.95807 7.5113 2.95807 3 P 0
L 7.49342 2.9002 7.5113 2.9002 3 P 0
L 2.06102 1.75241 2.06102 1.69641 3 P 0
L 2.13268 1.75241 2.13268 1.69641 3 P 0
L 2.52058 0.865058 2.53926 0.865058 3 P 0
L 2.52058 0.823916 2.53926 0.823916 3 P 0
L 2.73642 0.856692 2.73642 0.821653 3 P 0
L 2.73642 0.821653 2.66358 0.821653 3 P 0
L 2.73701 0.944487 2.66417 0.944487 3 P 0
L 2.73701 0.944487 2.73701 0.909448 3 P 0
L 2.64882 0.944881 2.63937 0.957873 3 P 0
L 2.63937 0.957873 2.65827 0.957873 3 P 0
L 2.65827 0.957873 2.64882 0.944881 3 P 0
S P 0
OB 2.6488190000 0.9448810000 I
OS 2.6393710000 0.9578730000
OS 2.6582680000 0.9578730000
OS 2.6488190000 0.9448810000
OE
SE
L 2.63524 3.17421 2.65098 3.17421 3 P 0
L 2.63524 2.93012 2.63524 3.17421 3 P 0
L 2.63524 2.93012 2.65098 2.93012 3 P 0
L 2.87933 3.17421 2.86358 3.17421 3 P 0
L 2.87933 2.93012 2.86358 2.93012 3 P 0
L 2.87933 2.93012 2.87933 3.17421 3 P 0
L 1.69636 1.30168 1.69636 1.32036 3 P 0
L 1.7375 1.30168 1.7375 1.32036 3 P 0
A 2.05354400 0.98425100 1.99842600 0.98425100 2.02598500 0.98425100 3 P 0 Y
A 1.99842600 0.98425100 2.05354400 0.98425100 2.02598500 0.98425100 3 P 0 Y
A 7.27401600 2.16141600 7.21889800 2.16141600 7.24645700 2.16141600 3 P 0 Y
A 7.21889800 2.16141600 7.27401600 2.16141600 7.24645700 2.16141600 3 P 0 Y
L 1.42509 1.29222 1.40641 1.29222 3 P 0
L 1.42509 1.25108 1.40641 1.25108 3 P 0
L 0.70382 1.99646 0.718228 1.99646 3 P 0
L 0.70382 1.86181 0.718228 1.86181 3 P 0
A 1.61653600 1.41338500 1.56141800 1.41338500 1.58897700 1.41338500 3 P 0 Y
A 1.56141800 1.41338500 1.61653600 1.41338500 1.58897700 1.41338500 3 P 0 Y
L 3.09154 2.96395 3.09154 2.97502 3 P 0
L 3.13169 2.96395 3.13169 2.97502 3 P 0
L 4.2865 1.74764 4.30091 1.74764 3 P 0
L 4.2865 1.88228 4.30091 1.88228 3 P 0
A 7.76614200 2.83070800 7.71102400 2.83070800 7.73858300 2.83070800 3 P 0 Y
A 7.71102400 2.83070800 7.76614200 2.83070800 7.73858300 2.83070800 3 P 0 Y
L 2.83164 3.26909 2.88765 3.26909 3 P 0
L 2.83164 3.19744 2.88765 3.19744 3 P 0
L 7.62008 1.69451 7.62008 1.68344 3 P 0
L 7.66024 1.69451 7.66024 1.68344 3 P 0
L 5.8873 2.35089 5.8873 2.36958 3 P 0
L 5.92844 2.35089 5.92844 2.36958 3 P 0
L 1.42509 1.22923 1.40641 1.22923 3 P 0
L 1.42509 1.18809 1.40641 1.18809 3 P 0
L 4.49388 2.87047 4.50495 2.87047 3 P 0
L 4.49388 2.83031 4.50495 2.83031 3 P 0
L 7.47835 1.63425 7.48622 1.63425 3 P 0
L 7.47835 1.50748 7.47835 1.63425 3 P 0
L 7.48622 1.50748 7.47835 1.50748 3 P 0
L 7.59725 1.63425 7.60512 1.63425 3 P 0
L 7.60512 1.63425 7.60512 1.50748 3 P 0
L 7.60512 1.50748 7.59725 1.50748 3 P 0
L 7.48622 1.48425 7.47323 1.4748 3 P 0
L 7.47323 1.4748 7.47323 1.4937 3 P 0
L 7.47323 1.4937 7.48622 1.48425 3 P 0
S P 0
OB 7.4862210000 1.4842510000 I
OS 7.4732290000 1.4748020000
OS 7.4732290000 1.4937000000
OS 7.4862210000 1.4842510000
OE
SE
L 2.89862 2.92574 2.89862 2.98174 3 P 0
L 2.97028 2.92574 2.97028 2.98174 3 P 0
A 2.20708700 1.18897500 2.15196900 1.18897500 2.17952800 1.18897500 3 P 0 Y
A 2.15196900 1.18897500 2.20708700 1.18897500 2.17952800 1.18897500 3 P 0 Y
L 4.13189 3.35866 4.13976 3.35866 3 P 0
L 4.13189 3.23189 4.13189 3.35866 3 P 0
L 4.13976 3.23189 4.13189 3.23189 3 P 0
L 4.25079 3.35866 4.25866 3.35866 3 P 0
L 4.25866 3.35866 4.25866 3.23189 3 P 0
L 4.25866 3.23189 4.25079 3.23189 3 P 0
L 4.13976 3.20866 4.12677 3.19921 3 P 0
L 4.12677 3.19921 4.12677 3.21811 3 P 0
L 4.12677 3.21811 4.13976 3.20866 3 P 0
S P 0
OB 4.1397640000 3.2086600000 I
OS 4.1267720000 3.1992120000
OS 4.1267720000 3.2181090000
OS 4.1397640000 3.2086600000
OE
SE
A 0.69921300 3.34251900 0.64409500 3.34251900 0.67165400 3.34251900 3 P 0 Y
A 0.64409500 3.34251900 0.69921300 3.34251900 0.67165400 3.34251900 3 P 0 Y
A 4.80177200 3.38385700 4.74665400 3.38385700 4.77421300 3.38385700 3 P 0 Y
A 4.74665400 3.38385700 4.80177200 3.38385700 4.77421300 3.38385700 3 P 0 Y
L 2.78847 1.9374 2.80287 1.9374 3 P 0
L 2.78847 1.80275 2.80287 1.80275 3 P 0
L 1.81624 0.816427 1.81624 0.797745 3 P 0
L 1.7751 0.816427 1.7751 0.797745 3 P 0
L 7.62008 2.83624 7.62008 2.82517 3 P 0
L 7.66024 2.83624 7.66024 2.82517 3 P 0
L 3.53691 3.20619 3.53691 3.18751 3 P 0
L 3.57805 3.20619 3.57805 3.18751 3 P 0
A 2.78484300 2.88287300 2.72972500 2.88287300 2.75728400 2.88287300 3 P 0 Y
A 2.72972500 2.88287300 2.78484300 2.88287300 2.75728400 2.88287300 3 P 0 Y
L 1.8327 0.92559 1.82163 0.92559 3 P 0
L 1.8327 0.885432 1.82163 0.885432 3 P 0
L 2.62874 2.03893 2.62874 2.09493 3 P 0
L 2.55709 2.03893 2.55709 2.09493 3 P 0
A 1.89606300 0.70472300 1.84094500 0.70472300 1.86850400 0.70472300 3 P 0 Y
A 1.84094500 0.70472300 1.89606300 0.70472300 1.86850400 0.70472300 3 P 0 Y
A 2.14803200 1.28346400 2.09291400 1.28346400 2.12047300 1.28346400 3 P 0 Y
A 2.09291400 1.28346400 2.14803200 1.28346400 2.12047300 1.28346400 3 P 0 Y
L 7.49342 2.3872 7.5113 2.3872 3 P 0
L 7.49342 2.32933 7.5113 2.32933 3 P 0
L 2.99311 2.92574 2.99311 2.98174 3 P 0
L 3.06476 2.92574 3.06476 2.98174 3 P 0
L 2.15896 1.44833 2.15896 1.46702 3 P 0
L 2.2001 1.44833 2.2001 1.46702 3 P 0
L 0.981792 2.64714 0.981792 2.62845 3 P 0
L 1.02293 2.64714 1.02293 2.62845 3 P 0
L 7.62008 3.40711 7.62008 3.39604 3 P 0
L 7.66024 3.40711 7.66024 3.39604 3 P 0
L 4.27832 3.47283 4.28939 3.47283 3 P 0
L 4.27832 3.43268 4.28939 3.43268 3 P 0
L 1.93504 1.07345 1.93504 1.06238 3 P 0
L 1.9752 1.07345 1.9752 1.06238 3 P 0
L 4.89094 3.84541 4.89094 2.34305 3 P 0
L 4.89094 3.84541 4.99567 3.84541 3 P 0
L 4.89094 2.34305 4.99567 2.34305 3 P 0
L 4.94331 3.94777 4.99567 3.94777 3 P 0
L 4.99567 3.94777 4.99567 3.89541 3 P 0
L 4.99567 3.84541 4.99567 2.34305 3 P 0
P 4.9555 3.89541 4 N 0 0
P 4.9555 3.79541 5 N 0 0
P 4.9555 3.69541 5 N 0 0
P 4.9555 3.59541 5 N 0 0
P 4.9555 3.49541 5 N 0 0
P 4.9555 3.39541 5 N 0 0
P 4.9555 3.29541 5 N 0 0
P 4.9555 3.19541 5 N 0 0
P 4.9555 3.09541 5 N 0 0
P 4.9555 2.99541 5 N 0 0
P 4.9555 2.89541 5 N 0 0
P 4.9555 2.79541 5 N 0 0
P 4.9555 2.69541 5 N 0 0
P 4.9555 2.59541 5 N 0 0
P 4.9555 2.49541 5 N 0 0
P 4.9555 2.39541 5 N 0 0
P 5.73187 2.39541 5 N 0 0
P 5.73187 2.49541 5 N 0 0
P 5.73187 2.59541 5 N 0 0
P 5.73187 2.69541 5 N 0 0
P 5.73187 2.79541 5 N 0 0
P 5.73187 2.89541 5 N 0 0
P 5.73187 2.99541 5 N 0 0
P 5.73187 3.09541 5 N 0 0
P 5.73187 3.19541 5 N 0 0
P 5.73187 3.29541 5 N 0 0
P 5.73187 3.39541 5 N 0 0
P 5.73187 3.49541 5 N 0 0
P 7.03869 2.39841 6 N 0 0
P 4.60473 3.60236 6 N 0 0
P 4.35276 1.07874 6 N 0 0
P 2.38425 3.57874 6 N 0 0
P 7.95512 0.448818 6 N 0 0
P 0.179528 0.429133 6 N 0 0
P 0.415748 4.03149 6 N 0 0
P 7.69921 4.03149 6 N 0 0
P 4.67165 3.95669 7 N 0 0
P 3.97874 2.85039 7 N 0 0
P 4.60473 1.80709 7 N 0 0
P 5.96693 2.49114 8 N 0 0
P 5.96693 2.42618 8 N 0 0
P 1.84685 2.8937 9 N 0 0
P 1.66969 2.22441 9 N 0 0
P 2.02402 2.22441 9 N 0 0
P 1.70118 1.44882 10 N 0 0
P 7.30551 0.661908 11 N 0 0
P 7.30551 0.590058 11 N 0 0
P 3.62441 2.96949 8 N 0 0
P 3.62441 2.90453 8 N 0 0
P 3.8685 2.35914 12 N 0 0
P 3.8685 2.06387 13 N 0 0
P 3.86063 1.29527 12 N 0 0
P 3.86063 1.59055 14 N 0 0
P 4.43241 2.16929 15 N 0 0
P 4.43241 2 15 N 0 0
P 2.36752 2.20079 10 N 0 0
P 2.42461 2.12598 16 N 0 0
P 2.35965 2.12598 16 N 0 0
P 3.1126 2.35827 12 N 0 0
P 3.1126 2.06299 13 N 0 0
P 4.84331 0.107873 17 N 0 0
P 5.04331 0.192912 18 N 0 0
P 4.94331 0.192912 19 N 0 0
P 4.84331 0.192912 19 N 0 0
P 4.74331 0.192912 19 N 0 0
P 5.43386 0.107873 17 N 0 0
P 5.63386 0.192912 18 N 0 0
P 5.53386 0.192912 19 N 0 0
P 5.43386 0.192912 19 N 0 0
P 5.33386 0.192912 19 N 0 0
P 6.02441 0.107873 17 N 0 0
P 6.22441 0.192912 18 N 0 0
P 6.12441 0.192912 19 N 0 0
P 6.02441 0.192912 19 N 0 0
P 5.92441 0.192912 19 N 0 0
P 6.61496 0.107873 17 N 0 0
P 6.81496 0.192912 18 N 0 0
P 6.71496 0.192912 19 N 0 0
P 6.61496 0.192912 19 N 0 0
P 6.51496 0.192912 19 N 0 0
P 7.20551 0.107873 17 N 0 0
P 7.40551 0.192912 18 N 0 0
P 7.30551 0.192912 19 N 0 0
P 7.20551 0.192912 19 N 0 0
P 7.10551 0.192912 19 N 0 0
P 8.02047 1.11653 17 N 0 0
P 7.93543 1.31653 20 N 0 0
P 7.93543 1.21653 21 N 0 0
P 7.93543 1.11653 21 N 0 0
P 7.93543 1.01653 21 N 0 0
P 8.02047 1.6874 17 N 0 0
P 7.93543 1.8874 20 N 0 0
P 7.93543 1.7874 21 N 0 0
P 7.93543 1.6874 21 N 0 0
P 7.93543 1.5874 21 N 0 0
P 8.02047 2.25827 17 N 0 0
P 7.93543 2.45827 20 N 0 0
P 7.93543 2.35827 21 N 0 0
P 7.93543 2.25827 21 N 0 0
P 7.93543 2.15827 21 N 0 0
P 8.02047 2.82913 17 N 0 0
P 7.93543 3.02913 20 N 0 0
P 7.93543 2.92913 21 N 0 0
P 7.93543 2.82913 21 N 0 0
P 7.93543 2.72913 21 N 0 0
P 8.02047 3.4 17 N 0 0
P 7.93543 3.6 20 N 0 0
P 7.93543 3.5 21 N 0 0
P 7.93543 3.4 21 N 0 0
P 7.93543 3.3 21 N 0 0
P 5.92756 0.803149 10 N 0 0
P 7.10866 0.862204 10 N 0 0
P 6.49843 0.803149 10 N 0 0
P 6.12441 0.590058 11 N 0 0
P 6.12441 0.661908 11 N 0 0
P 5.40492 0.488188 22 N 0 0
P 5.46594 0.488188 22 N 0 0
P 6.58602 0.488188 22 N 0 0
P 6.64705 0.488188 22 N 0 0
P 5.99449 0.625983 23 N 0 0
P 5.99449 0.606298 23 N 0 0
P 5.99449 0.586613 23 N 0 0
P 5.99449 0.566928 23 N 0 0
P 5.99449 0.547243 23 N 0 0
P 5.82126 0.547243 23 N 0 0
P 5.82126 0.566928 23 N 0 0
P 5.82126 0.586613 23 N 0 0
P 5.82126 0.606298 23 N 0 0
P 5.82126 0.625983 23 N 0 0
P 4.94331 0.590058 11 N 0 0
P 4.94331 0.661908 11 N 0 0
P 5.43543 0.389763 10 N 0 0
P 6.71496 0.590058 11 N 0 0
P 6.71496 0.661908 11 N 0 0
P 5.40394 0.625983 23 N 0 0
P 5.40394 0.606298 23 N 0 0
P 5.40394 0.586613 23 N 0 0
P 5.40394 0.566928 23 N 0 0
P 5.40394 0.547243 23 N 0 0
P 5.23071 0.547243 23 N 0 0
P 5.23071 0.566928 23 N 0 0
P 5.23071 0.586613 23 N 0 0
P 5.23071 0.606298 23 N 0 0
P 5.23071 0.625983 23 N 0 0
P 4.81437 0.488188 22 N 0 0
P 4.87539 0.488188 22 N 0 0
P 7.17657 0.488188 22 N 0 0
P 7.2376 0.488188 22 N 0 0
P 5.31732 0.822834 10 N 0 0
P 4.84094 0.389763 10 N 0 0
P 5.99547 0.488188 22 N 0 0
P 6.0565 0.488188 22 N 0 0
P 7.20709 0.389763 10 N 0 0
P 6.61654 0.389763 10 N 0 0
P 4.81339 0.625983 23 N 0 0
P 4.81339 0.606298 23 N 0 0
P 4.81339 0.586613 23 N 0 0
P 4.81339 0.566928 23 N 0 0
P 4.81339 0.547243 23 N 0 0
P 4.64016 0.547243 23 N 0 0
P 4.64016 0.566928 23 N 0 0
P 4.64016 0.586613 23 N 0 0
P 4.64016 0.606298 23 N 0 0
P 4.64016 0.625983 23 N 0 0
P 4.72677 0.803149 10 N 0 0
P 5.53386 0.590058 11 N 0 0
P 5.53386 0.661908 11 N 0 0
P 6.58504 0.625983 23 N 0 0
P 6.58504 0.606298 23 N 0 0
P 6.58504 0.586613 23 N 0 0
P 6.58504 0.566928 23 N 0 0
P 6.58504 0.547243 23 N 0 0
P 6.41181 0.547243 23 N 0 0
P 6.41181 0.566928 23 N 0 0
P 6.41181 0.586613 23 N 0 0
P 6.41181 0.606298 23 N 0 0
P 6.41181 0.625983 23 N 0 0
P 6.02598 0.389763 10 N 0 0
P 7.17559 0.625983 23 N 0 0
P 7.17559 0.606298 23 N 0 0
P 7.17559 0.586613 23 N 0 0
P 7.17559 0.566928 23 N 0 0
P 7.17559 0.547243 23 N 0 0
P 7.00236 0.547243 23 N 0 0
P 7.00236 0.566928 23 N 0 0
P 7.00236 0.586613 23 N 0 0
P 7.00236 0.606298 23 N 0 0
P 7.00236 0.625983 23 N 0 0
P 2.17953 1.55905 10 N 0 0
P 2.08898 1.37401 10 N 0 0
P 1.9374 1.43897 10 N 0 0
P 1.93937 1.3563 24 N 0 0
P 2.02205 1.3563 24 N 0 0
P 1.87244 1.37008 10 N 0 0
P 1.3626 2.14173 16 N 0 0
P 1.42756 2.14173 16 N 0 0
P 1.7937 1.37008 10 N 0 0
P 0.258268 3.44094 25 N 0 0
P 0.258268 3.34252 26 N 0 0
P 0.258268 3.24409 26 N 0 0
P 0.266142 2.14567 25 N 0 0
P 0.266142 2.04724 26 N 0 0
P 0.266142 1.94882 26 N 0 0
P 0.266142 1.85039 26 N 0 0
P 0.266142 1.75197 26 N 0 0
P 0.266142 1.65354 26 N 0 0
P 0.266142 1.55512 26 N 0 0
P 0.266142 1.45669 26 N 0 0
P 4.71496 2.7126 27 N 0 0
P 4.71496 2.73228 27 N 0 0
P 4.71496 2.75197 27 N 0 0
P 4.71496 2.77165 27 N 0 0
P 4.71496 2.79134 27 N 0 0
P 4.54173 2.79134 27 N 0 0
P 4.54173 2.77165 27 N 0 0
P 4.54173 2.75197 27 N 0 0
P 4.54173 2.73228 27 N 0 0
P 4.54173 2.7126 27 N 0 0
P 2.32913 1.10236 10 N 0 0
P 7.04961 3.30315 10 N 0 0
P 1.18346 1.99783 28 N 0 0
P 1.18346 2.07657 29 N 0 0
P 4.8252 3.12598 30 N 0 0
P 4.8252 3.18701 30 N 0 0
P 1.08504 2.59449 10 N 0 0
P 1.44823 1.33464 16 N 0 0
P 1.38327 1.33464 16 N 0 0
P 7.73858 1.68897 10 N 0 0
P 4.44724 1.55512 31 N 0 0
P 4.46693 1.55512 31 N 0 0
P 4.48661 1.55512 31 N 0 0
P 4.5063 1.55512 31 N 0 0
P 4.52598 1.55512 31 N 0 0
P 4.52598 1.38189 31 N 0 0
P 4.5063 1.38189 31 N 0 0
P 4.48661 1.38189 31 N 0 0
P 4.46693 1.38189 31 N 0 0
P 4.44724 1.38189 31 N 0 0
P 1.78583 0.704723 10 N 0 0
P 1.93543 1.75197 32 N 0 0
P 1.93543 1.69291 32 N 0 0
P 1.7248 0.807086 10 N 0 0
P 1.03681 2.35827 22 N 0 0
P 0.975788 2.35827 22 N 0 0
P 7.73858 2.25984 10 N 0 0
P 2.21496 0.842519 10 N 0 0
P 1.65394 1.3435 33 N 0 0
P 1.65394 1.27854 33 N 0 0
P 1.55354 1.78346 34 N 0 0
P 1.55354 1.66732 34 N 0 0
P 7.73858 1.11811 10 N 0 0
P 1.9 1.85433 35 N 0 0
P 1.95 1.85433 35 N 0 0
P 2 1.85433 35 N 0 0
P 2.05 1.85433 35 N 0 0
P 1.975 1.99212 36 N 0 0
P 1.89646 2.08071 37 N 0 0
P 1.94882 2.08071 37 N 0 0
P 2.00118 2.08071 37 N 0 0
P 2.05354 2.08071 37 N 0 0
P 1.75827 1.75197 32 N 0 0
P 1.75827 1.69291 32 N 0 0
P 4.11654 1.83661 10 N 0 0
P 1.57126 1.14567 10 N 0 0
P 2.00827 0.781495 8 N 0 0
P 2.00827 0.846456 8 N 0 0
P 1.6437 1.85433 35 N 0 0
P 1.6937 1.85433 35 N 0 0
P 1.7437 1.85433 35 N 0 0
P 1.7937 1.85433 35 N 0 0
P 1.7187 1.99212 36 N 0 0
P 1.64016 2.08071 37 N 0 0
P 1.69252 2.08071 37 N 0 0
P 1.74488 2.08071 37 N 0 0
P 1.79724 2.08071 37 N 0 0
P 2.7061 3.5748 10 N 0 0
P 7.95512 0.181101 38 N 0 0
P 0.632284 2.98819 10 N 0 0
P 1.56575 2.07677 39 N 0 0
P 1.51575 2.07677 39 N 0 0
P 1.46575 2.07677 39 N 0 0
P 1.41575 2.07677 39 N 0 0
P 1.49075 1.93897 36 N 0 0
P 1.56929 1.85039 40 N 0 0
P 1.51693 1.85039 40 N 0 0
P 1.46457 1.85039 40 N 0 0
P 1.4122 1.85039 40 N 0 0
P 1.85866 0.839566 33 N 0 0
P 1.85866 0.774605 33 N 0 0
P 7.24646 1.59055 10 N 0 0
P 4.72677 3.12795 8 N 0 0
P 4.72677 3.19291 8 N 0 0
P 7.24646 2.73228 10 N 0 0
P 2.84095 0.803149 10 N 0 0
P 0.730709 3.53937 10 N 0 0
P 3.24793 3.01083 41 N 0 0
P 3.24793 2.97342 41 N 0 0
P 3.24793 2.93602 41 N 0 0
P 3.3375 2.93602 41 N 0 0
P 3.3375 2.97342 41 N 0 0
P 3.3375 3.01083 41 N 0 0
P 1.44626 1.14567 22 N 0 0
P 1.38524 1.14567 22 N 0 0
P 7.46644 1.21653 42 N 0 0
P 7.53829 1.21653 42 N 0 0
P 2.2937 1.78248 34 N 0 0
P 2.2937 1.66634 34 N 0 0
P 1.74104 1.20472 43 N 0 0
P 1.74104 1.18504 43 N 0 0
P 1.74104 1.16535 43 N 0 0
P 1.74104 1.14567 43 N 0 0
P 1.74104 1.12598 43 N 0 0
P 1.74104 1.1063 43 N 0 0
P 1.74104 1.08661 43 N 0 0
P 1.74104 1.06693 43 N 0 0
P 1.76811 1.03986 44 N 0 0
P 1.7878 1.03986 44 N 0 0
P 1.80748 1.03986 44 N 0 0
P 1.82717 1.03986 44 N 0 0
P 1.84685 1.03986 44 N 0 0
P 1.86654 1.03986 44 N 0 0
P 1.8936 1.06693 43 N 0 0
P 1.8936 1.08661 43 N 0 0
P 1.8936 1.1063 43 N 0 0
P 1.8936 1.12598 43 N 0 0
P 1.8936 1.14567 43 N 0 0
P 1.8936 1.16535 43 N 0 0
P 1.8936 1.18504 43 N 0 0
P 1.8936 1.20472 43 N 0 0
P 1.86654 1.23179 44 N 0 0
P 1.84685 1.23179 44 N 0 0
P 1.82717 1.23179 44 N 0 0
P 1.80748 1.23179 44 N 0 0
P 1.7878 1.23179 44 N 0 0
P 1.76811 1.23179 44 N 0 0
P 1.81732 1.13583 45 N 0 0
P 3.3252 3.07185 46 N 0 0
P 3.38622 3.07185 46 N 0 0
P 2.80157 3.42224 47 N 0 0
P 2.91772 3.42224 47 N 0 0
P 1.5939 1.00394 22 N 0 0
P 1.53287 1.00394 22 N 0 0
P 7.46644 3.5 42 N 0 0
P 7.53829 3.5 42 N 0 0
P 2.02598 1.06693 10 N 0 0
P 7.46644 1.7874 42 N 0 0
P 7.53829 1.7874 42 N 0 0
P 7.73858 3.40157 10 N 0 0
P 3.11654 1.59055 14 N 0 0
P 3.11654 1.29527 12 N 0 0
P 0.651969 2.33858 10 N 0 0
P 1.5939 0.940944 22 N 0 0
P 1.53287 0.940944 22 N 0 0
P 2.05748 1.4439 8 N 0 0
P 2.05748 1.50886 8 N 0 0
P 2.39213 1.78248 34 N 0 0
P 2.39213 1.66634 34 N 0 0
P 2.69528 1.95276 10 N 0 0
P 1.7248 0.889763 10 N 0 0
P 1.59094 1.3435 33 N 0 0
P 1.59094 1.27854 33 N 0 0
P 1.44626 1.08268 22 N 0 0
P 1.38524 1.08268 22 N 0 0
P 1.61063 1.0748 10 N 0 0
P 7.50236 2.62598 31 N 0 0
P 7.52205 2.62598 31 N 0 0
P 7.54173 2.62598 31 N 0 0
P 7.56142 2.62598 31 N 0 0
P 7.5811 2.62598 31 N 0 0
P 7.5811 2.79921 31 N 0 0
P 7.56142 2.79921 31 N 0 0
P 7.54173 2.79921 31 N 0 0
P 7.52205 2.79921 31 N 0 0
P 7.50236 2.79921 31 N 0 0
P 0.573229 1.35433 10 N 0 0
P 2.00335 1.15748 46 N 0 0
P 2.06437 1.15748 46 N 0 0
P 2.84095 0.951771 33 N 0 0
P 2.84095 0.88681 33 N 0 0
P 5.74369 3.49541 48 N 0 0
P 5.74369 3.39541 49 N 0 0
P 5.74369 3.29541 49 N 0 0
P 5.74369 3.19541 49 N 0 0
P 5.74369 3.09541 49 N 0 0
P 5.74369 2.99541 49 N 0 0
P 5.74369 2.89541 49 N 0 0
P 5.74369 2.79541 49 N 0 0
P 5.74369 2.69541 49 N 0 0
P 5.74369 2.59541 49 N 0 0
P 5.74369 2.49541 49 N 0 0
P 5.74369 2.39541 49 N 0 0
P 1.51811 1.29527 10 N 0 0
P 0.829134 1.80709 10 N 0 0
P 7.64016 1.14862 50 N 0 0
P 7.64016 1.0876 50 N 0 0
P 2.11654 1.07874 24 N 0 0
P 2.19921 1.07874 24 N 0 0
P 7.50236 3.19685 31 N 0 0
P 7.52205 3.19685 31 N 0 0
P 7.54173 3.19685 31 N 0 0
P 7.56142 3.19685 31 N 0 0
P 7.5811 3.19685 31 N 0 0
P 7.5811 3.37008 31 N 0 0
P 7.56142 3.37008 31 N 0 0
P 7.54173 3.37008 31 N 0 0
P 7.52205 3.37008 31 N 0 0
P 7.50236 3.37008 31 N 0 0
P 1.5063 1.38976 10 N 0 0
P 3.49055 3.08858 10 N 0 0
P 2.86063 3.59547 46 N 0 0
P 2.92165 3.59547 46 N 0 0
P 7.64016 2.29035 50 N 0 0
P 7.64016 2.22933 50 N 0 0
P 2.80157 3.51673 47 N 0 0
P 2.91772 3.51673 47 N 0 0
P 2.49055 1.78346 34 N 0 0
P 2.49055 1.66732 34 N 0 0
P 1.65394 0.922243 33 N 0 0
P 1.65394 0.857283 33 N 0 0
P 1.87638 1.29921 22 N 0 0
P 1.81535 1.29921 22 N 0 0
P 7.50236 2.05512 31 N 0 0
P 7.52205 2.05512 31 N 0 0
P 7.54173 2.05512 31 N 0 0
P 7.56142 2.05512 31 N 0 0
P 7.5811 2.05512 31 N 0 0
P 7.5811 2.22835 31 N 0 0
P 7.56142 2.22835 31 N 0 0
P 7.54173 2.22835 31 N 0 0
P 7.52205 2.22835 31 N 0 0
P 7.50236 2.22835 31 N 0 0
P 1.47283 1.00394 16 N 0 0
P 1.40787 1.00394 16 N 0 0
P 1.51614 1.08268 10 N 0 0
P 2.64843 0.746062 10 N 0 0
P 2.58701 1.78346 34 N 0 0
P 2.58701 1.66732 34 N 0 0
P 7.9748 4.07086 38 N 0 0
P 1.36063 2.2126 10 N 0 0
P 2.00335 1.22047 46 N 0 0
P 2.06437 1.22047 46 N 0 0
P 3.5378 2.97244 10 N 0 0
P 0.801575 2.49606 23 N 0 0
P 0.801575 2.47638 23 N 0 0
P 0.801575 2.45669 23 N 0 0
P 0.801575 2.43701 23 N 0 0
P 0.801575 2.41732 23 N 0 0
P 0.974804 2.41732 23 N 0 0
P 0.974804 2.43701 23 N 0 0
P 0.974804 2.45669 23 N 0 0
P 0.974804 2.47638 23 N 0 0
P 0.974804 2.49606 23 N 0 0
P 0.651969 2.43701 10 N 0 0
P 2.05748 1.57874 10 N 0 0
P 3.62047 3.22736 50 N 0 0
P 3.62047 3.16634 50 N 0 0
P 2.27795 2.07677 39 N 0 0
P 2.22795 2.07677 39 N 0 0
P 2.17795 2.07677 39 N 0 0
P 2.12795 2.07677 39 N 0 0
P 2.20295 1.93897 36 N 0 0
P 2.2815 1.85039 40 N 0 0
P 2.22913 1.85039 40 N 0 0
P 2.17677 1.85039 40 N 0 0
P 2.12441 1.85039 40 N 0 0
P 1.51713 1.20866 10 N 0 0
P 3.49055 3.16437 8 N 0 0
P 3.49055 3.22933 8 N 0 0
P 1.92953 0.807086 10 N 0 0
P 2.19528 1.78248 34 N 0 0
P 2.19528 1.66634 34 N 0 0
P 1.26614 1.75197 51 N 0 0
P 1.26614 1.67323 29 N 0 0
P 0.182646 0.173227 38 N 0 0
P 1.76909 0.980314 16 N 0 0
P 1.70413 0.980314 16 N 0 0
P 2.6874 1.78346 34 N 0 0
P 2.6874 1.66732 34 N 0 0
P 0.569292 1.1496 10 N 0 0
P 0.573229 1.9252 10 N 0 0
P 7.50236 0.913385 31 N 0 0
P 7.52205 0.913385 31 N 0 0
P 7.54173 0.913385 31 N 0 0
P 7.56142 0.913385 31 N 0 0
P 7.5811 0.913385 31 N 0 0
P 7.5811 1.08661 31 N 0 0
P 7.56142 1.08661 31 N 0 0
P 7.54173 1.08661 31 N 0 0
P 7.52205 1.08661 31 N 0 0
P 7.50236 1.08661 31 N 0 0
P 7.24646 1.01968 10 N 0 0
P 3.3439 3.20669 10 N 0 0
P 4.41181 2.68012 8 N 0 0
P 4.41181 2.74508 8 N 0 0
P 1.02992 1.75197 51 N 0 0
P 1.02992 1.67323 29 N 0 0
P 2.49843 2.00886 52 N 0 0
P 2.49843 2.125 52 N 0 0
P 1.45906 1.78346 34 N 0 0
P 1.45906 1.66732 34 N 0 0
P 4.05108 3.51181 42 N 0 0
P 4.12293 3.51181 42 N 0 0
P 2.80157 3.32775 47 N 0 0
P 2.91772 3.32775 47 N 0 0
P 0.947245 1.99783 28 N 0 0
P 0.947245 2.07657 29 N 0 0
P 4.58504 1.57579 50 N 0 0
P 4.58504 1.63681 50 N 0 0
P 7.46644 2.92913 42 N 0 0
P 7.53829 2.92913 42 N 0 0
P 2.09685 1.78248 34 N 0 0
P 2.09685 1.66634 34 N 0 0
P 2.49744 0.844487 53 N 0 0
P 2.5624 0.844487 53 N 0 0
P 2.64764 0.921259 54 N 0 0
P 2.64764 0.846456 54 N 0 0
P 2.75079 0.883857 54 N 0 0
P 0.182646 4.07086 38 N 0 0
P 2.75728 2.96949 55 N 0 0
P 2.75728 3.13484 55 N 0 0
P 1.71693 1.27854 8 N 0 0
P 1.71693 1.3435 8 N 0 0
P 2.02598 0.984251 10 N 0 0
P 7.24646 2.16142 10 N 0 0
P 1.44823 1.27165 16 N 0 0
P 1.38327 1.27165 16 N 0 0
P 0.681497 1.92913 56 N 0 0
P 0.740552 1.92913 56 N 0 0
P 1.58898 1.41338 10 N 0 0
P 3.11162 2.93897 30 N 0 0
P 3.11162 3 30 N 0 0
P 4.32323 1.81496 56 N 0 0
P 4.26417 1.81496 56 N 0 0
P 7.73858 2.83071 10 N 0 0
P 2.80157 3.23327 47 N 0 0
P 2.91772 3.23327 47 N 0 0
P 7.64016 1.71949 50 N 0 0
P 7.64016 1.65846 50 N 0 0
P 5.90787 2.32775 8 N 0 0
P 5.90787 2.39272 8 N 0 0
P 1.44823 1.20866 16 N 0 0
P 1.38327 1.20866 16 N 0 0
P 4.4689 2.85039 46 N 0 0
P 4.52992 2.85039 46 N 0 0
P 7.50236 1.48425 31 N 0 0
P 7.52205 1.48425 31 N 0 0
P 7.54173 1.48425 31 N 0 0
P 7.56142 1.48425 31 N 0 0
P 7.5811 1.48425 31 N 0 0
P 7.5811 1.65748 31 N 0 0
P 7.56142 1.65748 31 N 0 0
P 7.54173 1.65748 31 N 0 0
P 7.52205 1.65748 31 N 0 0
P 7.50236 1.65748 31 N 0 0
P 2.93445 2.89567 52 N 0 0
P 2.93445 3.01181 52 N 0 0
P 2.17953 1.18897 10 N 0 0
P 4.15591 3.20866 31 N 0 0
P 4.17559 3.20866 31 N 0 0
P 4.19528 3.20866 31 N 0 0
P 4.21496 3.20866 31 N 0 0
P 4.23465 3.20866 31 N 0 0
P 4.23465 3.38189 31 N 0 0
P 4.21496 3.38189 31 N 0 0
P 4.19528 3.38189 31 N 0 0
P 4.17559 3.38189 31 N 0 0
P 4.15591 3.38189 31 N 0 0
P 0.671654 3.34252 10 N 0 0
P 4.77421 3.38386 10 N 0 0
P 2.76614 1.87008 56 N 0 0
P 2.8252 1.87008 56 N 0 0
P 1.79567 0.774605 33 N 0 0
P 1.79567 0.839566 33 N 0 0
P 7.64016 2.86122 50 N 0 0
P 7.64016 2.8002 50 N 0 0
P 3.55748 3.22933 33 N 0 0
P 3.55748 3.16437 33 N 0 0
P 2.75728 2.88287 10 N 0 0
P 1.85768 0.905511 22 N 0 0
P 1.79665 0.905511 22 N 0 0
P 2.59291 2.00886 52 N 0 0
P 2.59291 2.125 52 N 0 0
P 1.8685 0.704723 10 N 0 0
P 2.12047 1.28346 10 N 0 0
P 7.46644 2.35827 42 N 0 0
P 7.53829 2.35827 42 N 0 0
P 3.02894 2.89567 52 N 0 0
P 3.02894 3.01181 52 N 0 0
P 2.17953 1.4252 8 N 0 0
P 2.17953 1.49016 8 N 0 0
P 1.00236 2.67027 33 N 0 0
P 1.00236 2.60531 33 N 0 0
P 7.64016 3.43209 50 N 0 0
P 7.64016 3.37106 50 N 0 0
P 4.25335 3.45275 46 N 0 0
P 4.31437 3.45275 46 N 0 0
P 1.95512 1.09842 50 N 0 0
P 1.95512 1.0374 50 N 0 0
P 4.94331 3.89541 48 N 0 0
P 4.94331 3.79541 49 N 0 0
P 4.94331 3.69541 49 N 0 0
P 4.94331 3.59541 49 N 0 0
P 4.94331 3.49541 49 N 0 0
P 4.94331 3.39541 49 N 0 0
P 4.94331 3.29541 49 N 0 0
P 4.94331 3.19541 49 N 0 0
P 4.94331 3.09541 49 N 0 0
P 4.94331 2.99541 49 N 0 0
P 4.94331 2.89541 49 N 0 0
P 4.94331 2.79541 49 N 0 0
P 4.94331 2.69541 49 N 0 0
P 4.94331 2.59541 49 N 0 0
P 4.94331 2.49541 49 N 0 0
P 4.94331 2.39541 49 N 0 0
P 7.04961 3.30315 57 N 0 0
P 4.72677 0.803149 57 N 0 0
P 6.49843 0.803149 57 N 0 0
P 5.31732 0.822834 57 N 0 0
P 5.92756 0.803149 57 N 0 0
P 7.10866 0.862204 57 N 0 0
P 2.02598 1.06693 57 N 0 0
P 2.17953 1.18897 57 N 0 0
P 2.17953 1.55905 57 N 0 0
P 2.05748 1.57874 57 N 0 0
P 1.87244 1.37008 57 N 0 0
P 2.12047 1.28346 57 N 0 0
P 1.7937 1.37008 57 N 0 0
P 1.78583 0.704723 57 N 0 0
P 0.632284 2.98819 57 N 0 0
P 2.02598 0.984251 57 N 0 0
P 7.24646 1.01968 57 N 0 0
P 0.651969 2.43701 57 N 0 0
P 0.671654 3.34252 57 N 0 0
P 7.24646 2.73228 57 N 0 0
P 7.24646 1.59055 57 N 0 0
P 0.651969 2.33858 57 N 0 0
P 1.08504 2.59449 57 N 0 0
P 7.24646 2.16142 57 N 0 0
P 0.730709 3.53937 57 N 0 0
P 1.8685 0.704723 57 N 0 0
P 2.84095 0.803149 57 N 0 0
P 3.5378 2.97244 57 N 0 0
