#
#Feature symbol names
#
$0 r7.87402
$1 orig.bl.i274x.roundrect.d12
$2 oval102.362x62.9921
$3 r78.7402
$4 r118.11
$5 r94.4882
$6 orig.bl.i274x.roundrect.d17
$7 orig.bl.i274x.roundrect.d18
$8 rect68.1102x79.9213
$9 oval68.1102x79.9213
$10 rect79.9213x68.1102
$11 oval79.9213x68.1102
$12 orig.bl.i274x.roundrect.d23
$13 oval76.7717x66.9291
$14 orig.bl.i274x.roundrect.d25
$15 r62.9921
$16 r220.472
$17 s66.9291
$18 r66.9291
$19 orig.bl.i274x.roundrect.d30
$20 r23.622
$21 r19.685


#
#Feature attribute names
#


#
#Layer features
#
L 0.660415 0.197773 0.660415 0.171526 0 P 0
L 0.669789 0.212771 0.679162 0.184649 0 P 0
L 0.679162 0.184649 0.65479 0.184649 0 P 0
P 4.9555 3.89541 1 P 0 0
P 4.9555 3.79541 2 P 0 0
P 4.9555 3.69541 2 P 0 0
P 4.9555 3.59541 2 P 0 0
P 4.9555 3.49541 2 P 0 0
P 4.9555 3.39541 2 P 0 0
P 4.9555 3.29541 2 P 0 0
P 4.9555 3.19541 2 P 0 0
P 4.9555 3.09541 2 P 0 0
P 4.9555 2.99541 2 P 0 0
P 4.9555 2.89541 2 P 0 0
P 4.9555 2.79541 2 P 0 0
P 4.9555 2.69541 2 P 0 0
P 4.9555 2.59541 2 P 0 0
P 4.9555 2.49541 2 P 0 0
P 4.9555 2.39541 2 P 0 0
P 5.73187 2.39541 2 P 0 0
P 5.73187 2.49541 2 P 0 0
P 5.73187 2.59541 2 P 0 0
P 5.73187 2.69541 2 P 0 0
P 5.73187 2.79541 2 P 0 0
P 5.73187 2.89541 2 P 0 0
P 5.73187 2.99541 2 P 0 0
P 5.73187 3.09541 2 P 0 0
P 5.73187 3.19541 2 P 0 0
P 5.73187 3.29541 2 P 0 0
P 5.73187 3.39541 2 P 0 0
P 5.73187 3.49541 2 P 0 0
P 7.03869 2.39841 3 P 0 0
P 4.60473 3.60236 3 P 0 0
P 4.35276 1.07874 3 P 0 0
P 2.38425 3.57874 3 P 0 0
P 7.95512 0.448818 3 P 0 0
P 0.179528 0.429133 3 P 0 0
P 0.415748 4.03149 3 P 0 0
P 7.69921 4.03149 3 P 0 0
P 4.67165 3.95669 4 P 0 0
P 3.97874 2.85039 4 P 0 0
P 4.60473 1.80709 4 P 0 0
P 3.8685 2.35914 5 P 0 0
P 3.8685 2.06387 6 P 0 0
P 3.86063 1.29527 5 P 0 0
P 3.86063 1.59055 7 P 0 0
P 3.1126 2.35827 5 P 0 0
P 3.1126 2.06299 6 P 0 0
P 5.04331 0.192912 8 P 0 0
P 4.94331 0.192912 9 P 0 0
P 4.84331 0.192912 9 P 0 0
P 4.74331 0.192912 9 P 0 0
P 5.63386 0.192912 8 P 0 0
P 5.53386 0.192912 9 P 0 0
P 5.43386 0.192912 9 P 0 0
P 5.33386 0.192912 9 P 0 0
P 6.22441 0.192912 8 P 0 0
P 6.12441 0.192912 9 P 0 0
P 6.02441 0.192912 9 P 0 0
P 5.92441 0.192912 9 P 0 0
P 6.81496 0.192912 8 P 0 0
P 6.71496 0.192912 9 P 0 0
P 6.61496 0.192912 9 P 0 0
P 6.51496 0.192912 9 P 0 0
P 7.40551 0.192912 8 P 0 0
P 7.30551 0.192912 9 P 0 0
P 7.20551 0.192912 9 P 0 0
P 7.10551 0.192912 9 P 0 0
P 7.93543 1.31653 10 P 0 0
P 7.93543 1.21653 11 P 0 0
P 7.93543 1.11653 11 P 0 0
P 7.93543 1.01653 11 P 0 0
P 7.93543 1.8874 10 P 0 0
P 7.93543 1.7874 11 P 0 0
P 7.93543 1.6874 11 P 0 0
P 7.93543 1.5874 11 P 0 0
P 7.93543 2.45827 10 P 0 0
P 7.93543 2.35827 11 P 0 0
P 7.93543 2.25827 11 P 0 0
P 7.93543 2.15827 11 P 0 0
P 7.93543 3.02913 10 P 0 0
P 7.93543 2.92913 11 P 0 0
P 7.93543 2.82913 11 P 0 0
P 7.93543 2.72913 11 P 0 0
P 7.93543 3.6 10 P 0 0
P 7.93543 3.5 11 P 0 0
P 7.93543 3.4 11 P 0 0
P 7.93543 3.3 11 P 0 0
P 0.258268 3.44094 12 P 0 0
P 0.258268 3.34252 13 P 0 0
P 0.258268 3.24409 13 P 0 0
P 0.266142 2.14567 12 P 0 0
P 0.266142 2.04724 13 P 0 0
P 0.266142 1.94882 13 P 0 0
P 0.266142 1.85039 13 P 0 0
P 0.266142 1.75197 13 P 0 0
P 0.266142 1.65354 13 P 0 0
P 0.266142 1.55512 13 P 0 0
P 0.266142 1.45669 13 P 0 0
P 1.18346 1.99783 14 P 0 0
P 1.18346 2.07657 15 P 0 0
P 7.95512 0.181101 16 P 0 0
P 3.11654 1.59055 7 P 0 0
P 3.11654 1.29527 5 P 0 0
P 5.74369 3.49541 17 P 0 0
P 5.74369 3.39541 18 P 0 0
P 5.74369 3.29541 18 P 0 0
P 5.74369 3.19541 18 P 0 0
P 5.74369 3.09541 18 P 0 0
P 5.74369 2.99541 18 P 0 0
P 5.74369 2.89541 18 P 0 0
P 5.74369 2.79541 18 P 0 0
P 5.74369 2.69541 18 P 0 0
P 5.74369 2.59541 18 P 0 0
P 5.74369 2.49541 18 P 0 0
P 5.74369 2.39541 18 P 0 0
P 7.9748 4.07086 16 P 0 0
P 1.26614 1.75197 19 P 0 0
P 1.26614 1.67323 15 P 0 0
P 0.182646 0.173227 16 P 0 0
P 1.02992 1.75197 19 P 0 0
P 1.02992 1.67323 15 P 0 0
P 0.947245 1.99783 14 P 0 0
P 0.947245 2.07657 15 P 0 0
P 0.182646 4.07086 16 P 0 0
P 4.94331 3.89541 17 P 0 0
P 4.94331 3.79541 18 P 0 0
P 4.94331 3.69541 18 P 0 0
P 4.94331 3.59541 18 P 0 0
P 4.94331 3.49541 18 P 0 0
P 4.94331 3.39541 18 P 0 0
P 4.94331 3.29541 18 P 0 0
P 4.94331 3.19541 18 P 0 0
P 4.94331 3.09541 18 P 0 0
P 4.94331 2.99541 18 P 0 0
P 4.94331 2.89541 18 P 0 0
P 4.94331 2.79541 18 P 0 0
P 4.94331 2.69541 18 P 0 0
P 4.94331 2.59541 18 P 0 0
P 4.94331 2.49541 18 P 0 0
P 4.94331 2.39541 18 P 0 0
P 7.92362 4.14567 20 P 0 0
P 8.02599 4.00394 20 P 0 0
P 7.92756 3.99606 20 P 0 0
P 8.01417 4.14961 20 P 0 0
P 8.06536 4.0748 20 P 0 0
P 7.88819 4.0748 20 P 0 0
P 7.90394 0.251968 20 P 0 0
P 8.0063 0.110235 20 P 0 0
P 7.90787 0.102361 20 P 0 0
P 7.99449 0.255905 20 P 0 0
P 8.04567 0.181101 20 P 0 0
P 7.8685 0.181101 20 P 0 0
P 0.132284 0.244094 20 P 0 0
P 0.234646 0.102361 20 P 0 0
P 0.136221 0.094487 20 P 0 0
P 0.222835 0.248031 20 P 0 0
P 0.274016 0.173227 20 P 0 0
P 0.096851 0.173227 20 P 0 0
P 0.238583 4 20 P 0 0
P 0.140158 3.99212 20 P 0 0
P 0.226772 4.14567 20 P 0 0
P 0.136221 4.14173 20 P 0 0
P 0.277953 4.07086 20 P 0 0
P 0.100788 4.07086 20 P 0 0
P 7.73858 3.91338 20 P 0 0
P 7.5811 3.91338 20 P 0 0
P 7.30551 3.91338 20 P 0 0
P 6.99055 3.79527 20 P 0 0
P 6.04567 2.22047 20 P 0 0
P 6.04567 2.5748 20 P 0 0
P 6.04567 2.77165 20 P 0 0
P 6.04567 2.92913 20 P 0 0
P 6.04567 3.04724 20 P 0 0
P 6.04567 3.20472 20 P 0 0
P 6.04567 3.3622 20 P 0 0
P 6.51811 3.79527 20 P 0 0
P 6.04567 3.79527 20 P 0 0
P 6.04567 3.51968 20 P 0 0
P 6.04567 2.10236 20 P 0 0
P 6.04567 1.96457 20 P 0 0
P 5.77008 1.96457 20 P 0 0
P 5.92756 1.96457 20 P 0 0
P 5.6126 1.96457 20 P 0 0
P 4.72677 1.96457 20 P 0 0
P 4.88425 1.96457 20 P 0 0
P 0.632284 1.6496 20 P 0 0
P 0.455119 1.6496 20 P 0 0
P 4.94331 0.527558 20 P 0 0
P 5.53386 0.527558 20 P 0 0
P 6.12441 0.527558 20 P 0 0
P 6.71496 0.527558 20 P 0 0
P 4.65591 0.440944 20 P 0 0
P 7.64016 1.42126 20 P 0 0
P 6.93937 0.476377 20 P 0 0
P 6.16378 1.98425 20 P 0 0
P 5.45512 1.96457 20 P 0 0
P 5.23858 1.96457 20 P 0 0
P 5.04173 1.96457 20 P 0 0
P 4.92362 1.11811 20 P 0 0
P 3.5063 3.38189 20 P 0 0
P 3.42756 3.46063 20 P 0 0
P 3.34882 3.53937 20 P 0 0
P 3.27008 3.61811 20 P 0 0
P 3.19134 3.69685 20 P 0 0
P 3.07323 3.69685 20 P 0 0
P 2.95512 3.69685 20 P 0 0
P 2.75827 3.65748 20 P 0 0
P 2.85669 2.43701 20 P 0 0
P 2.69921 2.43701 20 P 0 0
P 2.40394 2.37795 20 P 0 0
P 3.68346 2.83071 20 P 0 0
P 2.40394 2.53543 20 P 0 0
P 2.40394 2.75197 20 P 0 0
P 2.28583 2.87008 20 P 0 0
P 2.16772 2.98819 20 P 0 0
P 2.04961 3.04724 20 P 0 0
P 1.89213 3.04724 20 P 0 0
P 1.73465 3.04724 20 P 0 0
P 1.57717 3.04724 20 P 0 0
P 1.45906 2.92913 20 P 0 0
P 1.36063 2.83071 20 P 0 0
P 1.28189 2.73228 20 P 0 0
P 1.28189 2.59449 20 P 0 0
P 1.28189 2.43701 20 P 0 0
P 1.28189 2.29921 20 P 0 0
P 1.28189 2.22047 20 P 0 0
P 3.56535 2.83071 20 P 0 0
P 3.48662 2.83071 20 P 0 0
P 3.40787 2.83071 20 P 0 0
P 3.32913 2.83071 20 P 0 0
P 3.25039 2.83071 20 P 0 0
P 3.17165 2.83071 20 P 0 0
P 2.60079 3.65748 20 P 0 0
P 2.60079 3.42126 20 P 0 0
P 2.60079 3.18504 20 P 0 0
P 2.60079 3.30315 20 P 0 0
P 2.60079 3.06693 20 P 0 0
P 3.03386 2.83071 20 P 0 0
P 2.95512 2.83071 20 P 0 0
P 2.83701 2.83071 20 P 0 0
P 2.7189 2.83071 20 P 0 0
P 2.60079 2.83071 20 P 0 0
P 2.60079 2.94882 20 P 0 0
P 2.83701 3.65748 20 P 0 0
P 3.23071 3.14567 20 P 0 0
P 3.23071 3.24409 20 P 0 0
P 3.23071 3.3622 20 P 0 0
P 3.23071 3.48031 20 P 0 0
P 3.1126 3.59842 20 P 0 0
P 2.9748 3.59842 20 P 0 0
P 3.44724 3.00787 20 P 0 0
P 3.60472 3.02756 20 P 0 0
P 4.92362 1.27559 20 P 0 0
P 4.92362 1.43307 20 P 0 0
P 4.92362 1.51181 20 P 0 0
P 4.92362 1.66929 20 P 0 0
P 4.76614 1.66929 20 P 0 0
P 4.62835 1.51181 20 P 0 0
P 4.58898 1.27559 20 P 0 0
P 4.49055 1.23622 20 P 0 0
P 3.15492 2.97342 20 P 0 0
P 0.218898 2.33858 20 P 0 0
P 0.651969 2.49606 20 P 0 0
P 0.691339 2.29921 20 P 0 0
P 0.888189 2.3189 20 P 0 0
P 1.18346 2.29921 20 P 0 0
P 1.14409 2.5748 20 P 0 0
P 0.740748 3.29921 20 P 0 0
P 0.750394 3.97244 20 P 0 0
P 4.52992 3.77559 20 P 0 0
P 4.39213 3.42126 20 P 0 0
P 4.54961 2.90945 20 P 0 0
P 4.84488 2.55512 20 P 0 0
P 4.74646 2.43701 20 P 0 0
P 5.53386 2.59449 20 P 0 0
P 5.53386 2.49606 20 P 0 0
P 7.02992 2.08071 20 P 0 0
P 7.14803 1.35236 20 P 0 0
P 7.42362 1.25394 20 P 0 0
P 7.42362 1.8248 20 P 0 0
P 7.42362 2.39567 20 P 0 0
P 7.42362 2.96653 20 P 0 0
P 7.42362 3.5374 20 P 0 0
P 7.04961 3.24212 20 P 0 0
P 7.24646 2.67126 20 P 0 0
P 7.24646 2.10039 20 P 0 0
P 7.24646 1.52953 20 P 0 0
P 7.60079 1.8248 20 P 0 0
P 7.60079 2.39567 20 P 0 0
P 7.60079 2.96653 20 P 0 0
P 7.60079 3.5374 20 P 0 0
P 7.64016 3.08465 20 P 0 0
P 7.60079 2.47441 20 P 0 0
P 7.60079 1.90354 20 P 0 0
P 7.73858 3.1437 20 P 0 0
P 7.73858 2.57283 20 P 0 0
P 7.73858 1.98228 20 P 0 0
P 7.73858 1.4311 20 P 0 0
P 7.5811 1.33268 20 P 0 0
P 7.60079 1.25394 20 P 0 0
P 7.24646 0.95866 20 P 0 0
P 6.55748 0.803149 20 P 0 0
P 7.34488 0.527558 20 P 0 0
P 7.36457 0.704723 20 P 0 0
P 7.17165 0.858267 20 P 0 0
P 6.88819 0.570865 20 P 0 0
P 6.77402 0.704723 20 P 0 0
P 6.89213 0.527558 20 P 0 0
P 6.18346 0.704723 20 P 0 0
P 6.2622 0.507873 20 P 0 0
P 5.59291 0.704723 20 P 0 0
P 5.67165 0.507873 20 P 0 0
P 4.62835 0.921259 20 P 0 0
P 4.62835 0.685038 20 P 0 0
P 5.00236 0.704723 20 P 0 0
P 5.10079 0.507873 20 P 0 0
P 5.98661 0.803149 20 P 0 0
P 5.37638 0.822834 20 P 0 0
P 4.96299 0.842519 20 P 0 0
P 4.56929 1.94488 20 P 0 0
P 4.60866 1.6811 20 P 0 0
P 4.45118 1.68897 20 P 0 0
P 4.2937 1.62992 20 P 0 0
P 4.2937 1.55118 20 P 0 0
P 4.25433 1.49212 20 P 0 0
P 4.25433 1.33464 20 P 0 0
P 4.25433 1.17716 20 P 0 0
P 3.84094 2.43701 20 P 0 0
P 4.11654 2.43701 20 P 0 0
P 3.28976 2.43701 20 P 0 0
P 3.99843 2.43701 20 P 0 0
P 3.68346 2.43701 20 P 0 0
P 3.54567 2.43701 20 P 0 0
P 3.44724 2.43701 20 P 0 0
P 3.13228 2.43701 20 P 0 0
P 2.9748 2.43701 20 P 0 0
P 3.93937 1.17716 20 P 0 0
P 4.09685 1.17716 20 P 0 0
P 3.86063 1.17716 20 P 0 0
P 3.70315 1.17716 20 P 0 0
P 3.54567 1.17716 20 P 0 0
P 3.38819 1.17716 20 P 0 0
P 2.99449 1.17716 20 P 0 0
P 0.86063 2.15748 20 P 0 0
P 0.978741 2.15748 20 P 0 0
P 1.09685 2.15748 20 P 0 0
P 1.21496 2.15748 20 P 0 0
P 1.28189 2.15748 20 P 0 0
P 1.59291 1.61417 20 P 0 0
P 1.5378 1.61417 20 P 0 0
P 1.38031 1.6496 20 P 0 0
P 1.38031 1.59055 20 P 0 0
P 1.32126 1.59055 20 P 0 0
P 1.08504 1.59055 20 P 0 0
P 1.47874 1.61417 20 P 0 0
P 1.41969 1.61417 20 P 0 0
P 0.96693 1.59055 20 P 0 0
P 1.20315 1.59055 20 P 0 0
P 2.6874 1.61811 20 P 0 0
P 2.58504 1.61811 20 P 0 0
P 2.49055 1.61811 20 P 0 0
P 2.38031 1.61811 20 P 0 0
P 2.2937 1.61811 20 P 0 0
P 2.21071 1.61863 20 P 0 0
P 2.10472 1.61811 20 P 0 0
P 1.68976 1.3914 20 P 0 0
P 1.36063 1.00394 20 P 0 0
P 1.33898 1.08268 20 P 0 0
P 1.33898 1.14567 20 P 0 0
P 1.33504 1.20866 20 P 0 0
P 1.33504 1.27165 20 P 0 0
P 1.33701 1.33464 20 P 0 0
P 4.4 2.29921 20 P 0 0
P 4.84488 3.55905 20 P 0 0
P 4.84488 3.63779 20 P 0 0
P 4.84488 3.59449 20 P 0 0
P 7.30551 0.527558 20 P 0 0
P 1.15 2.30905 20 P 0 0
P 0.435434 2.0315 20 P 0 0
P 7.64016 1.9685 20 P 0 0
P 7.64016 2.55118 20 P 0 0
P 7.64016 3.12401 20 P 0 0
P 7.59882 1.21457 20 P 0 0
P 7.59882 1.78937 20 P 0 0
P 7.59882 2.3563 20 P 0 0
P 7.59783 2.92716 20 P 0 0
P 7.59882 3.5 20 P 0 0
P 7.04961 3.30315 20 P 0 0
P 4.39213 3.45275 20 P 0 0
P 3.5063 2.45669 20 P 0 0
P 2.6126 2.18504 20 P 0 0
P 2.56535 2.18504 20 P 0 0
P 2.51811 2.18504 20 P 0 0
P 2.4748 2.18504 20 P 0 0
P 4.4129 1.77559 20 P 0 0
P 4.36959 1.85433 20 P 0 0
P 4.45621 1.77559 20 P 0 0
P 4.4129 1.85433 20 P 0 0
P 4.36959 1.81496 20 P 0 0
P 4.45621 1.85433 20 P 0 0
P 4.49951 1.77559 20 P 0 0
P 4.45621 1.81496 20 P 0 0
P 4.49951 1.81496 20 P 0 0
P 4.4129 1.81496 20 P 0 0
P 4.49951 1.85433 20 P 0 0
P 4.36959 1.77559 20 P 0 0
P 4.45997 2.29921 20 P 0 0
P 4.45997 2.25984 20 P 0 0
P 4.40092 2.25984 20 P 0 0
P 1.9541 1.2018 20 P 0 0
P 2.42657 2.08268 20 P 0 0
P 6.06321 0.562991 20 P 0 0
P 5.46594 0.547243 20 P 0 0
P 5.15984 0.606298 20 P 0 0
P 7.24432 0.562991 20 P 0 0
P 7.30551 0.704723 20 P 0 0
P 4.86457 0.562991 20 P 0 0
P 5.53386 0.704723 20 P 0 0
P 6.12441 0.704723 20 P 0 0
P 6.65377 0.562991 20 P 0 0
P 4.94331 0.704723 20 P 0 0
P 6.71496 0.704723 20 P 0 0
P 6.93937 0.618109 20 P 0 0
P 4.72677 0.803149 20 P 0 0
P 4.94331 0.803149 20 P 0 0
P 6.49843 0.803149 20 P 0 0
P 5.31732 0.822834 20 P 0 0
P 4.58504 0.606298 20 P 0 0
P 6.30157 0.547243 20 P 0 0
P 5.12835 0.547243 20 P 0 0
P 4.65591 0.889763 20 P 0 0
P 5.92756 0.803149 20 P 0 0
P 5.71102 0.547243 20 P 0 0
P 7.10866 0.862204 20 P 0 0
P 1.99055 1.57086 20 P 0 0
P 1.9315 1.57086 20 P 0 0
P 1.87244 1.57086 20 P 0 0
P 1.75433 1.57086 20 P 0 0
P 1.69528 1.57086 20 P 0 0
P 1.99055 1.62992 20 P 0 0
P 1.9315 1.62992 20 P 0 0
P 1.87244 1.62992 20 P 0 0
P 1.81339 1.62992 20 P 0 0
P 1.69528 1.62992 20 P 0 0
P 2.33701 2.07086 20 P 0 0
P 2.34095 1.49212 20 P 0 0
P 2.02598 1.06693 20 P 0 0
P 2.17953 1.37598 20 P 0 0
P 2.1441 1.02756 20 P 0 0
P 2.17953 1.18897 20 P 0 0
P 2.17953 1.55905 20 P 0 0
P 1.78976 1.13779 20 P 0 0
P 1.78976 1.08661 20 P 0 0
P 1.84488 1.08661 20 P 0 0
P 1.84488 1.13779 20 P 0 0
P 1.84488 1.18504 20 P 0 0
P 1.78976 1.18504 20 P 0 0
P 2.05748 1.57874 20 P 0 0
P 1.84685 1.85433 20 P 0 0
P 2.01052 1.42098 20 P 0 0
P 2.32028 2.12598 20 P 0 0
P 1.80354 0.956692 20 P 0 0
P 1.62047 1.69291 20 P 0 0
P 1.42756 2.19291 20 P 0 0
P 1.87244 1.37008 20 P 0 0
P 1.46693 2.13423 20 P 0 0
P 2.12047 1.28346 20 P 0 0
P 2.06339 0.783464 20 P 0 0
P 1.7937 1.37008 20 P 0 0
P 7.56535 3.4406 20 P 0 0
P 1.78583 0.704723 20 P 0 0
P 2.10866 1.15748 20 P 0 0
P 7.50699 0.846456 20 P 0 0
P 4.8252 3.3248 20 P 0 0
P 0.632284 2.98819 20 P 0 0
P 4.21496 3.44291 20 P 0 0
P 4.11063 3.21063 20 P 0 0
P 1.04567 2.41732 20 P 0 0
P 1.96439 1.15452 20 P 0 0
P 7.56535 1.15534 20 P 0 0
P 4.5063 1.62598 20 P 0 0
P 0.642323 3.24409 20 P 0 0
P 7.56535 1.72621 20 P 0 0
P 7.56535 2.86794 20 P 0 0
P 2.1126 1.22047 20 P 0 0
P 2.59685 0.921259 20 P 0 0
P 0.750394 2.49606 20 P 0 0
P 1.69724 1.08268 20 P 0 0
P 7.53952 3.14862 20 P 0 0
P 4.47087 2.77559 20 P 0 0
P 4.76614 2.69291 20 P 0 0
P 0.435434 2.06693 20 P 0 0
P 7.56535 2.29707 20 P 0 0
P 4.4315 1.32086 20 P 0 0
P 7.42362 1.7874 20 P 0 0
P 7.42362 1.21653 20 P 0 0
P 7.42362 3.5 20 P 0 0
P 7.42362 2.92913 20 P 0 0
P 7.42362 2.35827 20 P 0 0
P 2.02598 0.984251 20 P 0 0
P 7.24646 1.01968 20 P 0 0
P 5.49449 2.59646 20 P 0 0
P 5.49449 2.49803 20 P 0 0
P 4.78583 2.43901 20 P 0 0
P 0.651969 2.43701 20 P 0 0
P 4.5063 1.27165 20 P 0 0
P 7.02598 2.04331 20 P 0 0
P 7.50236 1.9685 20 P 0 0
P 4.58898 2.91142 20 P 0 0
P 7.51417 3.12992 20 P 0 0
P 0.92756 2.35827 20 P 0 0
P 4.58504 1.52362 20 P 0 0
P 7.50236 1.42126 20 P 0 0
P 4.46693 1.3189 20 P 0 0
P 7.50236 2.55118 20 P 0 0
P 4.54961 3.81693 20 P 0 0
P 0.671654 3.34252 20 P 0 0
P 7.24646 2.73228 20 P 0 0
P 7.24646 1.59055 20 P 0 0
P 0.24252 2.30709 20 P 0 0
P 7.52205 1.33464 20 P 0 0
P 4.84488 2.59449 20 P 0 0
P 7.54567 2.48425 20 P 0 0
P 4.58504 1.31102 20 P 0 0
P 7.1874 1.33464 20 P 0 0
P 6.20315 1.98425 20 P 0 0
P 7.54173 1.91338 20 P 0 0
P 0.651969 2.33858 20 P 0 0
P 7.59291 3.09741 20 P 0 0
P 1.08504 2.59449 20 P 0 0
P 7.24646 2.16142 20 P 0 0
P 0.730709 3.53937 20 P 0 0
P 2.79958 1.71282 20 P 0 0
P 1.74843 0.93307 20 P 0 0
P 2.83996 2.9065 20 P 0 0
P 3.28878 3.07185 20 P 0 0
P 2.78878 2.9065 20 P 0 0
P 2.67854 2.9065 20 P 0 0
P 3.19429 2.97342 20 P 0 0
P 2.72972 2.9065 20 P 0 0
P 1.8685 0.704723 20 P 0 0
P 1.64409 1.75197 20 P 0 0
P 3.62441 2.83071 20 P 0 0
P 3.5063 2.65354 20 P 0 0
P 2.84095 0.803149 20 P 0 0
P 3.42264 2.97244 20 P 0 0
P 3.5378 2.97244 20 P 0 0
P 2.76811 1.71161 20 P 0 0
P 2.14803 2.12598 20 P 0 0
P 2.0378 1.80709 20 P 0 0
P 2.60079 3.53937 20 P 0 0
P 3.23071 1.17716 20 P 0 0
L 3.42362 2.97244 3.5378 2.97244 0 P 0
L 2.01052 1.42098 2.01839 1.42098 0 P 0
L 2.01839 1.42098 2.12047 1.3189 0 P 0
L 2.12047 1.3189 2.12047 1.28346 0 P 0
L 2.05748 1.57874 2.05748 1.64567 20 P 0
L 2.05748 1.64567 1.84882 1.85433 20 P 0
L 4.94331 0.192912 4.94331 0.527558 20 P 0
L 5.53386 0.192912 5.53386 0.527558 20 P 0
L 6.12441 0.192912 6.12441 0.527558 20 P 0
L 6.71496 0.192912 6.71496 0.527558 20 P 0
L 7.30551 0.192912 7.30551 0.527558 20 P 0
L 4.94173 3.79724 4.94331 3.79567 0 P 0
L 4.66772 3.79724 4.94173 3.79724 0 P 0
L 4.53189 3.93307 4.66772 3.79724 0 P 0
L 0.730709 3.53937 1.12441 3.93307 0 P 0
L 1.12441 3.93307 4.53189 3.93307 0 P 0
L 4.54862 3.81693 4.54961 3.81693 0 P 0
L 0.730709 3.34252 1.28189 3.8937 0 P 0
L 4.47185 3.8937 4.54862 3.81693 0 P 0
L 0.671654 3.34252 0.730709 3.34252 0 P 0
L 1.28189 3.8937 4.47185 3.8937 0 P 0
L 7.96535 1.6874 7.93543 1.6874 0 P 0
L 8.1126 1.83464 7.96535 1.6874 0 P 0
L 8.1126 3.73622 8.1126 1.83464 0 P 0
L 7.99449 3.85433 8.1126 3.73622 0 P 0
L 5.2189 3.3248 5.65197 3.75787 0 P 0
L 5.65197 3.75787 7.18937 3.75787 0 P 0
L 5.02205 2.79331 5.2189 2.99016 0 P 0
L 5.2189 2.99016 5.2189 3.3248 0 P 0
L 4.94567 2.79331 5.02205 2.79331 0 P 0
L 7.28583 3.85433 7.99449 3.85433 0 P 0
L 7.18937 3.75787 7.28583 3.85433 0 P 0
L 4.94331 2.79567 4.94567 2.79331 0 P 0
L 7.96535 3.4 7.93543 3.4 0 P 0
L 8.01417 3.44882 7.96535 3.4 0 P 0
L 8.01417 3.65748 8.01417 3.44882 0 P 0
L 7.38228 3.6752 7.99646 3.6752 0 P 0
L 7.99646 3.6752 8.01417 3.65748 0 P 0
L 7.26811 3.56102 7.38228 3.6752 0 P 0
L 7.14803 3.56102 7.26811 3.56102 0 P 0
L 7.24843 3.62008 7.12835 3.62008 0 P 0
L 7.3626 3.73425 7.24843 3.62008 0 P 0
L 7.99646 3.73425 7.3626 3.73425 0 P 0
L 8.05398 3.41388 8.05354 3.41431 0 P 0
L 8.05398 3.38612 8.05398 3.41388 0 P 0
L 8.05354 3.38569 8.05398 3.38612 0 P 0
L 8.05354 3.41431 8.05354 3.67716 0 P 0
L 8.05354 3.67716 7.99646 3.73425 0 P 0
L 7.96535 2.82913 8.05354 2.91732 0 P 0
L 7.93543 2.82913 7.96535 2.82913 0 P 0
L 8.05354 2.91732 8.05354 3.38569 0 P 0
L 7.96535 2.25827 7.93543 2.25827 0 P 0
L 7.99646 3.79331 8.09291 3.69685 0 P 0
L 7.32323 3.79331 7.99646 3.79331 0 P 0
L 7.22874 3.69882 7.32323 3.79331 0 P 0
L 7.10866 3.69882 7.22874 3.69882 0 P 0
L 8.09291 3.69685 8.09291 2.38583 0 P 0
L 8.09291 2.38583 7.96535 2.25827 0 P 0
L 6.20315 1.98425 6.20315 1.0315 0 P 0
L 5.67165 3.69882 7.10866 3.69882 0 P 0
L 5.37638 3.40354 5.67165 3.69882 0 P 0
L 5.37638 2.69488 5.37638 3.40354 0 P 0
L 4.94331 2.69567 4.94409 2.69488 0 P 0
L 4.94409 2.69488 5.37638 2.69488 0 P 0
L 5.43465 2.59567 4.94331 2.59567 0 P 0
L 5.43543 2.59646 5.43465 2.59567 0 P 0
L 5.43543 3.40354 5.43543 2.59646 0 P 0
L 5.65197 3.62008 5.43543 3.40354 0 P 0
L 7.12835 3.62008 5.65197 3.62008 0 P 0
L 5.67165 3.56102 7.14803 3.56102 0 P 0
L 5.49449 3.38386 5.67165 3.56102 0 P 0
L 5.49449 2.59646 5.49449 3.38386 0 P 0
L 4.65591 0.440944 4.6126 0.440944 21 P 0
L 7.52008 3.12401 7.51417 3.12992 0 P 0
L 7.64016 3.12401 7.52008 3.12401 0 P 0
L 7.64016 1.42126 7.50236 1.42126 0 P 0
L 7.64016 1.9685 7.50236 1.9685 0 P 0
L 7.64016 2.55118 7.50236 2.55118 0 P 0
L 6.93937 0.618109 6.93937 0.476377 0 P 0
L 4.6874 0.921259 4.65591 0.889763 0 P 0
L 6.87244 0.763779 6.71496 0.921259 0 P 0
L 6.87244 0.586613 6.87244 0.763779 0 P 0
L 6.88819 0.570865 6.87244 0.586613 0 P 0
L 6.71496 0.921259 4.6874 0.921259 0 P 0
L 4.52992 2.49606 4.63031 2.39567 0 P 0
L 2.69657 2.49606 4.52992 2.49606 0 P 0
L 2.08634 3.1063 2.69657 2.49606 0 P 0
L 1.42953 3.1063 2.08634 3.1063 0 P 0
L 1.08504 2.76181 1.42953 3.1063 0 P 0
L 4.63031 2.39567 4.94331 2.39567 0 P 0
L 1.08504 2.59449 1.08504 2.76181 0 P 0
L 2.95512 0.803149 2.84095 0.803149 0 P 0
L 3.5063 2.45669 3.5063 1.35433 0 P 0
L 3.5063 1.35433 2.95512 0.803149 0 P 0
L 3.62441 2.77165 3.62441 2.83071 0 P 0
L 3.5063 2.65354 3.62441 2.77165 0 P 0
L 2.75827 2.53543 4.68941 2.53543 0 P 0
L 2.12835 3.16535 2.75827 2.53543 0 P 0
L 4.68941 2.53543 4.78583 2.43901 0 P 0
L 1.38031 3.16535 2.12835 3.16535 0 P 0
L 0.651969 2.43701 1.38031 3.16535 0 P 0
L 5.70158 2.5374 5.74331 2.49567 0 P 0
L 4.99437 2.5374 5.70158 2.5374 0 P 0
L 4.86201 2.59449 4.91748 2.53902 0 P 0
L 2.77795 2.59449 4.86201 2.59449 0 P 0
L 4.99276 2.53902 4.99437 2.5374 0 P 0
L 0.573229 2.47638 1.32126 3.22441 0 P 0
L 1.32126 3.22441 2.14803 3.22441 0 P 0
L 2.14803 3.22441 2.77795 2.59449 0 P 0
L 0.573229 2.33858 0.573229 2.47638 0 P 0
L 4.91748 2.53902 4.99276 2.53902 0 P 0
L 5.71102 0.921259 5.71102 0.547243 0 P 0
L 5.12835 0.921259 5.12835 0.547243 0 P 0
L 6.30157 0.921259 6.30157 0.547243 0 P 0
L 6.20315 1.0315 6.20315 0.921259 0 P 0
L 4.4315 3.45275 4.39213 3.45275 0 P 0
L 4.58898 3.29527 4.4315 3.45275 0 P 0
L 4.58898 2.91142 4.58898 3.29527 0 P 0
L 2.34095 1.49212 2.02598 1.49212 20 P 0
L 2.02598 1.49212 1.9537 1.41984 20 P 0
L 1.9537 1.2022 1.9537 1.41984 20 P 0
L 2.1441 1.01575 2.1441 1.02756 0 P 0
L 2.06535 0.937007 2.1441 1.01575 0 P 0
L 2.06339 0.937007 2.06535 0.937007 0 P 0
L 2.06339 0.783464 2.06339 0.937007 0 P 0
L 1.96693 0.976377 2.0063 0.937007 0 P 0
L 1.96693 1.12205 1.96693 0.976377 0 P 0
L 2.00236 1.16535 2.00236 1.15748 0 P 0
L 2.12047 1.28346 2.00236 1.16535 0 P 0
L 2.00236 1.15748 1.96693 1.12205 0 P 0
L 2.0063 0.937007 2.06339 0.937007 0 P 0
L 4.5063 1.42913 4.5063 1.27165 0 P 0
L 4.54961 1.47244 4.5063 1.42913 0 P 0
L 5.4689 1.47244 4.54961 1.47244 0 P 0
L 5.74331 2.15945 5.74331 1.74685 0 P 0
L 5.74331 1.74685 5.4689 1.47244 0 P 0
L 4.66378 1.31102 4.94331 1.0315 0 P 0
L 4.58504 1.31102 4.66378 1.31102 0 P 0
L 4.56929 1.49212 4.49055 1.49212 0 P 0
L 4.58504 1.50787 4.56929 1.49212 0 P 0
L 4.49055 1.49212 4.46693 1.4685 0 P 0
L 4.46693 1.4685 4.46693 1.3189 0 P 0
L 4.58504 1.52362 4.58504 1.50787 0 P 0
L 4.58504 0.921259 4.46693 1.03937 0 P 0
L 4.46693 1.03937 4.46693 1.3189 0 P 0
L 1.02598 2.24016 0.92756 2.33858 21 P 0
L 0.92756 2.33858 0.92756 2.35827 21 P 0
L 1.0811 2.24016 1.02598 2.24016 21 P 0
L 1.15 2.30905 1.0811 2.24016 21 P 0
L 0.274016 2.33858 0.573229 2.33858 0 P 0
L 0.24252 2.30709 0.274016 2.33858 0 P 0
L 7.1874 1.33464 7.52205 1.33464 0 P 0
L 7.1874 1.91338 7.54173 1.91338 0 P 0
L 7.1874 2.48425 7.54567 2.48425 0 P 0
L 7.37441 3.09646 7.1874 2.90945 0 P 0
L 7.59196 3.09646 7.37441 3.09646 0 P 0
L 7.59291 3.09741 7.59196 3.09646 0 P 0
L 7.1874 2.90945 7.1874 1.33464 0 P 0
L 7.59882 1.78937 7.93543 1.78937 20 P 0
L 7.59882 2.3563 7.93543 2.3563 20 P 0
L 7.59783 2.92716 7.93445 2.92716 20 P 0
L 7.59882 3.5 7.93543 3.5 20 P 0
L 7.93228 3.30315 7.93543 3.3 0 P 0
L 7.04961 3.30315 7.93228 3.30315 0 P 0
L 1.72283 0.678457 1.72283 0.907479 0 P 0
L 2.79958 1.45796 1.97544 0.633818 0 P 0
L 1.72283 0.907479 1.74843 0.93307 0 P 0
L 2.79958 1.71282 2.79958 1.45796 0 P 0
L 1.97544 0.633818 1.76747 0.633818 0 P 0
L 1.76747 0.633818 1.72283 0.678457 0 P 0
L 2.76811 1.46457 2.76811 1.71161 0 P 0
L 2.11067 0.807125 2.76811 1.46457 0 P 0
L 2.11067 0.791377 2.11067 0.807125 0 P 0
L 1.9689 0.649605 2.11067 0.791377 0 P 0
L 1.73862 0.891771 1.73862 0.684997 0 P 0
L 1.75626 0.909408 1.73862 0.891771 0 P 0
L 1.77209 0.923269 1.75823 0.909408 0 P 0
L 1.75823 0.909408 1.75626 0.909408 0 P 0
L 1.73862 0.684997 1.77401 0.649605 0 P 0
L 1.77209 0.925235 1.77209 0.923269 0 P 0
L 1.77401 0.649605 1.9689 0.649605 0 P 0
L 1.80354 0.956692 1.77209 0.925235 0 P 0
L 2.32028 2.12598 2.14803 2.12598 20 P 0
L 6.51496 0.786613 6.49843 0.803149 0 P 0
L 6.51496 0.192912 6.51496 0.786613 0 P 0
L 4.72677 0.803149 4.72677 0.763779 0 P 0
L 4.94331 0.803149 4.72677 0.803149 0 P 0
L 4.72677 0.763779 4.74331 0.747243 0 P 0
L 4.74331 0.747243 4.74331 0.192912 0 P 0
L 5.33386 0.806298 5.31732 0.822834 0 P 0
L 5.33386 0.192912 5.33386 0.806298 0 P 0
L 4.58504 0.606298 4.58504 0.921259 0 P 0
L 4.58504 0.468503 4.58504 0.606298 21 P 0
L 5.92441 0.799999 5.92756 0.803149 0 P 0
L 5.92441 0.192912 5.92441 0.799999 0 P 0
L 4.6126 0.440944 4.58504 0.468503 21 P 0
L 7.10551 0.839369 7.10551 0.192912 0 P 0
L 7.10866 0.842519 7.10551 0.839369 0 P 0
L 7.10866 0.862204 7.10866 0.842519 0 P 0
L 1.64409 1.70275 1.64409 1.75197 0 P 0
L 1.64413 1.70271 1.64409 1.70275 0 P 0
L 1.64413 1.68311 1.64413 1.70271 0 P 0
L 1.64409 1.68307 1.64413 1.68311 0 P 0
L 1.75039 1.46721 1.64409 1.57351 0 P 0
L 1.75039 1.0748 1.75039 1.46721 0 P 0
L 1.83705 0.988149 1.75039 1.0748 0 P 0
L 1.83705 0.978977 1.83705 0.988149 0 P 0
L 1.84299 0.973032 1.83705 0.978977 0 P 0
L 1.84299 0.940352 1.84299 0.973032 0 P 0
L 1.64409 1.57351 1.64409 1.68307 0 P 0
L 1.86063 0.704723 1.83705 0.728306 0 P 0
L 1.83705 0.728306 1.83705 0.934407 0 P 0
L 1.8685 0.704723 1.86063 0.704723 0 P 0
L 1.83705 0.934407 1.84299 0.940352 0 P 0
L 1.62047 1.5748 1.62047 1.69291 0 P 0
L 1.73461 1.46067 1.62047 1.5748 0 P 0
L 1.73461 1.06826 1.73461 1.46067 0 P 0
L 1.8272 0.966493 1.82126 0.972438 0 P 0
L 1.8272 0.946891 1.8272 0.966493 0 P 0
L 1.82126 0.940946 1.8272 0.946891 0 P 0
L 1.82126 0.740157 1.82126 0.940946 0 P 0
L 1.82126 0.981609 1.73461 1.06826 0 P 0
L 1.78583 0.704723 1.82126 0.740157 0 P 0
L 1.82126 0.972438 1.82126 0.981609 0 P 0
L 2.41181 1.99606 2.33701 2.07086 20 P 0
L 2.41181 1.35433 2.41181 1.99606 20 P 0
L 2.02598 0.984251 2.04173 0.984251 20 P 0
L 2.04173 0.984251 2.41181 1.35433 20 P 0
L 1.79764 1.44488 1.87244 1.37008 20 P 0
L 1.79764 1.59055 1.79764 1.44488 20 P 0
L 1.45387 2.10269 1.45479 2.10269 20 P 0
L 1.7189 1.83858 1.7189 1.66929 20 P 0
L 1.7189 1.66929 1.79764 1.59055 20 P 0
L 1.42756 2.19291 1.42756 2.129 20 P 0
L 1.45479 2.10269 1.7189 1.83858 20 P 0
L 7.26929 1.01653 7.93543 1.01653 0 P 0
L 7.26614 1.01968 7.26929 1.01653 0 P 0
L 7.24646 1.01968 7.26614 1.01968 0 P 0
L 4.94331 2.49567 5.49213 2.49567 0 P 0
L 5.49213 2.49567 5.49449 2.49803 0 P 0
L 4.78583 2.43901 5.69996 2.43901 0 P 0
L 5.69996 2.43901 5.74331 2.39567 0 P 0
L 7.02598 2.04331 5.74724 2.04331 0 P 0
L 5.74331 2.39567 5.74331 2.15945 0 P 0
L 7.24646 2.73228 7.93228 2.73228 0 P 0
L 7.93228 2.73228 7.93543 2.72913 0 P 0
L 7.26929 1.5874 7.93543 1.5874 0 P 0
L 7.24646 1.59055 7.26614 1.59055 0 P 0
L 7.26614 1.59055 7.26929 1.5874 0 P 0
L 0.573229 2.33858 0.632284 2.33858 0 P 0
L 6.20315 1.98425 7.1874 1.98425 0 P 0
L 4.94331 1.0315 6.20315 1.0315 0 P 0
L 0.632284 2.33858 0.651969 2.33858 0 P 0
L 4.94331 2.39567 4.93937 2.3996 0 P 0
L 7.24646 2.16142 7.93228 2.16142 0 P 0
L 7.93228 2.16142 7.93543 2.15827 0 P 0
L 2.76811 1.71161 2.76811 1.71555 0 P 0
L 1.42756 2.129 1.45387 2.10269 20 P 0
L 7.59882 1.21457 7.93543 1.21457 20 P 0
L 2.0378 1.74016 2.0378 1.80709 20 P 0
L 2.17953 1.59842 2.0378 1.74016 20 P 0
L 2.17953 1.55905 2.17953 1.59842 20 P 0
S P 0
OB 2.0610780000 1.0492620000 I
OS 2.0610720000 1.0492610000
OS 2.0583370000 1.0494590000
OS 2.0561340000 1.0511050000
OS 2.0551710000 1.0536840000
OS 2.0555290000 1.0559000000
OS 2.0562860000 1.0577290000
OS 2.0575000000 1.0638220000
OS 2.0575000000 1.0700320000
OS 2.0562890000 1.0761210000
OS 2.0539160000 1.0818510000
OS 2.0504660000 1.0870170000
OS 2.0460750000 1.0914080000
OS 2.0409140000 1.0948570000
OS 2.0351840000 1.0972300000
OS 2.0290890000 1.0984440000
OS 2.0228810000 1.0984440000
OS 2.0167920000 1.0972330000
OS 2.0110610000 1.0948590000
OS 2.0058950000 1.0914080000
OS 2.0015040000 1.0870170000
OS 1.9995130000 1.0840370000
OS 1.9974050000 1.0822750000
OS 1.9946740000 1.0819310000
OS 1.9921960000 1.0831160000
OS 1.9921910000 1.0831200000
OS 1.9907450000 1.0854570000
OS 1.9905710000 1.0867490000
OS 1.9905710000 1.1102280000
OS 1.9913470000 1.1128720000
OS 1.9920000000 1.1136820000
OS 2.0212770000 1.1429590000
OS 2.0243910000 1.1483500000
OS 2.0260030000 1.1543620000
OS 2.0260040000 1.1544600000
OS 2.0261590000 1.1549490000
OS 2.0266950000 1.1557400000
OS 2.0270800000 1.1566090000
OS 2.0273570000 1.1569130000
OS 2.1210500000 1.2506060000
OS 2.1234610000 1.2519230000
OS 2.1296660000 1.2531590000
OS 2.1353960000 1.2555330000
OS 2.1405620000 1.2589830000
OS 2.1449490000 1.2633690000
OS 2.1484010000 1.2685330000
OS 2.1507750000 1.2742650000
OS 2.1519890000 1.2803580000
OS 2.1519890000 1.2865680000
OS 2.1507780000 1.2926560000
OS 2.1484040000 1.2983870000
OS 2.1449390000 1.3035740000
OS 2.1441160000 1.3061990000
OS 2.1441150000 1.3220060000
OS 2.1425050000 1.3280170000
OS 2.1393920000 1.3334110000
OS 2.0402270000 1.4325770000
OS 2.0391690000 1.4341610000
OS 2.0384470000 1.4359020000
OS 2.0349970000 1.4410680000
OS 2.0307020000 1.4453640000
OS 2.0305310000 1.4456750000
OS 2.0302460000 1.4458910000
OS 2.0298810000 1.4468620000
OS 2.0293820000 1.4477780000
OS 2.0293810000 1.4477840000
OS 2.0294070000 1.4481300000
OS 2.0294060000 1.4481380000
OS 2.0292830000 1.4484700000
OS 2.0295030000 1.4494850000
OS 2.0295780000 1.4505200000
OS 2.0298030000 1.4508750000
OS 2.0298660000 1.4511540000
OS 2.0306990000 1.4522690000
OS 2.0376090000 1.4591790000
OS 2.0400190000 1.4604960000
OS 2.0410610000 1.4606090000
OS 2.3440490000 1.4606090000
OS 2.3501380000 1.4618200000
OS 2.3558690000 1.4641940000
OS 2.3610340000 1.4676440000
OS 2.3654250000 1.4720350000
OS 2.3688730000 1.4771950000
OS 2.3709030000 1.4820940000
OS 2.3726300000 1.4842350000
OS 2.3752410000 1.4851060000
OS 2.3779000000 1.4844280000
OS 2.3779050000 1.4844250000
OS 2.3797770000 1.4824140000
OS 2.3802950000 1.4802330000
OS 2.3802960000 1.3694120000
OS 2.3795200000 1.3667650000
OS 2.3788660000 1.3659540000
OS 2.2153660000 1.2024550000
OS 2.2129510000 1.2011350000
OS 2.2129450000 1.2011340000
OS 2.2102100000 1.2013320000
OS 2.2080090000 1.2029750000
OS 2.2076000000 1.2036880000
OS 2.2075900000 1.2036950000
OS 2.2075810000 1.2036970000
OS 2.2075710000 1.2036960000
OS 2.2074580000 1.2039030000
OS 2.2040090000 1.2090650000
OS 2.1996220000 1.2134510000
OS 2.1944580000 1.2169040000
OS 2.1887270000 1.2192770000
OS 2.1826320000 1.2204910000
OS 2.1764240000 1.2204910000
OS 2.1703360000 1.2192800000
OS 2.1646040000 1.2169060000
OS 2.1594380000 1.2134550000
OS 2.1550510000 1.2090690000
OS 2.1515990000 1.2039040000
OS 2.1492260000 1.1981740000
OS 2.1480120000 1.1920820000
OS 2.1480120000 1.1858710000
OS 2.1492230000 1.1797830000
OS 2.1515970000 1.1740520000
OS 2.1550470000 1.1688860000
OS 2.1594330000 1.1645010000
OS 2.1645990000 1.1610470000
OS 2.1648010000 1.1609390000
OS 2.1648060000 1.1609300000
OS 2.1647780000 1.1608720000
OS 2.1647790000 1.1608530000
OS 2.1666050000 1.1593770000
OS 2.1674770000 1.1567660000
OS 2.1667970000 1.1541010000
OS 2.1660510000 1.1531390000
OS 2.0634930000 1.0505820000
OS 2.0610780000 1.0492620000
OE
OB 2.17642300 1.34446800 H
OS 2.18263200 1.34446800
OS 2.18872100 1.34567900
OS 2.19445100 1.34805200
OS 2.19961700 1.35150200
OS 2.20400800 1.35589300
OS 2.20745600 1.36105300
OS 2.20983000 1.36678500
OS 2.21104400 1.37287700
OS 2.21104400 1.37908800
OS 2.20983300 1.38517600
OS 2.20745900 1.39090600
OS 2.20400900 1.39607200
OS 2.19961800 1.40046300
OS 2.19445800 1.40391200
OS 2.18872700 1.40628500
OS 2.18263200 1.40749900
OS 2.17642400 1.40749900
OS 2.17033600 1.40628800
OS 2.16460400 1.40391400
OS 2.15943800 1.40046300
OS 2.15505000 1.39607600
OS 2.15159900 1.39091200
OS 2.14922600 1.38518200
OS 2.14801200 1.37909000
OS 2.14801200 1.37287900
OS 2.14922300 1.36679100
OS 2.15159700 1.36106000
OS 2.15504700 1.35589400
OS 2.15943400 1.35150800
OS 2.16459900 1.34805500
OS 2.17032900 1.34568200
OS 2.17642300 1.34446800
OE
SE
S P 0
OB 8.1250200000 0.0197040000 I
OS 0.0245900000 0.0197040000
OS 0.0219520000 0.0204790000
OS 0.0219470000 0.0204820000
OS 0.0201470000 0.0225570000
OS 0.0197050000 0.0245860000
OS 0.0197050000 4.2273780000
OS 0.0204800000 4.2300160000
OS 0.0204830000 4.2300210000
OS 0.0225560000 4.2318200000
OS 0.0245870000 4.2322630000
OS 8.1250170000 4.2322630000
OS 8.1276550000 4.2314880000
OS 8.1276600000 4.2314850000
OS 8.1294600000 4.2294100000
OS 8.1299020000 4.2273810000
OS 8.1299020000 3.7641400000
OS 8.1291270000 3.7615010000
OS 8.1291240000 3.7614960000
OS 8.1270510000 3.7596980000
OS 8.1243270000 3.7593060000
OS 8.1218280000 3.7604440000
OS 8.1215680000 3.7606850000
OS 8.0090070000 3.8732460000
OS 8.0036180000 3.8763580000
OS 7.9976050000 3.8779710000
OS 7.2827190000 3.8779710000
OS 7.2767050000 3.8763610000
OS 7.2713130000 3.8732490000
OS 7.1810100000 3.7829470000
OS 7.1785970000 3.7816280000
OS 7.1775560000 3.7815150000
OS 5.6488570000 3.7815150000
OS 5.6428470000 3.7799050000
OS 5.6374550000 3.7767920000
OS 5.1999840000 3.3393230000
OS 5.1968690000 3.3339300000
OS 5.1952570000 3.3279200000
OS 5.1952560000 3.0019770000
OS 5.1944800000 2.9993300000
OS 5.1938260000 2.9985190000
OS 5.0140080000 2.8187010000
OS 5.0115950000 2.8173840000
OS 5.0115890000 2.8173830000
OS 5.0088540000 2.8175800000
OS 5.0066520000 2.8192250000
OS 5.0064980000 2.8194400000
OS 5.0057810000 2.8205140000
OS 5.0002880000 2.8260070000
OS 4.9938420000 2.8303150000
OS 4.9866740000 2.8332830000
OS 4.9790610000 2.8347980000
OS 4.9319320000 2.8347980000
OS 4.9243250000 2.8332860000
OS 4.9171560000 2.8303170000
OS 4.9107050000 2.8260070000
OS 4.9052120000 2.8205140000
OS 4.9009050000 2.8140670000
OS 4.8979370000 2.8069000000
OS 4.8964220000 2.7992900000
OS 4.8964220000 2.7915290000
OS 4.8979340000 2.7839220000
OS 4.9009030000 2.7767550000
OS 4.9052120000 2.7703030000
OS 4.9107060000 2.7648090000
OS 4.9171530000 2.7605020000
OS 4.9243160000 2.7575350000
OS 4.9319320000 2.7560190000
OS 4.9790610000 2.7560190000
OS 4.9866710000 2.7575320000
OS 4.9938350000 2.7605000000
OS 5.0002900000 2.7648110000
OS 5.0037110000 2.7682330000
OS 5.0061230000 2.7695510000
OS 5.0071650000 2.7696640000
OS 5.0251590000 2.7696640000
OS 5.0311700000 2.7712750000
OS 5.0365620000 2.7743870000
OS 5.2378140000 2.9756380000
OS 5.2409270000 2.9810270000
OS 5.2425390000 2.9870390000
OS 5.2425400000 3.3129810000
OS 5.2433160000 3.3156280000
OS 5.2439690000 3.3164380000
OS 5.3474540000 3.4199240000
OS 5.3498690000 3.4212430000
OS 5.3498750000 3.4212440000
OS 5.3526100000 3.4210470000
OS 5.3548130000 3.4194000000
OS 5.3557770000 3.4168210000
OS 5.3551940000 3.4141370000
OS 5.3543490000 3.4126700000
OS 5.3527380000 3.4066600000
OS 5.3527370000 2.7234110000
OS 5.3519620000 2.7207690000
OS 5.3519590000 2.7207640000
OS 5.3498860000 2.7189660000
OS 5.3478550000 2.7185230000
OS 5.0097230000 2.7185230000
OS 5.0070860000 2.7192970000
OS 5.0059970000 2.7203620000
OS 5.0059840000 2.7203680000
OS 5.0059770000 2.7203680000
OS 5.0059320000 2.7203370000
OS 5.0059240000 2.7203400000
OS 5.0057780000 2.7205170000
OS 5.0002880000 2.7260070000
OS 4.9938420000 2.7303150000
OS 4.9866740000 2.7332830000
OS 4.9790610000 2.7347980000
OS 4.9319320000 2.7347980000
OS 4.9243250000 2.7332860000
OS 4.9171560000 2.7303170000
OS 4.9107050000 2.7260070000
OS 4.9052120000 2.7205140000
OS 4.9009050000 2.7140670000
OS 4.8979370000 2.7069000000
OS 4.8964220000 2.6992900000
OS 4.8964220000 2.6915290000
OS 4.8979340000 2.6839220000
OS 4.9009030000 2.6767550000
OS 4.9052120000 2.6703030000
OS 4.9107060000 2.6648090000
OS 4.9171530000 2.6605020000
OS 4.9243190000 2.6575340000
OS 4.9319320000 2.6560190000
OS 4.9790610000 2.6560190000
OS 4.9866710000 2.6575320000
OS 4.9938350000 2.6605000000
OS 5.0002900000 2.6648110000
OS 5.0052880000 2.6698090000
OS 5.0076980000 2.6711260000
OS 5.0087400000 2.6712390000
OS 5.3794900000 2.6712390000
OS 5.3855010000 2.6728490000
OS 5.3908930000 2.6759620000
OS 5.3952950000 2.6803630000
OS 5.3984070000 2.6857520000
OS 5.4000190000 2.6917630000
OS 5.4000200000 3.3917230000
OS 5.4003590000 3.3928850000
OS 5.4006160000 3.3940630000
OS 5.4007610000 3.3942590000
OS 5.4007960000 3.3943680000
OS 5.4014490000 3.3951790000
OS 5.4034560000 3.3971850000
OS 5.4058710000 3.3985050000
OS 5.4058770000 3.3985060000
OS 5.4086120000 3.3983080000
OS 5.4108150000 3.3966620000
OS 5.4117770000 3.3940890000
OS 5.4117920000 3.3937350000
OS 5.4117920000 2.6241950000
OS 5.4110170000 2.6215570000
OS 5.4110140000 2.6215520000
OS 5.4089410000 2.6197530000
OS 5.4069100000 2.6193100000
OS 5.0090110000 2.6193100000
OS 5.0063670000 2.6200860000
OS 5.0055560000 2.6207400000
OS 5.0002880000 2.6260070000
OS 4.9938420000 2.6303150000
OS 4.9866740000 2.6332830000
OS 4.9790610000 2.6347980000
OS 4.9319320000 2.6347980000
OS 4.9243250000 2.6332860000
OS 4.9171560000 2.6303170000
OS 4.9107050000 2.6260070000
OS 4.9052120000 2.6205140000
OS 4.9009050000 2.6140670000
OS 4.8979370000 2.6069000000
OS 4.8972450000 2.6034280000
OS 4.8959700000 2.6009890000
OS 4.8959660000 2.6009850000
OS 4.8935820000 2.5996270000
OS 4.8908360000 2.5997720000
OS 4.8890060000 2.6009230000
OS 4.8765230000 2.6134050000
OS 4.8711370000 2.6165150000
OS 4.8672200000 2.6175660000
OS 4.8671170000 2.6175990000
OS 4.8664810000 2.6180260000
OS 4.8651410000 2.6188000000
OS 4.8649780000 2.6189620000
OS 4.8598130000 2.6224160000
OS 4.8540810000 2.6247890000
OS 4.8479860000 2.6260030000
OS 4.8417780000 2.6260030000
OS 4.8356900000 2.6247920000
OS 4.8299580000 2.6224180000
OS 4.8247730000 2.6189550000
OS 4.8221470000 2.6181310000
OS 3.5261260000 2.6181290000
OS 3.5234850000 2.6189040000
OS 3.5234800000 2.6189070000
OS 3.5216810000 2.6209800000
OS 3.5212890000 2.6237040000
OS 3.5224340000 2.6262120000
OS 3.5234050000 2.6270680000
OS 3.5263890000 2.6290610000
OS 3.5307800000 2.6334520000
OS 3.5342280000 2.6386120000
OS 3.5366010000 2.6443440000
OS 3.5378200000 2.6504610000
OS 3.5390950000 2.6529010000
OS 3.6433240000 2.7571320000
OS 3.6464390000 2.7625230000
OS 3.6480510000 2.7685350000
OS 3.6480520000 2.8078760000
OS 3.6488260000 2.8105190000
OS 3.6488740000 2.8105950000
OS 3.6523380000 2.8157770000
OS 3.6547120000 2.8215090000
OS 3.6559260000 2.8276020000
OS 3.6559260000 2.8338120000
OS 3.6547160000 2.8398970000
OS 3.6523410000 2.8456310000
OS 3.6488910000 2.8507970000
OS 3.6445000000 2.8551880000
OS 3.6393390000 2.8586360000
OS 3.6336100000 2.8610090000
OS 3.6275140000 2.8622230000
OS 3.6213060000 2.8622230000
OS 3.6152170000 2.8610120000
OS 3.6094860000 2.8586390000
OS 3.6043200000 2.8551880000
OS 3.5999290000 2.8507970000
OS 3.5964810000 2.8456360000
OS 3.5941080000 2.8399070000
OS 3.5928940000 2.8338140000
OS 3.5928940000 2.8276040000
OS 3.5941050000 2.8215150000
OS 3.5964790000 2.8157840000
OS 3.5999430000 2.8105980000
OS 3.6007660000 2.8079720000
OS 3.6007680000 2.7834730000
OS 3.5999920000 2.7808260000
OS 3.5993380000 2.7800150000
OS 3.5057240000 2.6864020000
OS 3.5033110000 2.6850830000
OS 3.4971070000 2.6838470000
OS 3.4913740000 2.6814730000
OS 3.4862100000 2.6780220000
OS 3.4818240000 2.6736370000
OS 3.4783710000 2.6684710000
OS 3.4759980000 2.6627410000
OS 3.4747840000 2.6566490000
OS 3.4747840000 2.6504380000
OS 3.4759950000 2.6443500000
OS 3.4783690000 2.6386190000
OS 3.4818190000 2.6334530000
OS 3.4862100000 2.6290620000
OS 3.4891900000 2.6270710000
OS 3.4909520000 2.6249620000
OS 3.4912970000 2.6222320000
OS 3.4901120000 2.6197540000
OS 3.4901080000 2.6197490000
OS 3.4877710000 2.6183030000
OS 3.4864790000 2.6181290000
OS 2.7897710000 2.6181290000
OS 2.7871280000 2.6189050000
OS 2.7863160000 2.6195590000
OS 2.1625520000 3.2433230000
OS 2.1571610000 3.2464370000
OS 2.1511480000 3.2480490000
OS 1.3181490000 3.2480500000
OS 1.3121380000 3.2464400000
OS 1.3067460000 3.2433280000
OS 0.5543150000 2.4908970000
OS 0.5511990000 2.4855040000
OS 0.5495880000 2.4794940000
OS 0.5495870000 2.3671110000
OS 0.5488120000 2.3644700000
OS 0.5488090000 2.3644650000
OS 0.5467360000 2.3626670000
OS 0.5447050000 2.3622230000
OS 0.2709050000 2.3622230000
OS 0.2648940000 2.3606130000
OS 0.2595020000 2.3575010000
OS 0.2419450000 2.3399450000
OS 0.2395320000 2.3386270000
OS 0.2333280000 2.3373900000
OS 0.2275980000 2.3350180000
OS 0.2224330000 2.3315680000
OS 0.2180430000 2.3271790000
OS 0.2145910000 2.3220140000
OS 0.2122170000 2.3162810000
OS 0.2110040000 2.3101920000
OS 0.2110040000 2.3039810000
OS 0.2122140000 2.2978960000
OS 0.2145890000 2.2921620000
OS 0.2180390000 2.2869970000
OS 0.2224300000 2.2826060000
OS 0.2275920000 2.2791570000
OS 0.2333210000 2.2767840000
OS 0.2394160000 2.2755700000
OS 0.2456240000 2.2755700000
OS 0.2517130000 2.2767810000
OS 0.2574430000 2.2791550000
OS 0.2626090000 2.2826050000
OS 0.2670000000 2.2869960000
OS 0.2704480000 2.2921550000
OS 0.2728220000 2.2978870000
OS 0.2740400000 2.3040040000
OS 0.2753150000 2.3064440000
OS 0.2823770000 2.3135080000
OS 0.2847890000 2.3148260000
OS 0.2858310000 2.3149400000
OS 0.6291410000 2.3149400000
OS 0.6317790000 2.3141660000
OS 0.6370400000 2.3106530000
OS 0.6427700000 2.3082800000
OS 0.6488650000 2.3070660000
OS 0.6550730000 2.3070660000
OS 0.6611620000 2.3082770000
OS 0.6668920000 2.3106510000
OS 0.6720580000 2.3141010000
OS 0.6764490000 2.3184920000
OS 0.6798970000 2.3236510000
OS 0.6822710000 2.3293830000
OS 0.6834850000 2.3354760000
OS 0.6834850000 2.3416860000
OS 0.6822740000 2.3477750000
OS 0.6799000000 2.3535050000
OS 0.6764500000 2.3586710000
OS 0.6720590000 2.3630620000
OS 0.6669000000 2.3665110000
OS 0.6611690000 2.3688830000
OS 0.6550730000 2.3700970000
OS 0.6488650000 2.3700970000
OS 0.6427760000 2.3688860000
OS 0.6370430000 2.3665130000
OS 0.6318600000 2.3630490000
OS 0.6292340000 2.3622250000
OS 0.6017580000 2.3622230000
OS 0.5991170000 2.3629980000
OS 0.5991120000 2.3630010000
OS 0.5973130000 2.3650760000
OS 0.5968710000 2.3671050000
OS 0.5968710000 2.4645590000
OS 0.5976470000 2.4672020000
OS 0.5982990000 2.4680130000
OS 1.3296230000 3.1993370000
OS 1.3320330000 3.2006530000
OS 1.3330750000 3.2007670000
OS 2.1362140000 3.2007670000
OS 2.1388570000 3.1999910000
OS 2.1396690000 3.1993370000
OS 2.1447300000 3.1942760000
OS 2.1460480000 3.1918630000
OS 2.1460490000 3.1918570000
OS 2.1458510000 3.1891220000
OS 2.1442050000 3.1869190000
OS 2.1416270000 3.1859550000
OS 2.1389420000 3.1865390000
OS 2.1388370000 3.1865960000
OS 2.1374760000 3.1873820000
OS 2.1314630000 3.1889940000
OS 1.3772040000 3.1889950000
OS 1.3711930000 3.1873850000
OS 1.3658030000 3.1842750000
OS 0.6513920000 2.4698640000
OS 0.6489800000 2.4685480000
OS 0.6427790000 2.4673130000
OS 0.6370430000 2.4649380000
OS 0.6318790000 2.4614870000
OS 0.6274880000 2.4570960000
OS 0.6240400000 2.4519360000
OS 0.6216670000 2.4462070000
OS 0.6204530000 2.4401130000
OS 0.6204530000 2.4339030000
OS 0.6216640000 2.4278140000
OS 0.6240380000 2.4220830000
OS 0.6274880000 2.4169180000
OS 0.6318790000 2.4125270000
OS 0.6370400000 2.4090780000
OS 0.6427700000 2.4067050000
OS 0.6488650000 2.4054910000
OS 0.6550730000 2.4054910000
OS 0.6611620000 2.4067020000
OS 0.6668920000 2.4090760000
OS 0.6720580000 2.4125260000
OS 0.6764490000 2.4169170000
OS 0.6798970000 2.4220770000
OS 0.6822710000 2.4278080000
OS 0.6834890000 2.4339250000
OS 0.6847640000 2.4363660000
OS 1.3886760000 3.1402800000
OS 1.3910890000 3.1415980000
OS 1.3921300000 3.1417120000
OS 2.1165290000 3.1417120000
OS 2.1191720000 3.1409360000
OS 2.1199840000 3.1402820000
OS 2.7322280000 2.5280380000
OS 2.7335450000 2.5256250000
OS 2.7335460000 2.5256190000
OS 2.7333490000 2.5228840000
OS 2.7317030000 2.5206810000
OS 2.7291300000 2.5197180000
OS 2.7287760000 2.5197040000
OS 2.7083890000 2.5197040000
OS 2.7057460000 2.5204800000
OS 2.7049340000 2.5211340000
OS 2.1008570000 3.1252110000
OS 2.0954650000 3.1283270000
OS 2.0894520000 3.1299390000
OS 1.4264170000 3.1299400000
OS 1.4204040000 3.1283290000
OS 1.4150160000 3.1252200000
OS 1.0661250000 2.7763300000
OS 1.0630110000 2.7709390000
OS 1.0613990000 2.7649280000
OS 1.0613980000 2.6173190000
OS 1.0606240000 2.6146770000
OS 1.0571110000 2.6094160000
OS 1.0547380000 2.6036860000
OS 1.0535240000 2.5975930000
OS 1.0535240000 2.5913830000
OS 1.0547350000 2.5852950000
OS 1.0571090000 2.5795640000
OS 1.0605590000 2.5743980000
OS 1.0649500000 2.5700070000
OS 1.0701110000 2.5665580000
OS 1.0758410000 2.5641860000
OS 1.0819360000 2.5629720000
OS 1.0881360000 2.5629710000
OS 1.0942330000 2.5641830000
OS 1.0999630000 2.5665560000
OS 1.1051290000 2.5700060000
OS 1.1095200000 2.5743970000
OS 1.1129680000 2.5795570000
OS 1.1153410000 2.5852880000
OS 1.1165560000 2.5913810000
OS 1.1165560000 2.5975910000
OS 1.1153440000 2.6036800000
OS 1.1129710000 2.6094110000
OS 1.1095060000 2.6145970000
OS 1.1086830000 2.6172230000
OS 1.1086820000 2.7499890000
OS 1.1094580000 2.7526360000
OS 1.1101100000 2.7534460000
OS 1.4378910000 3.0812270000
OS 1.4403010000 3.0825430000
OS 1.4413430000 3.0826570000
OS 2.0745170000 3.0826570000
OS 2.0771610000 3.0818810000
OS 2.0779720000 3.0812270000
OS 2.6820510000 2.4771480000
OS 2.6874420000 2.4740330000
OS 2.6934550000 2.4724210000
OS 3.4713900000 2.4724200000
OS 3.4740310000 2.4716450000
OS 3.4740360000 2.4716420000
OS 3.4758350000 2.4695690000
OS 3.4762280000 2.4668500000
OS 3.4760350000 2.4661430000
OS 3.4760350000 2.4661370000
OS 3.4760410000 2.4661220000
OS 3.4760560000 2.4661160000
OS 3.4760620000 2.4661090000
OS 3.4759960000 2.4658860000
OS 3.4747840000 2.4597980000
OS 3.4747840000 2.4535880000
OS 3.4759950000 2.4474990000
OS 3.4783690000 2.4417680000
OS 3.4818330000 2.4365820000
OS 3.4826560000 2.4339570000
OS 3.4826580000 1.3661510000
OS 3.4818820000 1.3635030000
OS 3.4812280000 1.3626930000
OS 2.9467580000 0.8282220000
OS 2.9443450000 0.8269040000
OS 2.9433040000 0.8267900000
OS 2.8637740000 0.8267900000
OS 2.8611350000 0.8275640000
OS 2.8558750000 0.8310770000
OS 2.8501440000 0.8334500000
OS 2.8440490000 0.8346640000
OS 2.8378410000 0.8346640000
OS 2.8317530000 0.8334530000
OS 2.8260230000 0.8310810000
OS 2.8208580000 0.8276310000
OS 2.8164620000 0.8232350000
OS 2.8130170000 0.8180770000
OS 2.8106440000 0.8123490000
OS 2.8094300000 0.8062550000
OS 2.8094300000 0.8000440000
OS 2.8106410000 0.7939560000
OS 2.8130140000 0.7882260000
OS 2.8164640000 0.7830600000
OS 2.8208550000 0.7786690000
OS 2.8260170000 0.7752200000
OS 2.8317450000 0.7728470000
OS 2.8378410000 0.7716330000
OS 2.8440490000 0.7716330000
OS 2.8501380000 0.7728440000
OS 2.8558690000 0.7752180000
OS 2.8610550000 0.7786810000
OS 2.8636810000 0.7795050000
OS 2.9582270000 0.7795070000
OS 2.9642410000 0.7811170000
OS 2.9696330000 0.7842300000
OS 3.5252140000 1.3398090000
OS 3.5283280000 1.3452000000
OS 3.5299400000 1.3512120000
OS 3.5299410000 2.4338610000
OS 3.5307150000 2.4365020000
OS 3.5342280000 2.4417620000
OS 3.5366010000 2.4474930000
OS 3.5378150000 2.4535860000
OS 3.5378150000 2.4597960000
OS 3.5366040000 2.4658850000
OS 3.5365380000 2.4661030000
OS 3.5365390000 2.4661100000
OS 3.5365450000 2.4661160000
OS 3.5366350000 2.4661460000
OS 3.5366410000 2.4661670000
OS 3.5363990000 2.4683960000
OS 3.5376290000 2.4708600000
OS 3.5399910000 2.4722660000
OS 3.5412030000 2.4724200000
OS 4.5181040000 2.4724200000
OS 4.5207470000 2.4716440000
OS 4.5215590000 2.4709900000
OS 4.6157950000 2.3767540000
OS 4.6211860000 2.3736400000
OS 4.6271990000 2.3720280000
OS 4.9014830000 2.3720270000
OS 4.9041240000 2.3712530000
OS 4.9050160000 2.3704610000
OS 4.9050240000 2.3704590000
OS 4.9050430000 2.3704640000
OS 4.9050490000 2.3704630000
OS 4.9107020000 2.3648130000
OS 4.9171530000 2.3605020000
OS 4.9243190000 2.3575340000
OS 4.9319320000 2.3560190000
OS 4.9790610000 2.3560190000
OS 4.9866710000 2.3575320000
OS 4.9938350000 2.3605000000
OS 5.0002900000 2.3648110000
OS 5.0057780000 2.3702990000
OS 5.0100870000 2.3767480000
OS 5.0130550000 2.3839130000
OS 5.0145710000 2.3915270000
OS 5.0145710000 2.3992880000
OS 5.0130580000 2.4068980000
OS 5.0123460000 2.4086140000
OS 5.0120500000 2.4113550000
OS 5.0132830000 2.4138180000
OS 5.0156460000 2.4152200000
OS 5.0168530000 2.4153730000
OS 5.6705150000 2.4153730000
OS 5.6731530000 2.4145980000
OS 5.6731580000 2.4145950000
OS 5.6749560000 2.4125220000
OS 5.6753500000 2.4098020000
OS 5.6750280000 2.4086230000
OS 5.6743160000 2.4069040000
OS 5.6728000000 2.3992900000
OS 5.6728000000 2.3915290000
OS 5.6743130000 2.3839190000
OS 5.6772810000 2.3767550000
OS 5.6815920000 2.3703000000
OS 5.6870790000 2.3648140000
OS 5.6935310000 2.3605020000
OS 5.7006970000 2.3575340000
OS 5.7083100000 2.3560190000
OS 5.7147810000 2.3560190000
OS 5.7174190000 2.3552440000
OS 5.7174240000 2.3552410000
OS 5.7192240000 2.3531660000
OS 5.7196660000 2.3511370000
OS 5.7196660000 1.7586670000
OS 5.7188900000 1.7560230000
OS 5.7182360000 1.7552120000
OS 5.4605370000 1.4975140000
OS 5.4581250000 1.4961950000
OS 5.4570830000 1.4960820000
OS 4.6136790000 1.4960820000
OS 4.6110400000 1.4968570000
OS 4.6110350000 1.4968600000
OS 4.6092370000 1.4989330000
OS 4.6088440000 1.5016550000
OS 4.6096140000 1.5036700000
OS 4.6129680000 1.5086910000
OS 4.6153410000 1.5144220000
OS 4.6165560000 1.5205150000
OS 4.6165560000 1.5267250000
OS 4.6153440000 1.5328140000
OS 4.6129710000 1.5385450000
OS 4.6095210000 1.5437100000
OS 4.6051300000 1.5481010000
OS 4.5999690000 1.5515500000
OS 4.5942400000 1.5539230000
OS 4.5881440000 1.5551370000
OS 4.5819360000 1.5551370000
OS 4.5758470000 1.5539260000
OS 4.5701140000 1.5515520000
OS 4.5649500000 1.5481010000
OS 4.5605590000 1.5437100000
OS 4.5571110000 1.5385500000
OS 4.5547380000 1.5328200000
OS 4.5535240000 1.5267270000
OS 4.5535240000 1.5206520000
OS 4.5527490000 1.5180130000
OS 4.5527460000 1.5180080000
OS 4.5506730000 1.5162100000
OS 4.5486420000 1.5157670000
OS 4.4874400000 1.5157670000
OS 4.4814290000 1.5141570000
OS 4.4760370000 1.5110440000
OS 4.4480140000 1.4830210000
OS 4.4449000000 1.4776300000
OS 4.4432890000 1.4716200000
OS 4.4432880000 1.3417280000
OS 4.4425140000 1.3390870000
OS 4.4390010000 1.3338250000
OS 4.4366280000 1.3280970000
OS 4.4354140000 1.3220030000
OS 4.4354140000 1.3157930000
OS 4.4366250000 1.3097040000
OS 4.4389990000 1.3039730000
OS 4.4424630000 1.2987870000
OS 4.4432860000 1.2961610000
OS 4.4432880000 1.0362600000
OS 4.4448970000 1.0302490000
OS 4.4480090000 1.0248570000
OS 4.5599660000 0.9128980000
OS 4.5612850000 0.9104860000
OS 4.5613980000 0.9094440000
OS 4.5613980000 0.6291270000
OS 4.5606240000 0.6264880000
OS 4.5571110000 0.6212270000
OS 4.5547380000 0.6154970000
OS 4.5535240000 0.6094040000
OS 4.5535240000 0.6031940000
OS 4.5547350000 0.5971060000
OS 4.5551180000 0.5961800000
OS 4.5554930000 0.5943060000
OS 4.5554930000 0.4655930000
OS 4.5566280000 0.4598850000
OS 4.5588530000 0.4545120000
OS 4.5620880000 0.4496690000
OS 4.5937640000 0.4179930000
OS 4.5986030000 0.4147600000
OS 4.6039740000 0.4125350000
OS 4.6096890000 0.4113970000
OS 4.6439140000 0.4113970000
OS 4.6457820000 0.4110250000
OS 4.6467070000 0.4106420000
OS 4.6528020000 0.4094280000
OS 4.6590100000 0.4094280000
OS 4.6650990000 0.4106390000
OS 4.6708290000 0.4130130000
OS 4.6759950000 0.4164630000
OS 4.6803860000 0.4208540000
OS 4.6838340000 0.4260140000
OS 4.6862080000 0.4317450000
OS 4.6874220000 0.4378380000
OS 4.6874220000 0.4440480000
OS 4.6862110000 0.4501370000
OS 4.6838370000 0.4558680000
OS 4.6803870000 0.4610330000
OS 4.6759960000 0.4654240000
OS 4.6708370000 0.4688730000
OS 4.6651030000 0.4712460000
OS 4.6590100000 0.4724600000
OS 4.6528020000 0.4724600000
OS 4.6467130000 0.4712490000
OS 4.6457880000 0.4708660000
OS 4.6439140000 0.4704910000
OS 4.6268630000 0.4704910000
OS 4.6242200000 0.4712670000
OS 4.6234080000 0.4719210000
OS 4.6160170000 0.4793120000
OS 4.6147010000 0.4817220000
OS 4.6145870000 0.4827640000
OS 4.6145870000 0.5943080000
OS 4.6149590000 0.5961740000
OS 4.6153410000 0.5970990000
OS 4.6165560000 0.6031920000
OS 4.6165560000 0.6094020000
OS 4.6153440000 0.6154910000
OS 4.6129710000 0.6212220000
OS 4.6095060000 0.6264080000
OS 4.6086830000 0.6290340000
OS 4.6086820000 0.9243680000
OS 4.6070720000 0.9303790000
OS 4.6039590000 0.9357730000
OS 4.4920030000 1.0477300000
OS 4.4906850000 1.0501420000
OS 4.4905710000 1.0511840000
OS 4.4905710000 1.2367460000
OS 4.4913460000 1.2393840000
OS 4.4913490000 1.2393890000
OS 4.4934220000 1.2411880000
OS 4.4961420000 1.2415810000
OS 4.4968500000 1.2413880000
OS 4.4968670000 1.2413940000
OS 4.4968740000 1.2414090000
OS 4.4968810000 1.2414150000
OS 4.4971030000 1.2413490000
OS 4.5031950000 1.2401370000
OS 4.5094040000 1.2401370000
OS 4.5154920000 1.2413480000
OS 4.5212230000 1.2437220000
OS 4.5263890000 1.2471720000
OS 4.5307760000 1.2515580000
OS 4.5342280000 1.2567220000
OS 4.5366010000 1.2624540000
OS 4.5378150000 1.2685470000
OS 4.5378150000 1.2747570000
OS 4.5366040000 1.2808450000
OS 4.5342320000 1.2865740000
OS 4.5307660000 1.2917630000
OS 4.5299430000 1.2943880000
OS 4.5299410000 1.4173120000
OS 4.5307170000 1.4199580000
OS 4.5313700000 1.4207690000
OS 4.5579680000 1.4473660000
OS 4.5603800000 1.4486850000
OS 4.5614220000 1.4487980000
OS 5.4720100000 1.4487980000
OS 5.4780200000 1.4504080000
OS 5.4834120000 1.4535210000
OS 5.7622220000 1.7323290000
OS 5.7653360000 1.7377200000
OS 5.7669480000 1.7437320000
OS 5.7669490000 2.0147770000
OS 5.7677240000 2.0174180000
OS 5.7677270000 2.0174230000
OS 5.7698000000 2.0192210000
OS 5.7718310000 2.0196640000
OS 6.1833270000 2.0196640000
OS 6.1859650000 2.0188890000
OS 6.1859700000 2.0188860000
OS 6.1877680000 2.0168140000
OS 6.1881610000 2.0140900000
OS 6.1870210000 2.0115900000
OS 6.1860440000 2.0107250000
OS 6.1830600000 2.0087310000
OS 6.1786690000 2.0043400000
OS 6.1752210000 1.9991800000
OS 6.1728470000 1.9934460000
OS 6.1716340000 1.9873570000
OS 6.1716340000 1.9811470000
OS 6.1728450000 1.9750590000
OS 6.1752190000 1.9693270000
OS 6.1786840000 1.9641410000
OS 6.1795070000 1.9615160000
OS 6.1795080000 1.0600250000
OS 6.1787330000 1.0573830000
OS 6.1787300000 1.0573780000
OS 6.1766570000 1.0555800000
OS 6.1746260000 1.0551370000
OS 4.9551250000 1.0551370000
OS 4.9524820000 1.0559130000
OS 4.9516700000 1.0565670000
OS 4.6783000000 1.3299370000
OS 4.6729090000 1.3330510000
OS 4.6668960000 1.3346630000
OS 4.6078710000 1.3346640000
OS 4.6052300000 1.3354380000
OS 4.5999690000 1.3389510000
OS 4.5942400000 1.3413240000
OS 4.5881440000 1.3425380000
OS 4.5819360000 1.3425380000
OS 4.5758470000 1.3413270000
OS 4.5701160000 1.3389540000
OS 4.5649530000 1.3355050000
OS 4.5605630000 1.3311160000
OS 4.5571110000 1.3259510000
OS 4.5547380000 1.3202230000
OS 4.5535240000 1.3141290000
OS 4.5535240000 1.3079180000
OS 4.5547350000 1.3018300000
OS 4.5571090000 1.2960990000
OS 4.5605590000 1.2909340000
OS 4.5649500000 1.2865430000
OS 4.5701110000 1.2830940000
OS 4.5758410000 1.2807210000
OS 4.5819360000 1.2795070000
OS 4.5881440000 1.2795070000
OS 4.5942330000 1.2807180000
OS 4.5999630000 1.2830920000
OS 4.6051490000 1.2865550000
OS 4.6077750000 1.2873790000
OS 4.6519590000 1.2873810000
OS 4.6546050000 1.2866050000
OS 4.6554170000 1.2859510000
OS 4.9287870000 1.0125810000
OS 4.9341780000 1.0094670000
OS 4.9401910000 1.0078540000
OS 6.1746200000 1.0078530000
OS 6.1772620000 1.0070780000
OS 6.1772670000 1.0070750000
OS 6.1790660000 1.0050000000
OS 6.1795080000 1.0029710000
OS 6.1795080000 0.9497860000
OS 6.1787330000 0.9471470000
OS 6.1787300000 0.9471420000
OS 6.1766570000 0.9453440000
OS 6.1746260000 0.9449010000
OS 4.6842910000 0.9449010000
OS 4.6782800000 0.9432910000
OS 4.6728880000 0.9401780000
OS 4.6553310000 0.9226220000
OS 4.6529170000 0.9213040000
OS 4.6467160000 0.9200690000
OS 4.6409800000 0.9176940000
OS 4.6358160000 0.9142430000
OS 4.6314250000 0.9098520000
OS 4.6279770000 0.9046910000
OS 4.6256040000 0.8989630000
OS 4.6243900000 0.8928690000
OS 4.6243900000 0.8866590000
OS 4.6256010000 0.8805700000
OS 4.6279750000 0.8748390000
OS 4.6314250000 0.8696740000
OS 4.6358160000 0.8652830000
OS 4.6409770000 0.8618340000
OS 4.6467070000 0.8594610000
OS 4.6528020000 0.8582470000
OS 4.6590100000 0.8582470000
OS 4.6650990000 0.8594580000
OS 4.6708290000 0.8618320000
OS 4.6759950000 0.8652820000
OS 4.6803860000 0.8696730000
OS 4.6838340000 0.8748330000
OS 4.6862080000 0.8805640000
OS 4.6874260000 0.8866810000
OS 4.6887010000 0.8891210000
OS 4.6957630000 0.8961850000
OS 4.6981750000 0.8975040000
OS 4.6992170000 0.8976170000
OS 5.0998200000 0.8976170000
OS 5.1024590000 0.8968420000
OS 5.1024640000 0.8968390000
OS 5.1042630000 0.8947640000
OS 5.1047050000 0.8927350000
OS 5.1047050000 0.5700720000
OS 5.1039310000 0.5674330000
OS 5.1004180000 0.5621720000
OS 5.0980450000 0.5564420000
OS 5.0968310000 0.5503490000
OS 5.0968310000 0.5441390000
OS 5.0980420000 0.5380510000
OS 5.1004160000 0.5323200000
OS 5.1038660000 0.5271540000
OS 5.1082570000 0.5227630000
OS 5.1134180000 0.5193140000
OS 5.1191480000 0.5169420000
OS 5.1252430000 0.5157270000
OS 5.1314510000 0.5157270000
OS 5.1375400000 0.5169390000
OS 5.1432700000 0.5193120000
OS 5.1484360000 0.5227620000
OS 5.1528270000 0.5271530000
OS 5.1562750000 0.5323130000
OS 5.1586490000 0.5380440000
OS 5.1598630000 0.5441370000
OS 5.1598630000 0.5503470000
OS 5.1586530000 0.5564320000
OS 5.1562780000 0.5621670000
OS 5.1528130000 0.5673530000
OS 5.1519900000 0.5699780000
OS 5.1519890000 0.8927290000
OS 5.1527640000 0.8953710000
OS 5.1527670000 0.8953760000
OS 5.1548400000 0.8971740000
OS 5.1568710000 0.8976170000
OS 5.6824970000 0.8976170000
OS 5.6851360000 0.8968420000
OS 5.6851410000 0.8968390000
OS 5.6869400000 0.8947640000
OS 5.6873820000 0.8927350000
OS 5.6873820000 0.5700720000
OS 5.6866080000 0.5674320000
OS 5.6865600000 0.5673560000
OS 5.6830950000 0.5621720000
OS 5.6807210000 0.5564380000
OS 5.6795080000 0.5503490000
OS 5.6795080000 0.5441390000
OS 5.6807190000 0.5380510000
OS 5.6830930000 0.5323200000
OS 5.6865430000 0.5271540000
OS 5.6909340000 0.5227630000
OS 5.6960960000 0.5193140000
OS 5.7018250000 0.5169420000
OS 5.7079200000 0.5157270000
OS 5.7141280000 0.5157270000
OS 5.7202170000 0.5169390000
OS 5.7259470000 0.5193120000
OS 5.7311130000 0.5227620000
OS 5.7355040000 0.5271530000
OS 5.7389520000 0.5323130000
OS 5.7413260000 0.5380440000
OS 5.7425400000 0.5441370000
OS 5.7425400000 0.5503470000
OS 5.7413290000 0.5564360000
OS 5.7389550000 0.5621670000
OS 5.7354910000 0.5673530000
OS 5.7346680000 0.5699780000
OS 5.7346660000 0.8927290000
OS 5.7354410000 0.8953710000
OS 5.7354440000 0.8953760000
OS 5.7375170000 0.8971740000
OS 5.7395480000 0.8976170000
OS 6.2730490000 0.8976170000
OS 6.2756870000 0.8968420000
OS 6.2756920000 0.8968390000
OS 6.2774910000 0.8947640000
OS 6.2779340000 0.8927350000
OS 6.2779340000 0.5700720000
OS 6.2771600000 0.5674330000
OS 6.2736460000 0.5621720000
OS 6.2712740000 0.5564420000
OS 6.2700600000 0.5503490000
OS 6.2700600000 0.5441390000
OS 6.2712710000 0.5380510000
OS 6.2736440000 0.5323200000
OS 6.2770940000 0.5271540000
OS 6.2814850000 0.5227630000
OS 6.2866470000 0.5193140000
OS 6.2923760000 0.5169420000
OS 6.2984710000 0.5157270000
OS 6.3046790000 0.5157270000
OS 6.3107680000 0.5169390000
OS 6.3164990000 0.5193120000
OS 6.3216640000 0.5227620000
OS 6.3260550000 0.5271530000
OS 6.3295030000 0.5323130000
OS 6.3318770000 0.5380440000
OS 6.3330910000 0.5441370000
OS 6.3330910000 0.5503470000
OS 6.3318800000 0.5564360000
OS 6.3295060000 0.5621670000
OS 6.3260420000 0.5673530000
OS 6.3252190000 0.5699780000
OS 6.3252170000 0.8927290000
OS 6.3259920000 0.8953710000
OS 6.3259950000 0.8953760000
OS 6.3280680000 0.8971740000
OS 6.3300990000 0.8976170000
OS 6.7031430000 0.8976170000
OS 6.7057870000 0.8968410000
OS 6.7065980000 0.8961870000
OS 6.8473680000 0.7554180000
OS 6.8486860000 0.7530050000
OS 6.8488000000 0.7519640000
OS 6.8488000000 0.5835010000
OS 6.8504090000 0.5774930000
OS 6.8535220000 0.5720990000
OS 6.8556120000 0.5700080000
OS 6.8558400000 0.5696910000
OS 6.8561710000 0.5687530000
OS 6.8566500000 0.5678760000
OS 6.8578850000 0.5616730000
OS 6.8602570000 0.5559440000
OS 6.8637090000 0.5507760000
OS 6.8680950000 0.5463890000
OS 6.8732610000 0.5429360000
OS 6.8789890000 0.5405640000
OS 6.8850850000 0.5393490000
OS 6.8912940000 0.5393490000
OS 6.8973820000 0.5405610000
OS 6.9031130000 0.5429340000
OS 6.9081310000 0.5462850000
OS 6.9107570000 0.5471080000
OS 6.9107630000 0.5471080000
OS 6.9134100000 0.5463830000
OS 6.9152520000 0.5443330000
OS 6.9157290000 0.5422290000
OS 6.9157290000 0.4992050000
OS 6.9149550000 0.4965670000
OS 6.9114420000 0.4913060000
OS 6.9090690000 0.4855760000
OS 6.9078550000 0.4794830000
OS 6.9078550000 0.4732730000
OS 6.9090660000 0.4671850000
OS 6.9114390000 0.4614540000
OS 6.9148900000 0.4562880000
OS 6.9192760000 0.4519010000
OS 6.9244420000 0.4484480000
OS 6.9301720000 0.4460750000
OS 6.9362660000 0.4448610000
OS 6.9424750000 0.4448610000
OS 6.9485630000 0.4460720000
OS 6.9542940000 0.4484460000
OS 6.9594600000 0.4518960000
OS 6.9638460000 0.4562830000
OS 6.9672980000 0.4614470000
OS 6.9696720000 0.4671780000
OS 6.9708860000 0.4732710000
OS 6.9708860000 0.4794810000
OS 6.9696750000 0.4855700000
OS 6.9673020000 0.4913000000
OS 6.9638370000 0.4964870000
OS 6.9630140000 0.4991120000
OS 6.9630120000 0.5952780000
OS 6.9637860000 0.5979190000
OS 6.9672980000 0.6031790000
OS 6.9696720000 0.6089100000
OS 6.9708860000 0.6150030000
OS 6.9708860000 0.6212130000
OS 6.9696750000 0.6273020000
OS 6.9673020000 0.6330320000
OS 6.9638510000 0.6381980000
OS 6.9594650000 0.6425850000
OS 6.9543000000 0.6460380000
OS 6.9485690000 0.6484110000
OS 6.9424750000 0.6496250000
OS 6.9362660000 0.6496250000
OS 6.9301780000 0.6484140000
OS 6.9244460000 0.6460400000
OS 6.9192800000 0.6425890000
OS 6.9148950000 0.6382030000
OS 6.9114420000 0.6330380000
OS 6.9090690000 0.6273080000
OS 6.9078550000 0.6212150000
OS 6.9078550000 0.6150050000
OS 6.9090660000 0.6089170000
OS 6.9109780000 0.6042990000
OS 6.9112740000 0.6015610000
OS 6.9100410000 0.5990990000
OS 6.9076810000 0.5976970000
OS 6.9049310000 0.5977930000
OS 6.9037620000 0.5983640000
OS 6.9031190000 0.5987940000
OS 6.8990990000 0.6004590000
OS 6.8969580000 0.6021860000
OS 6.8960880000 0.6047900000
OS 6.8960830000 0.6049700000
OS 6.8960830000 0.7668910000
OS 6.8944740000 0.7728990000
OS 6.8913610000 0.7782930000
OS 6.7294810000 0.9401740000
OS 6.7240900000 0.9432880000
OS 6.7180780000 0.9449000000
OS 6.2316800000 0.9449010000
OS 6.2290380000 0.9456760000
OS 6.2290330000 0.9456790000
OS 6.2272340000 0.9477540000
OS 6.2267920000 0.9497830000
OS 6.2267920000 1.9557240000
OS 6.2275670000 1.9583630000
OS 6.2275700000 1.9583680000
OS 6.2296430000 1.9601660000
OS 6.2316740000 1.9606090000
OS 7.1588750000 1.9606090000
OS 7.1615140000 1.9598340000
OS 7.1615190000 1.9598310000
OS 7.1633180000 1.9577560000
OS 7.1637600000 1.9557270000
OS 7.1637600000 1.3574730000
OS 7.1629860000 1.3548340000
OS 7.1629380000 1.3547580000
OS 7.1594730000 1.3495730000
OS 7.1571000000 1.3438440000
OS 7.1558860000 1.3377510000
OS 7.1558860000 1.3315410000
OS 7.1570970000 1.3254520000
OS 7.1594710000 1.3197210000
OS 7.1629210000 1.3145560000
OS 7.1673120000 1.3101650000
OS 7.1724730000 1.3067160000
OS 7.1782030000 1.3043430000
OS 7.1842980000 1.3031290000
OS 7.1905060000 1.3031290000
OS 7.1965950000 1.3043400000
OS 7.2023250000 1.3067140000
OS 7.2075110000 1.3101770000
OS 7.2101370000 1.3110010000
OS 7.4992160000 1.3110030000
OS 7.5018580000 1.3102290000
OS 7.5071190000 1.3067160000
OS 7.5128490000 1.3043430000
OS 7.5189430000 1.3031290000
OS 7.5251520000 1.3031290000
OS 7.5312410000 1.3043400000
OS 7.5369710000 1.3067140000
OS 7.5421370000 1.3101640000
OS 7.5465280000 1.3145550000
OS 7.5499760000 1.3197140000
OS 7.5523490000 1.3254460000
OS 7.5535630000 1.3315390000
OS 7.5535630000 1.3377490000
OS 7.5523520000 1.3438380000
OS 7.5499790000 1.3495680000
OS 7.5465310000 1.3547310000
OS 7.5421420000 1.3591210000
OS 7.5369770000 1.3625730000
OS 7.5312480000 1.3649460000
OS 7.5251520000 1.3661600000
OS 7.5189440000 1.3661600000
OS 7.5128550000 1.3649490000
OS 7.5071240000 1.3625760000
OS 7.5019390000 1.3591120000
OS 7.4993120000 1.3582880000
OS 7.2159320000 1.3582860000
OS 7.2132900000 1.3590610000
OS 7.2132850000 1.3590640000
OS 7.2114860000 1.3611390000
OS 7.2110440000 1.3631680000
OS 7.2110440000 1.5707270000
OS 7.2118190000 1.5733650000
OS 7.2118220000 1.5733700000
OS 7.2138950000 1.5751690000
OS 7.2166180000 1.5755610000
OS 7.2191180000 1.5744220000
OS 7.2199830000 1.5734440000
OS 7.2219760000 1.5704610000
OS 7.2263670000 1.5660700000
OS 7.2315290000 1.5626210000
OS 7.2372580000 1.5602490000
OS 7.2433530000 1.5590350000
OS 7.2495530000 1.5590340000
OS 7.2556500000 1.5602460000
OS 7.2613800000 1.5626190000
OS 7.2621290000 1.5631180000
OS 7.2647580000 1.5639430000
OS 7.2661070000 1.5637780000
OS 7.2661750000 1.5637600000
OS 7.8782400000 1.5637590000
OS 7.8808830000 1.5629840000
OS 7.8825920000 1.5610970000
OS 7.8835450000 1.5592280000
OS 7.8885210000 1.5523790000
OS 7.8945030000 1.5463980000
OS 7.9013480000 1.5414240000
OS 7.9088890000 1.5375800000
OS 7.9169360000 1.5349660000
OS 7.9252970000 1.5336410000
OS 7.9455700000 1.5336410000
OS 7.9539270000 1.5349650000
OS 7.9619730000 1.5375780000
OS 7.9695150000 1.5414210000
OS 7.9763600000 1.5463940000
OS 7.9823420000 1.5523750000
OS 7.9873160000 1.5592200000
OS 7.9911590000 1.5667620000
OS 7.9937740000 1.5748080000
OS 7.9950990000 1.5831650000
OS 7.9950990000 1.5916320000
OS 7.9937750000 1.5999880000
OS 7.9911620000 1.6080320000
OS 7.9873220000 1.6155730000
OS 7.9823460000 1.6224220000
OS 7.9763640000 1.6284030000
OS 7.9694200000 1.6334490000
OS 7.9677400000 1.6356260000
OS 7.9677380000 1.6356310000
OS 7.9675040000 1.6383650000
OS 7.9675050000 1.6383710000
OS 7.9687840000 1.6407990000
OS 7.9694170000 1.6413490000
OS 7.9763600000 1.6463940000
OS 7.9823420000 1.6523750000
OS 7.9873160000 1.6592200000
OS 7.9908620000 1.6661800000
OS 7.9927530000 1.6681830000
OS 7.9927580000 1.6681860000
OS 7.9954220000 1.6688450000
OS 7.9980220000 1.6679610000
OS 7.9986670000 1.6674200000
OS 8.0016370000 1.6644500000
OS 8.0064770000 1.6612160000
OS 8.0118480000 1.6589920000
OS 8.0175630000 1.6578530000
OS 8.0233830000 1.6578530000
OS 8.0290920000 1.6589890000
OS 8.0344640000 1.6612140000
OS 8.0393070000 1.6644490000
OS 8.0434200000 1.6685610000
OS 8.0466560000 1.6734030000
OS 8.0488820000 1.6787760000
OS 8.0500200000 1.6844880000
OS 8.0500200000 1.6903110000
OS 8.0488850000 1.6960190000
OS 8.0466590000 1.7013920000
OS 8.0434250000 1.7062350000
OS 8.0393120000 1.7103470000
OS 8.0344690000 1.7135850000
OS 8.0342660000 1.7136930000
OS 8.0342610000 1.7137020000
OS 8.0342760000 1.7137340000
OS 8.0342750000 1.7137530000
OS 8.0323660000 1.7152960000
OS 8.0314950000 1.7179080000
OS 8.0321760000 1.7205720000
OS 8.0329180000 1.7215290000
OS 8.1215660000 1.8101780000
OS 8.1239810000 1.8114970000
OS 8.1239870000 1.8114980000
OS 8.1267220000 1.8113010000
OS 8.1289250000 1.8096550000
OS 8.1298880000 1.8070820000
OS 8.1299020000 1.8067280000
OS 8.1299020000 0.0245890000
OS 8.1291270000 0.0219500000
OS 8.1291240000 0.0219450000
OS 8.1270510000 0.0201470000
OS 8.1250200000 0.0197040000
OE
OB 7.69456500 3.97244000 H
OS 7.70386100 3.97244000
OS 7.71304100 3.97389400
OS 7.72187900 3.97676600
OS 7.73016400 3.98098700
OS 7.73341300 3.98334800
OS 7.73341700 3.98335400
OS 7.73341700 3.98337000
OS 7.70432100 4.01246800
OS 7.70431800 4.01247600
OS 7.70432500 4.01248500
OS 7.70680800 4.01315100
OS 7.71129800 4.01574200
OS 7.71496300 4.01940600
OS 7.71755500 4.02389300
OS 7.71822400 4.02638700
OS 7.71823700 4.02638900
OS 7.74733600 3.99729300
OS 7.74734600 3.99729000
OS 7.74735800 3.99729500
OS 7.74972000 4.00054300
OS 7.75394000 4.00882400
OS 7.75681300 4.01766200
OS 7.75826800 4.02684200
OS 7.75826800 4.03614300
OS 7.75681400 4.04532300
OS 7.75394300 4.05416000
OS 7.74972400 4.06244300
OS 7.74736000 4.06569500
OS 7.74735400 4.06569900
OS 7.74733800 4.06569900
OS 7.71824000 4.03660300
OS 7.71823200 4.03660000
OS 7.71822300 4.03660700
OS 7.71755900 4.03908800
OS 7.71496600 4.04358000
OS 7.71130200 4.04724500
OS 7.70681500 4.04983700
OS 7.70432100 4.05050600
OS 7.70431900 4.05051900
OS 7.73341500 4.07961800
OS 7.73341800 4.07962800
OS 7.73341300 4.07964000
OS 7.73016900 4.08200000
OS 7.72188400 4.08622300
OS 7.71304500 4.08909500
OS 7.70386100 4.09055000
OS 7.69456500 4.09055000
OS 7.68538500 4.08909600
OS 7.67654700 4.08622500
OS 7.66826100 4.08200400
OS 7.66501300 4.07964200
OS 7.66500900 4.07963600
OS 7.66500900 4.07962000
OS 7.69410500 4.05052200
OS 7.69410800 4.05051400
OS 7.69410100 4.05050500
OS 7.69161800 4.04984000
OS 7.68712800 4.04724800
OS 7.68346300 4.04358400
OS 7.68087100 4.03909500
OS 7.68020200 4.03660300
OS 7.68018900 4.03660100
OS 7.65109000 4.06569700
OS 7.65108000 4.06570000
OS 7.65106800 4.06569500
OS 7.64870500 4.06244700
OS 7.64448500 4.05416500
OS 7.64161300 4.04532700
OS 7.64015800 4.03614500
OS 7.64015800 4.02684700
OS 7.64161200 4.01766700
OS 7.64448300 4.00883100
OS 7.64870200 4.00054700
OS 7.65106600 3.99729500
OS 7.65107200 3.99729100
OS 7.65108800 3.99729100
OS 7.68018600 4.02638700
OS 7.68019400 4.02639000
OS 7.68020300 4.02638300
OS 7.68086800 4.02390200
OS 7.68346000 4.01941000
OS 7.68712400 4.01574500
OS 7.69161100 4.01315400
OS 7.69410500 4.01248400
OS 7.69410700 4.01247100
OS 7.66501100 3.98337200
OS 7.66500800 3.98336200
OS 7.66501300 3.98335000
OS 7.66825700 3.98099000
OS 7.67654200 3.97676800
OS 7.68538100 3.97389500
OS 7.69456500 3.97244000
OE
OB 0.41110100 3.97244000 H
OS 0.42039600 3.97244000
OS 0.42957600 3.97389400
OS 0.43841500 3.97676600
OS 0.44670000 3.98098700
OS 0.44994800 3.98334800
OS 0.44995200 3.98335400
OS 0.44995200 3.98337000
OS 0.42085600 4.01246800
OS 0.42085300 4.01247600
OS 0.42086000 4.01248500
OS 0.42334400 4.01315100
OS 0.42783300 4.01574200
OS 0.43149800 4.01940600
OS 0.43409000 4.02389300
OS 0.43476000 4.02638700
OS 0.43477300 4.02638900
OS 0.46387200 3.99729300
OS 0.46388200 3.99729000
OS 0.46389400 3.99729500
OS 0.46625400 4.00054000
OS 0.47047600 4.00882400
OS 0.47334800 4.01766200
OS 0.47480400 4.02684200
OS 0.47480400 4.03614300
OS 0.47334900 4.04532300
OS 0.47047900 4.05416000
OS 0.46626000 4.06244300
OS 0.46389600 4.06569500
OS 0.46389000 4.06569900
OS 0.46387400 4.06569900
OS 0.43477600 4.03660300
OS 0.43476800 4.03660000
OS 0.43475900 4.03660700
OS 0.43409400 4.03908800
OS 0.43150100 4.04358000
OS 0.42783700 4.04724500
OS 0.42335100 4.04983700
OS 0.42085600 4.05050600
OS 0.42085400 4.05051900
OS 0.44995000 4.07961800
OS 0.44995300 4.07962800
OS 0.44994800 4.07964000
OS 0.44670400 4.08200000
OS 0.43842000 4.08622300
OS 0.42958000 4.08909500
OS 0.42039600 4.09055000
OS 0.41110100 4.09055000
OS 0.40192100 4.08909600
OS 0.39308200 4.08622500
OS 0.38479700 4.08200400
OS 0.38154900 4.07964200
OS 0.38154500 4.07963600
OS 0.38154500 4.07962000
OS 0.41064100 4.05052200
OS 0.41064400 4.05051400
OS 0.41063700 4.05050500
OS 0.40815300 4.04984000
OS 0.40366400 4.04724800
OS 0.39999900 4.04358400
OS 0.39740600 4.03909500
OS 0.39673700 4.03660300
OS 0.39672400 4.03660100
OS 0.36762500 4.06569700
OS 0.36761500 4.06570000
OS 0.36760300 4.06569500
OS 0.36524000 4.06244700
OS 0.36102000 4.05416500
OS 0.35814800 4.04532700
OS 0.35669300 4.03614500
OS 0.35669300 4.02684700
OS 0.35814700 4.01766700
OS 0.36101800 4.00883100
OS 0.36523700 4.00054700
OS 0.36760100 3.99729500
OS 0.36760700 3.99729100
OS 0.36762300 3.99729100
OS 0.39672100 4.02638700
OS 0.39672900 4.02639000
OS 0.39673800 4.02638300
OS 0.39740300 4.02390200
OS 0.39999600 4.01941000
OS 0.40366000 4.01574500
OS 0.40814600 4.01315400
OS 0.41064100 4.01248400
OS 0.41064300 4.01247100
OS 0.38154700 3.98337200
OS 0.38154400 3.98336200
OS 0.38154900 3.98335000
OS 0.38479300 3.98099000
OS 0.39307700 3.97676800
OS 0.40191700 3.97389500
OS 0.41110100 3.97244000
OE
OB 4.66649200 3.87793200 H
OS 4.67681600 3.87793200
OS 4.68705000 3.87928000
OS 4.69702300 3.88195200
OS 4.70656000 3.88590200
OS 4.71550300 3.89106400
OS 4.72369400 3.89734900
OS 4.73099200 3.90464500
OS 4.73728000 3.91284000
OS 4.74244200 3.92178100
OS 4.74639300 3.93131700
OS 4.74906500 3.94129200
OS 4.75041400 3.95152600
OS 4.75041400 3.96185400
OS 4.74906600 3.97208800
OS 4.74639500 3.98206000
OS 4.74244400 3.99159800
OS 4.73728300 4.00054000
OS 4.73099700 4.00873200
OS 4.72369500 4.01603400
OS 4.71550600 4.02231800
OS 4.70656500 4.02748000
OS 4.69702700 4.03143100
OS 4.68705400 4.03410300
OS 4.67681600 4.03545200
OS 4.66649100 4.03545200
OS 4.65625800 4.03410400
OS 4.64628500 4.03143200
OS 4.63674600 4.02748100
OS 4.62780500 4.02232000
OS 4.61961300 4.01603400
OS 4.61230900 4.00873000
OS 4.60602700 4.00054300
OS 4.60086500 3.99160100
OS 4.59691400 3.98206400
OS 4.59424300 3.97209200
OS 4.59289400 3.96185500
OS 4.59289400 3.95152900
OS 4.59424200 3.94129600
OS 4.59691300 3.93132400
OS 4.60086400 3.92178600
OS 4.60602500 3.91284400
OS 4.61230900 3.90465400
OS 4.61960800 3.89735400
OS 4.62780200 3.89106600
OS 4.63674300 3.88590400
OS 4.64628100 3.88195300
OS 4.65625400 3.87928100
OS 4.66649200 3.87793200
OE
OB 0.66855000 3.31100300 H
OS 0.67475800 3.31100300
OS 0.68084700 3.31221400
OS 0.68657700 3.31458800
OS 0.69176300 3.31805100
OS 0.69438900 3.31887500
OS 0.73381800 3.31887700
OS 0.73983200 3.32048700
OS 0.74522400 3.32360000
OS 1.29025100 3.86862600
OS 1.29266300 3.86994500
OS 1.29370500 3.87005800
OS 4.46003300 3.87005800
OS 4.46267600 3.86928200
OS 4.46348800 3.86862800
OS 4.51699400 3.81512200
OS 4.51831100 3.81271000
OS 4.51930200 3.80773600
OS 4.52167600 3.80200500
OS 4.52512600 3.79683900
OS 4.52951200 3.79245200
OS 4.53467800 3.78899900
OS 4.54040800 3.78662700
OS 4.54650300 3.78541200
OS 4.55271100 3.78541200
OS 4.55880000 3.78662400
OS 4.56453000 3.78899700
OS 4.56969600 3.79244700
OS 4.57408700 3.79683800
OS 4.57753500 3.80199800
OS 4.57990800 3.80772900
OS 4.58112300 3.81382200
OS 4.58112300 3.82003000
OS 4.57991100 3.82612100
OS 4.57753800 3.83185200
OS 4.57408800 3.83701700
OS 4.56969700 3.84140800
OS 4.56453600 3.84485700
OS 4.55880700 3.84723000
OS 4.55271100 3.84844400
OS 4.55256500 3.84844400
OS 4.55249100 3.84846500
OS 4.55247600 3.84846700
OS 4.54992300 3.84922000
OS 4.54911100 3.84987400
OS 4.49789100 3.90109400
OS 4.49657400 3.90350700
OS 4.49657300 3.90351300
OS 4.49677000 3.90624800
OS 4.49841600 3.90845100
OS 4.50098900 3.90941400
OS 4.50134400 3.90942800
OS 4.52007200 3.90942800
OS 4.52271600 3.90865200
OS 4.52352700 3.90799800
OS 4.65319900 3.77832700
OS 4.65858800 3.77521500
OS 4.66460100 3.77360200
OS 4.90039300 3.77360100
OS 4.90303400 3.77282700
OS 4.90445600 3.77143500
OS 4.90521200 3.77030300
OS 4.91070600 3.76480900
OS 4.91715300 3.76050200
OS 4.92431600 3.75753500
OS 4.93193200 3.75601900
OS 4.97906100 3.75601900
OS 4.98667100 3.75753200
OS 4.99383500 3.76050000
OS 5.00029000 3.76481100
OS 5.00577800 3.77029900
OS 5.01008700 3.77674800
OS 5.01305500 3.78391300
OS 5.01457100 3.79152700
OS 5.01457100 3.79928800
OS 5.01305800 3.80689800
OS 5.01009000 3.81406200
OS 5.00578100 3.82051400
OS 5.00028800 3.82600700
OS 4.99384200 3.83031500
OS 4.98667400 3.83328300
OS 4.97906100 3.83479800
OS 4.93193200 3.83479800
OS 4.92432500 3.83328600
OS 4.91715600 3.83031700
OS 4.91070200 3.82600500
OS 4.90701200 3.82231500
OS 4.90460200 3.82099800
OS 4.90356000 3.82088500
OS 4.67953500 3.82088500
OS 4.67689200 3.82166100
OS 4.67608000 3.82231500
OS 4.54641100 3.95198400
OS 4.54102000 3.95509900
OS 4.53500700 3.95671100
OS 1.12129800 3.95671200
OS 1.11529000 3.95510300
OS 1.10989400 3.95198800
OS 0.73013200 3.57222600
OS 0.72772100 3.57091000
OS 0.72151700 3.56967400
OS 0.71578500 3.56730000
OS 0.71061900 3.56384900
OS 0.70622800 3.55945800
OS 0.70278000 3.55429800
OS 0.70040600 3.54856400
OS 0.69919300 3.54247500
OS 0.69919300 3.53626500
OS 0.70040400 3.53017700
OS 0.70277800 3.52444600
OS 0.70622800 3.51928000
OS 0.71061900 3.51488900
OS 0.71578100 3.51144000
OS 0.72151000 3.50906800
OS 0.72760500 3.50785300
OS 0.73381300 3.50785300
OS 0.73990200 3.50906500
OS 0.74563200 3.51143800
OS 0.75079800 3.51488800
OS 0.75518900 3.51927900
OS 0.75863700 3.52443900
OS 0.76101100 3.53017000
OS 0.76222900 3.53628700
OS 0.76350400 3.53872800
OS 1.13277100 3.90799600
OS 1.13518300 3.90931500
OS 1.13622500 3.90942800
OS 1.25239500 3.90942800
OS 1.25503400 3.90865300
OS 1.25503900 3.90865000
OS 1.25683700 3.90657700
OS 1.25722900 3.90385400
OS 1.25609200 3.90135700
OS 1.25584900 3.90109400
OS 0.72234400 3.36758900
OS 0.71993600 3.36627400
OS 0.71889400 3.36616000
OS 0.69448200 3.36616000
OS 0.69184400 3.36693400
OS 0.68658500 3.37044800
OS 0.68085400 3.37282000
OS 0.67475800 3.37403400
OS 0.66855000 3.37403400
OS 0.66246100 3.37282300
OS 0.65672800 3.37045000
OS 0.65156400 3.36699900
OS 0.64717300 3.36260800
OS 0.64372500 3.35744700
OS 0.64135200 3.35171900
OS 0.64013800 3.34562500
OS 0.64013800 3.33941500
OS 0.64134900 3.33332600
OS 0.64372300 3.32759500
OS 0.64717300 3.32243000
OS 0.65156400 3.31803900
OS 0.65672500 3.31459000
OS 0.66245500 3.31221700
OS 0.66855000 3.31100300
OE
OB 4.91202100 3.85601900 H
OS 4.99897300 3.85601900
OS 5.00016800 3.85613100
OS 5.00521100 3.85789500
OS 5.00951500 3.86106900
OS 5.01269100 3.86537100
OS 5.01445700 3.87041600
OS 5.01457100 3.87161600
OS 5.01457100 3.91919900
OS 5.01445900 3.92039400
OS 5.01269500 3.92543800
OS 5.00952100 3.92974200
OS 5.00521900 3.93291800
OS 5.00017400 3.93468400
OS 4.99897200 3.93479800
OS 4.91202100 3.93479800
OS 4.91082600 3.93468600
OS 4.90578200 3.93292200
OS 4.90147800 3.92974800
OS 4.89830200 3.92544600
OS 4.89653600 3.92040100
OS 4.89642200 3.91919900
OS 4.89642200 3.87161800
OS 4.89653400 3.87042300
OS 4.89829800 3.86537900
OS 4.90147200 3.86107500
OS 4.90577400 3.85789900
OS 4.91081900 3.85613300
OS 4.91202100 3.85601900
OE
OB 4.93193200 3.45601900 H
OS 4.97906100 3.45601900
OS 4.98667100 3.45753200
OS 4.99383500 3.46050000
OS 5.00029000 3.46481100
OS 5.00577800 3.47029900
OS 5.01008700 3.47674800
OS 5.01305500 3.48391300
OS 5.01457100 3.49152700
OS 5.01457100 3.49928800
OS 5.01305800 3.50689800
OS 5.01009000 3.51406200
OS 5.00578100 3.52051400
OS 5.00028800 3.52600700
OS 4.99384200 3.53031500
OS 4.98667400 3.53328300
OS 4.97955300 3.53470100
OS 4.97711500 3.53597500
OS 4.97711100 3.53597900
OS 4.97575300 3.53836400
OS 4.97589900 3.54111000
OS 4.97750600 3.54334200
OS 4.97973100 3.54430800
OS 4.98716500 3.54548800
OS 4.99482500 3.54797600
OS 5.00200600 3.55163500
OS 5.00852300 3.55636900
OS 5.01422000 3.56206600
OS 5.01895300 3.56858000
OS 5.02261200 3.57576000
OS 5.02510100 3.58342000
OS 5.02543800 3.58554600
OS 5.02543600 3.58555400
OS 5.02542600 3.58556400
OS 4.96075100 3.58556600
OS 4.96074300 3.58557000
OS 4.96074100 3.58557800
OS 4.96202700 3.58780600
OS 4.96337000 3.59281200
OS 4.96337100 3.59800000
OS 4.96203100 3.60300200
OS 4.96074400 3.60523500
OS 4.96074400 3.60524400
OS 4.96075000 3.60525000
OS 5.02542200 3.60525200
OS 5.02542800 3.60525400
OS 5.02543800 3.60526800
OS 5.02510200 3.60739200
OS 5.02261500 3.61505000
OS 5.01895900 3.62222900
OS 5.01422100 3.62875000
OS 5.00852400 3.63444700
OS 5.00201000 3.63918000
OS 4.99483000 3.64283900
OS 4.98716900 3.64532800
OS 4.97974100 3.64650600
OS 4.97725500 3.64768400
OS 4.97579900 3.65002100
OS 4.97583800 3.65276700
OS 4.97584000 3.65277300
OS 4.97735600 3.65506000
OS 4.97954300 3.65611300
OS 4.98667100 3.65753200
OS 4.99383500 3.66050000
OS 5.00029000 3.66481100
OS 5.00577800 3.67029900
OS 5.01008700 3.67674800
OS 5.01305500 3.68391300
OS 5.01457100 3.69152700
OS 5.01457100 3.69928800
OS 5.01305800 3.70689800
OS 5.01009000 3.71406200
OS 5.00578100 3.72051400
OS 5.00028800 3.72600700
OS 4.99384200 3.73031500
OS 4.98667400 3.73328300
OS 4.97906100 3.73479800
OS 4.93193200 3.73479800
OS 4.92432500 3.73328600
OS 4.91715600 3.73031700
OS 4.91070500 3.72600700
OS 4.90521200 3.72051400
OS 4.90090500 3.71406700
OS 4.89793700 3.70690000
OS 4.89642200 3.69929000
OS 4.89642200 3.69152900
OS 4.89793400 3.68392200
OS 4.90090300 3.67675500
OS 4.90521200 3.67030300
OS 4.91070600 3.66480900
OS 4.91715300 3.66050200
OS 4.92431900 3.65753400
OS 4.93144000 3.65611600
OS 4.93387800 3.65484200
OS 4.93388200 3.65483800
OS 4.93524000 3.65245300
OS 4.93509400 3.64970700
OS 4.93348700 3.64747500
OS 4.93126200 3.64650900
OS 4.92382700 3.64532900
OS 4.91616800 3.64284100
OS 4.90898700 3.63918300
OS 4.90246900 3.63444700
OS 4.89677200 3.62875000
OS 4.89203700 3.62223300
OS 4.88838000 3.61505500
OS 4.88589200 3.60739600
OS 4.88555500 3.60527100
OS 4.88555700 3.60526300
OS 4.88556700 3.60525300
OS 4.92662000 3.60525100
OS 4.92662800 3.60524700
OS 4.92663000 3.60523900
OS 4.92534300 3.60300900
OS 4.92400100 3.59800500
OS 4.92400000 3.59281700
OS 4.92534000 3.58781500
OS 4.92662700 3.58558200
OS 4.92662700 3.58557300
OS 4.92662100 3.58556700
OS 4.88557100 3.58556500
OS 4.88556500 3.58556300
OS 4.88555500 3.58554900
OS 4.88589100 3.58342500
OS 4.88837800 3.57576700
OS 4.89203400 3.56858800
OS 4.89677200 3.56206700
OS 4.90246900 3.55637000
OS 4.90898300 3.55163800
OS 4.91616300 3.54797800
OS 4.92382400 3.54548900
OS 4.93125200 3.54431100
OS 4.93373800 3.54313300
OS 4.93519400 3.54079600
OS 4.93515500 3.53805000
OS 4.93515300 3.53804400
OS 4.93363700 3.53575800
OS 4.93145000 3.53470400
OS 4.92432500 3.53328600
OS 4.91715600 3.53031700
OS 4.91070500 3.52600700
OS 4.90521200 3.52051400
OS 4.90090500 3.51406700
OS 4.89793700 3.50690000
OS 4.89642200 3.49929000
OS 4.89642200 3.49152900
OS 4.89793400 3.48392200
OS 4.90090300 3.47675500
OS 4.90521200 3.47030300
OS 4.91070600 3.46480900
OS 4.91715300 3.46050200
OS 4.92431600 3.45753500
OS 4.93193200 3.45601900
OE
OB 4.60007700 3.54330600 H
OS 4.60937300 3.54330600
OS 4.61855200 3.54476000
OS 4.62739100 3.54763200
OS 4.63567600 3.55185300
OS 4.63892500 3.55421400
OS 4.63892900 3.55422000
OS 4.63892900 3.55423600
OS 4.60983300 3.58333400
OS 4.60983000 3.58334200
OS 4.60983700 3.58335100
OS 4.61232000 3.58401700
OS 4.61681000 3.58660800
OS 4.62047500 3.59027200
OS 4.62306600 3.59475900
OS 4.62373600 3.59725300
OS 4.62374900 3.59725500
OS 4.65284800 3.56816000
OS 4.65285800 3.56815700
OS 4.65287000 3.56816200
OS 4.65523000 3.57140600
OS 4.65945200 3.57969000
OS 4.66232500 3.58852900
OS 4.66378000 3.59770900
OS 4.66378000 3.60700900
OS 4.66232600 3.61618900
OS 4.65945500 3.62502600
OS 4.65523600 3.63330900
OS 4.65287200 3.63656100
OS 4.65286600 3.63656500
OS 4.65285000 3.63656500
OS 4.62375200 3.60746900
OS 4.62374400 3.60746600
OS 4.62373500 3.60747300
OS 4.62307000 3.60995400
OS 4.62047800 3.61444600
OS 4.61681400 3.61811100
OS 4.61232700 3.62070300
OS 4.60983300 3.62137300
OS 4.60983100 3.62138600
OS 4.63892800 3.65048500
OS 4.63893100 3.65049500
OS 4.63892600 3.65050700
OS 4.63568100 3.65286700
OS 4.62739600 3.65708900
OS 4.61855500 3.65996100
OS 4.60937300 3.66141600
OS 4.60007700 3.66141600
OS 4.59089700 3.65996200
OS 4.58205800 3.65709100
OS 4.57377300 3.65287000
OS 4.57052500 3.65050800
OS 4.57052100 3.65050200
OS 4.57052100 3.65048600
OS 4.59961700 3.62138900
OS 4.59962000 3.62138100
OS 4.59961300 3.62137200
OS 4.59713000 3.62070600
OS 4.59264000 3.61811400
OS 4.58897500 3.61445000
OS 4.58638200 3.60996100
OS 4.58571400 3.60746900
OS 4.58570100 3.60746700
OS 4.55660200 3.63656300
OS 4.55659200 3.63656600
OS 4.55658000 3.63656100
OS 4.55421600 3.63331300
OS 4.54999600 3.62503100
OS 4.54712500 3.61619300
OS 4.54567000 3.60701100
OS 4.54567000 3.59771400
OS 4.54712400 3.58853400
OS 4.54999400 3.57969700
OS 4.55421300 3.57141400
OS 4.55657800 3.56816200
OS 4.55658400 3.56815800
OS 4.55660000 3.56815800
OS 4.58569800 3.59725300
OS 4.58570600 3.59725600
OS 4.58571500 3.59724900
OS 4.58637900 3.59476800
OS 4.58897200 3.59027600
OS 4.59263600 3.58661100
OS 4.59712300 3.58402000
OS 4.59961700 3.58335000
OS 4.59961900 3.58333700
OS 4.57052300 3.55423800
OS 4.57052000 3.55422800
OS 4.57052500 3.55421600
OS 4.57376900 3.55185600
OS 4.58205300 3.54763400
OS 4.59089300 3.54476100
OS 4.60007700 3.54330600
OE
OB 2.37960500 3.51968400 H
OS 2.38890000 3.51968400
OS 2.39808000 3.52113800
OS 2.40691900 3.52401000
OS 2.41520400 3.52823100
OS 2.41845200 3.53059200
OS 2.41845600 3.53059800
OS 2.41845600 3.53061400
OS 2.38936000 3.55971200
OS 2.38935700 3.55972000
OS 2.38936400 3.55972900
OS 2.39184800 3.56039500
OS 2.39633700 3.56298600
OS 2.40000200 3.56665000
OS 2.40259400 3.57113700
OS 2.40326400 3.57363100
OS 2.40327700 3.57363300
OS 2.43237600 3.54453700
OS 2.43238600 3.54453400
OS 2.43239800 3.54453900
OS 2.43475800 3.54778400
OS 2.43898000 3.55606800
OS 2.44185200 3.56490700
OS 2.44330800 3.57408600
OS 2.44330800 3.58338700
OS 2.44185300 3.59256700
OS 2.43898300 3.60140400
OS 2.43476400 3.60968700
OS 2.43240000 3.61293900
OS 2.43239400 3.61294300
OS 2.43237800 3.61294300
OS 2.40328000 3.58384700
OS 2.40327200 3.58384400
OS 2.40326300 3.58385100
OS 2.40259800 3.58633200
OS 2.40000500 3.59082400
OS 2.39634100 3.59448900
OS 2.39185500 3.59708100
OS 2.38936000 3.59775000
OS 2.38935800 3.59776300
OS 2.41845500 3.62686300
OS 2.41845800 3.62687300
OS 2.41845300 3.62688500
OS 2.41520800 3.62924500
OS 2.40692400 3.63346700
OS 2.39808400 3.63633900
OS 2.38890000 3.63779400
OS 2.37960500 3.63779400
OS 2.37042500 3.63634000
OS 2.36158600 3.63346900
OS 2.35330100 3.62924800
OS 2.35005300 3.62688600
OS 2.35004900 3.62688000
OS 2.35004900 3.62686400
OS 2.37914500 3.59776600
OS 2.37914800 3.59775800
OS 2.37914100 3.59774900
OS 2.37665700 3.59708400
OS 2.37216800 3.59449200
OS 2.36850300 3.59082800
OS 2.36591000 3.58633900
OS 2.36524100 3.58384700
OS 2.36522800 3.58384500
OS 2.33612900 3.61294100
OS 2.33611900 3.61294400
OS 2.33610700 3.61293900
OS 2.33374400 3.60969100
OS 2.32952400 3.60140900
OS 2.32665200 3.59257100
OS 2.32519700 3.58338900
OS 2.32519700 3.57409100
OS 2.32665100 3.56491200
OS 2.32952200 3.55607500
OS 2.33374100 3.54779100
OS 2.33610500 3.54453900
OS 2.33611100 3.54453500
OS 2.33612700 3.54453500
OS 2.36522500 3.57363100
OS 2.36523300 3.57363400
OS 2.36524200 3.57362700
OS 2.36590700 3.57114600
OS 2.36850000 3.56665400
OS 2.37216400 3.56298900
OS 2.37665000 3.56039800
OS 2.37914500 3.55972800
OS 2.37914700 3.55971500
OS 2.35005100 3.53061600
OS 2.35004800 3.53060600
OS 2.35005300 3.53059400
OS 2.35329700 3.52823400
OS 2.36158100 3.52401200
OS 2.37042100 3.52113900
OS 2.37960500 3.51968400
OE
OB 0.24916200 3.19092400 H
OS 0.26737400 3.19092400
OS 0.27563900 3.19223300
OS 0.28359600 3.19481900
OS 0.29105600 3.19861900
OS 0.29782600 3.20353700
OS 0.30374500 3.20945600
OS 0.30866100 3.21622300
OS 0.31246200 3.22368200
OS 0.31504900 3.23163900
OS 0.31635900 3.23990400
OS 0.31635900 3.24827800
OS 0.31505000 3.25654300
OS 0.31246500 3.26449800
OS 0.30866500 3.27195900
OS 0.30374600 3.27873000
OS 0.29782700 3.28464900
OS 0.29134900 3.28935500
OS 0.28966900 3.29153200
OS 0.28966700 3.29153700
OS 0.28943300 3.29427100
OS 0.28943400 3.29427700
OS 0.29071200 3.29670200
OS 0.29134600 3.29725500
OS 0.29782700 3.30196300
OS 0.30374500 3.30788100
OS 0.30866100 3.31464800
OS 0.31246200 3.32210700
OS 0.31504900 3.33006400
OS 0.31635900 3.33832900
OS 0.31635900 3.34670300
OS 0.31505000 3.35496800
OS 0.31246500 3.36292400
OS 0.30866700 3.37038200
OS 0.30374600 3.37715500
OS 0.29828000 3.38262100
OS 0.29696200 3.38503300
OS 0.29696100 3.38503900
OS 0.29715900 3.38777500
OS 0.29880300 3.38997700
OS 0.29917000 3.39022800
OS 0.30526100 3.39398500
OS 0.31014600 3.39887000
OS 0.31377100 3.40474600
OS 0.31594300 3.41130000
OS 0.31635900 3.41535000
OS 0.31635900 3.46653500
OS 0.31594500 3.47058100
OS 0.31377500 3.47713400
OS 0.31014900 3.48301400
OS 0.30526400 3.48790000
OS 0.29938600 3.49152600
OS 0.29283200 3.49369800
OS 0.28878000 3.49411300
OS 0.22775600 3.49411300
OS 0.22371000 3.49370000
OS 0.21715700 3.49152900
OS 0.21127700 3.48790300
OS 0.20639100 3.48301800
OS 0.20276500 3.47714000
OS 0.20059300 3.47058700
OS 0.20017800 3.46653600
OS 0.20017800 3.41535300
OS 0.20059100 3.41130600
OS 0.20276100 3.40475700
OS 0.20639000 3.39887200
OS 0.21127400 3.39398700
OS 0.21736700 3.39022800
OS 0.21920600 3.38818200
OS 0.21964800 3.38547100
OS 0.21964700 3.38546500
OS 0.21855500 3.38295000
OS 0.21825600 3.38262000
OS 0.21279200 3.37715700
OS 0.20787300 3.37038600
OS 0.20407300 3.36292900
OS 0.20148800 3.35497200
OS 0.20017800 3.34670800
OS 0.20017800 3.33833400
OS 0.20148700 3.33006900
OS 0.20407100 3.32211400
OS 0.20787000 3.31465600
OS 0.21279000 3.30788200
OS 0.21870800 3.30196400
OS 0.22518700 3.29725800
OS 0.22686700 3.29507900
OS 0.22686900 3.29507400
OS 0.22710300 3.29234200
OS 0.22710200 3.29233600
OS 0.22582500 3.28991000
OS 0.22518900 3.28935700
OS 0.21871000 3.28464900
OS 0.21279300 3.27873300
OS 0.20787300 3.27196100
OS 0.20407300 3.26450400
OS 0.20148800 3.25654700
OS 0.20017800 3.24828300
OS 0.20017800 3.23990900
OS 0.20148700 3.23164400
OS 0.20407100 3.22368900
OS 0.20787000 3.21623100
OS 0.21279000 3.20945700
OS 0.21870700 3.20354100
OS 0.22547600 3.19862200
OS 0.23293500 3.19482100
OS 0.24089300 3.19223400
OS 0.24916200 3.19092400
OE
OB 4.58587300 2.87990100 H
OS 4.59208100 2.87990100
OS 4.59817000 2.88111200
OS 4.60390000 2.88348500
OS 4.60906600 2.88693500
OS 4.61345700 2.89132600
OS 4.61690500 2.89648600
OS 4.61927800 2.90221800
OS 4.62049300 2.90831000
OS 4.62049300 2.91452100
OS 4.61928100 2.92060900
OS 4.61690800 2.92634000
OS 4.61344300 2.93152700
OS 4.61262000 2.93415200
OS 4.61261900 3.29838400
OS 4.61100900 3.30439500
OS 4.60789600 3.30978900
OS 4.44601500 3.47167100
OS 4.44062600 3.47478400
OS 4.43461300 3.47639600
OS 4.41495800 3.47639700
OS 4.41231600 3.47717100
OS 4.41224000 3.47721900
OS 4.40705700 3.48068300
OS 4.40132500 3.48305700
OS 4.39523100 3.48427100
OS 4.38902200 3.48427100
OS 4.38293400 3.48306000
OS 4.37720200 3.48068600
OS 4.37203600 3.47723500
OS 4.36765000 3.47284800
OS 4.36419800 3.46768400
OS 4.36182500 3.46195500
OS 4.36061100 3.45586100
OS 4.36061100 3.44965100
OS 4.36182200 3.44356200
OS 4.36419500 3.43783200
OS 4.36764600 3.43266600
OS 4.37203200 3.42827900
OS 4.37719800 3.42482600
OS 4.38292600 3.42245300
OS 4.38902200 3.42123900
OS 4.39523100 3.42123900
OS 4.40131900 3.42245000
OS 4.40705000 3.42482400
OS 4.41223600 3.42828700
OS 4.41294600 3.42851200
OS 4.41357100 3.42891200
OS 4.41479300 3.42909100
OS 4.41486200 3.42911100
OS 4.41967600 3.42911300
OS 4.42232200 3.42833700
OS 4.42313400 3.42768300
OS 4.56390500 3.28691200
OS 4.56522200 3.28450200
OS 4.56533500 3.28346000
OS 4.56533500 2.93424500
OS 4.56456100 2.93160600
OS 4.56104800 2.92634500
OS 4.55867500 2.92061500
OS 4.55746100 2.91452300
OS 4.55746100 2.90831200
OS 4.55867200 2.90222400
OS 4.56104600 2.89649300
OS 4.56449600 2.89132700
OS 4.56888600 2.88693800
OS 4.57404800 2.88348800
OS 4.57977800 2.88111500
OS 4.58587300 2.87990100
OE
OB 4.93193200 3.35601900 H
OS 4.97906100 3.35601900
OS 4.98667100 3.35753200
OS 4.99383500 3.36050000
OS 5.00029000 3.36481100
OS 5.00577800 3.37029900
OS 5.01008700 3.37674800
OS 5.01305500 3.38391300
OS 5.01457100 3.39152700
OS 5.01457100 3.39928800
OS 5.01305800 3.40689800
OS 5.01009000 3.41406200
OS 5.00578100 3.42051400
OS 5.00028800 3.42600700
OS 4.99384200 3.43031500
OS 4.98667400 3.43328300
OS 4.97906100 3.43479800
OS 4.93193200 3.43479800
OS 4.92432500 3.43328600
OS 4.91715600 3.43031700
OS 4.91070500 3.42600700
OS 4.90521200 3.42051400
OS 4.90090500 3.41406700
OS 4.89793700 3.40690000
OS 4.89642200 3.39929000
OS 4.89642200 3.39152900
OS 4.89793400 3.38392200
OS 4.90090300 3.37675500
OS 4.90521200 3.37030300
OS 4.91070600 3.36480900
OS 4.91715300 3.36050200
OS 4.92431600 3.35753500
OS 4.93193200 3.35601900
OE
OB 4.93193200 3.25601900 H
OS 4.97906100 3.25601900
OS 4.98667100 3.25753200
OS 4.99383500 3.26050000
OS 5.00029000 3.26481100
OS 5.00577800 3.27029900
OS 5.01008700 3.27674800
OS 5.01305500 3.28391300
OS 5.01457100 3.29152700
OS 5.01457100 3.29928800
OS 5.01305800 3.30689800
OS 5.01009000 3.31406200
OS 5.00578100 3.32051400
OS 5.00028800 3.32600700
OS 4.99384200 3.33031500
OS 4.98667400 3.33328300
OS 4.97906100 3.33479800
OS 4.93193200 3.33479800
OS 4.92432500 3.33328600
OS 4.91715600 3.33031700
OS 4.91070500 3.32600700
OS 4.90521200 3.32051400
OS 4.90090500 3.31406700
OS 4.89793700 3.30690000
OS 4.89642200 3.29929000
OS 4.89642200 3.29152900
OS 4.89793400 3.28392200
OS 4.90090300 3.27675500
OS 4.90521200 3.27030300
OS 4.91070600 3.26480900
OS 4.91715300 3.26050200
OS 4.92431600 3.25753500
OS 4.93193200 3.25601900
OE
OB 4.93193200 3.15601900 H
OS 4.97906100 3.15601900
OS 4.98667100 3.15753200
OS 4.99383500 3.16050000
OS 5.00029000 3.16481100
OS 5.00577800 3.17029900
OS 5.01008700 3.17674800
OS 5.01305500 3.18391300
OS 5.01457100 3.19152700
OS 5.01457100 3.19928800
OS 5.01305800 3.20689800
OS 5.01009000 3.21406200
OS 5.00578100 3.22051400
OS 5.00028800 3.22600700
OS 4.99384200 3.23031500
OS 4.98667400 3.23328300
OS 4.97906100 3.23479800
OS 4.93193200 3.23479800
OS 4.92432500 3.23328600
OS 4.91715600 3.23031700
OS 4.91070500 3.22600700
OS 4.90521200 3.22051400
OS 4.90090500 3.21406700
OS 4.89793700 3.20690000
OS 4.89642200 3.19929000
OS 4.89642200 3.19152900
OS 4.89793400 3.18392200
OS 4.90090300 3.17675500
OS 4.90521200 3.17030300
OS 4.91070600 3.16480900
OS 4.91715300 3.16050200
OS 4.92431900 3.15753400
OS 4.93193200 3.15601900
OE
OB 4.93193200 3.05601900 H
OS 4.97906100 3.05601900
OS 4.98667100 3.05753200
OS 4.99383500 3.06050000
OS 5.00029000 3.06481100
OS 5.00577800 3.07029900
OS 5.01008700 3.07674800
OS 5.01305500 3.08391300
OS 5.01457100 3.09152700
OS 5.01457100 3.09928800
OS 5.01305800 3.10689800
OS 5.01009000 3.11406200
OS 5.00578100 3.12051400
OS 5.00028800 3.12600700
OS 4.99384200 3.13031500
OS 4.98667400 3.13328300
OS 4.97906100 3.13479800
OS 4.93193200 3.13479800
OS 4.92432500 3.13328600
OS 4.91715600 3.13031700
OS 4.91070500 3.12600700
OS 4.90521200 3.12051400
OS 4.90090500 3.11406700
OS 4.89793700 3.10690000
OS 4.89642200 3.09929000
OS 4.89642200 3.09152900
OS 4.89793400 3.08392200
OS 4.90090300 3.07675500
OS 4.90521200 3.07030300
OS 4.91070600 3.06480900
OS 4.91715300 3.06050200
OS 4.92431900 3.05753400
OS 4.93193200 3.05601900
OE
OB 3.28567600 3.04033400 H
OS 3.29188400 3.04033400
OS 3.29797300 3.04154500
OS 3.30370300 3.04391900
OS 3.30886900 3.04736900
OS 3.31325600 3.05175500
OS 3.31670800 3.05691900
OS 3.31908200 3.06265100
OS 3.32029600 3.06874300
OS 3.32029600 3.07495400
OS 3.31908500 3.08104200
OS 3.31671100 3.08677300
OS 3.31326100 3.09193900
OS 3.30887400 3.09632500
OS 3.30371100 3.09977800
OS 3.29798000 3.10215100
OS 3.29188400 3.10336500
OS 3.28567600 3.10336500
OS 3.27958700 3.10215400
OS 3.27385400 3.09978000
OS 3.26869000 3.09632900
OS 3.26430300 3.09194300
OS 3.26085100 3.08677800
OS 3.25847800 3.08104800
OS 3.25726400 3.07495600
OS 3.25726400 3.06874500
OS 3.25847500 3.06265700
OS 3.26084900 3.05692600
OS 3.26429900 3.05176000
OS 3.26868600 3.04737400
OS 3.27385200 3.04392000
OS 3.27958100 3.04154800
OS 3.28567600 3.04033400
OE
OB 4.93193200 2.95601900 H
OS 4.97906100 2.95601900
OS 4.98667100 2.95753200
OS 4.99383500 2.96050000
OS 5.00029000 2.96481100
OS 5.00577800 2.97029900
OS 5.01008700 2.97674800
OS 5.01305500 2.98391300
OS 5.01457100 2.99152700
OS 5.01457100 2.99928800
OS 5.01305800 3.00689800
OS 5.01009000 3.01406200
OS 5.00578100 3.02051400
OS 5.00028800 3.02600700
OS 4.99384200 3.03031500
OS 4.98667400 3.03328300
OS 4.97906100 3.03479800
OS 4.93193200 3.03479800
OS 4.92432500 3.03328600
OS 4.91715600 3.03031700
OS 4.91070500 3.02600700
OS 4.90521200 3.02051400
OS 4.90090500 3.01406700
OS 4.89793700 3.00690000
OS 4.89642200 2.99929000
OS 4.89642200 2.99152900
OS 4.89793400 2.98392200
OS 4.90090300 2.97675500
OS 4.90521200 2.97030300
OS 4.91070600 2.96480900
OS 4.91715300 2.96050200
OS 4.92431600 2.95753500
OS 4.93193200 2.95601900
OE
OB 3.19118800 2.94190900 H
OS 3.19738800 2.94190800
OS 3.20348500 2.94312000
OS 3.20921500 2.94549300
OS 3.21438100 2.94894300
OS 3.21877200 2.95333400
OS 3.22222000 2.95849400
OS 3.22459300 2.96422500
OS 3.22580800 2.97031800
OS 3.22580800 2.97652800
OS 3.22459600 2.98261700
OS 3.22222300 2.98834800
OS 3.21877300 2.99351300
OS 3.21438200 2.99790400
OS 3.20922100 3.00135300
OS 3.20349200 3.00372600
OS 3.19739600 3.00494000
OS 3.19118800 3.00494000
OS 3.18509900 3.00372900
OS 3.17936600 3.00135500
OS 3.17732300 2.99999000
OS 3.17469700 2.99916700
OS 3.17469100 2.99916700
OS 3.17204000 2.99989400
OS 3.17189500 2.99998700
OS 3.16985100 3.00135200
OS 3.16412200 3.00372600
OS 3.15802600 3.00494000
OS 3.15181800 3.00494000
OS 3.14572900 3.00372900
OS 3.13999600 3.00135500
OS 3.13483200 2.99790400
OS 3.13044600 2.99351900
OS 3.12699300 2.98835300
OS 3.12462000 2.98262300
OS 3.12340600 2.97653000
OS 3.12340600 2.97032000
OS 3.12461700 2.96423200
OS 3.12699100 2.95850100
OS 3.13044100 2.95333500
OS 3.13482700 2.94894800
OS 3.13999300 2.94549600
OS 3.14572300 2.94312300
OS 3.15181800 2.94190900
OS 3.15802400 2.94190800
OS 3.16411500 2.94312000
OS 3.16984500 2.94549300
OS 3.17189100 2.94685800
OS 3.17451700 2.94768100
OS 3.17452300 2.94768100
OS 3.17717300 2.94695500
OS 3.17731800 2.94686200
OS 3.17936100 2.94549600
OS 3.18509300 2.94312300
OS 3.19118800 2.94190900
OE
OB 3.41953400 2.94092400 H
OS 3.42574200 2.94092400
OS 3.43183100 2.94213500
OS 3.43756200 2.94450900
OS 3.44274700 2.94797300
OS 3.44537400 2.94879600
OS 3.51496400 2.94879800
OS 3.51760700 2.94802400
OS 3.51768300 2.94797600
OS 3.52286600 2.94451200
OS 3.52859700 2.94213800
OS 3.53469200 2.94092400
OS 3.54090000 2.94092400
OS 3.54698900 2.94213500
OS 3.55271900 2.94450900
OS 3.55788500 2.94795900
OS 3.56227600 2.95235000
OS 3.56572400 2.95751000
OS 3.56809700 2.96324100
OS 3.56931100 2.96933400
OS 3.56931100 2.97554400
OS 3.56810000 2.98163300
OS 3.56572700 2.98736300
OS 3.56227700 2.99252900
OS 3.55788600 2.99692000
OS 3.55272500 3.00036900
OS 3.54699600 3.00274200
OS 3.54090000 3.00395600
OS 3.53469200 3.00395600
OS 3.52860300 3.00274500
OS 3.52287000 3.00037100
OS 3.51768700 2.99690700
OS 3.51506000 2.99608400
OS 3.44547000 2.99608200
OS 3.44282700 2.99685600
OS 3.44275100 2.99690400
OS 3.43756900 3.00036800
OS 3.43183700 3.00274200
OS 3.42574200 3.00395600
OS 3.41953400 3.00395600
OS 3.41344600 3.00274500
OS 3.40771400 3.00037100
OS 3.40254800 2.99692000
OS 3.39815700 2.99252900
OS 3.39470900 2.98736900
OS 3.39233700 2.98163900
OS 3.39112300 2.97554600
OS 3.39112300 2.96933600
OS 3.39233400 2.96324800
OS 3.39470700 2.95751600
OS 3.39815700 2.95235100
OS 3.40254800 2.94796000
OS 3.40771000 2.94451100
OS 3.41343900 2.94213800
OS 3.41953400 2.94092400
OE
OB 2.67544000 2.87497900 H
OS 2.68164800 2.87497900
OS 2.68773700 2.87619100
OS 2.69346700 2.87856400
OS 2.69863300 2.88201400
OS 2.70068000 2.88406200
OS 2.70309600 2.88538100
OS 2.70310200 2.88538200
OS 2.70583600 2.88518600
OS 2.70758400 2.88406500
OS 2.70963500 2.88201500
OS 2.71479600 2.87856600
OS 2.72052600 2.87619400
OS 2.72662100 2.87497900
OS 2.73282900 2.87497900
OS 2.73891800 2.87619100
OS 2.74464800 2.87856400
OS 2.74981400 2.88201400
OS 2.75420500 2.88640500
OS 2.75519200 2.88788200
OS 2.75730100 2.88964500
OS 2.76003100 2.88999000
OS 2.76251200 2.88880500
OS 2.76331000 2.88788600
OS 2.76429900 2.88640600
OS 2.76869000 2.88201500
OS 2.77385100 2.87856600
OS 2.77958100 2.87619400
OS 2.78567600 2.87497900
OS 2.79188400 2.87497900
OS 2.79797300 2.87619100
OS 2.80370300 2.87856400
OS 2.80886900 2.88201400
OS 2.81091900 2.88406400
OS 2.81333200 2.88538100
OS 2.81333800 2.88538200
OS 2.81607300 2.88518600
OS 2.81782100 2.88406500
OS 2.81986700 2.88201900
OS 2.82503300 2.87856600
OS 2.83076200 2.87619400
OS 2.83685700 2.87497900
OS 2.84306500 2.87497900
OS 2.84915400 2.87619100
OS 2.85488400 2.87856400
OS 2.86005000 2.88201400
OS 2.86444100 2.88640500
OS 2.86788900 2.89156500
OS 2.87026300 2.89729600
OS 2.87147700 2.90338900
OS 2.87147700 2.90959900
OS 2.87026600 2.91568800
OS 2.86789200 2.92141900
OS 2.86444200 2.92658400
OS 2.86005100 2.93097500
OS 2.85489200 2.93442400
OS 2.84916000 2.93679700
OS 2.84306500 2.93801100
OS 2.83685700 2.93801100
OS 2.83076900 2.93680000
OS 2.82503700 2.93442600
OS 2.81987100 2.93097500
OS 2.81782300 2.92892700
OS 2.81540900 2.92760900
OS 2.81540300 2.92760800
OS 2.81266800 2.92780500
OS 2.81092100 2.92892600
OS 2.80887400 2.93097100
OS 2.80371100 2.93442400
OS 2.79798000 2.93679700
OS 2.79188400 2.93801100
OS 2.78567600 2.93801100
OS 2.77958700 2.93680000
OS 2.77385400 2.93442600
OS 2.76869000 2.93097500
OS 2.76429900 2.92658400
OS 2.76331300 2.92510700
OS 2.76120400 2.92334500
OS 2.75847300 2.92300000
OS 2.75599300 2.92418500
OS 2.75519500 2.92510400
OS 2.75420600 2.92658400
OS 2.74981500 2.93097500
OS 2.74465400 2.93442400
OS 2.73892500 2.93679700
OS 2.73282900 2.93801100
OS 2.72662100 2.93801100
OS 2.72053200 2.93680000
OS 2.71479900 2.93442600
OS 2.70963500 2.93097500
OS 2.70758800 2.92892900
OS 2.70517300 2.92760900
OS 2.70516700 2.92760800
OS 2.70243200 2.92780500
OS 2.70068400 2.92892600
OS 2.69863400 2.93097500
OS 2.69347300 2.93442400
OS 2.68774400 2.93679700
OS 2.68164800 2.93801100
OS 2.67544000 2.93801100
OS 2.66935100 2.93680000
OS 2.66361800 2.93442600
OS 2.65845400 2.93097500
OS 2.65406300 2.92658400
OS 2.65061500 2.92142400
OS 2.64824200 2.91569400
OS 2.64702800 2.90960100
OS 2.64702800 2.90339100
OS 2.64823900 2.89730300
OS 2.65061300 2.89157200
OS 2.65406300 2.88640600
OS 2.65844900 2.88201900
OS 2.66361500 2.87856600
OS 2.66934500 2.87619400
OS 2.67544000 2.87497900
OE
OB 4.93193200 2.85601900 H
OS 4.97906100 2.85601900
OS 4.98667100 2.85753200
OS 4.99383500 2.86050000
OS 5.00029000 2.86481100
OS 5.00577800 2.87029900
OS 5.01008700 2.87674800
OS 5.01305500 2.88391300
OS 5.01457100 2.89152700
OS 5.01457100 2.89928800
OS 5.01305800 2.90689800
OS 5.01009000 2.91406200
OS 5.00578100 2.92051400
OS 5.00028800 2.92600700
OS 4.99384200 2.93031500
OS 4.98667400 2.93328300
OS 4.97906100 2.93479800
OS 4.93193200 2.93479800
OS 4.92432500 2.93328600
OS 4.91715600 2.93031700
OS 4.91070500 2.92600700
OS 4.90521200 2.92051400
OS 4.90090500 2.91406700
OS 4.89793700 2.90690000
OS 4.89642200 2.89929000
OS 4.89642200 2.89152900
OS 4.89793400 2.88392200
OS 4.90090300 2.87675500
OS 4.90521200 2.87030300
OS 4.91070600 2.86480900
OS 4.91715300 2.86050200
OS 4.92431600 2.85753500
OS 4.93193200 2.85601900
OE
OB 3.97357800 2.77163300 H
OS 3.98390300 2.77163300
OS 3.99413700 2.77298100
OS 4.00410900 2.77565300
OS 4.01364700 2.77960300
OS 4.02258900 2.78476500
OS 4.03078100 2.79105000
OS 4.03808200 2.79835100
OS 4.04436700 2.80654100
OS 4.04952900 2.81548100
OS 4.05348000 2.82501800
OS 4.05615200 2.83499200
OS 4.05750000 2.84522700
OS 4.05750000 2.85555500
OS 4.05615300 2.86578900
OS 4.05348200 2.87576100
OS 4.04953100 2.88529900
OS 4.04437000 2.89424000
OS 4.03808500 2.90243100
OS 4.03077900 2.90973700
OS 4.02259200 2.91601900
OS 4.01365200 2.92118100
OS 4.00411600 2.92513200
OS 3.99414100 2.92780400
OS 3.98390300 2.92915300
OS 3.97357800 2.92915300
OS 3.96334400 2.92780500
OS 3.95337000 2.92513300
OS 3.94383300 2.92118200
OS 3.93489200 2.91602100
OS 3.92669900 2.90973500
OS 3.91939900 2.90243400
OS 3.91311400 2.89424300
OS 3.90795200 2.88530200
OS 3.90400100 2.87576500
OS 3.90132900 2.86579300
OS 3.89998100 2.85555600
OS 3.89998100 2.84523000
OS 3.90132800 2.83499600
OS 3.90400000 2.82502500
OS 3.90795100 2.81548600
OS 3.91311200 2.80654500
OS 3.91939600 2.79835400
OS 3.92669900 2.79105100
OS 3.93488900 2.78476700
OS 3.94382900 2.77960500
OS 3.95336800 2.77565400
OS 3.96334000 2.77298200
OS 3.97357800 2.77163300
OE
OB 3.86411800 2.29221200 H
OS 3.87289100 2.29221200
OS 3.88158700 2.29335800
OS 3.89006200 2.29562800
OS 3.89816700 2.29898500
OS 3.90576600 2.30337200
OS 3.90834700 2.30535200
OS 3.90835100 2.30535800
OS 3.90835100 2.30537400
OS 3.87682700 2.33690000
OS 3.87682400 2.33690800
OS 3.87683100 2.33691700
OS 3.87761900 2.33712800
OS 3.88300700 2.34023800
OS 3.88740500 2.34463500
OS 3.89051500 2.35002000
OS 3.89073000 2.35081900
OS 3.89074300 2.35082100
OS 3.92226400 2.31930100
OS 3.92227700 2.31929400
OS 3.92228300 2.31929400
OS 3.92229500 2.31930100
OS 3.92427200 2.32187700
OS 3.92865900 2.32947400
OS 3.93201700 2.33757800
OS 3.93428700 2.34605100
OS 3.93543400 2.35475100
OS 3.93543400 2.36352800
OS 3.93428800 2.37222400
OS 3.93201900 2.38069800
OS 3.92866000 2.38880600
OS 3.92427500 2.39640200
OS 3.92229500 2.39898300
OS 3.92228800 2.39898800
OS 3.92227200 2.39898800
OS 3.89074600 2.36746400
OS 3.89073800 2.36746100
OS 3.89072900 2.36746800
OS 3.89051900 2.36825400
OS 3.88740800 2.37364400
OS 3.88301100 2.37804200
OS 3.87762600 2.38115200
OS 3.87682700 2.38136700
OS 3.87682500 2.38138000
OS 3.90834500 2.41290100
OS 3.90835200 2.41291400
OS 3.90835200 2.41292000
OS 3.90834500 2.41293200
OS 3.90576900 2.41490900
OS 3.89817300 2.41929600
OS 3.89006600 2.42265400
OS 3.88159400 2.42492500
OS 3.87289100 2.42607100
OS 3.86411800 2.42607100
OS 3.85542200 2.42492600
OS 3.84694700 2.42265500
OS 3.83884000 2.41929700
OS 3.83124300 2.41491200
OS 3.82866200 2.41293100
OS 3.82865800 2.41292500
OS 3.82865800 2.41290900
OS 3.86018200 2.38138300
OS 3.86018500 2.38137500
OS 3.86017800 2.38136600
OS 3.85939000 2.38115500
OS 3.85400200 2.37804500
OS 3.84960400 2.37364800
OS 3.84649300 2.36826100
OS 3.84627900 2.36746400
OS 3.84626600 2.36746200
OS 3.81474500 2.39898200
OS 3.81473200 2.39898900
OS 3.81472600 2.39898900
OS 3.81471400 2.39898200
OS 3.81273500 2.39640500
OS 3.80835000 2.38880900
OS 3.80499100 2.38070200
OS 3.80272100 2.37223200
OS 3.80157500 2.36352900
OS 3.80157500 2.35475500
OS 3.80272000 2.34605900
OS 3.80499000 2.33758500
OS 3.80834900 2.32947700
OS 3.81273100 2.32188400
OS 3.81471400 2.31930000
OS 3.81472100 2.31929500
OS 3.81473700 2.31929500
OS 3.84626300 2.35081900
OS 3.84627100 2.35082200
OS 3.84628000 2.35081500
OS 3.84649000 2.35002900
OS 3.84960100 2.34463900
OS 3.85399800 2.34024100
OS 3.85938300 2.33713100
OS 3.86018200 2.33691600
OS 3.86018400 2.33690300
OS 3.82866400 2.30538200
OS 3.82865700 2.30536900
OS 3.82865700 2.30536300
OS 3.82866400 2.30535100
OS 3.83124000 2.30337400
OS 3.83883600 2.29898700
OS 3.84694300 2.29562900
OS 3.85541500 2.29335900
OS 3.86411800 2.29221200
OE
OB 3.10821200 2.29133800 H
OS 3.11698600 2.29133800
OS 3.12568200 2.29248300
OS 3.13415700 2.29475400
OS 3.14226300 2.29811100
OS 3.14986100 2.30249700
OS 3.15244100 2.30447700
OS 3.15244500 2.30448300
OS 3.15244500 2.30449900
OS 3.12092100 2.33602500
OS 3.12091800 2.33603300
OS 3.12092500 2.33604200
OS 3.12171400 2.33625400
OS 3.12710100 2.33936300
OS 3.13149700 2.34375900
OS 3.13460900 2.34914500
OS 3.13482500 2.34994400
OS 3.13483800 2.34994600
OS 3.16635900 2.31842600
OS 3.16637200 2.31841900
OS 3.16637800 2.31841900
OS 3.16639000 2.31842600
OS 3.16836700 2.32100200
OS 3.17275400 2.32860100
OS 3.17611100 2.33670300
OS 3.17838200 2.34517600
OS 3.17952800 2.35387600
OS 3.17952800 2.36265400
OS 3.17838300 2.37135000
OS 3.17611300 2.37982400
OS 3.17275600 2.38792900
OS 3.16837000 2.39552700
OS 3.16639000 2.39810800
OS 3.16638300 2.39811300
OS 3.16636700 2.39811300
OS 3.13484100 2.36658900
OS 3.13483300 2.36658600
OS 3.13482400 2.36659300
OS 3.13461300 2.36738000
OS 3.13150200 2.37276900
OS 3.12710500 2.37716700
OS 3.12172100 2.38027700
OS 3.12092100 2.38049300
OS 3.12091900 2.38050600
OS 3.15243900 2.41202700
OS 3.15244600 2.41204000
OS 3.15244600 2.41204600
OS 3.15243900 2.41205800
OS 3.14986600 2.41403400
OS 3.14226700 2.41842100
OS 3.13416100 2.42177900
OS 3.12568600 2.42405000
OS 3.11698600 2.42519600
OS 3.10821200 2.42519600
OS 3.09951600 2.42405100
OS 3.09104100 2.42178000
OS 3.08293400 2.41842200
OS 3.07533800 2.41403700
OS 3.07275600 2.41205700
OS 3.07275200 2.41205100
OS 3.07275200 2.41203500
OS 3.10427600 2.38050900
OS 3.10427900 2.38050100
OS 3.10427200 2.38049200
OS 3.10348400 2.38028000
OS 3.09809700 2.37717000
OS 3.09369900 2.37277300
OS 3.09058800 2.36738700
OS 3.09037300 2.36658900
OS 3.09036000 2.36658700
OS 3.05883900 2.39810700
OS 3.05882600 2.39811400
OS 3.05882000 2.39811400
OS 3.05880800 2.39810700
OS 3.05683000 2.39553000
OS 3.05244400 2.38793300
OS 3.04908600 2.37982800
OS 3.04681600 2.37135400
OS 3.04567000 2.36265500
OS 3.04567000 2.35388000
OS 3.04681500 2.34518400
OS 3.04908500 2.33671000
OS 3.05244100 2.32860600
OS 3.05682800 2.32100600
OS 3.05880800 2.31842500
OS 3.05881500 2.31842000
OS 3.05883100 2.31842000
OS 3.09035700 2.34994400
OS 3.09036500 2.34994700
OS 3.09037400 2.34994000
OS 3.09058500 2.34915400
OS 3.09369600 2.34376500
OS 3.09809100 2.33936800
OS 3.10347700 2.33625700
OS 3.10427600 2.33604100
OS 3.10427800 2.33602800
OS 3.07275800 2.30450700
OS 3.07275100 2.30449400
OS 3.07275100 2.30448800
OS 3.07275800 2.30447600
OS 3.07533400 2.30249900
OS 3.08293100 2.29811200
OS 3.09103700 2.29475500
OS 3.09951200 2.29248400
OS 3.10821200 2.29133800
OE
OB 1.02307400 2.21060900 H
OS 1.08401300 2.21060900
OS 1.08972100 2.21174500
OS 1.09509400 2.21397000
OS 1.09993700 2.21720500
OS 1.16241000 2.27967700
OS 1.16399600 2.28074000
OS 1.16492400 2.28112300
OS 1.17009000 2.28457300
OS 1.17447600 2.28896000
OS 1.17792800 2.29412400
OS 1.18030200 2.29985500
OS 1.18151600 2.30594800
OS 1.18151600 2.31215800
OS 1.18030500 2.31824700
OS 1.17793100 2.32397800
OS 1.17448100 2.32914300
OS 1.17009500 2.33353000
OS 1.16493100 2.33698300
OS 1.15919900 2.33935600
OS 1.15310500 2.34057000
OS 1.14689600 2.34057000
OS 1.14080800 2.33935900
OS 1.13507600 2.33698500
OS 1.12991000 2.33353400
OS 1.12552100 2.32914400
OS 1.12207200 2.32398300
OS 1.12168700 2.32305400
OS 1.12062800 2.32146700
OS 1.07029600 2.27113600
OS 1.06788400 2.26981700
OS 1.06684200 2.26970400
OS 1.04024900 2.26970400
OS 1.03760500 2.27048000
OS 1.03679400 2.27113400
OS 0.95987500 2.34805200
OS 0.95855800 2.35046200
OS 0.95853700 2.35245400
OS 0.95907500 2.35516100
OS 0.95907500 2.36137100
OS 0.95786400 2.36746000
OS 0.95549200 2.37318800
OS 0.95204000 2.37835600
OS 0.94765400 2.38274300
OS 0.94248900 2.38619600
OS 0.93675800 2.38856800
OS 0.93066400 2.38978300
OS 0.92445500 2.38978300
OS 0.91836700 2.38857100
OS 0.91263500 2.38619800
OS 0.90746900 2.38274700
OS 0.90308300 2.37836000
OS 0.89963100 2.37319500
OS 0.89725800 2.36746600
OS 0.89604400 2.36137300
OS 0.89604400 2.35516300
OS 0.89725500 2.34907400
OS 0.89763800 2.34814900
OS 0.89801200 2.34627400
OS 0.89801200 2.33567100
OS 0.89914800 2.32996300
OS 0.90137300 2.32459100
OS 0.90460700 2.31974800
OS 1.00714900 2.21720600
OS 1.01198900 2.21397200
OS 1.01736000 2.21174800
OS 1.02307400 2.21060900
OE
OB 1.76435800 0.61017700 H
OS 1.97855400 0.61017700
OS 1.98456000 0.61178600
OS 1.98995200 0.61489900
OS 2.81850000 1.44344600
OS 2.82161200 1.44883500
OS 2.82322400 1.45484700
OS 2.82322500 1.68999200
OS 2.82399900 1.69263400
OS 2.82751200 1.69789300
OS 2.82988500 1.70362500
OS 2.83109900 1.70971800
OS 2.83109900 1.71592800
OS 2.82988800 1.72201700
OS 2.82751600 1.72774500
OS 2.82406400 1.73291300
OS 2.81967800 1.73730000
OS 2.81451300 1.74075300
OS 2.80878400 1.74312500
OS 2.80268800 1.74433900
OS 2.79647900 1.74433900
OS 2.79039100 1.74312800
OS 2.78444400 1.74066500
OS 2.78443500 1.74066500
OS 2.78441700 1.74070200
OS 2.78440500 1.74071400
OS 2.78439700 1.74071600
OS 2.78202200 1.74022200
OS 2.78054200 1.74057700
OS 2.77731100 1.74191500
OS 2.77121500 1.74312900
OS 2.76500700 1.74312900
OS 2.75891800 1.74191800
OS 2.75318500 1.73954400
OS 2.74802100 1.73609300
OS 2.74363000 1.73170200
OS 2.74018200 1.72654200
OS 2.73780900 1.72081200
OS 2.73659500 1.71471900
OS 2.73659500 1.70850900
OS 2.73780600 1.70242100
OS 2.74018000 1.69669000
OS 2.74364400 1.69150300
OS 2.74446700 1.68887800
OS 2.74446900 1.47638700
OS 2.74369300 1.47374000
OS 2.74303900 1.47292900
OS 2.09536200 0.82525200
OS 2.09294900 0.82393400
OS 2.09294300 0.82393300
OS 2.09020800 0.82413100
OS 2.08800500 0.82577600
OS 2.08704200 0.82834900
OS 2.08702800 0.82870500
OS 2.08702800 0.92322100
OS 2.08780400 0.92586400
OS 2.08845700 0.92667400
OS 2.16301100 1.00122900
OS 2.16387000 1.00271500
OS 2.16421200 1.00309600
OS 2.16427400 1.00313600
OS 2.16438700 1.00328000
OS 2.16857500 1.00746800
OS 2.17202300 1.01262800
OS 2.17439700 1.01835900
OS 2.17561100 1.02445200
OS 2.17561100 1.03066200
OS 2.17440000 1.03675100
OS 2.17202600 1.04248200
OS 2.16857600 1.04764700
OS 2.16418500 1.05203800
OS 2.16308000 1.05277600
OS 2.16131800 1.05488500
OS 2.16097400 1.05761500
OS 2.16215700 1.06009200
OS 2.16234000 1.06028700
OS 2.43628800 1.33423600
OS 2.43973900 1.33939900
OS 2.44211300 1.34513100
OS 2.44332600 1.35121300
OS 2.44332700 1.99916000
OS 2.44211600 2.00525500
OS 2.43974200 2.01098600
OS 2.43629200 2.01615100
OS 2.40465500 2.04778900
OS 2.40333600 2.05020300
OS 2.40333500 2.05020900
OS 2.40353200 2.05294500
OS 2.40517800 2.05514800
OS 2.40775700 2.05611100
OS 2.41044100 2.05552700
OS 2.41081800 2.05530200
OS 2.41164800 2.05474700
OS 2.41737600 2.05237500
OS 2.42347100 2.05116100
OS 2.42967100 2.05116000
OS 2.43576800 2.05237200
OS 2.44149900 2.05474500
OS 2.44666400 2.05819500
OS 2.45105500 2.06258600
OS 2.45450300 2.06774600
OS 2.45687700 2.07347700
OS 2.45809100 2.07957000
OS 2.45809100 2.08578000
OS 2.45688000 2.09186900
OS 2.45450600 2.09760000
OS 2.45105600 2.10276500
OS 2.44667000 2.10715200
OS 2.44150600 2.11060500
OS 2.43577400 2.11297800
OS 2.42967900 2.11419200
OS 2.42347100 2.11419200
OS 2.41738300 2.11298100
OS 2.41165100 2.11060700
OS 2.40648500 2.10715600
OS 2.40209400 2.10276500
OS 2.39864600 2.09760500
OS 2.39627400 2.09187500
OS 2.39506000 2.08578200
OS 2.39506000 2.07957200
OS 2.39627100 2.07348400
OS 2.39864400 2.06775300
OS 2.39919900 2.06692100
OS 2.40002100 2.06429600
OS 2.40002100 2.06429000
OS 2.39929500 2.06164300
OS 2.39724700 2.05980300
OS 2.39453600 2.05936300
OS 2.39453000 2.05936400
OS 2.39201600 2.06045800
OS 2.39168900 2.06075500
OS 2.35710000 2.09534400
OS 2.35193900 2.09879400
OS 2.34809500 2.10038500
OS 2.34595400 2.10211200
OS 2.34508400 2.10472300
OS 2.34576300 2.10738700
OS 2.34590100 2.10760700
OS 2.34820400 2.11105400
OS 2.35057800 2.11678500
OS 2.35179200 2.12287700
OS 2.35179200 2.12908800
OS 2.35058100 2.13517600
OS 2.34820700 2.14090700
OS 2.34475700 2.14607200
OS 2.34036600 2.15046300
OS 2.33520700 2.15391200
OS 2.32947500 2.15628500
OS 2.32338000 2.15749900
OS 2.14492800 2.15749900
OS 2.13883900 2.15628800
OS 2.13310600 2.15391400
OS 2.12794200 2.15046300
OS 2.12355500 2.14607700
OS 2.12010300 2.14091200
OS 2.11773000 2.13518200
OS 2.11651600 2.12909000
OS 2.11651600 2.12287900
OS 2.11772700 2.11679100
OS 2.12010100 2.11106000
OS 2.12355100 2.10589400
OS 2.12794100 2.10150500
OS 2.13310300 2.09805500
OS 2.13883300 2.09568200
OS 2.14492800 2.09446800
OS 2.30573900 2.09446800
OS 2.30837700 2.09369300
OS 2.30838200 2.09369000
OS 2.31018100 2.09161700
OS 2.31057300 2.08889400
OS 2.30980300 2.08687700
OS 2.30908000 2.08579400
OS 2.30670700 2.08006400
OS 2.30549300 2.07397100
OS 2.30549300 2.06776100
OS 2.30670400 2.06167300
OS 2.30907600 2.05594400
OS 2.31252500 2.05077900
OS 2.37886600 1.98443800
OS 2.38018200 1.98202700
OS 2.38029600 1.98098600
OS 2.38029600 1.50402500
OS 2.37952100 1.50138700
OS 2.37951800 1.50138200
OS 2.37744500 1.49958400
OS 2.37472100 1.49919100
OS 2.37221700 1.50033400
OS 2.37090400 1.50215400
OS 2.36887600 1.50704900
OS 2.36542600 1.51221400
OS 2.36104000 1.51660100
OS 2.35587600 1.52005400
OS 2.35014400 1.52242700
OS 2.34404900 1.52364100
OS 2.19935100 1.52364100
OS 2.19671300 1.52441600
OS 2.19670800 1.52441900
OS 2.19491000 1.52649200
OS 2.19451700 1.52921500
OS 2.19566200 1.53172400
OS 2.19663300 1.53258000
OS 2.19961700 1.53457300
OS 2.20400800 1.53896400
OS 2.20745600 1.54412400
OS 2.20983000 1.54985500
OS 2.21104400 1.55594800
OS 2.21104400 1.60152800
OS 2.20983300 1.60761700
OS 2.20745900 1.61334800
OS 2.20400900 1.61851300
OS 2.07074100 1.75178100
OS 2.06942500 1.75419100
OS 2.06931100 1.75523300
OS 2.06931100 1.81019000
OS 2.06810000 1.81627800
OS 2.06572800 1.82200700
OS 2.06227700 1.82717500
OS 2.05788700 1.83156400
OS 2.05272500 1.83501400
OS 2.04699600 1.83738700
OS 2.04090000 1.83860100
OS 2.03469200 1.83860100
OS 2.02860300 1.83739000
OS 2.02287200 1.83501700
OS 2.01770600 1.83156600
OS 2.01331500 1.82717500
OS 2.00986700 1.82201400
OS 2.00749400 1.81628600
OS 2.00628000 1.81019200
OS 2.00628000 1.75322800
OS 2.00550500 1.75059000
OS 2.00550200 1.75058500
OS 2.00342900 1.74878600
OS 2.00070500 1.74839400
OS 1.99820800 1.74953300
OS 1.99794600 1.74977400
OS 1.86891400 1.87880700
OS 1.86375000 1.88225900
OS 1.85801800 1.88463100
OS 1.85192300 1.88584600
OS 1.84374700 1.88584600
OS 1.83765800 1.88463400
OS 1.83192500 1.88226100
OS 1.82676100 1.87881000
OS 1.82237000 1.87441900
OS 1.81892200 1.86925800
OS 1.81654900 1.86352900
OS 1.81533500 1.85743600
OS 1.81533500 1.85122600
OS 1.81654600 1.84513700
OS 1.81892000 1.83940600
OS 1.82237000 1.83424100
OS 1.82676100 1.82985000
OS 1.83211600 1.82626900
OS 1.83211500 1.82624400
OS 1.83211700 1.82624000
OS 1.83298400 1.82559500
OS 2.02453500 1.63404400
OS 2.02585100 1.63163400
OS 2.02596500 1.63059200
OS 2.02596500 1.57563500
OS 2.02717600 1.56954700
OS 2.02955000 1.56381600
OS 2.03300000 1.55865000
OS 2.03739100 1.55425900
OS 2.04255200 1.55081000
OS 2.04828200 1.54843800
OS 2.05437700 1.54722300
OS 2.06058500 1.54722300
OS 2.06667400 1.54843500
OS 2.07240400 1.55080800
OS 2.07757000 1.55425800
OS 2.08196100 1.55864900
OS 2.08540900 1.56380900
OS 2.08778200 1.56954000
OS 2.08899700 1.57563300
OS 2.08899700 1.63259700
OS 2.08977200 1.63523500
OS 2.08977500 1.63524000
OS 2.09184700 1.63703900
OS 2.09457100 1.63743100
OS 2.09706800 1.63629200
OS 2.09733000 1.63605100
OS 2.14658300 1.58679800
OS 2.14789900 1.58439000
OS 2.14801200 1.58334800
OS 2.14801200 1.55595000
OS 2.14922300 1.54986200
OS 2.15159700 1.54413100
OS 2.15504700 1.53896500
OS 2.15943800 1.53457400
OS 2.16241900 1.53258300
OS 2.16418100 1.53047400
OS 2.16452600 1.52774400
OS 2.16334000 1.52526500
OS 2.16333600 1.52526000
OS 2.16099900 1.52381500
OS 2.15970800 1.52364100
OS 2.02288100 1.52364100
OS 2.01679200 1.52243000
OS 2.01105900 1.52005600
OS 2.00589500 1.51660500
OS 1.92922400 1.43993500
OS 1.92577300 1.43477000
OS 1.92340000 1.42904200
OS 1.92218600 1.42294800
OS 1.92218600 1.19910000
OS 1.92339700 1.19301100
OS 1.92577000 1.18728100
OS 1.92922000 1.18211500
OS 1.93401500 1.17732000
OS 1.93917700 1.17387100
OS 1.94490700 1.17149800
OS 1.95100100 1.17028400
OS 1.95721000 1.17028400
OS 1.96329800 1.17149500
OS 1.96902900 1.17386900
OS 1.97180900 1.17572500
OS 1.97278300 1.17603100
OS 1.97370400 1.17648000
OS 1.97407100 1.17643700
OS 1.97443500 1.17654800
OS 1.97444100 1.17654800
OS 1.97541800 1.17628100
OS 1.97643400 1.17615900
OS 1.97672100 1.17592600
OS 1.97708700 1.17582200
OS 1.97776900 1.17506600
OS 1.97856000 1.17441400
OS 1.97867400 1.17406200
OS 1.97867800 1.17405500
OS 1.97892800 1.17377500
OS 1.97909200 1.17277000
OS 1.97940500 1.17179600
OS 1.97933900 1.17124700
OS 1.97936800 1.17106600
OS 1.97924400 1.17041800
OS 1.97872200 1.16847100
OS 1.97872100 1.16844800
OS 1.97863600 1.16812400
OS 1.97807700 1.16720000
OS 1.97764300 1.16622100
OS 1.97736700 1.16591800
OS 1.94801100 1.13656200
OS 1.94490000 1.13117400
OS 1.94328900 1.12516400
OS 1.94328800 0.97326500
OS 1.94489700 0.96725700
OS 1.94801100 0.96186300
OS 1.99177800 0.91809400
OS 1.99717000 0.91497800
OS 2.00318300 0.91336600
OS 2.03485700 0.91336500
OS 2.03749800 0.91259000
OS 2.03750300 0.91258700
OS 2.03930200 0.91051200
OS 2.03974500 0.90848300
OS 2.03974500 0.80629200
OS 2.03897100 0.80365400
OS 2.03545800 0.79839200
OS 2.03308500 0.79266400
OS 2.03187100 0.78657000
OS 2.03187100 0.78035900
OS 2.03308200 0.77427100
OS 2.03545500 0.76854100
OS 2.03890500 0.76337500
OS 2.04061700 0.76166300
OS 2.04193400 0.75925100
OS 2.04193500 0.75924500
OS 2.04173900 0.75650900
OS 2.04061800 0.75476100
OS 1.96053500 0.67467700
OS 1.95812500 0.67336100
OS 1.95708300 0.67324700
OS 1.89338700 0.67324700
OS 1.89074900 0.67402200
OS 1.89074400 0.67402500
OS 1.88894500 0.67609800
OS 1.88855300 0.67882200
OS 1.88969000 0.68131800
OS 1.88993300 0.68158100
OS 1.89298200 0.68463000
OS 1.89643200 0.68979300
OS 1.89880600 0.69552500
OS 1.90002000 0.70161700
OS 1.90002000 0.70782800
OS 1.89880900 0.71391600
OS 1.89643500 0.71964700
OS 1.89298500 0.72481300
OS 1.88859600 0.72920200
OS 1.88343400 0.73265200
OS 1.87770300 0.73502500
OS 1.87160900 0.73623900
OS 1.86557400 0.73623900
OS 1.86293600 0.73701400
OS 1.86293100 0.73701700
OS 1.86113200 0.73909200
OS 1.86068900 0.74112100
OS 1.86068900 0.92259200
OS 1.86138000 0.92509400
OS 1.86169100 0.92561500
OS 1.86190900 0.92583300
OS 1.86502100 0.93122200
OS 1.86663300 0.93723400
OS 1.86663400 0.97614500
OS 1.86502500 0.98215300
OS 1.86191200 0.98754700
OS 1.86171500 0.98774400
OS 1.86141500 0.98823100
OS 1.86119800 0.98902800
OS 1.86080300 0.98975000
OS 1.86068900 0.99079200
OS 1.86068900 0.99126100
OS 1.85908000 0.99726900
OS 1.85596700 1.00266300
OS 1.77546800 1.08316300
OS 1.77414900 1.08557500
OS 1.77403600 1.08661700
OS 1.77403600 1.33680200
OS 1.77481100 1.33944000
OS 1.77481400 1.33944500
OS 1.77688700 1.34124400
OS 1.77960700 1.34163700
OS 1.78078400 1.34131500
OS 1.78450200 1.33977600
OS 1.79059700 1.33856200
OS 1.79680500 1.33856200
OS 1.80289400 1.33977300
OS 1.80862500 1.34214700
OS 1.81379000 1.34559700
OS 1.81818100 1.34998800
OS 1.82162900 1.35514700
OS 1.82400300 1.36087900
OS 1.82439000 1.36281400
OS 1.82566500 1.36525300
OS 1.82566900 1.36525700
OS 1.82805300 1.36661600
OS 1.83079900 1.36647000
OS 1.83262900 1.36532000
OS 1.85234700 1.34560200
OS 1.85751300 1.34214900
OS 1.86324300 1.33977600
OS 1.86933700 1.33856200
OS 1.87554600 1.33856200
OS 1.88163400 1.33977300
OS 1.88736500 1.34214700
OS 1.89253100 1.34559700
OS 1.89691700 1.34998400
OS 1.90036900 1.35514700
OS 1.90274300 1.36087900
OS 1.90395700 1.36697200
OS 1.90395700 1.37318200
OS 1.90274600 1.37927100
OS 1.90037200 1.38500100
OS 1.89692200 1.39016700
OS 1.83058400 1.45650500
OS 1.82926800 1.45891600
OS 1.82915400 1.45995700
OS 1.82915400 1.59365400
OS 1.82794300 1.59974300
OS 1.82556900 1.60547400
OS 1.82211900 1.61063900
OS 1.75184600 1.68091300
OS 1.75052700 1.68332500
OS 1.75041400 1.68436700
OS 1.75041400 1.84168600
OS 1.74920300 1.84777500
OS 1.74682900 1.85350500
OS 1.74337900 1.85867100
OS 1.49284200 2.10920800
OS 1.49152400 2.11162000
OS 1.49152300 2.11162600
OS 1.49172000 2.11436000
OS 1.49223200 2.11536900
OS 1.49485700 2.11929700
OS 1.49723100 2.12502900
OS 1.49844500 2.13112100
OS 1.49844500 2.13733200
OS 1.49723400 2.14342000
OS 1.49486200 2.14914900
OS 1.49141000 2.15431700
OS 1.48702000 2.15870700
OS 1.48185900 2.16215600
OS 1.47613000 2.16452900
OS 1.47003400 2.16574300
OS 1.46396000 2.16574300
OS 1.46132200 2.16651800
OS 1.46131700 2.16652100
OS 1.45951700 2.16859600
OS 1.45907500 2.17062500
OS 1.45907500 2.19601700
OS 1.45786400 2.20210500
OS 1.45549200 2.20783400
OS 1.45204000 2.21300200
OS 1.44765000 2.21739200
OS 1.44248900 2.22084100
OS 1.43675800 2.22321400
OS 1.43066400 2.22442800
OS 1.42445500 2.22442800
OS 1.41836700 2.22321700
OS 1.41263500 2.22084300
OS 1.40746900 2.21739200
OS 1.40307900 2.21300200
OS 1.39963100 2.20784100
OS 1.39725800 2.20211100
OS 1.39604400 2.19601900
OS 1.39604400 2.12589600
OS 1.39725500 2.11980700
OS 1.39962800 2.11407700
OS 1.40307900 2.10891100
OS 1.43377300 2.07821600
OS 1.43615200 2.07662600
OS 1.43689100 2.07601800
OS 1.68595200 1.82695700
OS 1.68726900 1.82454700
OS 1.68738200 1.82350500
OS 1.68738200 1.66618600
OS 1.68859300 1.66009800
OS 1.69096700 1.65436700
OS 1.69441700 1.64920100
OS 1.76469100 1.57892800
OS 1.76600900 1.57651600
OS 1.76612300 1.57547400
OS 1.76612300 1.49670300
OS 1.76534800 1.49406400
OS 1.76534500 1.49405900
OS 1.76327200 1.49226100
OS 1.76054800 1.49186900
OS 1.75805100 1.49300700
OS 1.75778900 1.49324900
OS 1.66916600 1.58187200
OS 1.66785000 1.58428000
OS 1.66773700 1.58532200
OS 1.66773700 1.67938100
OS 1.66777600 1.67998000
OS 1.66777600 1.70584400
OS 1.66773700 1.70644500
OS 1.66773700 1.72913900
OS 1.66851100 1.73177800
OS 1.66855900 1.73185400
OS 1.67202300 1.73703800
OS 1.67439700 1.74276900
OS 1.67561100 1.74886200
OS 1.67561100 1.75507200
OS 1.67440000 1.76116000
OS 1.67202600 1.76689100
OS 1.66857600 1.77205700
OS 1.66418900 1.77644300
OS 1.65902400 1.77989600
OS 1.65329500 1.78226900
OS 1.64719900 1.78348300
OS 1.64099100 1.78348300
OS 1.63490200 1.78227200
OS 1.62917100 1.77989900
OS 1.62400500 1.77644700
OS 1.61961800 1.77206100
OS 1.61616600 1.76689600
OS 1.61379300 1.76116800
OS 1.61257900 1.75507400
OS 1.61257900 1.74886300
OS 1.61379000 1.74277500
OS 1.61616400 1.73704400
OS 1.61962900 1.73185500
OS 1.62045100 1.72923200
OS 1.62045300 1.71748500
OS 1.61967800 1.71484400
OS 1.61967500 1.71483900
OS 1.61760200 1.71304100
OS 1.61557100 1.71259700
OS 1.60080400 1.71259600
OS 1.60079800 1.71259400
OS 1.60079100 1.71258700
OS 1.60078800 1.71257800
OS 1.60078900 1.67324300
OS 1.60079100 1.67323700
OS 1.60079800 1.67323000
OS 1.60080700 1.67322700
OS 1.60377700 1.67322700
OS 1.60641500 1.67245200
OS 1.60642000 1.67244900
OS 1.60822000 1.67037400
OS 1.60866200 1.66834600
OS 1.60866400 1.57086500
OS 1.72140300 1.45812400
OS 1.72272200 1.45571200
OS 1.72283500 1.45467000
OS 1.72283700 1.06692800
OS 1.79513600 0.99462800
OS 1.79645300 0.99221500
OS 1.79645400 0.99220900
OS 1.79625700 0.98947400
OS 1.79461300 0.98727300
OS 1.79355200 0.98666600
OS 1.78861800 0.98462300
OS 1.78345400 0.98117200
OS 1.77906300 0.97678100
OS 1.77561500 0.97162100
OS 1.77324200 0.96589100
OS 1.77264800 0.96291300
OS 1.77137300 0.96047300
OS 1.77136900 0.96046900
OS 1.76898500 0.95911100
OS 1.76623600 0.95925600
OS 1.76515100 0.95979900
OS 1.76335500 0.96099900
OS 1.75762300 0.96337200
OS 1.75153000 0.96458600
OS 1.74532200 0.96458600
OS 1.73923600 0.96337600
OS 1.73350000 0.96100100
OS 1.72833600 0.95755000
OS 1.72394500 0.95315900
OS 1.72049700 0.94799800
OS 1.71812400 0.94226900
OS 1.71690500 0.93615200
OS 1.71563000 0.93371100
OS 1.70392100 0.92200000
OS 1.70080600 0.91660700
OS 1.69919400 0.91059700
OS 1.69919300 0.67534500
OS 1.70080300 0.66933700
OS 1.70391600 0.66394300
OS 1.75295600 0.61490200
OS 1.75834500 0.61178900
OS 1.76435800 0.61017700
OE
OB 0.25703600 1.40352300 H
OS 0.27524800 1.40352300
OS 0.28351300 1.40483200
OS 0.29147000 1.40741700
OS 0.29893000 1.41121800
OS 0.30569700 1.41613300
OS 0.31161500 1.42205000
OS 0.31653500 1.42882100
OS 0.32033600 1.43628000
OS 0.32292300 1.44423700
OS 0.32423300 1.45250200
OS 0.32423300 1.46087600
OS 0.32292400 1.46914100
OS 0.32033900 1.47709700
OS 0.31654100 1.48455500
OS 0.31162000 1.49132800
OS 0.30570100 1.49724700
OS 0.29922300 1.50195300
OS 0.29754300 1.50413000
OS 0.29754100 1.50413500
OS 0.29730700 1.50686900
OS 0.29730800 1.50687500
OS 0.29858600 1.50930100
OS 0.29922000 1.50985300
OS 0.30570100 1.51456200
OS 0.31161900 1.52048000
OS 0.31653500 1.52724600
OS 0.32033600 1.53470500
OS 0.32292300 1.54266300
OS 0.32423300 1.55092800
OS 0.32423300 1.55930200
OS 0.32292400 1.56756700
OS 0.32033900 1.57552200
OS 0.31654100 1.58298000
OS 0.31162000 1.58975300
OS 0.30570400 1.59567000
OS 0.29920600 1.60039000
OS 0.29752700 1.60256800
OS 0.29752500 1.60257300
OS 0.29729000 1.60530600
OS 0.29729100 1.60531200
OS 0.29856900 1.60773800
OS 0.29920300 1.60829100
OS 0.30568800 1.61300200
OS 0.31160400 1.61891800
OS 0.31651800 1.62568200
OS 0.32031800 1.63313800
OS 0.32290300 1.64109200
OS 0.32331300 1.64368000
OS 0.32331100 1.64368800
OS 0.32330100 1.64369800
OS 0.28207100 1.64370000
OS 0.28206300 1.64370400
OS 0.28206100 1.64371200
OS 0.28356700 1.64632000
OS 0.28484200 1.65107500
OS 0.28484300 1.65600400
OS 0.28357100 1.66075600
OS 0.28206400 1.66336900
OS 0.28206400 1.66337800
OS 0.28207000 1.66338400
OS 0.32329700 1.66338600
OS 0.32330300 1.66338800
OS 0.32331300 1.66340200
OS 0.32290400 1.66598700
OS 0.32032100 1.67394000
OS 0.31652400 1.68139500
OS 0.31160500 1.68816600
OS 0.30568800 1.69408300
OS 0.29920600 1.69879100
OS 0.29752700 1.70096900
OS 0.29752500 1.70097400
OS 0.29729000 1.70370700
OS 0.29729100 1.70371300
OS 0.29856900 1.70613900
OS 0.29920300 1.70669100
OS 0.30570100 1.71141200
OS 0.31161900 1.71733000
OS 0.31653500 1.72409700
OS 0.32033600 1.73155600
OS 0.32292300 1.73951300
OS 0.32423300 1.74777800
OS 0.32423300 1.75615200
OS 0.32292400 1.76441700
OS 0.32033900 1.77237200
OS 0.31654100 1.77983000
OS 0.31162000 1.78660400
OS 0.30570100 1.79252300
OS 0.29922300 1.79722900
OS 0.29754300 1.79940600
OS 0.29754100 1.79941100
OS 0.29730700 1.80214500
OS 0.29730800 1.80215100
OS 0.29858600 1.80457700
OS 0.29922000 1.80512900
OS 0.30570100 1.80983700
OS 0.31161800 1.81575400
OS 0.31653500 1.82252200
OS 0.32033600 1.82998100
OS 0.32292300 1.83793800
OS 0.32423300 1.84620300
OS 0.32423300 1.85457700
OS 0.32292400 1.86284200
OS 0.32033900 1.87079800
OS 0.31654100 1.87825600
OS 0.31162000 1.88502900
OS 0.30570100 1.89094800
OS 0.29922300 1.89565400
OS 0.29754300 1.89783100
OS 0.29754100 1.89783600
OS 0.29730700 1.90057000
OS 0.29730800 1.90057600
OS 0.29858600 1.90300200
OS 0.29922000 1.90355400
OS 0.30570100 1.90826300
OS 0.31161600 1.91417700
OS 0.31653500 1.92094700
OS 0.32033600 1.92840600
OS 0.32292300 1.93636300
OS 0.32423300 1.94462800
OS 0.32423300 1.95300200
OS 0.32292400 1.96126700
OS 0.32033900 1.96922300
OS 0.31654100 1.97668100
OS 0.31162000 1.98345400
OS 0.30570100 1.98937300
OS 0.29922300 1.99407900
OS 0.29754300 1.99625600
OS 0.29754100 1.99626100
OS 0.29730700 1.99899500
OS 0.29730800 1.99900100
OS 0.29858600 2.00142700
OS 0.29922000 2.00197900
OS 0.30570100 2.00668800
OS 0.31161900 2.01260600
OS 0.31653500 2.01937200
OS 0.32033600 2.02683100
OS 0.32292300 2.03478900
OS 0.32423300 2.04305400
OS 0.32423300 2.05142800
OS 0.32292400 2.05969300
OS 0.32033900 2.06764800
OS 0.31654100 2.07510600
OS 0.31162000 2.08187900
OS 0.30615600 2.08734400
OS 0.30483600 2.08975800
OS 0.30483500 2.08976400
OS 0.30503300 2.09250000
OS 0.30667700 2.09470200
OS 0.30704400 2.09495300
OS 0.31313500 2.09870900
OS 0.31802000 2.10359400
OS 0.32164500 2.10947000
OS 0.32381700 2.11602500
OS 0.32423300 2.12007400
OS 0.32423300 2.17125900
OS 0.32381900 2.17530500
OS 0.32165000 2.18185600
OS 0.31802200 2.18773900
OS 0.31314200 2.19262100
OS 0.30726100 2.19625100
OS 0.30070600 2.19842200
OS 0.29665400 2.19883800
OS 0.23563000 2.19883800
OS 0.23158400 2.19842400
OS 0.22503300 2.19625400
OS 0.21914900 2.19262500
OS 0.21426300 2.18774000
OS 0.21063800 2.18186300
OS 0.20846700 2.17531100
OS 0.20805200 2.17126100
OS 0.20805200 2.12007700
OS 0.20846500 2.11603100
OS 0.21063500 2.10948100
OS 0.21426400 2.10359600
OS 0.21914700 2.09871200
OS 0.22523900 2.09495400
OS 0.22708000 2.09290600
OS 0.22752200 2.09019500
OS 0.22752100 2.09018900
OS 0.22642900 2.08767400
OS 0.22613000 2.08734500
OS 0.22066400 2.08187900
OS 0.21574700 2.07511000
OS 0.21194700 2.06765300
OS 0.20936200 2.05969700
OS 0.20805200 2.05143300
OS 0.20805200 2.04305900
OS 0.20936100 2.03479400
OS 0.21194500 2.02683800
OS 0.21574400 2.01938000
OS 0.22066400 2.01260700
OS 0.22658200 2.00668900
OS 0.23306100 2.00198200
OS 0.23474100 1.99980400
OS 0.23474300 1.99979900
OS 0.23497700 1.99706600
OS 0.23497600 1.99706000
OS 0.23369900 1.99463400
OS 0.23306300 1.99408100
OS 0.22658400 1.98937300
OS 0.22066700 1.98345700
OS 0.21574700 1.97668500
OS 0.21194700 1.96922800
OS 0.20936200 1.96127100
OS 0.20805200 1.95300700
OS 0.20805200 1.94463300
OS 0.20936100 1.93636800
OS 0.21194500 1.92841300
OS 0.21574400 1.92095500
OS 0.22066400 1.91418200
OS 0.22658400 1.90826200
OS 0.23306100 1.90355700
OS 0.23474100 1.90137900
OS 0.23474300 1.90137400
OS 0.23497700 1.89864100
OS 0.23497600 1.89863500
OS 0.23369900 1.89620900
OS 0.23306300 1.89565600
OS 0.22658400 1.89094800
OS 0.22066700 1.88503200
OS 0.21574700 1.87826000
OS 0.21194700 1.87080300
OS 0.20936200 1.86284600
OS 0.20805200 1.85458200
OS 0.20805200 1.84620800
OS 0.20936100 1.83794300
OS 0.21194500 1.82998800
OS 0.21574400 1.82253000
OS 0.22066400 1.81575700
OS 0.22657900 1.80984100
OS 0.23306100 1.80513200
OS 0.23474100 1.80295300
OS 0.23474300 1.80294800
OS 0.23497700 1.80021600
OS 0.23497600 1.80021000
OS 0.23369900 1.79778400
OS 0.23306300 1.79723100
OS 0.22658400 1.79252300
OS 0.22066700 1.78660700
OS 0.21574700 1.77983500
OS 0.21194700 1.77237800
OS 0.20936200 1.76442100
OS 0.20805200 1.75615700
OS 0.20805200 1.74778300
OS 0.20936100 1.73951800
OS 0.21194500 1.73156300
OS 0.21574400 1.72410500
OS 0.22066400 1.71733100
OS 0.22658200 1.71141300
OS 0.23307800 1.70669400
OS 0.23475800 1.70451600
OS 0.23476000 1.70451100
OS 0.23499400 1.70177800
OS 0.23499300 1.70177200
OS 0.23371500 1.69934600
OS 0.23308000 1.69879300
OS 0.22659700 1.69408300
OS 0.22067900 1.68816500
OS 0.21576300 1.68139900
OS 0.21196500 1.67394500
OS 0.20938100 1.66599100
OS 0.20897200 1.66340500
OS 0.20897400 1.66339700
OS 0.20898400 1.66338700
OS 0.25021300 1.66338500
OS 0.25022100 1.66338100
OS 0.25022300 1.66337300
OS 0.24871700 1.66076300
OS 0.24744200 1.65600900
OS 0.24744100 1.65108000
OS 0.24871400 1.64632900
OS 0.25022000 1.64371600
OS 0.25022000 1.64370700
OS 0.25021400 1.64370100
OS 0.20898800 1.64369900
OS 0.20898200 1.64369700
OS 0.20897200 1.64368300
OS 0.20938000 1.64109700
OS 0.21196300 1.63314500
OS 0.21576000 1.62569000
OS 0.22067800 1.61892100
OS 0.22659200 1.61300600
OS 0.23307800 1.60829300
OS 0.23475800 1.60611500
OS 0.23476000 1.60611000
OS 0.23499400 1.60337700
OS 0.23499300 1.60337100
OS 0.23371500 1.60094600
OS 0.23308000 1.60039200
OS 0.22658400 1.59567300
OS 0.22066500 1.58975400
OS 0.21574700 1.58298400
OS 0.21194700 1.57552700
OS 0.20936200 1.56757100
OS 0.20805200 1.55930700
OS 0.20805200 1.55093300
OS 0.20936100 1.54266800
OS 0.21194500 1.53471200
OS 0.21574400 1.52725400
OS 0.22066400 1.52048100
OS 0.22658200 1.51456300
OS 0.23306100 1.50985600
OS 0.23474100 1.50767800
OS 0.23474300 1.50767300
OS 0.23497700 1.50494000
OS 0.23497600 1.50493400
OS 0.23369900 1.50250800
OS 0.23306300 1.50195500
OS 0.22658400 1.49724700
OS 0.22066700 1.49133100
OS 0.21574700 1.48455900
OS 0.21194700 1.47710200
OS 0.20936200 1.46914500
OS 0.20805200 1.46088100
OS 0.20805200 1.45250700
OS 0.20936100 1.44424200
OS 0.21194500 1.43628700
OS 0.21574400 1.42882900
OS 0.22066400 1.42205600
OS 0.22658400 1.41613600
OS 0.23335000 1.41122100
OS 0.24080900 1.40741900
OS 0.24876700 1.40483300
OS 0.25703600 1.40352300
OE
OB 3.82913400 1.99691700 H
OS 3.90787500 1.99691700
OS 3.91192100 1.99733100
OS 3.91847400 1.99950100
OS 3.92435400 2.00312700
OS 3.92924200 2.00801400
OS 3.93286500 2.01388700
OS 3.93503800 2.02044300
OS 3.93545300 2.02449300
OS 3.93545300 2.10323600
OS 3.93504000 2.10728200
OS 3.93286900 2.11383600
OS 3.92924200 2.11971700
OS 3.92435800 2.12460200
OS 3.91848000 2.12822800
OS 3.91192700 2.13039900
OS 3.90787500 2.13081500
OS 3.82913400 2.13081500
OS 3.82508800 2.13040100
OS 3.81853500 2.12823100
OS 3.81265300 2.12460300
OS 3.80777100 2.11972200
OS 3.80414200 2.11383900
OS 3.80197100 2.10728800
OS 3.80155600 2.10323800
OS 3.80155600 2.02449500
OS 3.80196900 2.02044900
OS 3.80413900 2.01389900
OS 3.80776800 2.00801500
OS 3.81264700 2.00313400
OS 3.81852800 1.99950400
OS 3.82508200 1.99733300
OS 3.82913400 1.99691700
OE
OB 3.07322800 1.99604200 H
OS 3.15196900 1.99604200
OS 3.15601500 1.99645600
OS 3.16256700 1.99862600
OS 3.16845000 2.00225500
OS 3.17333100 2.00713400
OS 3.17696200 2.01301700
OS 3.17913200 2.01956800
OS 3.17954800 2.02361800
OS 3.17954800 2.10236200
OS 3.17913400 2.10640700
OS 3.17696400 2.11296100
OS 3.17333800 2.11884100
OS 3.16845600 2.12372300
OS 3.16257400 2.12735300
OS 3.15602100 2.12952500
OS 3.15197000 2.12994000
OS 3.07322800 2.12994000
OS 3.06918300 2.12952700
OS 3.06262900 2.12735600
OS 3.05674900 2.12373000
OS 3.05186300 2.11884500
OS 3.04823700 2.11296700
OS 3.04606500 2.10641300
OS 3.04565000 2.10236300
OS 3.04565000 2.02362100
OS 3.04606300 2.01957400
OS 3.04823300 2.01302400
OS 3.05186200 2.00714000
OS 3.05674900 2.00225200
OS 3.06262200 1.99862900
OS 3.06917700 1.99645800
OS 3.07322800 1.99604200
OE
OB 1.15984300 1.94662800 H
OS 1.20708700 1.94662800
OS 1.21113300 1.94704200
OS 1.21768700 1.94921300
OS 1.22356700 1.95283900
OS 1.22845400 1.95772500
OS 1.23208000 1.96360300
OS 1.23425000 1.97015400
OS 1.23466600 1.97420400
OS 1.23466600 2.02145200
OS 1.23425200 2.02549700
OS 1.23208200 2.03205100
OS 1.22845600 2.03793100
OS 1.22572800 2.04065900
OS 1.22441100 2.04307100
OS 1.22441000 2.04307700
OS 1.22460700 2.04581600
OS 1.22522800 2.04697700
OS 1.22723600 2.04974100
OS 1.23089500 2.05692100
OS 1.23338500 2.06458000
OS 1.23464600 2.07253600
OS 1.23464600 2.08059800
OS 1.23338600 2.08855200
OS 1.23089800 2.09621100
OS 1.22724200 2.10339000
OS 1.22597500 2.10513200
OS 1.22596900 2.10513600
OS 1.22595300 2.10513600
OS 1.19923100 2.07841600
OS 1.19922300 2.07841300
OS 1.19921900 2.07841500
OS 1.19921400 2.07842300
OS 1.19921300 2.07864000
OS 1.19814200 2.08264300
OS 1.19606800 2.08623700
OS 1.19313700 2.08916900
OS 1.18954800 2.09124200
OS 1.18554200 2.09231600
OS 1.18531900 2.09231700
OS 1.18531100 2.09232100
OS 1.18530900 2.09232900
OS 1.21203000 2.11905500
OS 1.21203300 2.11906500
OS 1.21202800 2.11907700
OS 1.21029400 2.12034000
OS 1.20311400 2.12400000
OS 1.19545300 2.12648900
OS 1.18749300 2.12775100
OS 1.17943700 2.12775100
OS 1.17148100 2.12649000
OS 1.16382100 2.12400200
OS 1.15664000 2.12034300
OS 1.15490200 2.11907900
OS 1.15489800 2.11907300
OS 1.15489800 2.11905700
OS 1.18161800 2.09233500
OS 1.18162100 2.09232700
OS 1.18161900 2.09232300
OS 1.18161100 2.09231800
OS 1.18139600 2.09231700
OS 1.17739000 2.09124500
OS 1.17379800 2.08917200
OS 1.17086600 2.08624200
OS 1.16879100 2.08265000
OS 1.16771800 2.07864800
OS 1.16771700 2.07842300
OS 1.16771300 2.07841500
OS 1.16770500 2.07841300
OS 1.14097900 2.10513400
OS 1.14096900 2.10513700
OS 1.14095700 2.10513200
OS 1.13969100 2.10339400
OS 1.13603400 2.09621600
OS 1.13354500 2.08855600
OS 1.13228400 2.08060300
OS 1.13228400 2.07254100
OS 1.13354400 2.06458500
OS 1.13603200 2.05692800
OS 1.13968800 2.04974900
OS 1.14169700 2.04698400
OS 1.14262300 2.04438800
OS 1.14199900 2.04171000
OS 1.14120200 2.04065900
OS 1.13847800 2.03793600
OS 1.13485100 2.03205800
OS 1.13268000 2.02550300
OS 1.13226400 2.02145300
OS 1.13226400 1.97420600
OS 1.13267800 1.97016000
OS 1.13484700 1.96361000
OS 1.13847600 1.95772600
OS 1.14335900 1.95284200
OS 1.14923700 1.94921600
OS 1.15579100 1.94704400
OS 1.15984300 1.94662800
OE
OB 0.92362200 1.94662800 H
OS 0.97086700 1.94662800
OS 0.97491300 1.94704200
OS 0.98146600 1.94921300
OS 0.98734600 1.95283900
OS 0.99223300 1.95772500
OS 0.99585900 1.96360300
OS 0.99803000 1.97015400
OS 0.99844500 1.97420400
OS 0.99844500 2.02145200
OS 0.99803200 2.02549700
OS 0.99586100 2.03205100
OS 0.99223500 2.03793100
OS 0.98951000 2.04065700
OS 0.98819100 2.04307100
OS 0.98819000 2.04307700
OS 0.98838700 2.04581600
OS 0.98900700 2.04697700
OS 0.99101700 2.04974400
OS 0.99467500 2.05692100
OS 0.99716400 2.06458000
OS 0.99842600 2.07253600
OS 0.99842600 2.08059800
OS 0.99716500 2.08855200
OS 0.99467800 2.09621100
OS 0.99102200 2.10339000
OS 0.98975500 2.10513200
OS 0.98974900 2.10513600
OS 0.98973300 2.10513600
OS 0.96301100 2.07841600
OS 0.96300300 2.07841300
OS 0.96299900 2.07841500
OS 0.96299400 2.07842300
OS 0.96299300 2.07864000
OS 0.96192100 2.08264300
OS 0.95984700 2.08623700
OS 0.95691600 2.08916900
OS 0.95332700 2.09124200
OS 0.94932200 2.09231600
OS 0.94909800 2.09231700
OS 0.94909000 2.09232100
OS 0.94908800 2.09232900
OS 0.97580900 2.11905500
OS 0.97581200 2.11906500
OS 0.97580700 2.11907700
OS 0.97407400 2.12034000
OS 0.96689300 2.12400000
OS 0.95923200 2.12648900
OS 0.95127300 2.12775100
OS 0.94321600 2.12775100
OS 0.93526100 2.12649000
OS 0.92760100 2.12400200
OS 0.92042000 2.12034300
OS 0.91868200 2.11907900
OS 0.91867800 2.11907300
OS 0.91867800 2.11905700
OS 0.94539800 2.09233500
OS 0.94540100 2.09232700
OS 0.94539900 2.09232300
OS 0.94539100 2.09231800
OS 0.94517500 2.09231700
OS 0.94116900 2.09124500
OS 0.93757700 2.08917200
OS 0.93464500 2.08624100
OS 0.93257100 2.08265000
OS 0.93149800 2.07864800
OS 0.93149700 2.07842300
OS 0.93149300 2.07841500
OS 0.93148500 2.07841300
OS 0.90475800 2.10513500
OS 0.90474800 2.10513800
OS 0.90473600 2.10513300
OS 0.90347100 2.10339400
OS 0.89981300 2.09621600
OS 0.89732500 2.08855600
OS 0.89606300 2.08060300
OS 0.89606300 2.07254100
OS 0.89732400 2.06458500
OS 0.89981100 2.05692800
OS 0.90346800 2.04974900
OS 0.90547700 2.04698400
OS 0.90640200 2.04438800
OS 0.90577800 2.04171000
OS 0.90498100 2.04065900
OS 0.90225700 2.03793500
OS 0.89863100 2.03205700
OS 0.89645900 2.02550300
OS 0.89604400 2.02145300
OS 0.89604400 1.97420600
OS 0.89645700 1.97016000
OS 0.89862700 1.96361000
OS 0.90225600 1.95772600
OS 0.90713900 1.95284200
OS 0.91301700 1.94921600
OS 0.91957000 1.94704400
OS 0.92362200 1.94662800
OE
OB 4.59956300 1.72832600 H
OS 4.60988700 1.72832600
OS 4.62012100 1.72967300
OS 4.63009400 1.73234600
OS 4.63962900 1.73629400
OS 4.64857300 1.74145800
OS 4.65676500 1.74774300
OS 4.66406800 1.75504600
OS 4.67035100 1.76323400
OS 4.67551300 1.77217400
OS 4.67946400 1.78171100
OS 4.68213600 1.79168500
OS 4.68348500 1.80191900
OS 4.68348500 1.81224800
OS 4.68213700 1.82248200
OS 4.67946600 1.83245400
OS 4.67551500 1.84199200
OS 4.67035400 1.85093300
OS 4.66407000 1.85912300
OS 4.65677100 1.86642300
OS 4.64857600 1.87271200
OS 4.63963600 1.87787400
OS 4.63009800 1.88182500
OS 4.62012500 1.88449700
OS 4.60988700 1.88584600
OS 4.59956200 1.88584600
OS 4.58932900 1.88449800
OS 4.57935600 1.88182600
OS 4.56981700 1.87787500
OS 4.56087600 1.87271400
OS 4.55268300 1.86642700
OS 4.54538000 1.85912400
OS 4.53979000 1.85183700
OS 4.53756200 1.85021200
OS 4.53481600 1.85004800
OS 4.53242400 1.85139200
OS 4.53242000 1.85139600
OS 4.53113300 1.85382000
OS 4.53103100 1.85480500
OS 4.53103100 1.85743400
OS 4.52982000 1.86352300
OS 4.52744600 1.86925300
OS 4.52399600 1.87441900
OS 4.51960500 1.87881000
OS 4.51444600 1.88225900
OS 4.50871400 1.88463100
OS 4.50261900 1.88584600
OS 4.49641100 1.88584600
OS 4.49032300 1.88463400
OS 4.48459100 1.88226100
OS 4.48057800 1.87958000
OS 4.47795200 1.87875700
OS 4.47794600 1.87875700
OS 4.47529500 1.87948400
OS 4.47514900 1.87957700
OS 4.47113900 1.88225800
OS 4.46540700 1.88463100
OS 4.45931200 1.88584600
OS 4.45310400 1.88584600
OS 4.44701600 1.88463400
OS 4.44128200 1.88226100
OS 4.43727100 1.87958000
OS 4.43464500 1.87875700
OS 4.43463900 1.87875700
OS 4.43198800 1.87948400
OS 4.43184200 1.87957700
OS 4.42783200 1.88225800
OS 4.42210100 1.88463100
OS 4.41600500 1.88584600
OS 4.40979700 1.88584600
OS 4.40370800 1.88463400
OS 4.39797500 1.88226100
OS 4.39396400 1.87958000
OS 4.39133800 1.87875700
OS 4.39133200 1.87875700
OS 4.38868100 1.87948400
OS 4.38853500 1.87957700
OS 4.38452300 1.88225800
OS 4.37879400 1.88463100
OS 4.37269800 1.88584600
OS 4.36649000 1.88584600
OS 4.36040100 1.88463400
OS 4.35466800 1.88226100
OS 4.34950400 1.87881000
OS 4.34511300 1.87441900
OS 4.34166500 1.86925800
OS 4.33929200 1.86352900
OS 4.33807800 1.85743600
OS 4.33807800 1.85122600
OS 4.33928900 1.84513700
OS 4.34166300 1.83940600
OS 4.34302900 1.83736000
OS 4.34385100 1.83473500
OS 4.34385100 1.83472900
OS 4.34312500 1.83207900
OS 4.34303100 1.83193200
OS 4.34166600 1.82988900
OS 4.33929200 1.82416000
OS 4.33807800 1.81806600
OS 4.33807800 1.81185600
OS 4.33928900 1.80576700
OS 4.34166300 1.80003600
OS 4.34302900 1.79799000
OS 4.34385100 1.79536500
OS 4.34385100 1.79535900
OS 4.34312500 1.79270900
OS 4.34303100 1.79256200
OS 4.34166600 1.79051900
OS 4.33929200 1.78479000
OS 4.33807800 1.77869600
OS 4.33807800 1.77248500
OS 4.33928900 1.76639700
OS 4.34166300 1.76066600
OS 4.34511300 1.75550100
OS 4.34950400 1.75111000
OS 4.35466500 1.74766100
OS 4.36039500 1.74528800
OS 4.36649000 1.74407400
OS 4.37269800 1.74407400
OS 4.37878700 1.74528500
OS 4.38451700 1.74765900
OS 4.38853100 1.75033900
OS 4.39115700 1.75116200
OS 4.39116300 1.75116200
OS 4.39381400 1.75043500
OS 4.39395800 1.75034300
OS 4.39797200 1.74766200
OS 4.40370200 1.74528800
OS 4.40979700 1.74407400
OS 4.41600500 1.74407400
OS 4.42209400 1.74528500
OS 4.42782400 1.74765900
OS 4.43183800 1.75033900
OS 4.43446400 1.75116200
OS 4.43447000 1.75116200
OS 4.43712100 1.75043500
OS 4.43726500 1.75034300
OS 4.44127900 1.74766200
OS 4.44700900 1.74528800
OS 4.45310400 1.74407400
OS 4.45931200 1.74407400
OS 4.46540100 1.74528500
OS 4.47113100 1.74765900
OS 4.47514500 1.75033900
OS 4.47777100 1.75116200
OS 4.47777700 1.75116200
OS 4.48042800 1.75043500
OS 4.48057200 1.75034300
OS 4.48458600 1.74766200
OS 4.49031600 1.74528800
OS 4.49641100 1.74407400
OS 4.50261900 1.74407400
OS 4.50870800 1.74528500
OS 4.51443800 1.74765900
OS 4.51960400 1.75110900
OS 4.52399100 1.75549500
OS 4.52744300 1.76065900
OS 4.52914400 1.76476500
OS 4.53087100 1.76690600
OS 4.53348200 1.76777700
OS 4.53614200 1.76709800
OS 4.53614700 1.76709500
OS 4.53787900 1.76534400
OS 4.53909600 1.76323800
OS 4.54538000 1.75504700
OS 4.55268300 1.74774400
OS 4.56087300 1.74146000
OS 4.56981500 1.73629700
OS 4.57935200 1.73234700
OS 4.58932500 1.72967400
OS 4.59956300 1.72832600
OE
OB 1.02589300 1.62204600 H
OS 1.03395000 1.62204600
OS 1.04190600 1.62330700
OS 1.04956600 1.62579500
OS 1.05674600 1.62945300
OS 1.05848400 1.63071700
OS 1.05848800 1.63072300
OS 1.05848800 1.63073900
OS 1.03176800 1.65746100
OS 1.03176500 1.65746900
OS 1.03176700 1.65747300
OS 1.03177500 1.65747800
OS 1.03199100 1.65747900
OS 1.03599700 1.65855200
OS 1.03958900 1.66062500
OS 1.04252100 1.66355600
OS 1.04459500 1.66714500
OS 1.04566900 1.67114900
OS 1.04567000 1.67137400
OS 1.04567400 1.67138200
OS 1.04568200 1.67138400
OS 1.07240800 1.64466300
OS 1.07241800 1.64466000
OS 1.07243000 1.64466500
OS 1.07369300 1.64639900
OS 1.07735200 1.65357900
OS 1.07984200 1.66123800
OS 1.08110300 1.66919400
OS 1.08110300 1.67725600
OS 1.07984300 1.68521100
OS 1.07735500 1.69286900
OS 1.07369900 1.70004800
OS 1.07169000 1.70281300
OS 1.07076400 1.70540800
OS 1.07138800 1.70808700
OS 1.07218200 1.70913500
OS 1.07490900 1.71186200
OS 1.07853400 1.71773800
OS 1.08070700 1.72429200
OS 1.08112300 1.72834200
OS 1.08112200 1.77558700
OS 1.08070900 1.77963600
OS 1.07853800 1.78618900
OS 1.07491200 1.79206900
OS 1.07002600 1.79695600
OS 1.06415000 1.80058100
OS 1.05759600 1.80275300
OS 1.05354400 1.80316800
OS 1.00629900 1.80316800
OS 1.00225300 1.80275500
OS 0.99570000 1.80058400
OS 0.98982000 1.79695800
OS 0.98493400 1.79207300
OS 0.98130800 1.78619500
OS 0.97913600 1.77964200
OS 0.97872100 1.77559100
OS 0.97872100 1.72834500
OS 0.97913400 1.72429800
OS 0.98130600 1.71774400
OS 0.98493100 1.71186600
OS 0.98765600 1.70914000
OS 0.98897600 1.70672500
OS 0.98897700 1.70671900
OS 0.98878000 1.70398500
OS 0.98815600 1.70281600
OS 0.98614800 1.70005200
OS 0.98249000 1.69287400
OS 0.98000200 1.68521500
OS 0.97874100 1.67726100
OS 0.97874100 1.66919900
OS 0.98000100 1.66124300
OS 0.98248800 1.65358600
OS 0.98614700 1.64640400
OS 0.98741200 1.64466500
OS 0.98741800 1.64466100
OS 0.98743400 1.64466100
OS 1.01415600 1.67138100
OS 1.01416400 1.67138400
OS 1.01416800 1.67138200
OS 1.01417300 1.67137400
OS 1.01417400 1.67115700
OS 1.01524500 1.66715400
OS 1.01731900 1.66356000
OS 1.02025000 1.66062800
OS 1.02383900 1.65855500
OS 1.02784400 1.65748000
OS 1.02806800 1.65747900
OS 1.02807600 1.65747500
OS 1.02807800 1.65746700
OS 1.00135700 1.63074100
OS 1.00135400 1.63073100
OS 1.00135900 1.63071900
OS 1.00309300 1.62945600
OS 1.01027300 1.62579700
OS 1.01793400 1.62330800
OS 1.02589300 1.62204600
OE
OB 1.26211400 1.62204600 H
OS 1.27017000 1.62204600
OS 1.27812600 1.62330700
OS 1.28578600 1.62579500
OS 1.29296700 1.62945300
OS 1.29470500 1.63071700
OS 1.29470900 1.63072300
OS 1.29470900 1.63073900
OS 1.26798900 1.65746100
OS 1.26798600 1.65746900
OS 1.26798800 1.65747300
OS 1.26799600 1.65747800
OS 1.26821100 1.65747900
OS 1.27221800 1.65855200
OS 1.27581000 1.66062500
OS 1.27874200 1.66355600
OS 1.28081500 1.66714500
OS 1.28188900 1.67114900
OS 1.28189000 1.67137400
OS 1.28189400 1.67138200
OS 1.28190200 1.67138400
OS 1.30862800 1.64466300
OS 1.30863800 1.64466000
OS 1.30865000 1.64466500
OS 1.30991300 1.64639900
OS 1.31357200 1.65357900
OS 1.31606200 1.66123800
OS 1.31732300 1.66919400
OS 1.31732300 1.67725600
OS 1.31606300 1.68521100
OS 1.31357500 1.69286900
OS 1.30991900 1.70004800
OS 1.30791000 1.70281300
OS 1.30698500 1.70540800
OS 1.30760900 1.70808700
OS 1.30840300 1.70913500
OS 1.31113000 1.71186200
OS 1.31475500 1.71773800
OS 1.31692800 1.72429200
OS 1.31734300 1.72834200
OS 1.31734300 1.77559000
OS 1.31693000 1.77963600
OS 1.31475900 1.78618900
OS 1.31113300 1.79206900
OS 1.30625000 1.79695300
OS 1.30036800 1.80058100
OS 1.29381600 1.80275300
OS 1.28976500 1.80316800
OS 1.24251900 1.80316800
OS 1.23847400 1.80275500
OS 1.23192100 1.80058400
OS 1.22603900 1.79695600
OS 1.22115500 1.79207300
OS 1.21752800 1.78619300
OS 1.21535700 1.77964200
OS 1.21494100 1.77559100
OS 1.21494100 1.72834500
OS 1.21535500 1.72429800
OS 1.21752500 1.71774800
OS 1.22115200 1.71186600
OS 1.22387700 1.70914000
OS 1.22519600 1.70672500
OS 1.22519700 1.70671900
OS 1.22500100 1.70398500
OS 1.22437600 1.70281600
OS 1.22236800 1.70005200
OS 1.21871100 1.69287400
OS 1.21622200 1.68521500
OS 1.21496100 1.67726100
OS 1.21496100 1.66919900
OS 1.21622100 1.66124300
OS 1.21870900 1.65358600
OS 1.22236700 1.64640400
OS 1.22363200 1.64466500
OS 1.22363800 1.64466100
OS 1.22365400 1.64466100
OS 1.25037600 1.67138100
OS 1.25038400 1.67138400
OS 1.25038800 1.67138200
OS 1.25039300 1.67137400
OS 1.25039400 1.67115700
OS 1.25146500 1.66715400
OS 1.25354000 1.66356000
OS 1.25647100 1.66062800
OS 1.26006000 1.65855500
OS 1.26406500 1.65748000
OS 1.26428900 1.65747900
OS 1.26429700 1.65747500
OS 1.26429900 1.65746700
OS 1.23757800 1.63074100
OS 1.23757500 1.63073100
OS 1.23758000 1.63071900
OS 1.23931300 1.62945600
OS 1.24649300 1.62579700
OS 1.25415400 1.62330800
OS 1.26211400 1.62204600
OE
OB 3.07716600 1.52360100 H
OS 3.15590600 1.52360100
OS 3.15995200 1.52401500
OS 3.16650400 1.52618500
OS 3.17238700 1.52981400
OS 3.17726800 1.53469300
OS 3.18089900 1.54057600
OS 3.18306900 1.54712700
OS 3.18348500 1.55117700
OS 3.18348500 1.62992100
OS 3.18307100 1.63396600
OS 3.18090100 1.64052000
OS 3.17727600 1.64639900
OS 3.17239300 1.65128200
OS 3.16651100 1.65491200
OS 3.15995800 1.65708400
OS 3.15590700 1.65749900
OS 3.07716500 1.65749900
OS 3.07312000 1.65708600
OS 3.06656600 1.65491500
OS 3.06068600 1.65128900
OS 3.05579900 1.64640300
OS 3.05217400 1.64052600
OS 3.05000200 1.63396900
OS 3.04958700 1.62992200
OS 3.04958700 1.55118000
OS 3.05000000 1.54713700
OS 3.05217000 1.54058300
OS 3.05579900 1.53469900
OS 3.06068300 1.52981400
OS 3.06656200 1.52618800
OS 3.07311400 1.52401700
OS 3.07716600 1.52360100
OE
OB 3.82126000 1.52360100 H
OS 3.90000100 1.52360100
OS 3.90404700 1.52401500
OS 3.91059800 1.52618500
OS 3.91648200 1.52981400
OS 3.92136700 1.53469800
OS 3.92499300 1.54057600
OS 3.92716400 1.54712700
OS 3.92757900 1.55117700
OS 3.92757900 1.62992100
OS 3.92716600 1.63396600
OS 3.92499500 1.64052000
OS 3.92137000 1.64639900
OS 3.91648400 1.65128600
OS 3.91060600 1.65491200
OS 3.90405300 1.65708400
OS 3.90000100 1.65749900
OS 3.82126000 1.65749900
OS 3.81721400 1.65708600
OS 3.81066100 1.65491500
OS 3.80477900 1.65128700
OS 3.79989400 1.64640300
OS 3.79626900 1.64052600
OS 3.79409700 1.63397200
OS 3.79368200 1.62992200
OS 3.79368200 1.55118000
OS 3.79409500 1.54713300
OS 3.79626500 1.54058300
OS 3.79989400 1.53469900
OS 3.80477800 1.52981400
OS 3.81065300 1.52619000
OS 3.81720800 1.52401700
OS 3.82126000 1.52360100
OE
OB 7.49925800 1.38974300 H
OS 7.50546700 1.38974300
OS 7.51155500 1.39095400
OS 7.51728600 1.39332800
OS 7.52247200 1.39679100
OS 7.52509800 1.39761500
OS 7.61732700 1.39761700
OS 7.61996800 1.39684300
OS 7.62522900 1.39333000
OS 7.63095900 1.39095700
OS 7.63705400 1.38974300
OS 7.64326200 1.38974300
OS 7.64935100 1.39095400
OS 7.65508100 1.39332800
OS 7.66024700 1.39677800
OS 7.66463800 1.40116900
OS 7.66808600 1.40632900
OS 7.67046000 1.41206000
OS 7.67167400 1.41815300
OS 7.67167400 1.42436300
OS 7.67046300 1.43045200
OS 7.66808900 1.43618200
OS 7.66463900 1.44134800
OS 7.66024800 1.44573900
OS 7.65508700 1.44918800
OS 7.64935500 1.45156100
OS 7.64326200 1.45277500
OS 7.63705400 1.45277500
OS 7.63096800 1.45156500
OS 7.62523200 1.44919000
OS 7.62004900 1.44572600
OS 7.61742300 1.44490200
OS 7.52519400 1.44490100
OS 7.52255200 1.44567500
OS 7.52247600 1.44572300
OS 7.51729200 1.44918700
OS 7.51156000 1.45156100
OS 7.50546700 1.45277500
OS 7.49925900 1.45277500
OS 7.49317300 1.45156500
OS 7.48743700 1.44919000
OS 7.48227300 1.44573900
OS 7.47788200 1.44134800
OS 7.47443400 1.43618700
OS 7.47206100 1.43045800
OS 7.47084700 1.42436500
OS 7.47084700 1.41815500
OS 7.47205800 1.41206600
OS 7.47443200 1.40633500
OS 7.47788200 1.40117000
OS 7.48226800 1.39678300
OS 7.48743400 1.39333000
OS 7.49316400 1.39095700
OS 7.49925800 1.38974300
OE
OB 7.92529700 0.96277500 H
OS 7.94557000 0.96277500
OS 7.95392700 0.96409800
OS 7.96197300 0.96671200
OS 7.96951500 0.97055500
OS 7.97636000 0.97552800
OS 7.98234200 0.98150900
OS 7.98731600 0.98835400
OS 7.99115900 0.99589600
OS 7.99377400 1.00394200
OS 7.99509900 1.01229800
OS 7.99509900 1.02076500
OS 7.99377500 1.02912200
OS 7.99116200 1.03716600
OS 7.98732200 1.04470700
OS 7.98234600 1.05155600
OS 7.97636400 1.05753700
OS 7.96942000 1.06258300
OS 7.96774000 1.06476000
OS 7.96773800 1.06476500
OS 7.96750400 1.06749900
OS 7.96750500 1.06750500
OS 7.96878200 1.06993100
OS 7.96941700 1.07048300
OS 7.97636100 1.07552900
OS 7.98234300 1.08151000
OS 7.98731600 1.08835400
OS 7.99086200 1.09531400
OS 7.99275300 1.09731600
OS 7.99275800 1.09731900
OS 7.99542200 1.09797900
OS 7.99802200 1.09709400
OS 7.99866700 1.09655400
OS 8.00163700 1.09358400
OS 8.00647700 1.09035000
OS 8.01184800 1.08812600
OS 8.01756300 1.08698700
OS 8.02338300 1.08698700
OS 8.02909200 1.08812300
OS 8.03446400 1.09034800
OS 8.03930700 1.09358300
OS 8.04342000 1.09769500
OS 8.04665600 1.10253700
OS 8.04888200 1.10791000
OS 8.05002000 1.11362200
OS 8.05002000 1.11944500
OS 8.04888500 1.12515100
OS 8.04665900 1.13052600
OS 8.04342500 1.13536900
OS 8.03931200 1.13948100
OS 8.03447100 1.14271900
OS 8.02909900 1.14494300
OS 8.02338300 1.14608200
OS 8.01756300 1.14608200
OS 8.01185400 1.14494600
OS 8.00648100 1.14272100
OS 8.00163800 1.13948500
OS 7.99866900 1.13651700
OS 7.99625400 1.13519700
OS 7.99624800 1.13519600
OS 7.99351300 1.13539400
OS 7.99130600 1.13704300
OS 7.99086500 1.13775000
OS 7.98732100 1.14470800
OS 7.98234600 1.15155500
OS 7.97636200 1.15753900
OS 7.96942000 1.16258300
OS 7.96774000 1.16476000
OS 7.96773800 1.16476500
OS 7.96750400 1.16749900
OS 7.96750500 1.16750500
OS 7.96878200 1.16993100
OS 7.96941700 1.17048300
OS 7.97636100 1.17552900
OS 7.98234300 1.18151000
OS 7.98731600 1.18835400
OS 7.99115900 1.19589600
OS 7.99377400 1.20394200
OS 7.99509900 1.21229800
OS 7.99509900 1.22076500
OS 7.99377500 1.22912200
OS 7.99116200 1.23716600
OS 7.98732200 1.24470700
OS 7.98234600 1.25155600
OS 7.97861000 1.25529100
OS 7.97729100 1.25770600
OS 7.97729000 1.25771200
OS 7.97748700 1.26044800
OS 7.97913500 1.26265300
OS 7.98035500 1.26332000
OS 7.98491700 1.26502100
OS 7.98945400 1.26841400
OS 7.99284700 1.27294500
OS 7.99482600 1.27825000
OS 7.99507900 1.28059300
OS 7.99507800 1.30667600
OS 7.99507600 1.30668200
OS 7.99506900 1.30668900
OS 7.99506000 1.30669200
OS 7.95295400 1.30669200
OS 7.95294600 1.30669600
OS 7.95294400 1.30670400
OS 7.95414200 1.30878000
OS 7.95551100 1.31388600
OS 7.95551200 1.31917800
OS 7.95414600 1.32428000
OS 7.95294700 1.32636100
OS 7.95294700 1.32637000
OS 7.95295300 1.32637600
OS 7.99506300 1.32637800
OS 7.99506900 1.32638000
OS 7.99507600 1.32638700
OS 7.99507900 1.32639600
OS 7.99507900 1.35247300
OS 7.99482800 1.35481200
OS 7.99285100 1.36011600
OS 7.98946000 1.36464900
OS 7.98492500 1.36804400
OS 7.97962600 1.37002100
OS 7.97727800 1.37027500
OS 7.94529200 1.37027400
OS 7.94528600 1.37027200
OS 7.94527900 1.37026400
OS 7.94527600 1.37025600
OS 7.94527600 1.33405500
OS 7.94527200 1.33404700
OS 7.94526400 1.33404500
OS 7.94318800 1.33524300
OS 7.93808100 1.33661200
OS 7.93279100 1.33661300
OS 7.92768600 1.33524600
OS 7.92560700 1.33404800
OS 7.92559800 1.33404800
OS 7.92559200 1.33405400
OS 7.92559000 1.37025900
OS 7.92558800 1.37026500
OS 7.92558100 1.37027200
OS 7.92557200 1.37027500
OS 7.89358900 1.37027500
OS 7.89124800 1.37002300
OS 7.88595000 1.36804800
OS 7.88141300 1.36465500
OS 7.87802000 1.36012400
OS 7.87604100 1.35481900
OS 7.87578800 1.35247600
OS 7.87578900 1.32639300
OS 7.87579100 1.32638700
OS 7.87579800 1.32638000
OS 7.87580700 1.32637700
OS 7.91791300 1.32637700
OS 7.91792100 1.32637300
OS 7.91792300 1.32636500
OS 7.91672400 1.32428700
OS 7.91535600 1.31918300
OS 7.91535500 1.31389100
OS 7.91672100 1.30878900
OS 7.91792000 1.30670800
OS 7.91792000 1.30669900
OS 7.91791400 1.30669300
OS 7.87580400 1.30669100
OS 7.87579800 1.30668900
OS 7.87579100 1.30668100
OS 7.87578800 1.30667300
OS 7.87578800 1.28059600
OS 7.87603900 1.27825700
OS 7.87801600 1.27295300
OS 7.88140700 1.26842000
OS 7.88594200 1.26502500
OS 7.89050800 1.26332200
OS 7.89271200 1.26167200
OS 7.89367600 1.25909300
OS 7.89309300 1.25641000
OS 7.89225900 1.25529300
OS 7.88852400 1.25155900
OS 7.88601000 1.24809700
OS 7.88383200 1.24641700
OS 7.88205700 1.24608200
OS 7.59571500 1.24608200
OS 7.58962700 1.24487100
OS 7.58389500 1.24249700
OS 7.57872900 1.23904600
OS 7.57434000 1.23465600
OS 7.57089100 1.22949500
OS 7.56851800 1.22376600
OS 7.56730400 1.21767200
OS 7.56730400 1.21146200
OS 7.56851500 1.20537300
OS 7.57088800 1.19964300
OS 7.57433600 1.19448000
OS 7.57872500 1.19009000
OS 7.58389100 1.18663700
OS 7.58961900 1.18426400
OS 7.59571500 1.18305000
OS 7.88495900 1.18305000
OS 7.88760300 1.18227400
OS 7.88841400 1.18162000
OS 7.89450600 1.17552900
OS 7.90144700 1.17048600
OS 7.90312700 1.16830800
OS 7.90312900 1.16830300
OS 7.90336300 1.16557000
OS 7.90336200 1.16556400
OS 7.90208500 1.16313800
OS 7.90144900 1.16258500
OS 7.89450600 1.15754000
OS 7.88852400 1.15155900
OS 7.88354800 1.14471100
OS 7.87970700 1.13717100
OS 7.87709300 1.12912600
OS 7.87576800 1.12077000
OS 7.87576800 1.11230400
OS 7.87709200 1.10394700
OS 7.87970500 1.09590300
OS 7.88354500 1.08836200
OS 7.88852100 1.08151300
OS 7.89450300 1.07553200
OS 7.90144700 1.07048600
OS 7.90312700 1.06830800
OS 7.90312900 1.06830300
OS 7.90336300 1.06557000
OS 7.90336200 1.06556400
OS 7.90208500 1.06313800
OS 7.90144900 1.06258500
OS 7.89450600 1.05754000
OS 7.88852400 1.05155900
OS 7.88354800 1.04471100
OS 7.88259900 1.04284700
OS 7.88070400 1.04084200
OS 7.87825000 1.04017700
OS 7.27924400 1.04017600
OS 7.27680200 1.04082900
OS 7.27527200 1.04171300
OS 7.26925700 1.04332500
OS 7.26894800 1.04336700
OS 7.26894000 1.04337200
OS 7.26893900 1.04337800
OS 7.26894300 1.04341100
OS 7.26893500 1.04342600
OS 7.26892900 1.04343000
OS 7.26664700 1.04410000
OS 7.26138800 1.04761300
OS 7.25565600 1.04998600
OS 7.24956100 1.05120000
OS 7.24335300 1.05120000
OS 7.23726500 1.04998900
OS 7.23153300 1.04761500
OS 7.22636700 1.04416400
OS 7.22197600 1.03977300
OS 7.21852800 1.03461300
OS 7.21615400 1.02887900
OS 7.21494100 1.02279000
OS 7.21494100 1.01658000
OS 7.21615200 1.01049200
OS 7.21852600 1.00476100
OS 7.22197600 0.99959500
OS 7.22636700 0.99520400
OS 7.23152900 0.99175500
OS 7.23726100 0.98938100
OS 7.24335300 0.98816800
OS 7.24956100 0.98816800
OS 7.25565000 0.98937900
OS 7.26138000 0.99175300
OS 7.26212900 0.99225200
OS 7.26475800 0.99307700
OS 7.26610700 0.99291200
OS 7.26617500 0.99289400
OS 7.87824000 0.99289300
OS 7.88088300 0.99211800
OS 7.88259200 0.99023100
OS 7.88354500 0.98836200
OS 7.88852100 0.98151300
OS 7.89450300 0.97553200
OS 7.90134800 0.97055800
OS 7.90888900 0.96671400
OS 7.91693600 0.96409900
OS 7.92529700 0.96277500
OE
OB 3.11214900 1.22834600 H
OS 3.12092300 1.22834600
OS 3.12961900 1.22949100
OS 3.13809400 1.23176100
OS 3.14620000 1.23511900
OS 3.15379800 1.23950500
OS 3.15637800 1.24148500
OS 3.15638200 1.24149100
OS 3.15638200 1.24150700
OS 3.12485800 1.27303300
OS 3.12485500 1.27304100
OS 3.12486200 1.27305000
OS 3.12565100 1.27326100
OS 3.13103800 1.27637100
OS 3.13543600 1.28076800
OS 3.13854600 1.28615300
OS 3.13876200 1.28695200
OS 3.13877500 1.28695400
OS 3.17029600 1.25543400
OS 3.17030900 1.25542700
OS 3.17031500 1.25542700
OS 3.17032700 1.25543400
OS 3.17230400 1.25801000
OS 3.17669100 1.26560900
OS 3.18004800 1.27371100
OS 3.18231900 1.28218400
OS 3.18346500 1.29088400
OS 3.18346500 1.29966100
OS 3.18232000 1.30835700
OS 3.18005000 1.31683100
OS 3.17669300 1.32493700
OS 3.17230700 1.33253500
OS 3.17032700 1.33511600
OS 3.17032000 1.33512100
OS 3.17030400 1.33512100
OS 3.13877800 1.30359700
OS 3.13877000 1.30359400
OS 3.13876100 1.30360100
OS 3.13855000 1.30438700
OS 3.13543900 1.30977700
OS 3.13104200 1.31417500
OS 3.12565800 1.31728500
OS 3.12485800 1.31750000
OS 3.12485600 1.31751300
OS 3.15637600 1.34903400
OS 3.15638300 1.34904700
OS 3.15638300 1.34905300
OS 3.15637600 1.34906500
OS 3.15380100 1.35104200
OS 3.14620400 1.35542900
OS 3.13809800 1.35878700
OS 3.12962300 1.36105800
OS 3.12092300 1.36220400
OS 3.11214900 1.36220400
OS 3.10345300 1.36105900
OS 3.09497800 1.35878800
OS 3.08687100 1.35543000
OS 3.07927500 1.35104500
OS 3.07669300 1.34906500
OS 3.07668900 1.34905900
OS 3.07668900 1.34904300
OS 3.10821300 1.31751600
OS 3.10821600 1.31750800
OS 3.10820900 1.31749900
OS 3.10742100 1.31728800
OS 3.10203400 1.31417800
OS 3.09763600 1.30978100
OS 3.09452500 1.30439400
OS 3.09431000 1.30359700
OS 3.09429700 1.30359500
OS 3.06277600 1.33511500
OS 3.06276300 1.33512200
OS 3.06275700 1.33512200
OS 3.06274500 1.33511500
OS 3.06076700 1.33253800
OS 3.05638100 1.32494100
OS 3.05302300 1.31683500
OS 3.05075300 1.30836500
OS 3.04960700 1.29966200
OS 3.04960700 1.29088800
OS 3.05075200 1.28219200
OS 3.05302200 1.27371800
OS 3.05638000 1.26561100
OS 3.06076500 1.25801400
OS 3.06274500 1.25543300
OS 3.06275200 1.25542800
OS 3.06276800 1.25542800
OS 3.09429400 1.28695200
OS 3.09430200 1.28695500
OS 3.09431100 1.28694800
OS 3.09452200 1.28616200
OS 3.09763300 1.28077200
OS 3.10203000 1.27637400
OS 3.10741400 1.27326400
OS 3.10821300 1.27304900
OS 3.10821500 1.27303600
OS 3.07669500 1.24151500
OS 3.07668800 1.24150200
OS 3.07668800 1.24149600
OS 3.07669500 1.24148400
OS 3.07927100 1.23950700
OS 3.08686800 1.23512000
OS 3.09497400 1.23176200
OS 3.10344900 1.22949200
OS 3.11214900 1.22834600
OE
OB 3.85624400 1.22834600 H
OS 3.86501700 1.22834600
OS 3.87371300 1.22949100
OS 3.88218800 1.23176100
OS 3.89029300 1.23511800
OS 3.89789200 1.23950500
OS 3.90047300 1.24148500
OS 3.90047700 1.24149100
OS 3.90047700 1.24150700
OS 3.86895300 1.27303300
OS 3.86895000 1.27304100
OS 3.86895700 1.27305000
OS 3.86974500 1.27326100
OS 3.87513300 1.27637100
OS 3.87953100 1.28076800
OS 3.88264100 1.28615300
OS 3.88285600 1.28695200
OS 3.88286900 1.28695400
OS 3.91439000 1.25543400
OS 3.91440300 1.25542700
OS 3.91440900 1.25542700
OS 3.91442100 1.25543400
OS 3.91639800 1.25801000
OS 3.92078500 1.26560700
OS 3.92414300 1.27371100
OS 3.92641300 1.28218400
OS 3.92756000 1.29088400
OS 3.92756000 1.29966100
OS 3.92641400 1.30835700
OS 3.92414500 1.31683100
OS 3.92078600 1.32493900
OS 3.91640100 1.33253500
OS 3.91442100 1.33511600
OS 3.91441400 1.33512100
OS 3.91439800 1.33512100
OS 3.88287200 1.30359700
OS 3.88286400 1.30359400
OS 3.88285500 1.30360100
OS 3.88264500 1.30438700
OS 3.87953400 1.30977700
OS 3.87513700 1.31417500
OS 3.86975200 1.31728500
OS 3.86895300 1.31750000
OS 3.86895100 1.31751300
OS 3.90047100 1.34903400
OS 3.90047800 1.34904700
OS 3.90047800 1.34905300
OS 3.90047100 1.34906500
OS 3.89789500 1.35104200
OS 3.89029900 1.35542900
OS 3.88219200 1.35878700
OS 3.87372000 1.36105800
OS 3.86501700 1.36220400
OS 3.85624400 1.36220400
OS 3.84754800 1.36105900
OS 3.83907300 1.35878800
OS 3.83096600 1.35543000
OS 3.82336900 1.35104500
OS 3.82078800 1.34906500
OS 3.82078400 1.34905900
OS 3.82078400 1.34904300
OS 3.85230800 1.31751600
OS 3.85231100 1.31750800
OS 3.85230400 1.31749900
OS 3.85151600 1.31728800
OS 3.84612800 1.31417800
OS 3.84173000 1.30978100
OS 3.83861900 1.30439400
OS 3.83840500 1.30359700
OS 3.83839200 1.30359500
OS 3.80687100 1.33511500
OS 3.80685800 1.33512200
OS 3.80685200 1.33512200
OS 3.80684000 1.33511500
OS 3.80486100 1.33253800
OS 3.80047600 1.32494200
OS 3.79711700 1.31683500
OS 3.79484700 1.30836500
OS 3.79370100 1.29966200
OS 3.79370100 1.29088800
OS 3.79484600 1.28219200
OS 3.79711600 1.27371800
OS 3.80047500 1.26561000
OS 3.80485700 1.25801700
OS 3.80684000 1.25543300
OS 3.80684700 1.25542800
OS 3.80686300 1.25542800
OS 3.83838900 1.28695200
OS 3.83839700 1.28695500
OS 3.83840600 1.28694800
OS 3.83861600 1.28616200
OS 3.84172700 1.28077200
OS 3.84612400 1.27637400
OS 3.85150900 1.27326400
OS 3.85230800 1.27304900
OS 3.85231000 1.27303600
OS 3.82079000 1.24151500
OS 3.82078300 1.24150200
OS 3.82078300 1.24149600
OS 3.82079000 1.24148400
OS 3.82336600 1.23950700
OS 3.83096200 1.23512000
OS 3.83906900 1.23176200
OS 3.84754100 1.22949200
OS 3.85624400 1.22834600
OE
OB 7.42051800 1.18501900 H
OS 7.42672700 1.18501900
OS 7.43281500 1.18623000
OS 7.43854600 1.18860400
OS 7.44371200 1.19205400
OS 7.44810200 1.19644400
OS 7.45155000 1.20160400
OS 7.45392400 1.20733600
OS 7.45513800 1.21342800
OS 7.45513800 1.21963900
OS 7.45392700 1.22572700
OS 7.45155500 1.23145600
OS 7.44810300 1.23662400
OS 7.44371300 1.24101400
OS 7.43855200 1.24446300
OS 7.43282100 1.24683600
OS 7.42672700 1.24805000
OS 7.42051800 1.24805000
OS 7.41443000 1.24683900
OS 7.40870000 1.24446700
OS 7.40353200 1.24101400
OS 7.39914200 1.23662400
OS 7.39569400 1.23146300
OS 7.39332100 1.22573300
OS 7.39210700 1.21964100
OS 7.39210700 1.21343000
OS 7.39331800 1.20734200
OS 7.39569000 1.20161300
OS 7.39914200 1.19644500
OS 7.40353200 1.19205500
OS 7.40869600 1.18860400
OS 7.41442400 1.18623300
OS 7.42051800 1.18501900
OE
OB 4.34810900 1.01968400 H
OS 4.35740400 1.01968400
OS 4.36658400 1.02113800
OS 4.37542300 1.02401000
OS 4.38370800 1.02823100
OS 4.38695600 1.03059200
OS 4.38696000 1.03059800
OS 4.38696000 1.03061400
OS 4.35786400 1.05971200
OS 4.35786100 1.05972000
OS 4.35786800 1.05972900
OS 4.36035200 1.06039500
OS 4.36484100 1.06298600
OS 4.36850600 1.06665000
OS 4.37109800 1.07113700
OS 4.37176800 1.07363100
OS 4.37178100 1.07363300
OS 4.40088000 1.04453700
OS 4.40089000 1.04453400
OS 4.40090200 1.04453900
OS 4.40326200 1.04778400
OS 4.40748400 1.05606800
OS 4.41035600 1.06490700
OS 4.41181100 1.07408600
OS 4.41181100 1.08338700
OS 4.41035700 1.09256700
OS 4.40748700 1.10140400
OS 4.40326800 1.10968700
OS 4.40090400 1.11293900
OS 4.40089800 1.11294300
OS 4.40088200 1.11294300
OS 4.37178400 1.08384700
OS 4.37177600 1.08384400
OS 4.37176700 1.08385100
OS 4.37110200 1.08633200
OS 4.36850900 1.09082400
OS 4.36484500 1.09448900
OS 4.36035900 1.09708100
OS 4.35786400 1.09775000
OS 4.35786200 1.09776300
OS 4.38695900 1.12686300
OS 4.38696200 1.12687300
OS 4.38695700 1.12688500
OS 4.38371200 1.12924500
OS 4.37542800 1.13346700
OS 4.36658800 1.13633900
OS 4.35740400 1.13779400
OS 4.34810900 1.13779400
OS 4.33892900 1.13634000
OS 4.33009000 1.13346900
OS 4.32180500 1.12924800
OS 4.31855700 1.12688600
OS 4.31855300 1.12688000
OS 4.31855300 1.12686400
OS 4.34764900 1.09776600
OS 4.34765200 1.09775800
OS 4.34764500 1.09774900
OS 4.34516100 1.09708400
OS 4.34067100 1.09449200
OS 4.33700600 1.09082800
OS 4.33441400 1.08633900
OS 4.33374500 1.08384700
OS 4.33373200 1.08384500
OS 4.30463300 1.11294100
OS 4.30462300 1.11294400
OS 4.30461100 1.11293900
OS 4.30224800 1.10969100
OS 4.29802800 1.10140900
OS 4.29515600 1.09257100
OS 4.29370100 1.08338900
OS 4.29370100 1.07409100
OS 4.29515500 1.06491200
OS 4.29802600 1.05607500
OS 4.30224500 1.04779100
OS 4.30460900 1.04453900
OS 4.30461500 1.04453500
OS 4.30463100 1.04453500
OS 4.33372900 1.07363100
OS 4.33373700 1.07363400
OS 4.33374600 1.07362700
OS 4.33441100 1.07114600
OS 4.33700300 1.06665400
OS 4.34066700 1.06298900
OS 4.34515400 1.06039800
OS 4.34764800 1.05972800
OS 4.34765000 1.05971500
OS 4.31855500 1.03061600
OS 4.31855200 1.03060600
OS 4.31855700 1.03059400
OS 4.32180100 1.02823400
OS 4.33008500 1.02401200
OS 4.33892500 1.02113900
OS 4.34810900 1.01968400
OE
OB 7.20260200 0.07832600 H
OS 7.20842300 0.07832600
OS 7.21413100 0.07946100
OS 7.21950300 0.08168700
OS 7.22434700 0.08492100
OS 7.22845900 0.08903400
OS 7.23169600 0.09387500
OS 7.23392100 0.09924800
OS 7.23506000 0.10496100
OS 7.23506000 0.11078300
OS 7.23392400 0.11649100
OS 7.23169900 0.12186400
OS 7.22846400 0.12670700
OS 7.22549200 0.12967900
OS 7.22417500 0.13209100
OS 7.22417400 0.13209700
OS 7.22437100 0.13483300
OS 7.22602100 0.13704000
OS 7.22672600 0.13748000
OS 7.23368900 0.14102700
OS 7.24053200 0.14600000
OS 7.24651600 0.15198300
OS 7.25156000 0.15892500
OS 7.25373800 0.16060600
OS 7.25374300 0.16060800
OS 7.25647700 0.16084200
OS 7.25648300 0.16084100
OS 7.25891000 0.15956300
OS 7.25946200 0.15892800
OS 7.26450700 0.15198500
OS 7.27048800 0.14600300
OS 7.27733200 0.14103000
OS 7.28487400 0.13718700
OS 7.29292000 0.13457200
OS 7.30128100 0.13324700
OS 7.30974300 0.13324700
OS 7.31810000 0.13457100
OS 7.32614600 0.13718500
OS 7.33368900 0.14102700
OS 7.34053300 0.14600000
OS 7.34427100 0.14973800
OS 7.34668400 0.15105500
OS 7.34669000 0.15105600
OS 7.34942500 0.15085900
OS 7.35163000 0.14921100
OS 7.35229700 0.14799200
OS 7.35400000 0.14342600
OS 7.35739200 0.13889200
OS 7.36192300 0.13549900
OS 7.36722600 0.13352100
OS 7.36957300 0.13326700
OS 7.39565400 0.13326800
OS 7.39566000 0.13327000
OS 7.39566700 0.13327700
OS 7.39567000 0.13328600
OS 7.39567000 0.17539200
OS 7.39567400 0.17540000
OS 7.39568200 0.17540200
OS 7.39775800 0.17420400
OS 7.40286500 0.17283500
OS 7.40815500 0.17283400
OS 7.41325900 0.17420100
OS 7.41533900 0.17539900
OS 7.41534800 0.17539900
OS 7.41535400 0.17539300
OS 7.41535600 0.13328300
OS 7.41535800 0.13327700
OS 7.41536500 0.13327000
OS 7.41537400 0.13326700
OS 7.44145100 0.13326700
OS 7.44379200 0.13351900
OS 7.44909500 0.13549600
OS 7.45362700 0.13888600
OS 7.45702000 0.14341800
OS 7.45899800 0.14871800
OS 7.45925200 0.15106500
OS 7.45925100 0.18305400
OS 7.45924900 0.18306000
OS 7.45924200 0.18306700
OS 7.45923300 0.18307000
OS 7.42303300 0.18307000
OS 7.42302500 0.18307400
OS 7.42302300 0.18308200
OS 7.42422100 0.18515800
OS 7.42559000 0.19026400
OS 7.42559100 0.19555600
OS 7.42422500 0.20065800
OS 7.42302600 0.20273900
OS 7.42302600 0.20274800
OS 7.42303200 0.20275400
OS 7.45923600 0.20275600
OS 7.45924200 0.20275800
OS 7.45924900 0.20276500
OS 7.45925200 0.20277400
OS 7.45925200 0.23475700
OS 7.45900000 0.23709800
OS 7.45702400 0.24239900
OS 7.45363300 0.24693300
OS 7.44910300 0.25032500
OS 7.44379900 0.25230400
OS 7.44145100 0.25255800
OS 7.41537100 0.25255700
OS 7.41536500 0.25255500
OS 7.41535800 0.25254700
OS 7.41535500 0.25253900
OS 7.41535500 0.21043300
OS 7.41535100 0.21042500
OS 7.41534300 0.21042300
OS 7.41326600 0.21162100
OS 7.40816000 0.21299000
OS 7.40287000 0.21299100
OS 7.39776500 0.21162400
OS 7.39568600 0.21042600
OS 7.39567700 0.21042600
OS 7.39567100 0.21043200
OS 7.39566900 0.25254200
OS 7.39566700 0.25254800
OS 7.39566000 0.25255500
OS 7.39565100 0.25255800
OS 7.36957300 0.25255800
OS 7.36723300 0.25230600
OS 7.36193100 0.25033000
OS 7.35739800 0.24693900
OS 7.35400400 0.24240700
OS 7.35229900 0.23783800
OS 7.35153600 0.23681600
OS 7.35081900 0.23576700
OS 7.35071900 0.23572000
OS 7.35065200 0.23563500
OS 7.34945800 0.23518700
OS 7.34828400 0.23469100
OS 7.34817700 0.23470800
OS 7.34807100 0.23467000
OS 7.34683000 0.23494000
OS 7.34558000 0.23515400
OS 7.34545900 0.23523700
OS 7.34538900 0.23525300
OS 7.34442900 0.23593600
OS 7.34434800 0.23601100
OS 7.34053600 0.23982300
OS 7.33881800 0.24107100
OS 7.33861800 0.24125300
OS 7.33804100 0.24220500
OS 7.33736400 0.24308400
OS 7.33729600 0.24343300
OS 7.33719200 0.24360800
OS 7.33719900 0.24394000
OS 7.33702800 0.24485900
OS 7.33702800 0.53066200
OS 7.33581700 0.53675100
OS 7.33344300 0.54248200
OS 7.32999300 0.54764700
OS 7.32560700 0.55203400
OS 7.32044300 0.55548700
OS 7.31471100 0.55786000
OS 7.30861600 0.55907400
OS 7.30240800 0.55907400
OS 7.29632000 0.55786300
OS 7.29058800 0.55548900
OS 7.28542200 0.55203800
OS 7.28103100 0.54764700
OS 7.27758300 0.54248700
OS 7.27521100 0.53675700
OS 7.27399700 0.53066400
OS 7.27399700 0.24486200
OS 7.27322200 0.24221900
OS 7.27198400 0.24090900
OS 7.27049000 0.23982400
OS 7.26450900 0.23384200
OS 7.25946500 0.22690000
OS 7.25728900 0.22522100
OS 7.25728400 0.22521900
OS 7.25454800 0.22498200
OS 7.25454200 0.22498300
OS 7.25211500 0.22626200
OS 7.25156300 0.22689700
OS 7.24651800 0.23384000
OS 7.24053400 0.23982400
OS 7.23369300 0.24479400
OS 7.22615100 0.24863800
OS 7.21810400 0.25125300
OS 7.20974300 0.25257800
OS 7.20128100 0.25257800
OS 7.19292400 0.25125400
OS 7.18487900 0.24864000
OS 7.17733600 0.24479700
OS 7.17049000 0.23982400
OS 7.16450900 0.23384200
OS 7.15946500 0.22690000
OS 7.15728900 0.22522100
OS 7.15728400 0.22521900
OS 7.15454800 0.22498200
OS 7.15454200 0.22498300
OS 7.15211500 0.22626200
OS 7.15156300 0.22689700
OS 7.14651800 0.23384000
OS 7.14053400 0.23982400
OS 7.13369200 0.24479500
OS 7.13182400 0.24574800
OS 7.12982000 0.24764200
OS 7.12915500 0.25009500
OS 7.12915400 0.82941800
OS 7.12931600 0.83002500
OS 7.12929200 0.83057300
OS 7.12955000 0.83121700
OS 7.12955900 0.83129400
OS 7.12970900 0.83161400
OS 7.12980700 0.83185900
OS 7.13069000 0.83339000
OS 7.13230300 0.83940100
OS 7.13234500 0.83971300
OS 7.13235000 0.83972100
OS 7.13235600 0.83972200
OS 7.13238900 0.83971800
OS 7.13240400 0.83972600
OS 7.13240800 0.83973200
OS 7.13307800 0.84201500
OS 7.13312600 0.84209100
OS 7.13659000 0.84727400
OS 7.13896300 0.85300500
OS 7.14017800 0.85909800
OS 7.14017800 0.86530800
OS 7.13896600 0.87139700
OS 7.13659300 0.87712700
OS 7.13314300 0.88229300
OS 7.12875200 0.88668400
OS 7.12359100 0.89013300
OS 7.11786200 0.89250500
OS 7.11176600 0.89372000
OS 7.10555800 0.89372000
OS 7.09946900 0.89250800
OS 7.09373600 0.89013500
OS 7.08857200 0.88668400
OS 7.08418100 0.88229300
OS 7.08073300 0.87713200
OS 7.07836000 0.87140300
OS 7.07714600 0.86531000
OS 7.07714600 0.85910000
OS 7.07835700 0.85301100
OS 7.08073100 0.84728000
OS 7.08123300 0.84652700
OS 7.08205400 0.84390500
OS 7.08205400 0.84370200
OS 7.08204100 0.84312000
OS 7.08187200 0.84248700
OS 7.08187100 0.25010600
OS 7.08109600 0.24746300
OS 7.07920900 0.24575400
OS 7.07733600 0.24479800
OS 7.07049000 0.23982400
OS 7.06450900 0.23384200
OS 7.05953300 0.22699400
OS 7.05569100 0.21945500
OS 7.05307700 0.21141000
OS 7.05175200 0.20305100
OS 7.05175200 0.18277600
OS 7.05307600 0.17441900
OS 7.05568900 0.16637500
OS 7.05953000 0.15883500
OS 7.06450600 0.15198600
OS 7.07048700 0.14600400
OS 7.07733200 0.14103000
OS 7.08487400 0.13718700
OS 7.09292000 0.13457200
OS 7.10128100 0.13324700
OS 7.10974300 0.13324700
OS 7.11810000 0.13457100
OS 7.12614600 0.13718500
OS 7.13368900 0.14102700
OS 7.14053300 0.14600000
OS 7.14651800 0.15198500
OS 7.15156000 0.15892500
OS 7.15373800 0.16060600
OS 7.15374300 0.16060800
OS 7.15647700 0.16084200
OS 7.15648300 0.16084100
OS 7.15891000 0.15956300
OS 7.15946200 0.15892800
OS 7.16450700 0.15198500
OS 7.17048800 0.14600300
OS 7.17733200 0.14103000
OS 7.18429200 0.13748300
OS 7.18629400 0.13559300
OS 7.18629700 0.13558800
OS 7.18695600 0.13292400
OS 7.18607200 0.13032400
OS 7.18553200 0.12967900
OS 7.18256100 0.12670800
OS 7.17932800 0.12186900
OS 7.17710200 0.11649400
OS 7.17596500 0.11078500
OS 7.17596500 0.10496300
OS 7.17710000 0.09925500
OS 7.17932600 0.09388200
OS 7.18255800 0.08904200
OS 7.18667300 0.08492600
OS 7.19151600 0.08168900
OS 7.19688600 0.07946400
OS 7.20260200 0.07832600
OE
OB 5.43094800 0.07832600 H
OS 5.43676900 0.07832600
OS 5.44247700 0.07946100
OS 5.44785000 0.08168700
OS 5.45269300 0.08492100
OS 5.45681000 0.08903800
OS 5.46004200 0.09387500
OS 5.46226700 0.09924800
OS 5.46340600 0.10496100
OS 5.46340600 0.11078300
OS 5.46227200 0.11648800
OS 5.46004500 0.12186400
OS 5.45681300 0.12670400
OS 5.45384100 0.12967700
OS 5.45252200 0.13209100
OS 5.45252100 0.13209700
OS 5.45271800 0.13483300
OS 5.45436700 0.13704000
OS 5.45507300 0.13748000
OS 5.46203500 0.14102700
OS 5.46887900 0.14600000
OS 5.47486300 0.15198400
OS 5.47990600 0.15892500
OS 5.48208500 0.16060600
OS 5.48209000 0.16060800
OS 5.48482300 0.16084200
OS 5.48482900 0.16084100
OS 5.48725600 0.15956300
OS 5.48780800 0.15892800
OS 5.49285300 0.15198500
OS 5.49883700 0.14600100
OS 5.50567800 0.14103000
OS 5.51322000 0.13718700
OS 5.52126700 0.13457200
OS 5.52962800 0.13324700
OS 5.53809000 0.13324700
OS 5.54644700 0.13457100
OS 5.55449200 0.13718500
OS 5.56203500 0.14102700
OS 5.56888000 0.14600000
OS 5.57261800 0.14973800
OS 5.57503100 0.15105500
OS 5.57503700 0.15105600
OS 5.57777200 0.15085900
OS 5.57997700 0.14921100
OS 5.58064400 0.14799200
OS 5.58234700 0.14342600
OS 5.58573800 0.13889200
OS 5.59026800 0.13550000
OS 5.59557200 0.13352100
OS 5.59792000 0.13326700
OS 5.62400000 0.13326800
OS 5.62400600 0.13327000
OS 5.62401300 0.13327700
OS 5.62401600 0.13328600
OS 5.62401600 0.17539200
OS 5.62402000 0.17540000
OS 5.62402800 0.17540200
OS 5.62610500 0.17420400
OS 5.63121100 0.17283500
OS 5.63650100 0.17283400
OS 5.64160600 0.17420100
OS 5.64368500 0.17539900
OS 5.64369400 0.17539900
OS 5.64370000 0.17539300
OS 5.64370200 0.13328300
OS 5.64370400 0.13327700
OS 5.64371100 0.13327000
OS 5.64372000 0.13326700
OS 5.66979700 0.13326700
OS 5.67213800 0.13351900
OS 5.67744000 0.13549500
OS 5.68197300 0.13888600
OS 5.68536700 0.14341800
OS 5.68734500 0.14871800
OS 5.68759900 0.15106500
OS 5.68759800 0.18305400
OS 5.68759600 0.18306000
OS 5.68758900 0.18306700
OS 5.68758000 0.18307000
OS 5.65137900 0.18307000
OS 5.65137100 0.18307400
OS 5.65136900 0.18308200
OS 5.65256700 0.18515800
OS 5.65393600 0.19026400
OS 5.65393700 0.19555600
OS 5.65257100 0.20065800
OS 5.65137200 0.20273900
OS 5.65137200 0.20274800
OS 5.65137800 0.20275400
OS 5.68758300 0.20275600
OS 5.68758900 0.20275800
OS 5.68759600 0.20276500
OS 5.68759900 0.20277400
OS 5.68759900 0.23475700
OS 5.68734700 0.23709800
OS 5.68537100 0.24239900
OS 5.68197900 0.24693300
OS 5.67744800 0.25032600
OS 5.67214500 0.25230400
OS 5.66979700 0.25255800
OS 5.64371700 0.25255700
OS 5.64371100 0.25255500
OS 5.64370400 0.25254700
OS 5.64370100 0.25253900
OS 5.64370100 0.21043300
OS 5.64369700 0.21042500
OS 5.64368900 0.21042300
OS 5.64161300 0.21162100
OS 5.63650600 0.21299000
OS 5.63121600 0.21299100
OS 5.62611200 0.21162400
OS 5.62403200 0.21042600
OS 5.62402300 0.21042600
OS 5.62401700 0.21043200
OS 5.62401500 0.25254200
OS 5.62401300 0.25254800
OS 5.62400600 0.25255500
OS 5.62399700 0.25255800
OS 5.59792000 0.25255800
OS 5.59557900 0.25230600
OS 5.59027600 0.25032900
OS 5.58574400 0.24693900
OS 5.58235100 0.24240700
OS 5.58064600 0.23783800
OS 5.57988300 0.23681600
OS 5.57916500 0.23576700
OS 5.57906500 0.23572000
OS 5.57899800 0.23563500
OS 5.57780500 0.23518700
OS 5.57663100 0.23469100
OS 5.57652400 0.23470800
OS 5.57641800 0.23467000
OS 5.57517600 0.23494000
OS 5.57392600 0.23515400
OS 5.57380500 0.23523700
OS 5.57373500 0.23525300
OS 5.57277400 0.23593700
OS 5.57269300 0.23601100
OS 5.56888300 0.23982200
OS 5.56716400 0.24107100
OS 5.56696400 0.24125300
OS 5.56638800 0.24220500
OS 5.56571000 0.24308400
OS 5.56564200 0.24343400
OS 5.56553900 0.24360800
OS 5.56554600 0.24394000
OS 5.56537400 0.24485900
OS 5.56537400 0.53066200
OS 5.56416300 0.53675100
OS 5.56179000 0.54248100
OS 5.55834200 0.54764400
OS 5.55395300 0.55203400
OS 5.54878800 0.55548700
OS 5.54305900 0.55786000
OS 5.53696300 0.55907400
OS 5.53075500 0.55907400
OS 5.52466600 0.55786300
OS 5.51893300 0.55548900
OS 5.51376900 0.55203800
OS 5.50937800 0.54764700
OS 5.50593000 0.54248700
OS 5.50355700 0.53675700
OS 5.50234300 0.53066400
OS 5.50234300 0.24486200
OS 5.50156800 0.24221900
OS 5.50033100 0.24090900
OS 5.49883700 0.23982400
OS 5.49285200 0.23383900
OS 5.48781100 0.22690000
OS 5.48563600 0.22522100
OS 5.48563100 0.22521900
OS 5.48289400 0.22498200
OS 5.48288800 0.22498300
OS 5.48046100 0.22626200
OS 5.47990900 0.22689700
OS 5.47486400 0.23384000
OS 5.46888300 0.23982200
OS 5.46203900 0.24479400
OS 5.45449700 0.24863800
OS 5.44645100 0.25125300
OS 5.43809000 0.25257800
OS 5.42962800 0.25257800
OS 5.42127100 0.25125400
OS 5.41322500 0.24864000
OS 5.40568200 0.24479700
OS 5.39883700 0.23982400
OS 5.39285200 0.23383900
OS 5.38781100 0.22690000
OS 5.38563600 0.22522100
OS 5.38563100 0.22521900
OS 5.38289400 0.22498200
OS 5.38288800 0.22498300
OS 5.38046100 0.22626200
OS 5.37990900 0.22689700
OS 5.37486400 0.23384000
OS 5.36888300 0.23982200
OS 5.36203900 0.24479500
OS 5.36017000 0.24574800
OS 5.35816600 0.24764200
OS 5.35750100 0.25009500
OS 5.35750100 0.80941100
OS 5.35589100 0.81541900
OS 5.35277700 0.82081400
OS 5.35018300 0.82340900
OS 5.34886300 0.82582300
OS 5.34762800 0.83202600
OS 5.34525400 0.83775700
OS 5.34180400 0.84292300
OS 5.33741300 0.84731400
OS 5.33225300 0.85076200
OS 5.32652200 0.85313500
OS 5.32042700 0.85434900
OS 5.31421900 0.85434900
OS 5.30813100 0.85313800
OS 5.30240100 0.85076600
OS 5.29723600 0.84731600
OS 5.29284600 0.84292700
OS 5.28939500 0.83776200
OS 5.28702200 0.83203400
OS 5.28580800 0.82594000
OS 5.28580800 0.81973000
OS 5.28701900 0.81364100
OS 5.28939200 0.80791100
OS 5.29284200 0.80274500
OS 5.29723300 0.79835400
OS 5.30239500 0.79490500
OS 5.30720100 0.79291400
OS 5.30934200 0.79118700
OS 5.31021200 0.78858300
OS 5.31021700 0.78840300
OS 5.31021700 0.25010300
OS 5.30944200 0.24746300
OS 5.30755500 0.24575400
OS 5.30568200 0.24479800
OS 5.29883700 0.23982400
OS 5.29285200 0.23383900
OS 5.28787900 0.22699400
OS 5.28403800 0.21945500
OS 5.28142400 0.21141000
OS 5.28009900 0.20305100
OS 5.28009900 0.18277600
OS 5.28142300 0.17441900
OS 5.28403400 0.16637700
OS 5.28787600 0.15883500
OS 5.29285200 0.15198600
OS 5.29883700 0.14600100
OS 5.30567800 0.14103000
OS 5.31322000 0.13718700
OS 5.32126700 0.13457200
OS 5.32962800 0.13324700
OS 5.33809000 0.13324700
OS 5.34644700 0.13457100
OS 5.35449200 0.13718500
OS 5.36203500 0.14102700
OS 5.36888000 0.14600000
OS 5.37486100 0.15198200
OS 5.37990600 0.15892500
OS 5.38208500 0.16060600
OS 5.38209000 0.16060800
OS 5.38482300 0.16084200
OS 5.38482900 0.16084100
OS 5.38725600 0.15956300
OS 5.38780800 0.15892800
OS 5.39285300 0.15198500
OS 5.39883700 0.14600100
OS 5.40567800 0.14103000
OS 5.41263900 0.13748300
OS 5.41464100 0.13559300
OS 5.41464400 0.13558800
OS 5.41530300 0.13292400
OS 5.41441900 0.13032400
OS 5.41387900 0.12967900
OS 5.41090800 0.12670800
OS 5.40767400 0.12186900
OS 5.40545000 0.11649900
OS 5.40431100 0.11078500
OS 5.40431100 0.10496300
OS 5.40544700 0.09925500
OS 5.40767200 0.09388200
OS 5.41090700 0.08903900
OS 5.41501900 0.08492600
OS 5.41986300 0.08168900
OS 5.42523400 0.07946400
OS 5.43094800 0.07832600
OE
OB 6.61205100 0.07832600 H
OS 6.61787100 0.07832600
OS 6.62358000 0.07946100
OS 6.62895200 0.08168700
OS 6.63379500 0.08492100
OS 6.63791200 0.08903800
OS 6.64114500 0.09387500
OS 6.64337000 0.09924800
OS 6.64450800 0.10496100
OS 6.64450800 0.11078300
OS 6.64337300 0.11649100
OS 6.64114900 0.12186200
OS 6.63791300 0.12670700
OS 6.63494100 0.12967900
OS 6.63362400 0.13209100
OS 6.63362300 0.13209700
OS 6.63382000 0.13483300
OS 6.63547000 0.13704000
OS 6.63617500 0.13748000
OS 6.64313700 0.14102700
OS 6.64998100 0.14600000
OS 6.65596500 0.15198300
OS 6.66100900 0.15892500
OS 6.66318700 0.16060600
OS 6.66319200 0.16060800
OS 6.66592600 0.16084200
OS 6.66593200 0.16084100
OS 6.66835800 0.15956300
OS 6.66891100 0.15892800
OS 6.67395500 0.15198500
OS 6.67993900 0.14600100
OS 6.68678100 0.14103000
OS 6.69432000 0.13718800
OS 6.70236900 0.13457200
OS 6.71073000 0.13324700
OS 6.71919200 0.13324700
OS 6.72754900 0.13457100
OS 6.73559500 0.13718500
OS 6.74313700 0.14102700
OS 6.74998200 0.14600000
OS 6.75372000 0.14973800
OS 6.75613300 0.15105500
OS 6.75613900 0.15105600
OS 6.75887400 0.15085900
OS 6.76107900 0.14921100
OS 6.76174600 0.14799200
OS 6.76344900 0.14342600
OS 6.76684000 0.13889200
OS 6.77137200 0.13549900
OS 6.77667400 0.13352100
OS 6.77902200 0.13326700
OS 6.80510300 0.13326800
OS 6.80510900 0.13327000
OS 6.80511600 0.13327700
OS 6.80511900 0.13328600
OS 6.80511900 0.17539200
OS 6.80512300 0.17540000
OS 6.80513100 0.17540200
OS 6.80720700 0.17420400
OS 6.81231400 0.17283500
OS 6.81760400 0.17283400
OS 6.82270800 0.17420100
OS 6.82478800 0.17539900
OS 6.82479700 0.17539900
OS 6.82480300 0.17539300
OS 6.82480500 0.13328300
OS 6.82480700 0.13327700
OS 6.82481400 0.13327000
OS 6.82482300 0.13326700
OS 6.85090000 0.13326700
OS 6.85324100 0.13351900
OS 6.85854200 0.13549500
OS 6.86307600 0.13888600
OS 6.86646900 0.14341800
OS 6.86844700 0.14871800
OS 6.86870100 0.15106500
OS 6.86870000 0.18305400
OS 6.86869800 0.18306000
OS 6.86869100 0.18306700
OS 6.86868200 0.18307000
OS 6.83248100 0.18307000
OS 6.83247300 0.18307400
OS 6.83247100 0.18308200
OS 6.83367000 0.18515800
OS 6.83503900 0.19026400
OS 6.83504000 0.19555600
OS 6.83367400 0.20065800
OS 6.83247400 0.20273900
OS 6.83247400 0.20274800
OS 6.83248000 0.20275400
OS 6.86868500 0.20275600
OS 6.86869100 0.20275800
OS 6.86869800 0.20276500
OS 6.86870100 0.20277400
OS 6.86870100 0.23475700
OS 6.86844900 0.23709800
OS 6.86647300 0.24239900
OS 6.86308200 0.24693300
OS 6.85855000 0.25032600
OS 6.85324800 0.25230400
OS 6.85090000 0.25255800
OS 6.82482000 0.25255700
OS 6.82481400 0.25255500
OS 6.82480700 0.25254700
OS 6.82480400 0.25253900
OS 6.82480400 0.21043300
OS 6.82480000 0.21042500
OS 6.82479200 0.21042300
OS 6.82271500 0.21162100
OS 6.81760900 0.21299000
OS 6.81231900 0.21299100
OS 6.80721400 0.21162400
OS 6.80513500 0.21042600
OS 6.80512600 0.21042600
OS 6.80512000 0.21043200
OS 6.80511800 0.25254200
OS 6.80511600 0.25254800
OS 6.80510900 0.25255500
OS 6.80510000 0.25255800
OS 6.77902200 0.25255800
OS 6.77668100 0.25230600
OS 6.77138000 0.25033000
OS 6.76684600 0.24693900
OS 6.76345300 0.24240700
OS 6.76174800 0.23783800
OS 6.76098500 0.23681600
OS 6.76026800 0.23576700
OS 6.76016800 0.23572000
OS 6.76010100 0.23563500
OS 6.75890700 0.23518700
OS 6.75773300 0.23469100
OS 6.75762600 0.23470800
OS 6.75752000 0.23467000
OS 6.75627900 0.23494000
OS 6.75502800 0.23515400
OS 6.75490700 0.23523700
OS 6.75483700 0.23525300
OS 6.75387600 0.23593700
OS 6.75379500 0.23601100
OS 6.74998500 0.23982200
OS 6.74826600 0.24107100
OS 6.74806600 0.24125300
OS 6.74749000 0.24220500
OS 6.74681200 0.24308400
OS 6.74674500 0.24343300
OS 6.74664100 0.24360800
OS 6.74664800 0.24394000
OS 6.74647700 0.24485900
OS 6.74647700 0.53066200
OS 6.74526600 0.53675100
OS 6.74289200 0.54248200
OS 6.73944200 0.54764700
OS 6.73505100 0.55203800
OS 6.72989200 0.55548700
OS 6.72416000 0.55786000
OS 6.71806500 0.55907400
OS 6.71185700 0.55907400
OS 6.70576900 0.55786300
OS 6.70003700 0.55548900
OS 6.69487100 0.55203800
OS 6.69048000 0.54764700
OS 6.68703200 0.54248700
OS 6.68465800 0.53675300
OS 6.68344500 0.53066400
OS 6.68344500 0.24486200
OS 6.68267000 0.24221900
OS 6.68143300 0.24090900
OS 6.67993900 0.23982400
OS 6.67395400 0.23383900
OS 6.66891400 0.22690000
OS 6.66673800 0.22522100
OS 6.66673300 0.22521900
OS 6.66399700 0.22498200
OS 6.66399100 0.22498300
OS 6.66156400 0.22626200
OS 6.66101200 0.22689700
OS 6.65596700 0.23384000
OS 6.64998300 0.23982400
OS 6.64314100 0.24479400
OS 6.63560000 0.24863800
OS 6.62755300 0.25125300
OS 6.61919200 0.25257800
OS 6.61073000 0.25257800
OS 6.60237300 0.25125400
OS 6.59432500 0.24863900
OS 6.58678500 0.24479700
OS 6.57993900 0.23982400
OS 6.57395400 0.23383900
OS 6.56891400 0.22690000
OS 6.56673800 0.22522100
OS 6.56673300 0.22521900
OS 6.56399700 0.22498200
OS 6.56399100 0.22498300
OS 6.56156400 0.22626200
OS 6.56101200 0.22689700
OS 6.55596700 0.23384000
OS 6.54998300 0.23982400
OS 6.54314100 0.24479500
OS 6.54127200 0.24574800
OS 6.53926900 0.24764200
OS 6.53860400 0.25009500
OS 6.53860300 0.78972300
OS 6.53699400 0.79573400
OS 6.53387900 0.80112900
OS 6.53128500 0.80372400
OS 6.52996600 0.80613800
OS 6.52873000 0.81234100
OS 6.52635800 0.81807000
OS 6.52290900 0.82323500
OS 6.51851300 0.82763100
OS 6.51335500 0.83107700
OS 6.50762600 0.83345000
OS 6.50153000 0.83466400
OS 6.49532200 0.83466400
OS 6.48923300 0.83345300
OS 6.48350200 0.83108000
OS 6.47833600 0.82762900
OS 6.47394500 0.82323800
OS 6.47049700 0.81807700
OS 6.46812400 0.81234900
OS 6.46691000 0.80625500
OS 6.46691000 0.80004400
OS 6.46812100 0.79395600
OS 6.47049500 0.78822500
OS 6.47394500 0.78306000
OS 6.47833100 0.77867300
OS 6.48349700 0.77522000
OS 6.48830400 0.77322900
OS 6.49044500 0.77150200
OS 6.49131400 0.76889800
OS 6.49131900 0.76871800
OS 6.49131900 0.25010300
OS 6.49054400 0.24746300
OS 6.48865800 0.24575400
OS 6.48678500 0.24479800
OS 6.47993900 0.23982400
OS 6.47395400 0.23383900
OS 6.46898200 0.22699400
OS 6.46514000 0.21945500
OS 6.46252600 0.21141000
OS 6.46120100 0.20305100
OS 6.46120100 0.18277600
OS 6.46252500 0.17441900
OS 6.46513800 0.16637500
OS 6.46897900 0.15883500
OS 6.47395400 0.15198600
OS 6.47993900 0.14600100
OS 6.48678100 0.14103000
OS 6.49432000 0.13718800
OS 6.50236900 0.13457200
OS 6.51073000 0.13324700
OS 6.51919200 0.13324700
OS 6.52754900 0.13457100
OS 6.53559500 0.13718500
OS 6.54313700 0.14102700
OS 6.54998200 0.14600000
OS 6.55596700 0.15198500
OS 6.56100900 0.15892500
OS 6.56318700 0.16060600
OS 6.56319200 0.16060800
OS 6.56592600 0.16084200
OS 6.56593200 0.16084100
OS 6.56835800 0.15956300
OS 6.56891100 0.15892800
OS 6.57395500 0.15198500
OS 6.57993900 0.14600100
OS 6.58678100 0.14103000
OS 6.59374100 0.13748300
OS 6.59574300 0.13559300
OS 6.59574600 0.13558800
OS 6.59640500 0.13292400
OS 6.59552100 0.13032400
OS 6.59498100 0.12967900
OS 6.59201000 0.12670800
OS 6.58877700 0.12186900
OS 6.58655200 0.11649900
OS 6.58541400 0.11078500
OS 6.58541400 0.10496300
OS 6.58654900 0.09925500
OS 6.58877500 0.09388200
OS 6.59200900 0.08903900
OS 6.59612600 0.08492200
OS 6.60096500 0.08168900
OS 6.60633500 0.07946400
OS 6.61205100 0.07832600
OE
OB 6.02150000 0.07832600 H
OS 6.02732000 0.07832600
OS 6.03302900 0.07946100
OS 6.03840100 0.08168700
OS 6.04324400 0.08492100
OS 6.04736100 0.08903800
OS 6.05059300 0.09387500
OS 6.05281900 0.09924800
OS 6.05395700 0.10496100
OS 6.05395700 0.11078300
OS 6.05282200 0.11649100
OS 6.05059600 0.12186400
OS 6.04736200 0.12670700
OS 6.04439000 0.12967900
OS 6.04307300 0.13209100
OS 6.04307200 0.13209700
OS 6.04326900 0.13483300
OS 6.04491800 0.13704000
OS 6.04562400 0.13748000
OS 6.05258600 0.14102700
OS 6.05943000 0.14600000
OS 6.06541400 0.15198300
OS 6.07045700 0.15892500
OS 6.07263600 0.16060600
OS 6.07264100 0.16060800
OS 6.07537400 0.16084200
OS 6.07538000 0.16084100
OS 6.07780700 0.15956300
OS 6.07835900 0.15892800
OS 6.08340400 0.15198500
OS 6.08938800 0.14600100
OS 6.09623000 0.14103000
OS 6.10377100 0.13718700
OS 6.11181800 0.13457200
OS 6.12017900 0.13324700
OS 6.12864100 0.13324700
OS 6.13699800 0.13457100
OS 6.14504600 0.13718600
OS 6.15258600 0.14102700
OS 6.15943100 0.14600000
OS 6.16316900 0.14973800
OS 6.16558200 0.15105500
OS 6.16558800 0.15105600
OS 6.16832300 0.15085900
OS 6.17052800 0.14921100
OS 6.17119500 0.14799200
OS 6.17289800 0.14342600
OS 6.17628900 0.13889200
OS 6.18082100 0.13549900
OS 6.18612300 0.13352100
OS 6.18847100 0.13326700
OS 6.21455100 0.13326800
OS 6.21455700 0.13327000
OS 6.21456400 0.13327700
OS 6.21456700 0.13328600
OS 6.21456700 0.17539200
OS 6.21457100 0.17540000
OS 6.21457900 0.17540200
OS 6.21665600 0.17420400
OS 6.22176200 0.17283500
OS 6.22705200 0.17283400
OS 6.23215700 0.17420100
OS 6.23423600 0.17539900
OS 6.23424500 0.17539900
OS 6.23425100 0.17539300
OS 6.23425300 0.13328300
OS 6.23425500 0.13327700
OS 6.23426200 0.13327000
OS 6.23427100 0.13326700
OS 6.26034900 0.13326700
OS 6.26269000 0.13351900
OS 6.26799100 0.13549500
OS 6.27252500 0.13888600
OS 6.27591800 0.14341800
OS 6.27789600 0.14871800
OS 6.27815000 0.15106500
OS 6.27814900 0.18305400
OS 6.27814700 0.18306000
OS 6.27814000 0.18306700
OS 6.27813100 0.18307000
OS 6.24193000 0.18307000
OS 6.24192200 0.18307400
OS 6.24192000 0.18308200
OS 6.24311800 0.18515800
OS 6.24448800 0.19026400
OS 6.24448900 0.19555600
OS 6.24312200 0.20065800
OS 6.24192300 0.20273900
OS 6.24192300 0.20274800
OS 6.24192900 0.20275400
OS 6.27813400 0.20275600
OS 6.27814000 0.20275800
OS 6.27814700 0.20276500
OS 6.27815000 0.20277400
OS 6.27815000 0.23475700
OS 6.27789800 0.23709800
OS 6.27592200 0.24239900
OS 6.27253100 0.24693300
OS 6.26799900 0.25032600
OS 6.26269700 0.25230400
OS 6.26034900 0.25255800
OS 6.23426800 0.25255700
OS 6.23426200 0.25255500
OS 6.23425500 0.25254700
OS 6.23425200 0.25253900
OS 6.23425200 0.21043300
OS 6.23424800 0.21042500
OS 6.23424000 0.21042300
OS 6.23216400 0.21162100
OS 6.22705700 0.21299000
OS 6.22176700 0.21299100
OS 6.21666300 0.21162400
OS 6.21458300 0.21042600
OS 6.21457400 0.21042600
OS 6.21456800 0.21043200
OS 6.21456600 0.25254200
OS 6.21456400 0.25254800
OS 6.21455700 0.25255500
OS 6.21454800 0.25255800
OS 6.18847100 0.25255800
OS 6.18613000 0.25230600
OS 6.18082900 0.25033000
OS 6.17629500 0.24693900
OS 6.17290200 0.24240700
OS 6.17119700 0.23783800
OS 6.17043400 0.23681600
OS 6.16971700 0.23576700
OS 6.16961700 0.23572000
OS 6.16954900 0.23563500
OS 6.16835600 0.23518700
OS 6.16718200 0.23469100
OS 6.16707500 0.23470800
OS 6.16696900 0.23467000
OS 6.16572800 0.23494000
OS 6.16447700 0.23515400
OS 6.16435600 0.23523700
OS 6.16428600 0.23525300
OS 6.16332500 0.23593700
OS 6.16324400 0.23601100
OS 6.15943400 0.23982200
OS 6.15771500 0.24107100
OS 6.15751500 0.24125300
OS 6.15693900 0.24220500
OS 6.15626100 0.24308400
OS 6.15619300 0.24343400
OS 6.15609000 0.24360800
OS 6.15609700 0.24394000
OS 6.15592600 0.24485900
OS 6.15592600 0.53066200
OS 6.15471500 0.53675100
OS 6.15234100 0.54248200
OS 6.14889100 0.54764700
OS 6.14450000 0.55203800
OS 6.13933900 0.55548700
OS 6.13361000 0.55786000
OS 6.12751400 0.55907400
OS 6.12130600 0.55907400
OS 6.11521700 0.55786300
OS 6.10948400 0.55548900
OS 6.10432000 0.55203800
OS 6.09992900 0.54764700
OS 6.09648100 0.54248700
OS 6.09410800 0.53675700
OS 6.09289400 0.53066400
OS 6.09289400 0.24486200
OS 6.09211900 0.24221900
OS 6.09088200 0.24090900
OS 6.08938800 0.23982400
OS 6.08340300 0.23383900
OS 6.07836200 0.22690000
OS 6.07618700 0.22522100
OS 6.07618200 0.22521900
OS 6.07344500 0.22498200
OS 6.07343900 0.22498300
OS 6.07101300 0.22626200
OS 6.07046000 0.22689700
OS 6.06541600 0.23384000
OS 6.05943200 0.23982400
OS 6.05259000 0.24479400
OS 6.04505100 0.24863700
OS 6.03700200 0.25125300
OS 6.02864100 0.25257800
OS 6.02017900 0.25257800
OS 6.01182200 0.25125400
OS 6.00377600 0.24864000
OS 5.99623400 0.24479700
OS 5.98938800 0.23982400
OS 5.98340300 0.23383900
OS 5.97836200 0.22690000
OS 5.97618700 0.22522100
OS 5.97618200 0.22521900
OS 5.97344500 0.22498200
OS 5.97343900 0.22498300
OS 5.97101300 0.22626200
OS 5.97046000 0.22689700
OS 5.96541600 0.23384000
OS 5.95943200 0.23982400
OS 5.95259000 0.24479500
OS 5.95072100 0.24574800
OS 5.94871700 0.24764200
OS 5.94805300 0.25009500
OS 5.94805200 0.77704300
OS 5.94882800 0.77968900
OS 5.94948000 0.78050000
OS 5.95203500 0.78305500
OS 5.95548700 0.78821800
OS 5.95786100 0.79395000
OS 5.95907500 0.80004300
OS 5.95907500 0.80625300
OS 5.95786400 0.81234100
OS 5.95549200 0.81807000
OS 5.95204000 0.82323800
OS 5.94764700 0.82763100
OS 5.94248900 0.83107700
OS 5.93675800 0.83345000
OS 5.93066400 0.83466400
OS 5.92445500 0.83466400
OS 5.91836700 0.83345300
OS 5.91263700 0.83108100
OS 5.90747200 0.82763100
OS 5.90307900 0.82323800
OS 5.89963100 0.81807700
OS 5.89725800 0.81234900
OS 5.89604400 0.80625500
OS 5.89604400 0.80004400
OS 5.89725500 0.79395600
OS 5.89962800 0.78822600
OS 5.89994300 0.78775200
OS 5.90076600 0.78512700
OS 5.90076800 0.25010600
OS 5.89999300 0.24746300
OS 5.89810700 0.24575400
OS 5.89623400 0.24479800
OS 5.88938800 0.23982400
OS 5.88340300 0.23383900
OS 5.87843000 0.22699400
OS 5.87458900 0.21945500
OS 5.87197500 0.21141000
OS 5.87065000 0.20305100
OS 5.87065000 0.18277600
OS 5.87197400 0.17441900
OS 5.87458700 0.16637500
OS 5.87842700 0.15883500
OS 5.88340300 0.15198600
OS 5.88938800 0.14600100
OS 5.89623000 0.14103000
OS 5.90377100 0.13718700
OS 5.91181800 0.13457200
OS 5.92017900 0.13324700
OS 5.92864100 0.13324700
OS 5.93699800 0.13457100
OS 5.94504600 0.13718600
OS 5.95258600 0.14102700
OS 5.95943100 0.14600000
OS 5.96541600 0.15198500
OS 5.97045700 0.15892500
OS 5.97263600 0.16060600
OS 5.97264100 0.16060800
OS 5.97537400 0.16084200
OS 5.97538000 0.16084100
OS 5.97780700 0.15956300
OS 5.97835900 0.15892800
OS 5.98340400 0.15198500
OS 5.98938800 0.14600100
OS 5.99623000 0.14103000
OS 6.00319000 0.13748300
OS 6.00519200 0.13559300
OS 6.00519500 0.13558800
OS 6.00585400 0.13292400
OS 6.00497000 0.13032400
OS 6.00443000 0.12967900
OS 6.00145900 0.12670800
OS 5.99822600 0.12186900
OS 5.99600100 0.11649900
OS 5.99486300 0.11078500
OS 5.99486300 0.10496300
OS 5.99599800 0.09925500
OS 5.99822200 0.09388400
OS 6.00145800 0.08903900
OS 6.00557000 0.08492600
OS 6.01041400 0.08168900
OS 6.01578500 0.07946400
OS 6.02150000 0.07832600
OE
OB 4.84039700 0.07832600 H
OS 4.84621800 0.07832600
OS 4.85192600 0.07946100
OS 4.85729800 0.08168700
OS 4.86214200 0.08492100
OS 4.86625400 0.08903400
OS 4.86949100 0.09387500
OS 4.87171600 0.09924800
OS 4.87285500 0.10496100
OS 4.87285500 0.11078300
OS 4.87171900 0.11649100
OS 4.86949400 0.12186400
OS 4.86625900 0.12670700
OS 4.86329000 0.12967700
OS 4.86197000 0.13209100
OS 4.86196900 0.13209700
OS 4.86216700 0.13483300
OS 4.86381600 0.13704000
OS 4.86452100 0.13748000
OS 4.87148400 0.14102700
OS 4.87832800 0.14600000
OS 4.88431200 0.15198400
OS 4.88935500 0.15892500
OS 4.89153300 0.16060600
OS 4.89153800 0.16060800
OS 4.89427200 0.16084200
OS 4.89427800 0.16084100
OS 4.89670500 0.15956300
OS 4.89725700 0.15892800
OS 4.90230200 0.15198500
OS 4.90828300 0.14600300
OS 4.91512700 0.14103000
OS 4.92266900 0.13718700
OS 4.93071600 0.13457200
OS 4.93907700 0.13324700
OS 4.94753900 0.13324700
OS 4.95589500 0.13457100
OS 4.96394100 0.13718500
OS 4.97148400 0.14102700
OS 4.97832900 0.14600000
OS 4.98206700 0.14973800
OS 4.98448000 0.15105500
OS 4.98448600 0.15105600
OS 4.98722100 0.15085900
OS 4.98942600 0.14921100
OS 4.99009300 0.14799200
OS 4.99179600 0.14342600
OS 4.99518700 0.13889200
OS 4.99971800 0.13549900
OS 5.00502100 0.13352100
OS 5.00736900 0.13326700
OS 5.03344900 0.13326800
OS 5.03345500 0.13327000
OS 5.03346200 0.13327700
OS 5.03346500 0.13328600
OS 5.03346500 0.17539200
OS 5.03346900 0.17540000
OS 5.03347700 0.17540200
OS 5.03555300 0.17420400
OS 5.04066000 0.17283500
OS 5.04595000 0.17283400
OS 5.05105500 0.17420100
OS 5.05313400 0.17539900
OS 5.05314300 0.17539900
OS 5.05314900 0.17539300
OS 5.05315100 0.13328300
OS 5.05315300 0.13327700
OS 5.05316000 0.13327000
OS 5.05316900 0.13326700
OS 5.07924600 0.13326700
OS 5.08158700 0.13351900
OS 5.08688900 0.13549500
OS 5.09142200 0.13888600
OS 5.09481700 0.14342100
OS 5.09679400 0.14871800
OS 5.09704800 0.15106500
OS 5.09704700 0.18305400
OS 5.09704500 0.18306000
OS 5.09703800 0.18306700
OS 5.09702900 0.18307000
OS 5.06082800 0.18307000
OS 5.06082000 0.18307400
OS 5.06081800 0.18308200
OS 5.06201600 0.18515800
OS 5.06338500 0.19026400
OS 5.06338600 0.19555600
OS 5.06202000 0.20065800
OS 5.06082100 0.20273900
OS 5.06082100 0.20274800
OS 5.06082700 0.20275400
OS 5.09703200 0.20275600
OS 5.09703800 0.20275800
OS 5.09704500 0.20276500
OS 5.09704800 0.20277400
OS 5.09704800 0.23475700
OS 5.09679600 0.23709800
OS 5.09482100 0.24239600
OS 5.09142800 0.24693300
OS 5.08689700 0.25032600
OS 5.08159400 0.25230400
OS 5.07924600 0.25255800
OS 5.05316600 0.25255700
OS 5.05316000 0.25255500
OS 5.05315300 0.25254700
OS 5.05315000 0.25253900
OS 5.05315000 0.21043300
OS 5.05314600 0.21042500
OS 5.05313800 0.21042300
OS 5.05106200 0.21162100
OS 5.04595500 0.21299000
OS 5.04066500 0.21299100
OS 5.03556000 0.21162400
OS 5.03348100 0.21042600
OS 5.03347200 0.21042600
OS 5.03346600 0.21043200
OS 5.03346400 0.25254200
OS 5.03346200 0.25254800
OS 5.03345500 0.25255500
OS 5.03344600 0.25255800
OS 5.00736900 0.25255800
OS 5.00502800 0.25230600
OS 4.99972600 0.25033000
OS 4.99519300 0.24693900
OS 4.99180000 0.24240700
OS 4.99009500 0.23783800
OS 4.98933100 0.23681600
OS 4.98861400 0.23576700
OS 4.98851400 0.23572000
OS 4.98844700 0.23563500
OS 4.98725400 0.23518700
OS 4.98608000 0.23469100
OS 4.98597300 0.23470800
OS 4.98586700 0.23467000
OS 4.98462500 0.23494000
OS 4.98337500 0.23515400
OS 4.98325400 0.23523700
OS 4.98318400 0.23525300
OS 4.98222300 0.23593700
OS 4.98214200 0.23601100
OS 4.97833200 0.23982200
OS 4.97661300 0.24107100
OS 4.97641300 0.24125300
OS 4.97583600 0.24220500
OS 4.97515900 0.24308400
OS 4.97509100 0.24343400
OS 4.97498800 0.24360800
OS 4.97499500 0.24394000
OS 4.97482300 0.24485900
OS 4.97482300 0.53066200
OS 4.97361200 0.53675100
OS 4.97123900 0.54248100
OS 4.96778800 0.54764700
OS 4.96340200 0.55203400
OS 4.95823700 0.55548700
OS 4.95250800 0.55786000
OS 4.94641200 0.55907400
OS 4.94020300 0.55907400
OS 4.93411500 0.55786300
OS 4.92838300 0.55548900
OS 4.92321700 0.55203800
OS 4.91883100 0.54765100
OS 4.91537900 0.54248700
OS 4.91300600 0.53675700
OS 4.91179200 0.53066400
OS 4.91179200 0.24486200
OS 4.91101700 0.24221900
OS 4.90977900 0.24090900
OS 4.90828500 0.23982400
OS 4.90230400 0.23384200
OS 4.89726000 0.22690000
OS 4.89508500 0.22522100
OS 4.89508000 0.22521900
OS 4.89234300 0.22498200
OS 4.89233700 0.22498300
OS 4.88991000 0.22626200
OS 4.88935800 0.22689700
OS 4.88431300 0.23384000
OS 4.87833200 0.23982200
OS 4.87148800 0.24479400
OS 4.86394600 0.24863800
OS 4.85589900 0.25125300
OS 4.84753900 0.25257800
OS 4.83907700 0.25257800
OS 4.83072000 0.25125400
OS 4.82267400 0.24864000
OS 4.81513100 0.24479700
OS 4.80828500 0.23982400
OS 4.80230400 0.23384200
OS 4.79726000 0.22690000
OS 4.79508500 0.22522100
OS 4.79508000 0.22521900
OS 4.79234300 0.22498200
OS 4.79233700 0.22498300
OS 4.78991000 0.22626200
OS 4.78935800 0.22689700
OS 4.78431300 0.23384000
OS 4.77833200 0.23982200
OS 4.77148800 0.24479500
OS 4.76961900 0.24574800
OS 4.76761500 0.24764200
OS 4.76695000 0.25009500
OS 4.76694900 0.75035300
OS 4.76534000 0.75636300
OS 4.76222600 0.76175900
OS 4.75281200 0.77117300
OS 4.75149500 0.77358500
OS 4.75149400 0.77359100
OS 4.75169100 0.77632700
OS 4.75333800 0.77853000
OS 4.75591100 0.77949200
OS 4.75626500 0.77950700
OS 4.92047900 0.77950700
OS 4.92311700 0.77873300
OS 4.92837900 0.77522000
OS 4.93410900 0.77284700
OS 4.94020300 0.77163300
OS 4.94641200 0.77163300
OS 4.95250000 0.77284400
OS 4.95823100 0.77521800
OS 4.96339700 0.77866800
OS 4.96778300 0.78305500
OS 4.97123500 0.78821800
OS 4.97360900 0.79395000
OS 4.97482300 0.80004300
OS 4.97482300 0.80625300
OS 4.97361200 0.81234100
OS 4.97124000 0.81807000
OS 4.96778800 0.82323800
OS 4.96339500 0.82763100
OS 4.95823700 0.83107700
OS 4.95250800 0.83345000
OS 4.94641200 0.83466400
OS 4.94020300 0.83466400
OS 4.93411500 0.83345300
OS 4.92838500 0.83108100
OS 4.92319800 0.82761600
OS 4.92057200 0.82679200
OS 4.74960400 0.82679000
OS 4.74696200 0.82756400
OS 4.74170200 0.83107700
OS 4.73597100 0.83345000
OS 4.72987600 0.83466400
OS 4.72366800 0.83466400
OS 4.71758000 0.83345300
OS 4.71185000 0.83108100
OS 4.70668500 0.82763100
OS 4.70229500 0.82324200
OS 4.69884300 0.81807700
OS 4.69646900 0.81234400
OS 4.69525600 0.80625500
OS 4.69525600 0.80004400
OS 4.69646600 0.79395900
OS 4.69884100 0.78822500
OS 4.70230600 0.78303900
OS 4.70312900 0.78041300
OS 4.70313000 0.76066900
OS 4.70474000 0.75465800
OS 4.70785300 0.74926400
OS 4.71823400 0.73888200
OS 4.71955200 0.73647000
OS 4.71966600 0.73542800
OS 4.71966600 0.25010300
OS 4.71889100 0.24746300
OS 4.71700400 0.24575400
OS 4.71513100 0.24479800
OS 4.70828500 0.23982400
OS 4.70230400 0.23384200
OS 4.69732800 0.22699400
OS 4.69348600 0.21945500
OS 4.69087200 0.21141000
OS 4.68954800 0.20305100
OS 4.68954800 0.18277600
OS 4.69087100 0.17441900
OS 4.69348400 0.16637500
OS 4.69732500 0.15883500
OS 4.70230100 0.15198600
OS 4.70828200 0.14600400
OS 4.71512700 0.14103000
OS 4.72266900 0.13718700
OS 4.73071600 0.13457200
OS 4.73907700 0.13324700
OS 4.74753900 0.13324700
OS 4.75589500 0.13457100
OS 4.76394100 0.13718500
OS 4.77148400 0.14102700
OS 4.77832900 0.14600000
OS 4.78431000 0.15198200
OS 4.78935500 0.15892500
OS 4.79153300 0.16060600
OS 4.79153800 0.16060800
OS 4.79427200 0.16084200
OS 4.79427800 0.16084100
OS 4.79670500 0.15956300
OS 4.79725700 0.15892800
OS 4.80230200 0.15198500
OS 4.80828300 0.14600300
OS 4.81512700 0.14103000
OS 4.82208800 0.13748300
OS 4.82409000 0.13559300
OS 4.82409300 0.13558800
OS 4.82475200 0.13292400
OS 4.82386700 0.13032400
OS 4.82332700 0.12967900
OS 4.82036000 0.12671100
OS 4.81712300 0.12186900
OS 4.81489900 0.11649900
OS 4.81376000 0.11078500
OS 4.81376000 0.10496300
OS 4.81489600 0.09925500
OS 4.81712100 0.09388200
OS 4.82035600 0.08903900
OS 4.82446800 0.08492600
OS 4.82931100 0.08168900
OS 4.83468300 0.07946400
OS 4.84039700 0.07832600
OE
OB 7.30240800 0.67320800 H
OS 7.30861600 0.67320800
OS 7.31470500 0.67441900
OS 7.32043600 0.67679300
OS 7.32560100 0.68024300
OS 7.32998800 0.68462900
OS 7.33344000 0.68979300
OS 7.33581400 0.69552500
OS 7.33702800 0.70161700
OS 7.33702800 0.70782800
OS 7.33581700 0.71391600
OS 7.33344300 0.71964700
OS 7.32999300 0.72481300
OS 7.32560400 0.72920200
OS 7.32044200 0.73265200
OS 7.31471100 0.73502500
OS 7.30861600 0.73623900
OS 7.30240800 0.73623900
OS 7.29632000 0.73502800
OS 7.29059000 0.73265600
OS 7.28542200 0.72920300
OS 7.28103500 0.72481700
OS 7.27758300 0.71965200
OS 7.27521100 0.71392200
OS 7.27399700 0.70783000
OS 7.27399700 0.70161900
OS 7.27520800 0.69553100
OS 7.27758100 0.68980000
OS 7.28103100 0.68463400
OS 7.28541800 0.68024800
OS 7.29058400 0.67679500
OS 7.29631300 0.67442200
OS 7.30240800 0.67320800
OE
OB 6.71185700 0.67320800 H
OS 6.71806500 0.67320800
OS 6.72415400 0.67441900
OS 6.72988400 0.67679300
OS 6.73505000 0.68024300
OS 6.73943700 0.68462900
OS 6.74288900 0.68979300
OS 6.74526300 0.69552500
OS 6.74647700 0.70161700
OS 6.74647700 0.70782800
OS 6.74526600 0.71391600
OS 6.74289200 0.71964700
OS 6.73944200 0.72481300
OS 6.73505500 0.72919900
OS 6.72989100 0.73265200
OS 6.72416000 0.73502500
OS 6.71806500 0.73623900
OS 6.71185700 0.73623900
OS 6.70576900 0.73502800
OS 6.70003900 0.73265600
OS 6.69487100 0.72920300
OS 6.69048400 0.72481700
OS 6.68703200 0.71965200
OS 6.68465800 0.71391800
OS 6.68344500 0.70783000
OS 6.68344500 0.70161900
OS 6.68465500 0.69553400
OS 6.68703000 0.68980000
OS 6.69048000 0.68463400
OS 6.69486700 0.68024800
OS 6.70003300 0.67679500
OS 6.70576200 0.67442200
OS 6.71185700 0.67320800
OE
OB 4.94020300 0.67320800 H
OS 4.94641200 0.67320800
OS 4.95250000 0.67441900
OS 4.95823100 0.67679300
OS 4.96339700 0.68024300
OS 4.96778700 0.68463300
OS 4.97123500 0.68979300
OS 4.97360900 0.69552500
OS 4.97482300 0.70161700
OS 4.97482300 0.70782800
OS 4.97361200 0.71391600
OS 4.97124000 0.71964500
OS 4.96778800 0.72481300
OS 4.96339800 0.72920300
OS 4.95823700 0.73265200
OS 4.95250800 0.73502500
OS 4.94641200 0.73623900
OS 4.94020300 0.73623900
OS 4.93411500 0.73502800
OS 4.92838500 0.73265600
OS 4.92321700 0.72920300
OS 4.91882700 0.72481300
OS 4.91537900 0.71965200
OS 4.91300600 0.71392200
OS 4.91179200 0.70783000
OS 4.91179200 0.70161900
OS 4.91300300 0.69553100
OS 4.91537500 0.68980200
OS 4.91882700 0.68463400
OS 4.92321700 0.68024400
OS 4.92837900 0.67679500
OS 4.93410900 0.67442200
OS 4.94020300 0.67320800
OE
OB 5.53075500 0.67320800 H
OS 5.53696300 0.67320800
OS 5.54305200 0.67441900
OS 5.54878200 0.67679300
OS 5.55394800 0.68024300
OS 5.55833500 0.68462900
OS 5.56178700 0.68979300
OS 5.56416000 0.69552500
OS 5.56537400 0.70161700
OS 5.56537400 0.70782800
OS 5.56416300 0.71391600
OS 5.56179100 0.71964500
OS 5.55834200 0.72481000
OS 5.55394900 0.72920300
OS 5.54878800 0.73265200
OS 5.54305900 0.73502500
OS 5.53696300 0.73623900
OS 5.53075500 0.73623900
OS 5.52466600 0.73502800
OS 5.51893500 0.73265500
OS 5.51376900 0.72920300
OS 5.50938200 0.72481700
OS 5.50593000 0.71965200
OS 5.50355700 0.71392200
OS 5.50234300 0.70783000
OS 5.50234300 0.70161900
OS 5.50355400 0.69553100
OS 5.50592800 0.68980000
OS 5.50937800 0.68463400
OS 5.51376800 0.68024400
OS 5.51893000 0.67679500
OS 5.52466000 0.67442200
OS 5.53075500 0.67320800
OE
OB 6.12130600 0.67320800 H
OS 6.12751400 0.67320800
OS 6.13360300 0.67441900
OS 6.13933300 0.67679300
OS 6.14449900 0.68024300
OS 6.14888600 0.68462900
OS 6.15233800 0.68979300
OS 6.15471200 0.69552500
OS 6.15592600 0.70161700
OS 6.15592600 0.70782800
OS 6.15471600 0.71391200
OS 6.15234100 0.71964700
OS 6.14889100 0.72481300
OS 6.14450400 0.72919900
OS 6.13933900 0.73265200
OS 6.13361000 0.73502500
OS 6.12751400 0.73623900
OS 6.12130600 0.73623900
OS 6.11521700 0.73502800
OS 6.10948600 0.73265500
OS 6.10432000 0.72920300
OS 6.09993300 0.72481700
OS 6.09648100 0.71965200
OS 6.09410800 0.71392200
OS 6.09289400 0.70783000
OS 6.09289400 0.70161900
OS 6.09410500 0.69553100
OS 6.09647900 0.68980000
OS 6.09992900 0.68463400
OS 6.10431600 0.68024800
OS 6.10948100 0.67679500
OS 6.11521100 0.67442200
OS 6.12130600 0.67320800
OE
OB 7.95047100 0.38976300 H
OS 7.95976600 0.38976300
OS 7.96894600 0.39121700
OS 7.97778500 0.39408900
OS 7.98606600 0.39830700
OS 7.98931800 0.40067100
OS 7.98932200 0.40067700
OS 7.98932200 0.40069300
OS 7.96022600 0.42979100
OS 7.96022300 0.42979900
OS 7.96023000 0.42980800
OS 7.96271400 0.43047300
OS 7.96720300 0.43306500
OS 7.97086700 0.43672700
OS 7.97346000 0.44121600
OS 7.97413000 0.44371000
OS 7.97414300 0.44371200
OS 8.00324200 0.41461600
OS 8.00325200 0.41461300
OS 8.00326400 0.41461800
OS 8.00562400 0.41786200
OS 8.00984600 0.42614700
OS 8.01271900 0.43498500
OS 8.01417400 0.44416500
OS 8.01417400 0.45346600
OS 8.01272000 0.46264600
OS 8.00984900 0.47148200
OS 8.00563000 0.47976600
OS 8.00326600 0.48301800
OS 8.00326000 0.48302200
OS 8.00324400 0.48302200
OS 7.97414600 0.45392600
OS 7.97413800 0.45392300
OS 7.97412900 0.45393000
OS 7.97346400 0.45641100
OS 7.97087200 0.46090300
OS 7.96720900 0.46456600
OS 7.96272100 0.46715900
OS 7.96022600 0.46782900
OS 7.96022400 0.46784200
OS 7.98932000 0.49694100
OS 7.98932300 0.49695100
OS 7.98931800 0.49696300
OS 7.98607400 0.49932300
OS 7.97779000 0.50354500
OS 7.96895000 0.50641800
OS 7.95976600 0.50787300
OS 7.95047100 0.50787300
OS 7.94129100 0.50641900
OS 7.93245200 0.50354700
OS 7.92416700 0.49932600
OS 7.92091900 0.49696500
OS 7.92091500 0.49695900
OS 7.92091500 0.49694300
OS 7.95001100 0.46784500
OS 7.95001400 0.46783700
OS 7.95000700 0.46782800
OS 7.94752300 0.46716200
OS 7.94303400 0.46457100
OS 7.93936900 0.46090700
OS 7.93677600 0.45641800
OS 7.93610700 0.45392600
OS 7.93609400 0.45392400
OS 7.90699500 0.48302000
OS 7.90698500 0.48302300
OS 7.90697300 0.48301800
OS 7.90461000 0.47977000
OS 7.90039000 0.47148700
OS 7.89751900 0.46265000
OS 7.89606300 0.45346800
OS 7.89606300 0.44417000
OS 7.89751800 0.43499000
OS 7.90038800 0.42615400
OS 7.90460700 0.41787000
OS 7.90697100 0.41461800
OS 7.90697700 0.41461400
OS 7.90699300 0.41461400
OS 7.93609100 0.44371000
OS 7.93609900 0.44371300
OS 7.93610800 0.44370600
OS 7.93677300 0.44122500
OS 7.93936600 0.43673300
OS 7.94303000 0.43306800
OS 7.94751600 0.43047600
OS 7.95001100 0.42980700
OS 7.95001300 0.42979400
OS 7.92091700 0.40069500
OS 7.92091400 0.40068500
OS 7.92091900 0.40067300
OS 7.92416300 0.39831300
OS 7.93244700 0.39409100
OS 7.94128700 0.39121800
OS 7.95047100 0.38976300
OE
OB 0.17488000 0.37007800 H
OS 0.18417600 0.37007800
OS 0.19335600 0.37153200
OS 0.20219400 0.37440300
OS 0.21047900 0.37862400
OS 0.21372800 0.38098600
OS 0.21373200 0.38099200
OS 0.21373200 0.38100800
OS 0.18463600 0.41010600
OS 0.18463300 0.41011400
OS 0.18464000 0.41012300
OS 0.18712300 0.41078800
OS 0.19161300 0.41338000
OS 0.19527800 0.41704400
OS 0.19787000 0.42153100
OS 0.19853900 0.42402500
OS 0.19855200 0.42402700
OS 0.22765100 0.39493100
OS 0.22766100 0.39492800
OS 0.22767300 0.39493300
OS 0.23003400 0.39817800
OS 0.23425500 0.40646200
OS 0.23712800 0.41530000
OS 0.23858300 0.42448000
OS 0.23858300 0.43378100
OS 0.23712900 0.44296100
OS 0.23425800 0.45179700
OS 0.23003900 0.46008100
OS 0.22767500 0.46333300
OS 0.22766900 0.46333700
OS 0.22765300 0.46333700
OS 0.19855500 0.43424100
OS 0.19854700 0.43423800
OS 0.19853800 0.43424500
OS 0.19787400 0.43672600
OS 0.19528100 0.44121800
OS 0.19161700 0.44488300
OS 0.18713000 0.44747400
OS 0.18463600 0.44814400
OS 0.18463400 0.44815700
OS 0.21373000 0.47725600
OS 0.21373300 0.47726600
OS 0.21372800 0.47727800
OS 0.21048400 0.47963800
OS 0.20219900 0.48386000
OS 0.19336000 0.48673300
OS 0.18417600 0.48818800
OS 0.17488000 0.48818800
OS 0.16570000 0.48673400
OS 0.15686200 0.48386200
OS 0.14857600 0.47964100
OS 0.14532800 0.47728000
OS 0.14532400 0.47727400
OS 0.14532400 0.47725800
OS 0.17442000 0.44816000
OS 0.17442300 0.44815200
OS 0.17441600 0.44814300
OS 0.17193300 0.44747700
OS 0.16744300 0.44488600
OS 0.16377800 0.44122200
OS 0.16118600 0.43673300
OS 0.16051700 0.43424100
OS 0.16050400 0.43423900
OS 0.13140500 0.46333500
OS 0.13139500 0.46333800
OS 0.13138300 0.46333300
OS 0.12902000 0.46008400
OS 0.12480000 0.45180200
OS 0.12192800 0.44296500
OS 0.12047300 0.43378300
OS 0.12047300 0.42448500
OS 0.12192700 0.41530500
OS 0.12479800 0.40646900
OS 0.12901700 0.39818500
OS 0.13138100 0.39493300
OS 0.13138700 0.39492900
OS 0.13140300 0.39492900
OS 0.16050100 0.42402500
OS 0.16050900 0.42402800
OS 0.16051800 0.42402100
OS 0.16118300 0.42154000
OS 0.16377500 0.41704800
OS 0.16743900 0.41338300
OS 0.17192600 0.41079100
OS 0.17442000 0.41012200
OS 0.17442200 0.41010900
OS 0.14532600 0.38101000
OS 0.14532300 0.38100000
OS 0.14532800 0.38098800
OS 0.14857200 0.37862700
OS 0.15685700 0.37440500
OS 0.16569600 0.37153300
OS 0.17488000 0.37007800
OE
OB 0.46792400 0.13933300 H
OS 0.46793300 0.13933000
OS 0.71789800 0.13933100
OS 0.71790400 0.13933300
OS 0.71791100 0.13934000
OS 0.71791400 0.13934900
OS 0.71791300 0.23931400
OS 0.71791100 0.23932000
OS 0.71790400 0.23932700
OS 0.71789500 0.23933000
OS 0.46793000 0.23932900
OS 0.46792400 0.23932700
OS 0.46791700 0.23931900
OS 0.46791400 0.23931100
OS 0.46791500 0.13934600
OS 0.46791700 0.13934000
OS 0.46792400 0.13933300
OE
SE
S P 0
OB 7.2151470000 1.6055530000 I
OS 7.2126680000 1.6067380000
OS 7.2126630000 1.6067420000
OS 7.2112180000 1.6090790000
OS 7.2110440000 1.6103710000
OS 7.2110440000 1.8848580000
OS 7.2118190000 1.8874970000
OS 7.2118220000 1.8875020000
OS 7.2138950000 1.8893000000
OS 7.2159260000 1.8897430000
OS 7.5189040000 1.8897430000
OS 7.5215430000 1.8889690000
OS 7.5268040000 1.8854560000
OS 7.5325340000 1.8830830000
OS 7.5386290000 1.8818690000
OS 7.5448370000 1.8818690000
OS 7.5509260000 1.8830800000
OS 7.5566560000 1.8854540000
OS 7.5618220000 1.8889040000
OS 7.5662130000 1.8932950000
OS 7.5696610000 1.8984550000
OS 7.5720340000 1.9041860000
OS 7.5732480000 1.9102790000
OS 7.5732480000 1.9164890000
OS 7.5720370000 1.9225770000
OS 7.5696640000 1.9283080000
OS 7.5662140000 1.9334740000
OS 7.5631620000 1.9365250000
OS 7.5618430000 1.9389400000
OS 7.5618420000 1.9389460000
OS 7.5620390000 1.9416810000
OS 7.5636860000 1.9438850000
OS 7.5662590000 1.9448470000
OS 7.5666120000 1.9448610000
OS 7.6173300000 1.9448610000
OS 7.6199680000 1.9440870000
OS 7.6252290000 1.9405740000
OS 7.6309590000 1.9382010000
OS 7.6370540000 1.9369870000
OS 7.6432620000 1.9369870000
OS 7.6493510000 1.9381980000
OS 7.6550810000 1.9405720000
OS 7.6602470000 1.9440220000
OS 7.6646380000 1.9484130000
OS 7.6680860000 1.9535730000
OS 7.6704600000 1.9593040000
OS 7.6716740000 1.9653970000
OS 7.6716740000 1.9716070000
OS 7.6704630000 1.9776960000
OS 7.6680890000 1.9834260000
OS 7.6646390000 1.9885920000
OS 7.6602480000 1.9929830000
OS 7.6550870000 1.9964320000
OS 7.6493570000 1.9988050000
OS 7.6432620000 2.0000190000
OS 7.6370540000 2.0000190000
OS 7.6309650000 1.9988080000
OS 7.6252340000 1.9964340000
OS 7.6200490000 1.9929700000
OS 7.6174230000 1.9921470000
OS 7.5251940000 1.9921450000
OS 7.5225520000 1.9929190000
OS 7.5224760000 1.9929670000
OS 7.5172920000 1.9964320000
OS 7.5115620000 1.9988050000
OS 7.5054670000 2.0000190000
OS 7.4992590000 2.0000190000
OS 7.4931700000 1.9988080000
OS 7.4874390000 1.9964340000
OS 7.4822730000 1.9929830000
OS 7.4778820000 1.9885920000
OS 7.4744340000 1.9834320000
OS 7.4720610000 1.9777020000
OS 7.4708470000 1.9716090000
OS 7.4708470000 1.9653990000
OS 7.4720580000 1.9593110000
OS 7.4744320000 1.9535800000
OS 7.4778820000 1.9484140000
OS 7.4809350000 1.9453610000
OS 7.4822520000 1.9429480000
OS 7.4822530000 1.9429420000
OS 7.4820560000 1.9402060000
OS 7.4804100000 1.9380030000
OS 7.4778360000 1.9370410000
OS 7.4774830000 1.9370270000
OS 7.2159290000 1.9370270000
OS 7.2132900000 1.9378020000
OS 7.2132850000 1.9378050000
OS 7.2114860000 1.9398800000
OS 7.2110440000 1.9419080000
OS 7.2110440000 2.1415930000
OS 7.2118190000 2.1442310000
OS 7.2118220000 2.1442360000
OS 7.2138950000 2.1460350000
OS 7.2166180000 2.1464270000
OS 7.2191180000 2.1452880000
OS 7.2199830000 2.1443100000
OS 7.2219760000 2.1413270000
OS 7.2263630000 2.1369410000
OS 7.2315290000 2.1334880000
OS 7.2372580000 2.1311150000
OS 7.2433530000 2.1299010000
OS 7.2495610000 2.1299010000
OS 7.2556500000 2.1311120000
OS 7.2613800000 2.1334850000
OS 7.2665660000 2.1369490000
OS 7.2691920000 2.1377730000
OS 7.8766360000 2.1377750000
OS 7.8792780000 2.1370000000
OS 7.8809870000 2.1351130000
OS 7.8835450000 2.1300950000
OS 7.8885210000 2.1232460000
OS 7.8945060000 2.1172610000
OS 7.9013480000 2.1122900000
OS 7.9088890000 2.1084470000
OS 7.9169360000 2.1058320000
OS 7.9252970000 2.1045070000
OS 7.9455700000 2.1045070000
OS 7.9539270000 2.1058310000
OS 7.9619730000 2.1084450000
OS 7.9695150000 2.1122870000
OS 7.9763600000 2.1172600000
OS 7.9823450000 2.1232450000
OS 7.9873160000 2.1300860000
OS 7.9911590000 2.1376280000
OS 7.9937740000 2.1456740000
OS 7.9950990000 2.1540310000
OS 7.9950990000 2.1624980000
OS 7.9937750000 2.1708550000
OS 7.9911620000 2.1788980000
OS 7.9873220000 2.1864390000
OS 7.9823460000 2.1932880000
OS 7.9763640000 2.1992690000
OS 7.9694200000 2.2043150000
OS 7.9677400000 2.2064930000
OS 7.9677380000 2.2064980000
OS 7.9675040000 2.2092310000
OS 7.9675050000 2.2092370000
OS 7.9687840000 2.2116650000
OS 7.9694170000 2.2122150000
OS 7.9763600000 2.2172600000
OS 7.9823450000 2.2232450000
OS 7.9873160000 2.2300860000
OS 7.9908620000 2.2370460000
OS 7.9927530000 2.2390490000
OS 7.9927580000 2.2390520000
OS 7.9954220000 2.2397110000
OS 7.9980220000 2.2388270000
OS 7.9986670000 2.2382870000
OS 8.0016330000 2.2353200000
OS 8.0064770000 2.2320830000
OS 8.0118480000 2.2298580000
OS 8.0175630000 2.2287200000
OS 8.0233830000 2.2287200000
OS 8.0290920000 2.2298550000
OS 8.0344640000 2.2320800000
OS 8.0393070000 2.2353150000
OS 8.0434200000 2.2394270000
OS 8.0466560000 2.2442690000
OS 8.0488820000 2.2496420000
OS 8.0500200000 2.2553550000
OS 8.0500200000 2.2611770000
OS 8.0488850000 2.2668850000
OS 8.0466590000 2.2722570000
OS 8.0434250000 2.2771010000
OS 8.0393080000 2.2812180000
OS 8.0344690000 2.2844510000
OS 8.0342660000 2.2845590000
OS 8.0342610000 2.2845680000
OS 8.0342760000 2.2846000000
OS 8.0342750000 2.2846190000
OS 8.0323660000 2.2861630000
OS 8.0314950000 2.2887740000
OS 8.0321760000 2.2914380000
OS 8.0329180000 2.2923950000
OS 8.0806210000 2.3400990000
OS 8.0830370000 2.3414180000
OS 8.0830430000 2.3414190000
OS 8.0857770000 2.3412220000
OS 8.0879800000 2.3395760000
OS 8.0889430000 2.3370030000
OS 8.0889570000 2.3366490000
OS 8.0889570000 1.8464630000
OS 8.0881810000 1.8438180000
OS 8.0875270000 1.8430080000
OS 7.9773220000 1.7328020000
OS 7.9749070000 1.7314830000
OS 7.9749010000 1.7314820000
OS 7.9721620000 1.7316790000
OS 7.9709980000 1.7323030000
OS 7.9694200000 1.7334490000
OS 7.9677400000 1.7356260000
OS 7.9677380000 1.7356310000
OS 7.9675040000 1.7383650000
OS 7.9675050000 1.7383710000
OS 7.9687840000 1.7407990000
OS 7.9694170000 1.7413490000
OS 7.9763600000 1.7463940000
OS 7.9823420000 1.7523750000
OS 7.9873160000 1.7592200000
OS 7.9911590000 1.7667620000
OS 7.9937740000 1.7748080000
OS 7.9950990000 1.7831650000
OS 7.9950990000 1.7916320000
OS 7.9937750000 1.7999880000
OS 7.9911620000 1.8080320000
OS 7.9873220000 1.8155730000
OS 7.9823460000 1.8224220000
OS 7.9786080000 1.8261600000
OS 7.9772910000 1.8285720000
OS 7.9772900000 1.8285780000
OS 7.9774870000 1.8313140000
OS 7.9791350000 1.8335190000
OS 7.9803550000 1.8341860000
OS 7.9849200000 1.8358890000
OS 7.9894540000 1.8392800000
OS 7.9928460000 1.8438100000
OS 7.9948260000 1.8491160000
OS 7.9950790000 1.8514590000
OS 7.9950780000 1.8775430000
OS 7.9950650000 1.8775560000
OS 7.9529540000 1.8775580000
OS 7.9529470000 1.8775610000
OS 7.9529440000 1.8775690000
OS 7.9541420000 1.8796470000
OS 7.9555110000 1.8847520000
OS 7.9555120000 1.8900440000
OS 7.9541460000 1.8951460000
OS 7.9529470000 1.8972270000
OS 7.9529460000 1.8972340000
OS 7.9529520000 1.8972410000
OS 7.9950570000 1.8972430000
OS 7.9950720000 1.8972500000
OS 7.9950770000 1.8972560000
OS 7.9950790000 1.9233370000
OS 7.9948280000 1.9256780000
OS 7.9928510000 1.9309820000
OS 7.9894600000 1.9355150000
OS 7.9849280000 1.9389090000
OS 7.9796260000 1.9408870000
OS 7.9772780000 1.9411410000
OS 7.9452910000 1.9411400000
OS 7.9452780000 1.9411270000
OS 7.9452760000 1.9049210000
OS 7.9452730000 1.9049140000
OS 7.9452650000 1.9049110000
OS 7.9431880000 1.9061090000
OS 7.9380810000 1.9074780000
OS 7.9327910000 1.9074790000
OS 7.9276860000 1.9061120000
OS 7.9256070000 1.9049140000
OS 7.9256000000 1.9049130000
OS 7.9255930000 1.9049190000
OS 7.9255910000 1.9411190000
OS 7.9255840000 1.9411340000
OS 7.9255780000 1.9411390000
OS 7.8935910000 1.9411410000
OS 7.8912490000 1.9408890000
OS 7.8859470000 1.9389130000
OS 7.8814130000 1.9355210000
OS 7.8780200000 1.9309900000
OS 7.8760410000 1.9256850000
OS 7.8757880000 1.9233420000
OS 7.8757890000 1.8972580000
OS 7.8758020000 1.8972450000
OS 7.9179130000 1.8972430000
OS 7.9179200000 1.8972400000
OS 7.9179230000 1.8972320000
OS 7.9167240000 1.8951530000
OS 7.9153560000 1.8900490000
OS 7.9153550000 1.8847570000
OS 7.9167210000 1.8796560000
OS 7.9179200000 1.8775740000
OS 7.9179210000 1.8775670000
OS 7.9179150000 1.8775600000
OS 7.8758100000 1.8775580000
OS 7.8757950000 1.8775510000
OS 7.8757900000 1.8775450000
OS 7.8757880000 1.8514640000
OS 7.8760390000 1.8491230000
OS 7.8780160000 1.8438200000
OS 7.8814070000 1.8392860000
OS 7.8859390000 1.8358930000
OS 7.8905080000 1.8341880000
OS 7.8927120000 1.8325380000
OS 7.8936760000 1.8299590000
OS 7.8930930000 1.8272760000
OS 7.8922590000 1.8261600000
OS 7.8884140000 1.8223150000
OS 7.8860040000 1.8209980000
OS 7.8849620000 1.8208850000
OS 7.5957150000 1.8208850000
OS 7.5896270000 1.8196740000
OS 7.5838950000 1.8173000000
OS 7.5787290000 1.8138490000
OS 7.5743430000 1.8094620000
OS 7.5708910000 1.8042980000
OS 7.5685180000 1.7985680000
OS 7.5673040000 1.7924750000
OS 7.5673040000 1.7862650000
OS 7.5685150000 1.7801770000
OS 7.5708880000 1.7744460000
OS 7.5743380000 1.7692800000
OS 7.5787290000 1.7648890000
OS 7.5838910000 1.7614400000
OS 7.5896200000 1.7590680000
OS 7.5957150000 1.7578530000
OS 7.8820540000 1.7578530000
OS 7.8846960000 1.7570780000
OS 7.8860070000 1.7558410000
OS 7.8885210000 1.7523790000
OS 7.8945030000 1.7463980000
OS 7.9014470000 1.7413520000
OS 7.9031270000 1.7391740000
OS 7.9031290000 1.7391690000
OS 7.9033630000 1.7364360000
OS 7.9033620000 1.7364300000
OS 7.9020830000 1.7340010000
OS 7.9014490000 1.7334510000
OS 7.8945060000 1.7284060000
OS 7.8885240000 1.7224250000
OS 7.8835480000 1.7155770000
OS 7.8797070000 1.7080370000
OS 7.8770930000 1.6999930000
OS 7.8757680000 1.6916370000
OS 7.8757680000 1.6831700000
OS 7.8770920000 1.6748130000
OS 7.8797050000 1.6667690000
OS 7.8835450000 1.6592280000
OS 7.8885210000 1.6523790000
OS 7.8945030000 1.6463980000
OS 7.9014470000 1.6413520000
OS 7.9031270000 1.6391740000
OS 7.9031290000 1.6391690000
OS 7.9033630000 1.6364360000
OS 7.9033620000 1.6364300000
OS 7.9020830000 1.6340010000
OS 7.9014490000 1.6334510000
OS 7.8945060000 1.6284060000
OS 7.8885240000 1.6224250000
OS 7.8835480000 1.6155770000
OS 7.8825990000 1.6137130000
OS 7.8807040000 1.6117080000
OS 7.8782500000 1.6110430000
OS 7.2792440000 1.6110420000
OS 7.2768020000 1.6116950000
OS 7.2752720000 1.6125790000
OS 7.2692570000 1.6141910000
OS 7.2689480000 1.6142330000
OS 7.2689390000 1.6142400000
OS 7.2689430000 1.6142710000
OS 7.2689400000 1.6142850000
OS 7.2689280000 1.6142960000
OS 7.2666470000 1.6149660000
OS 7.2613870000 1.6184790000
OS 7.2556560000 1.6208520000
OS 7.2495610000 1.6220660000
OS 7.2433530000 1.6220660000
OS 7.2372650000 1.6208550000
OS 7.2315330000 1.6184810000
OS 7.2263670000 1.6150300000
OS 7.2219800000 1.6106440000
OS 7.2199860000 1.6076590000
OS 7.2178770000 1.6058970000
OS 7.2151470000 1.6055530000
OE
OB 7.42051800 1.75588500 H
OS 7.42672700 1.75588500
OS 7.43281500 1.75709600
OS 7.43854600 1.75947000
OS 7.44371200 1.76292000
OS 7.44809800 1.76730700
OS 7.45155000 1.77247000
OS 7.45392400 1.77820200
OS 7.45513800 1.78429500
OS 7.45513800 1.79050500
OS 7.45392700 1.79659300
OS 7.45155400 1.80232400
OS 7.44810300 1.80749000
OS 7.44371300 1.81188000
OS 7.43855200 1.81532900
OS 7.43282100 1.81770200
OS 7.42672700 1.81891600
OS 7.42051800 1.81891600
OS 7.41443000 1.81770500
OS 7.40869800 1.81533200
OS 7.40353200 1.81188100
OS 7.39914600 1.80749400
OS 7.39569400 1.80232900
OS 7.39332100 1.79659900
OS 7.39210700 1.79050700
OS 7.39210700 1.78429600
OS 7.39331800 1.77820800
OS 7.39569100 1.77247800
OS 7.39914200 1.76731200
OS 7.40352800 1.76292500
OS 7.40869400 1.75947200
OS 7.41442400 1.75709900
OS 7.42051800 1.75588500
OE
SE
S P 0
OB 7.1588780000 2.0078930000 I
OS 7.0458080000 2.0078930000
OS 7.0431700000 2.0086680000
OS 7.0431650000 2.0086710000
OS 7.0413660000 2.0107440000
OS 7.0409740000 2.0134670000
OS 7.0421190000 2.0159760000
OS 7.0430900000 2.0168320000
OS 7.0460740000 2.0188250000
OS 7.0504650000 2.0232160000
OS 7.0539130000 2.0283760000
OS 7.0562860000 2.0341070000
OS 7.0575000000 2.0402000000
OS 7.0575000000 2.0464100000
OS 7.0562890000 2.0524990000
OS 7.0539160000 2.0582290000
OS 7.0504660000 2.0633950000
OS 7.0460750000 2.0677860000
OS 7.0409140000 2.0712350000
OS 7.0351840000 2.0736080000
OS 7.0290890000 2.0748220000
OS 7.0228810000 2.0748220000
OS 7.0167920000 2.0736110000
OS 7.0110610000 2.0712370000
OS 7.0058760000 2.0677740000
OS 7.0032490000 2.0669500000
OS 5.7718370000 2.0669480000
OS 5.7691960000 2.0677230000
OS 5.7691910000 2.0677260000
OS 5.7673910000 2.0698010000
OS 5.7669490000 2.0718300000
OS 5.7669490000 2.3558830000
OS 5.7677240000 2.3585210000
OS 5.7677270000 2.3585260000
OS 5.7698010000 2.3603250000
OS 5.7699610000 2.3603960000
OS 5.7702130000 2.3605000000
OS 5.7766680000 2.3648110000
OS 5.7821560000 2.3702990000
OS 5.7864650000 2.3767480000
OS 5.7894330000 2.3839130000
OS 5.7909490000 2.3915270000
OS 5.7909490000 2.3992880000
OS 5.7894360000 2.4068980000
OS 5.7864680000 2.4140610000
OS 5.7821570000 2.4205170000
OS 5.7766730000 2.4260000000
OS 5.7702190000 2.4303150000
OS 5.7630550000 2.4332810000
OS 5.7554390000 2.4347980000
OS 5.7396370000 2.4347980000
OS 5.7384770000 2.4351380000
OS 5.7372990000 2.4353940000
OS 5.7371030000 2.4355390000
OS 5.7369940000 2.4355740000
OS 5.7361820000 2.4362280000
OS 5.7247280000 2.4476830000
OS 5.7234080000 2.4500970000
OS 5.7234070000 2.4501030000
OS 5.7236040000 2.4528390000
OS 5.7252510000 2.4550420000
OS 5.7278240000 2.4560040000
OS 5.7281780000 2.4560190000
OS 5.7554390000 2.4560190000
OS 5.7630490000 2.4575320000
OS 5.7702130000 2.4605000000
OS 5.7766680000 2.4648110000
OS 5.7821560000 2.4702990000
OS 5.7864650000 2.4767480000
OS 5.7894330000 2.4839130000
OS 5.7909490000 2.4915270000
OS 5.7909490000 2.4992880000
OS 5.7894360000 2.5068980000
OS 5.7864680000 2.5140610000
OS 5.7821570000 2.5205170000
OS 5.7766730000 2.5260000000
OS 5.7702190000 2.5303150000
OS 5.7630550000 2.5332810000
OS 5.7554390000 2.5347980000
OS 5.7396370000 2.5347980000
OS 5.7369940000 2.5355740000
OS 5.7361820000 2.5362280000
OS 5.7247280000 2.5476830000
OS 5.7234080000 2.5500970000
OS 5.7234070000 2.5501030000
OS 5.7236040000 2.5528390000
OS 5.7252510000 2.5550420000
OS 5.7278240000 2.5560040000
OS 5.7281780000 2.5560190000
OS 5.7554390000 2.5560190000
OS 5.7630490000 2.5575320000
OS 5.7702130000 2.5605000000
OS 5.7766680000 2.5648110000
OS 5.7821560000 2.5702990000
OS 5.7864650000 2.5767480000
OS 5.7894330000 2.5839130000
OS 5.7909490000 2.5915270000
OS 5.7909490000 2.5992880000
OS 5.7894360000 2.6068980000
OS 5.7864680000 2.6140610000
OS 5.7821570000 2.6205170000
OS 5.7766730000 2.6260000000
OS 5.7702190000 2.6303150000
OS 5.7630550000 2.6332810000
OS 5.7554390000 2.6347980000
OS 5.7083100000 2.6347980000
OS 5.7007000000 2.6332850000
OS 5.6935360000 2.6303170000
OS 5.6870800000 2.6260050000
OS 5.6815920000 2.6205170000
OS 5.6772830000 2.6140670000
OS 5.6743160000 2.6069040000
OS 5.6728000000 2.5992900000
OS 5.6728000000 2.5915290000
OS 5.6743130000 2.5839190000
OS 5.6772810000 2.5767560000
OS 5.6815920000 2.5703000000
OS 5.6825160000 2.5693760000
OS 5.6838330000 2.5669640000
OS 5.6838340000 2.5669580000
OS 5.6836370000 2.5642220000
OS 5.6819910000 2.5620190000
OS 5.6794170000 2.5610570000
OS 5.6790640000 2.5610420000
OS 5.5143120000 2.5610420000
OS 5.5116740000 2.5618170000
OS 5.5116690000 2.5618200000
OS 5.5098700000 2.5638930000
OS 5.5094780000 2.5666170000
OS 5.5106230000 2.5691250000
OS 5.5115940000 2.5699810000
OS 5.5145780000 2.5719750000
OS 5.5189690000 2.5763660000
OS 5.5224170000 2.5815250000
OS 5.5247900000 2.5872570000
OS 5.5260040000 2.5933500000
OS 5.5260040000 2.5995600000
OS 5.5247930000 2.6056490000
OS 5.5224200000 2.6113790000
OS 5.5189550000 2.6165660000
OS 5.5181320000 2.6191910000
OS 5.5181300000 3.3720360000
OS 5.5189060000 3.3746830000
OS 5.5195590000 3.3754930000
OS 5.6800170000 3.5359510000
OS 5.6824270000 3.5372670000
OS 5.6834690000 3.5373810000
OS 5.6880090000 3.5373810000
OS 5.6906480000 3.5366060000
OS 5.6906530000 3.5366030000
OS 5.6924510000 3.5345300000
OS 5.6928440000 3.5318060000
OS 5.6917040000 3.5293060000
OS 5.6907270000 3.5284420000
OS 5.6870800000 3.5260050000
OS 5.6815920000 3.5205170000
OS 5.6772830000 3.5140670000
OS 5.6743160000 3.5069040000
OS 5.6728000000 3.4992900000
OS 5.6728000000 3.4915290000
OS 5.6743130000 3.4839190000
OS 5.6772810000 3.4767560000
OS 5.6815920000 3.4703000000
OS 5.6870760000 3.4648170000
OS 5.6935310000 3.4605020000
OS 5.7006940000 3.4575350000
OS 5.7083100000 3.4560190000
OS 5.7554390000 3.4560190000
OS 5.7630490000 3.4575320000
OS 5.7702130000 3.4605000000
OS 5.7766680000 3.4648110000
OS 5.7821560000 3.4702990000
OS 5.7864650000 3.4767480000
OS 5.7894330000 3.4839130000
OS 5.7909490000 3.4915270000
OS 5.7909490000 3.4992880000
OS 5.7894360000 3.5068980000
OS 5.7864680000 3.5140610000
OS 5.7821570000 3.5205170000
OS 5.7766730000 3.5260000000
OS 5.7730250000 3.5284390000
OS 5.7712630000 3.5305480000
OS 5.7709180000 3.5332780000
OS 5.7721040000 3.5357560000
OS 5.7721080000 3.5357610000
OS 5.7744450000 3.5372070000
OS 5.7757360000 3.5373810000
OS 7.2712220000 3.5373810000
OS 7.2772330000 3.5389910000
OS 7.2826250000 3.5421040000
OS 7.3906450000 3.6501220000
OS 7.3930570000 3.6514410000
OS 7.3940990000 3.6515540000
OS 7.8742280000 3.6515540000
OS 7.8768660000 3.6507790000
OS 7.8768710000 3.6507760000
OS 7.8786690000 3.6487030000
OS 7.8790620000 3.6459800000
OS 7.8781410000 3.6437510000
OS 7.8780200000 3.6435880000
OS 7.8760410000 3.6382840000
OS 7.8757880000 3.6359410000
OS 7.8757890000 3.6098570000
OS 7.8758020000 3.6098440000
OS 7.9179130000 3.6098420000
OS 7.9179200000 3.6098390000
OS 7.9179230000 3.6098310000
OS 7.9167240000 3.6077510000
OS 7.9153560000 3.6026470000
OS 7.9153550000 3.5973560000
OS 7.9167210000 3.5922540000
OS 7.9179200000 3.5901730000
OS 7.9179210000 3.5901660000
OS 7.9179150000 3.5901590000
OS 7.8758100000 3.5901570000
OS 7.8757950000 3.5901500000
OS 7.8757900000 3.5901440000
OS 7.8757880000 3.5640620000
OS 7.8760390000 3.5617220000
OS 7.8780160000 3.5564180000
OS 7.8814070000 3.5518840000
OS 7.8859390000 3.5484910000
OS 7.8905070000 3.5467860000
OS 7.8915310000 3.5460220000
OS 7.8925800000 3.5453060000
OS 7.8926240000 3.5452070000
OS 7.8927120000 3.5451380000
OS 7.8931600000 3.5439440000
OS 7.8936550000 3.5427720000
OS 7.8936380000 3.5426690000
OS 7.8936760000 3.5425570000
OS 7.8934060000 3.5413160000
OS 7.8931910000 3.5400620000
OS 7.8931110000 3.5399520000
OS 7.8930930000 3.5398750000
OS 7.8924090000 3.5389140000
OS 7.8923360000 3.5388350000
OS 7.8885210000 3.5350200000
OS 7.8872750000 3.5333040000
OS 7.8870930000 3.5331040000
OS 7.8861400000 3.5325270000
OS 7.8852620000 3.5318500000
OS 7.8849120000 3.5317820000
OS 7.8847380000 3.5316790000
OS 7.8844040000 3.5316860000
OS 7.8834870000 3.5315150000
OS 7.5957150000 3.5315150000
OS 7.5896270000 3.5303040000
OS 7.5838950000 3.5279300000
OS 7.5787290000 3.5244790000
OS 7.5743430000 3.5200920000
OS 7.5708910000 3.5149280000
OS 7.5685180000 3.5091980000
OS 7.5673040000 3.5031050000
OS 7.5673040000 3.4968950000
OS 7.5685150000 3.4908070000
OS 7.5708880000 3.4850760000
OS 7.5743380000 3.4799100000
OS 7.5787290000 3.4755190000
OS 7.5838910000 3.4720700000
OS 7.5896200000 3.4696980000
OS 7.5957150000 3.4684830000
OS 7.8834840000 3.4684830000
OS 7.8861270000 3.4677080000
OS 7.8874370000 3.4664710000
OS 7.8885210000 3.4649780000
OS 7.8945060000 3.4589930000
OS 7.9014470000 3.4539510000
OS 7.9031270000 3.4517720000
OS 7.9031290000 3.4517670000
OS 7.9033630000 3.4490350000
OS 7.9033620000 3.4490290000
OS 7.9020830000 3.4466000000
OS 7.9014490000 3.4460500000
OS 7.8945060000 3.4410050000
OS 7.8885210000 3.4350200000
OS 7.8835480000 3.4281750000
OS 7.8797070000 3.4206360000
OS 7.8770930000 3.4125910000
OS 7.8757680000 3.4042350000
OS 7.8757680000 3.3957680000
OS 7.8770920000 3.3874110000
OS 7.8797050000 3.3793680000
OS 7.8835450000 3.3718270000
OS 7.8885210000 3.3649780000
OS 7.8945060000 3.3589930000
OS 7.9014470000 3.3539510000
OS 7.9031270000 3.3517720000
OS 7.9031290000 3.3517670000
OS 7.9033630000 3.3490350000
OS 7.9033620000 3.3490290000
OS 7.9020830000 3.3466000000
OS 7.9014490000 3.3460500000
OS 7.8945060000 3.3410050000
OS 7.8885210000 3.3350200000
OS 7.8840070000 3.3288060000
OS 7.8818300000 3.3271260000
OS 7.8800550000 3.3267900000
OS 7.0724350000 3.3267900000
OS 7.0697970000 3.3275640000
OS 7.0645360000 3.3310770000
OS 7.0588060000 3.3334500000
OS 7.0527110000 3.3346640000
OS 7.0465030000 3.3346640000
OS 7.0404140000 3.3334530000
OS 7.0346830000 3.3310800000
OS 7.0295170000 3.3276290000
OS 7.0251260000 3.3232380000
OS 7.0216780000 3.3180770000
OS 7.0193050000 3.3123480000
OS 7.0180910000 3.3062550000
OS 7.0180910000 3.3000440000
OS 7.0193020000 3.2939560000
OS 7.0216760000 3.2882260000
OS 7.0251260000 3.2830600000
OS 7.0295120000 3.2786730000
OS 7.0346780000 3.2752200000
OS 7.0404080000 3.2728470000
OS 7.0465030000 3.2716330000
OS 7.0527110000 3.2716330000
OS 7.0588000000 3.2728440000
OS 7.0645300000 3.2752180000
OS 7.0697160000 3.2786810000
OS 7.0723420000 3.2795050000
OS 7.8766360000 3.2795070000
OS 7.8792780000 3.2787320000
OS 7.8809870000 3.2768450000
OS 7.8835450000 3.2718270000
OS 7.8885210000 3.2649780000
OS 7.8945060000 3.2589930000
OS 7.9013480000 3.2540230000
OS 7.9088890000 3.2501790000
OS 7.9169360000 3.2475640000
OS 7.9252970000 3.2462390000
OS 7.9455700000 3.2462390000
OS 7.9539270000 3.2475630000
OS 7.9619730000 3.2501770000
OS 7.9695150000 3.2540200000
OS 7.9763600000 3.2589920000
OS 7.9823450000 3.2649770000
OS 7.9873160000 3.2718190000
OS 7.9911590000 3.2793600000
OS 7.9937740000 3.2874060000
OS 7.9950990000 3.2957630000
OS 7.9950990000 3.3042300000
OS 7.9937750000 3.3125870000
OS 7.9911620000 3.3206310000
OS 7.9873220000 3.3281710000
OS 7.9823460000 3.3350200000
OS 7.9763610000 3.3410050000
OS 7.9694200000 3.3460480000
OS 7.9677400000 3.3482250000
OS 7.9677380000 3.3482300000
OS 7.9675040000 3.3509640000
OS 7.9675050000 3.3509700000
OS 7.9687840000 3.3533970000
OS 7.9694170000 3.3539480000
OS 7.9763600000 3.3589920000
OS 7.9823450000 3.3649770000
OS 7.9873160000 3.3718190000
OS 7.9908620000 3.3787780000
OS 7.9927530000 3.3807810000
OS 7.9927580000 3.3807840000
OS 7.9954220000 3.3814430000
OS 7.9980220000 3.3805590000
OS 7.9986670000 3.3800190000
OS 8.0016330000 3.3770520000
OS 8.0064770000 3.3738150000
OS 8.0118480000 3.3715900000
OS 8.0175630000 3.3704520000
OS 8.0233830000 3.3704520000
OS 8.0240650000 3.3705880000
OS 8.0268040000 3.3703420000
OS 8.0268090000 3.3703400000
OS 8.0289770000 3.3686560000
OS 8.0298930000 3.3660660000
OS 8.0299020000 3.3658000000
OS 8.0299020000 2.9291400000
OS 8.0291260000 2.9264950000
OS 8.0284720000 2.9256850000
OS 7.9773200000 2.8745330000
OS 7.9749070000 2.8732150000
OS 7.9749010000 2.8732140000
OS 7.9721620000 2.8734110000
OS 7.9709980000 2.8740350000
OS 7.9694200000 2.8751810000
OS 7.9677400000 2.8773590000
OS 7.9677380000 2.8773640000
OS 7.9675040000 2.8800970000
OS 7.9675050000 2.8801030000
OS 7.9687840000 2.8825310000
OS 7.9694170000 2.8830810000
OS 7.9763600000 2.8881260000
OS 7.9823450000 2.8941110000
OS 7.9873160000 2.9009530000
OS 7.9911590000 2.9084940000
OS 7.9937740000 2.9165400000
OS 7.9950990000 2.9248970000
OS 7.9950990000 2.9333640000
OS 7.9937750000 2.9417210000
OS 7.9911620000 2.9497640000
OS 7.9873220000 2.9573050000
OS 7.9823460000 2.9641540000
OS 7.9786080000 2.9678920000
OS 7.9772910000 2.9703040000
OS 7.9772900000 2.9703100000
OS 7.9774870000 2.9730460000
OS 7.9791350000 2.9752510000
OS 7.9803550000 2.9759180000
OS 7.9849200000 2.9776210000
OS 7.9894540000 2.9810120000
OS 7.9928470000 2.9855440000
OS 7.9948260000 2.9908480000
OS 7.9950790000 2.9931910000
OS 7.9950780000 3.0192750000
OS 7.9950650000 3.0192880000
OS 7.9529540000 3.0192900000
OS 7.9529470000 3.0192930000
OS 7.9529440000 3.0193010000
OS 7.9541420000 3.0213790000
OS 7.9555110000 3.0264840000
OS 7.9555120000 3.0317760000
OS 7.9541460000 3.0368780000
OS 7.9529470000 3.0389590000
OS 7.9529460000 3.0389660000
OS 7.9529520000 3.0389730000
OS 7.9950570000 3.0389750000
OS 7.9950720000 3.0389820000
OS 7.9950770000 3.0389880000
OS 7.9950790000 3.0650700000
OS 7.9948270000 3.0674120000
OS 7.9928510000 3.0727140000
OS 7.9894600000 3.0772480000
OS 7.9849280000 3.0806410000
OS 7.9796260000 3.0826190000
OS 7.9772780000 3.0828730000
OS 7.9452910000 3.0828720000
OS 7.9452780000 3.0828590000
OS 7.9452760000 3.0466530000
OS 7.9452730000 3.0466460000
OS 7.9452650000 3.0466430000
OS 7.9431880000 3.0478410000
OS 7.9380810000 3.0492110000
OS 7.9327910000 3.0492120000
OS 7.9276860000 3.0478440000
OS 7.9256070000 3.0466460000
OS 7.9256000000 3.0466450000
OS 7.9255930000 3.0466510000
OS 7.9255910000 3.0828510000
OS 7.9255840000 3.0828660000
OS 7.9255780000 3.0828710000
OS 7.8935910000 3.0828730000
OS 7.8912490000 3.0826210000
OS 7.8859470000 3.0806450000
OS 7.8814130000 3.0772540000
OS 7.8780200000 3.0727220000
OS 7.8760410000 3.0674180000
OS 7.8757880000 3.0650750000
OS 7.8757890000 3.0389900000
OS 7.8758020000 3.0389770000
OS 7.9179130000 3.0389750000
OS 7.9179200000 3.0389720000
OS 7.9179230000 3.0389640000
OS 7.9167240000 3.0368850000
OS 7.9153560000 3.0317810000
OS 7.9153550000 3.0264890000
OS 7.9167210000 3.0213880000
OS 7.9179200000 3.0193060000
OS 7.9179210000 3.0192990000
OS 7.9179150000 3.0192920000
OS 7.8758100000 3.0192900000
OS 7.8757950000 3.0192830000
OS 7.8757900000 3.0192770000
OS 7.8757880000 2.9931960000
OS 7.8760390000 2.9908560000
OS 7.8780160000 2.9855520000
OS 7.8814070000 2.9810180000
OS 7.8859390000 2.9776250000
OS 7.8905080000 2.9759200000
OS 7.8927120000 2.9742710000
OS 7.8936760000 2.9716910000
OS 7.8930930000 2.9690080000
OS 7.8922590000 2.9678920000
OS 7.8885210000 2.9641540000
OS 7.8860100000 2.9606960000
OS 7.8838320000 2.9590160000
OS 7.8820570000 2.9586800000
OS 7.5947310000 2.9586800000
OS 7.5886430000 2.9574690000
OS 7.5829110000 2.9550950000
OS 7.5777450000 2.9516440000
OS 7.5733580000 2.9472580000
OS 7.5699060000 2.9420930000
OS 7.5675340000 2.9363630000
OS 7.5663190000 2.9302710000
OS 7.5663190000 2.9240600000
OS 7.5675300000 2.9179720000
OS 7.5699040000 2.9122410000
OS 7.5733540000 2.9070750000
OS 7.5777410000 2.9026890000
OS 7.5829070000 2.8992360000
OS 7.5886360000 2.8968630000
OS 7.5947310000 2.8956490000
OS 7.8849590000 2.8956490000
OS 7.8876030000 2.8948730000
OS 7.8884140000 2.8942190000
OS 7.8945030000 2.8881300000
OS 7.9014470000 2.8830840000
OS 7.9031270000 2.8809060000
OS 7.9031290000 2.8809010000
OS 7.9033630000 2.8781680000
OS 7.9033620000 2.8781620000
OS 7.9020830000 2.8757340000
OS 7.9014490000 2.8751830000
OS 7.8945060000 2.8701390000
OS 7.8885210000 2.8641540000
OS 7.8835480000 2.8573090000
OS 7.8797070000 2.8497700000
OS 7.8770930000 2.8417250000
OS 7.8757680000 2.8333690000
OS 7.8757680000 2.8249020000
OS 7.8770920000 2.8165450000
OS 7.8797050000 2.8085010000
OS 7.8835450000 2.8009610000
OS 7.8885210000 2.7941120000
OS 7.8945060000 2.7881270000
OS 7.9014470000 2.7830840000
OS 7.9031270000 2.7809060000
OS 7.9031290000 2.7809010000
OS 7.9033630000 2.7781680000
OS 7.9033620000 2.7781620000
OS 7.9020830000 2.7757340000
OS 7.9014490000 2.7751830000
OS 7.8945060000 2.7701390000
OS 7.8885210000 2.7641540000
OS 7.8840070000 2.7579400000
OS 7.8818300000 2.7562600000
OS 7.8800550000 2.7559240000
OS 7.2692860000 2.7559240000
OS 7.2666470000 2.7566980000
OS 7.2613870000 2.7602110000
OS 7.2556560000 2.7625840000
OS 7.2495610000 2.7637980000
OS 7.2433530000 2.7637980000
OS 7.2372650000 2.7625870000
OS 7.2315330000 2.7602140000
OS 7.2263670000 2.7567620000
OS 7.2219800000 2.7523760000
OS 7.2199860000 2.7493920000
OS 7.2178770000 2.7476300000
OS 7.2151470000 2.7472850000
OS 7.2126680000 2.7484700000
OS 7.2126630000 2.7484740000
OS 7.2112180000 2.7508110000
OS 7.2110440000 2.7521030000
OS 7.2110440000 2.8976300000
OS 7.2118200000 2.9002730000
OS 7.2124730000 2.9010840000
OS 7.3827730000 3.0713840000
OS 7.3851830000 3.0727000000
OS 7.3862250000 3.0728140000
OS 7.5715150000 3.0728140000
OS 7.5741540000 3.0720400000
OS 7.5779860000 3.0694820000
OS 7.5837150000 3.0671090000
OS 7.5898100000 3.0658950000
OS 7.5960180000 3.0658950000
OS 7.6021070000 3.0671060000
OS 7.6078370000 3.0694800000
OS 7.6130030000 3.0729300000
OS 7.6173940000 3.0773210000
OS 7.6208420000 3.0824810000
OS 7.6232150000 3.0882120000
OS 7.6236560000 3.0904180000
OS 7.6249310000 3.0928570000
OS 7.6249350000 3.0928610000
OS 7.6273190000 3.0942190000
OS 7.6300670000 3.0940740000
OS 7.6303130000 3.0939810000
OS 7.6309590000 3.0937130000
OS 7.6370540000 3.0924990000
OS 7.6432620000 3.0924990000
OS 7.6493510000 3.0937100000
OS 7.6550810000 3.0960840000
OS 7.6602470000 3.0995340000
OS 7.6646380000 3.1039250000
OS 7.6680860000 3.1090840000
OS 7.6704600000 3.1148160000
OS 7.6716740000 3.1209090000
OS 7.6716740000 3.1271190000
OS 7.6704630000 3.1332070000
OS 7.6680890000 3.1389380000
OS 7.6646390000 3.1441040000
OS 7.6602480000 3.1484950000
OS 7.6550870000 3.1519440000
OS 7.6493570000 3.1543160000
OS 7.6432620000 3.1555310000
OS 7.6370540000 3.1555310000
OS 7.6309650000 3.1543190000
OS 7.6252340000 3.1519460000
OS 7.6200490000 3.1484820000
OS 7.6174230000 3.1476580000
OS 7.5428420000 3.1476570000
OS 7.5402010000 3.1484310000
OS 7.5387800000 3.1498230000
OS 7.5386550000 3.1500100000
OS 7.5342680000 3.1543960000
OS 7.5291030000 3.1578490000
OS 7.5233730000 3.1602220000
OS 7.5172780000 3.1614360000
OS 7.5110700000 3.1614360000
OS 7.5049810000 3.1602250000
OS 7.4992500000 3.1578510000
OS 7.4940840000 3.1544000000
OS 7.4896970000 3.1500140000
OS 7.4862450000 3.1448490000
OS 7.4838720000 3.1391190000
OS 7.4826580000 3.1330270000
OS 7.4826580000 3.1268160000
OS 7.4828340000 3.1259340000
OS 7.4825880000 3.1231950000
OS 7.4825860000 3.1231900000
OS 7.4809020000 3.1210230000
OS 7.4783120000 3.1201060000
OS 7.4780460000 3.1200970000
OS 7.3712980000 3.1200970000
OS 7.3652870000 3.1184870000
OS 7.3598960000 3.1153750000
OS 7.1684860000 2.9239660000
OS 7.1653720000 2.9185750000
OS 7.1637610000 2.9125650000
OS 7.1637600000 2.0127810000
OS 7.1629850000 2.0101390000
OS 7.1629820000 2.0101340000
OS 7.1609090000 2.0083360000
OS 7.1588780000 2.0078930000
OE
OB 7.42051800 3.46848300 H
OS 7.42672700 3.46848300
OS 7.43281500 3.46969400
OS 7.43854600 3.47206800
OS 7.44371200 3.47551800
OS 7.44809800 3.47990500
OS 7.45155000 3.48506900
OS 7.45392400 3.49080000
OS 7.45513800 3.49689300
OS 7.45513800 3.50310300
OS 7.45392700 3.50919200
OS 7.45155400 3.51492200
OS 7.44810300 3.52008800
OS 7.44371700 3.52447500
OS 7.43855200 3.52792800
OS 7.43282100 3.53030100
OS 7.42672700 3.53151500
OS 7.42051800 3.53151500
OS 7.41443000 3.53030400
OS 7.40869800 3.52793000
OS 7.40353200 3.52447900
OS 7.39914600 3.52009200
OS 7.39569400 3.51492800
OS 7.39332100 3.50919800
OS 7.39210700 3.50310500
OS 7.39210700 3.49689500
OS 7.39331800 3.49080700
OS 7.39569100 3.48507600
OS 7.39914200 3.47991000
OS 7.40352800 3.47552300
OS 7.40869400 3.47207000
OS 7.41442400 3.46969800
OS 7.42051800 3.46848300
OE
OB 5.70831000 3.35601900 H
OS 5.75543900 3.35601900
OS 5.76304900 3.35753200
OS 5.77021300 3.36050000
OS 5.77666800 3.36481100
OS 5.78215600 3.37029900
OS 5.78646500 3.37674800
OS 5.78943300 3.38391300
OS 5.79094900 3.39152700
OS 5.79094900 3.39928800
OS 5.78943600 3.40689800
OS 5.78646800 3.41406100
OS 5.78215700 3.42051700
OS 5.77667300 3.42600000
OS 5.77021900 3.43031500
OS 5.76305500 3.43328100
OS 5.75543900 3.43479800
OS 5.70831000 3.43479800
OS 5.70070000 3.43328500
OS 5.69353600 3.43031700
OS 5.68708000 3.42600500
OS 5.68159200 3.42051700
OS 5.67728300 3.41406700
OS 5.67431600 3.40690400
OS 5.67280000 3.39929000
OS 5.67280000 3.39152900
OS 5.67431300 3.38391900
OS 5.67728100 3.37675600
OS 5.68159200 3.37030000
OS 5.68707600 3.36481700
OS 5.69353100 3.36050200
OS 5.70069400 3.35753500
OS 5.70831000 3.35601900
OE
OB 5.70831000 3.25601900 H
OS 5.75543900 3.25601900
OS 5.76304900 3.25753200
OS 5.77021300 3.26050000
OS 5.77666800 3.26481100
OS 5.78215600 3.27029900
OS 5.78646500 3.27674800
OS 5.78943300 3.28391300
OS 5.79094900 3.29152700
OS 5.79094900 3.29928800
OS 5.78943600 3.30689800
OS 5.78646800 3.31406100
OS 5.78215700 3.32051700
OS 5.77667300 3.32600000
OS 5.77021900 3.33031500
OS 5.76305500 3.33328100
OS 5.75543900 3.33479800
OS 5.70831000 3.33479800
OS 5.70070000 3.33328500
OS 5.69353600 3.33031700
OS 5.68708000 3.32600500
OS 5.68159200 3.32051700
OS 5.67728300 3.31406700
OS 5.67431600 3.30690400
OS 5.67280000 3.29929000
OS 5.67280000 3.29152900
OS 5.67431300 3.28391900
OS 5.67728100 3.27675600
OS 5.68159200 3.27030000
OS 5.68707600 3.26481700
OS 5.69353100 3.26050200
OS 5.70069400 3.25753500
OS 5.70831000 3.25601900
OE
OB 5.70831000 3.15601900 H
OS 5.75543900 3.15601900
OS 5.76304900 3.15753200
OS 5.77021200 3.16050000
OS 5.77666800 3.16481100
OS 5.78215600 3.17029900
OS 5.78646500 3.17674800
OS 5.78943300 3.18391300
OS 5.79094900 3.19152700
OS 5.79094900 3.19928800
OS 5.78943600 3.20689800
OS 5.78646800 3.21406100
OS 5.78215700 3.22051700
OS 5.77667300 3.22600000
OS 5.77021900 3.23031500
OS 5.76305500 3.23328100
OS 5.75543900 3.23479800
OS 5.70831000 3.23479800
OS 5.70070000 3.23328500
OS 5.69353600 3.23031700
OS 5.68708000 3.22600500
OS 5.68159200 3.22051700
OS 5.67728300 3.21406700
OS 5.67431600 3.20690400
OS 5.67280000 3.19929000
OS 5.67280000 3.19152900
OS 5.67431300 3.18391900
OS 5.67728100 3.17675600
OS 5.68159200 3.17030000
OS 5.68707600 3.16481700
OS 5.69353100 3.16050200
OS 5.70069400 3.15753600
OS 5.70831000 3.15601900
OE
OB 5.70831000 3.05601900 H
OS 5.75543900 3.05601900
OS 5.76304900 3.05753200
OS 5.77021300 3.06050000
OS 5.77666800 3.06481100
OS 5.78215600 3.07029900
OS 5.78646500 3.07674800
OS 5.78943300 3.08391300
OS 5.79094900 3.09152700
OS 5.79094900 3.09928800
OS 5.78943600 3.10689800
OS 5.78646800 3.11406100
OS 5.78215700 3.12051700
OS 5.77667300 3.12600000
OS 5.77021900 3.13031500
OS 5.76305500 3.13328100
OS 5.75543900 3.13479800
OS 5.70831000 3.13479800
OS 5.70070000 3.13328500
OS 5.69353600 3.13031700
OS 5.68708000 3.12600500
OS 5.68159200 3.12051700
OS 5.67728300 3.11406700
OS 5.67431600 3.10690400
OS 5.67280000 3.09929000
OS 5.67280000 3.09152900
OS 5.67431300 3.08391900
OS 5.67728100 3.07675600
OS 5.68159200 3.07030000
OS 5.68707600 3.06481700
OS 5.69353100 3.06050200
OS 5.70069400 3.05753600
OS 5.70831000 3.05601900
OE
OB 5.70831000 2.95601900 H
OS 5.75543900 2.95601900
OS 5.76304900 2.95753200
OS 5.77021300 2.96050000
OS 5.77666800 2.96481100
OS 5.78215600 2.97029900
OS 5.78646500 2.97674800
OS 5.78943300 2.98391300
OS 5.79094900 2.99152700
OS 5.79094900 2.99928800
OS 5.78943600 3.00689800
OS 5.78646800 3.01406100
OS 5.78215700 3.02051700
OS 5.77667300 3.02600000
OS 5.77021900 3.03031500
OS 5.76305500 3.03328100
OS 5.75543900 3.03479800
OS 5.70831000 3.03479800
OS 5.70070000 3.03328500
OS 5.69353600 3.03031700
OS 5.68708000 3.02600500
OS 5.68159200 3.02051700
OS 5.67728300 3.01406700
OS 5.67431600 3.00690400
OS 5.67280000 2.99929000
OS 5.67280000 2.99152900
OS 5.67431300 2.98391900
OS 5.67728100 2.97675600
OS 5.68159200 2.97030000
OS 5.68707600 2.96481700
OS 5.69353100 2.96050200
OS 5.70069400 2.95753500
OS 5.70831000 2.95601900
OE
OB 7.42051800 2.89761700 H
OS 7.42672700 2.89761700
OS 7.43281500 2.89882800
OS 7.43854600 2.90120200
OS 7.44371200 2.90465200
OS 7.44809800 2.90903900
OS 7.45155000 2.91420300
OS 7.45392400 2.91993400
OS 7.45513800 2.92602700
OS 7.45513800 2.93223700
OS 7.45392700 2.93832600
OS 7.45155400 2.94405600
OS 7.44810300 2.94922200
OS 7.44371700 2.95360900
OS 7.43855200 2.95706200
OS 7.43282100 2.95943400
OS 7.42672700 2.96064900
OS 7.42051800 2.96064900
OS 7.41443000 2.95943800
OS 7.40869800 2.95706400
OS 7.40353200 2.95361300
OS 7.39914600 2.94922600
OS 7.39569400 2.94406100
OS 7.39332100 2.93833100
OS 7.39210700 2.93223900
OS 7.39210700 2.92602900
OS 7.39331800 2.91994000
OS 7.39569100 2.91421000
OS 7.39914200 2.90904400
OS 7.40352800 2.90465700
OS 7.40869400 2.90120400
OS 7.41442400 2.89883100
OS 7.42051800 2.89761700
OE
OB 5.70831000 2.85601900 H
OS 5.75543900 2.85601900
OS 5.76304900 2.85753200
OS 5.77021300 2.86050000
OS 5.77666800 2.86481100
OS 5.78215600 2.87029900
OS 5.78646500 2.87674800
OS 5.78943300 2.88391300
OS 5.79094900 2.89152700
OS 5.79094900 2.89928800
OS 5.78943600 2.90689800
OS 5.78646800 2.91406100
OS 5.78215700 2.92051700
OS 5.77667300 2.92600000
OS 5.77021900 2.93031500
OS 5.76305500 2.93328100
OS 5.75543900 2.93479800
OS 5.70831000 2.93479800
OS 5.70070000 2.93328500
OS 5.69353600 2.93031700
OS 5.68708000 2.92600500
OS 5.68159200 2.92051700
OS 5.67728300 2.91406700
OS 5.67431600 2.90690400
OS 5.67280000 2.89929000
OS 5.67280000 2.89152900
OS 5.67431300 2.88391900
OS 5.67728100 2.87675600
OS 5.68159200 2.87030000
OS 5.68707600 2.86481700
OS 5.69353100 2.86050200
OS 5.70069400 2.85753500
OS 5.70831000 2.85601900
OE
OB 5.70831000 2.75601900 H
OS 5.75543900 2.75601900
OS 5.76304900 2.75753200
OS 5.77021200 2.76050000
OS 5.77666800 2.76481100
OS 5.78215600 2.77029900
OS 5.78646500 2.77674800
OS 5.78943300 2.78391300
OS 5.79094900 2.79152700
OS 5.79094900 2.79928800
OS 5.78943600 2.80689800
OS 5.78646800 2.81406100
OS 5.78215700 2.82051700
OS 5.77667300 2.82600000
OS 5.77021900 2.83031500
OS 5.76305500 2.83328100
OS 5.75543900 2.83479800
OS 5.70831000 2.83479800
OS 5.70070000 2.83328500
OS 5.69353600 2.83031700
OS 5.68708000 2.82600500
OS 5.68159200 2.82051700
OS 5.67728300 2.81406700
OS 5.67431600 2.80690400
OS 5.67280000 2.79929000
OS 5.67280000 2.79152900
OS 5.67431300 2.78391900
OS 5.67728100 2.77675600
OS 5.68159200 2.77030000
OS 5.68707600 2.76481700
OS 5.69353100 2.76050200
OS 5.70069400 2.75753500
OS 5.70831000 2.75601900
OE
OB 5.70831000 2.65601900 H
OS 5.75543900 2.65601900
OS 5.76304900 2.65753200
OS 5.77021300 2.66050000
OS 5.77666800 2.66481100
OS 5.78215600 2.67029900
OS 5.78646500 2.67674800
OS 5.78943300 2.68391300
OS 5.79094900 2.69152700
OS 5.79094900 2.69928800
OS 5.78943600 2.70689800
OS 5.78646800 2.71406100
OS 5.78215700 2.72051700
OS 5.77667300 2.72600000
OS 5.77021900 2.73031500
OS 5.76305500 2.73328100
OS 5.75543900 2.73479800
OS 5.70831000 2.73479800
OS 5.70070000 2.73328500
OS 5.69353600 2.73031700
OS 5.68708000 2.72600500
OS 5.68159200 2.72051700
OS 5.67728300 2.71406700
OS 5.67431600 2.70690400
OS 5.67280000 2.69929000
OS 5.67280000 2.69152900
OS 5.67431300 2.68391900
OS 5.67728100 2.67675600
OS 5.68159200 2.67030000
OS 5.68707600 2.66481700
OS 5.69353100 2.66050200
OS 5.70069400 2.65753600
OS 5.70831000 2.65601900
OE
OB 7.03403800 2.33935300 H
OS 7.04333300 2.33935300
OS 7.05251300 2.34080800
OS 7.06135200 2.34367900
OS 7.06963700 2.34790000
OS 7.07288500 2.35026100
OS 7.07288900 2.35026700
OS 7.07288900 2.35028300
OS 7.04379300 2.37938100
OS 7.04379000 2.37938900
OS 7.04379700 2.37939800
OS 7.04628100 2.38006400
OS 7.05077000 2.38265600
OS 7.05443500 2.38632000
OS 7.05702700 2.39080600
OS 7.05769700 2.39330200
OS 7.05771000 2.39330400
OS 7.08680900 2.36420700
OS 7.08681900 2.36420400
OS 7.08683100 2.36420900
OS 7.08919100 2.36745300
OS 7.09341300 2.37573700
OS 7.09628500 2.38457600
OS 7.09774100 2.39375600
OS 7.09774100 2.40305600
OS 7.09628600 2.41223600
OS 7.09341600 2.42107300
OS 7.08919700 2.42935600
OS 7.08683300 2.43260800
OS 7.08682700 2.43261200
OS 7.08681100 2.43261200
OS 7.05771300 2.40351600
OS 7.05770500 2.40351300
OS 7.05769600 2.40352000
OS 7.05703100 2.40600200
OS 7.05443800 2.41049300
OS 7.05077400 2.41415800
OS 7.04628800 2.41675000
OS 7.04379300 2.41742100
OS 7.04379100 2.41743400
OS 7.07288700 2.44653200
OS 7.07289000 2.44654200
OS 7.07288500 2.44655400
OS 7.06964100 2.44891400
OS 7.06135700 2.45313600
OS 7.05251700 2.45600900
OS 7.04333300 2.45746400
OS 7.03403800 2.45746400
OS 7.02485800 2.45601000
OS 7.01601900 2.45313800
OS 7.00773400 2.44891700
OS 7.00448600 2.44655600
OS 7.00448200 2.44655000
OS 7.00448200 2.44653400
OS 7.03357800 2.41743600
OS 7.03358100 2.41742800
OS 7.03357400 2.41741900
OS 7.03109000 2.41675300
OS 7.02660100 2.41416100
OS 7.02293600 2.41049700
OS 7.02034300 2.40600900
OS 7.01967300 2.40351600
OS 7.01966000 2.40351400
OS 6.99056200 2.43261000
OS 6.99055200 2.43261300
OS 6.99054000 2.43260800
OS 6.98817700 2.42936000
OS 6.98395700 2.42107800
OS 6.98108500 2.41224000
OS 6.97963000 2.40306100
OS 6.97963000 2.39376100
OS 6.98108400 2.38458100
OS 6.98395500 2.37574400
OS 6.98817400 2.36746100
OS 6.99053800 2.36420900
OS 6.99054400 2.36420500
OS 6.99056000 2.36420500
OS 7.01965800 2.39330100
OS 7.01966600 2.39330400
OS 7.01967500 2.39329700
OS 7.02034000 2.39081500
OS 7.02293300 2.38632400
OS 7.02659700 2.38265900
OS 7.03108300 2.38006700
OS 7.03357800 2.37939600
OS 7.03358000 2.37938300
OS 7.00448400 2.35028500
OS 7.00448100 2.35027500
OS 7.00448600 2.35026300
OS 7.00773000 2.34790300
OS 7.01601400 2.34368100
OS 7.02485400 2.34080900
OS 7.03403800 2.33935300
OE
SE
S P 0
OB 7.2151470000 2.1764190000 I
OS 7.2126680000 2.1776040000
OS 7.2126630000 2.1776080000
OS 7.2112180000 2.1799450000
OS 7.2110440000 2.1812370000
OS 7.2110440000 2.4557240000
OS 7.2118190000 2.4583630000
OS 7.2118220000 2.4583680000
OS 7.2138950000 2.4601660000
OS 7.2159260000 2.4606090000
OS 7.5228410000 2.4606090000
OS 7.5254810000 2.4598350000
OS 7.5255570000 2.4597870000
OS 7.5307410000 2.4563220000
OS 7.5364710000 2.4539490000
OS 7.5425660000 2.4527350000
OS 7.5487740000 2.4527350000
OS 7.5548630000 2.4539460000
OS 7.5605930000 2.4563200000
OS 7.5657590000 2.4597700000
OS 7.5701500000 2.4641610000
OS 7.5735980000 2.4693210000
OS 7.5759710000 2.4750520000
OS 7.5771860000 2.4811450000
OS 7.5771860000 2.4873550000
OS 7.5759740000 2.4934430000
OS 7.5736010000 2.4991740000
OS 7.5701510000 2.5043400000
OS 7.5657600000 2.5087310000
OS 7.5605990000 2.5121800000
OS 7.5548690000 2.5145530000
OS 7.5487740000 2.5157670000
OS 7.5425660000 2.5157670000
OS 7.5364770000 2.5145560000
OS 7.5307460000 2.5121820000
OS 7.5255610000 2.5087190000
OS 7.5229340000 2.5078950000
OS 7.2159320000 2.5078930000
OS 7.2132900000 2.5086680000
OS 7.2132850000 2.5086710000
OS 7.2114860000 2.5107460000
OS 7.2110440000 2.5127750000
OS 7.2110440000 2.7124590000
OS 7.2118190000 2.7150970000
OS 7.2118220000 2.7151020000
OS 7.2138950000 2.7169010000
OS 7.2166180000 2.7172930000
OS 7.2191170000 2.7161550000
OS 7.2199820000 2.7151760000
OS 7.2219760000 2.7121930000
OS 7.2263630000 2.7078070000
OS 7.2315290000 2.7043540000
OS 7.2372580000 2.7019810000
OS 7.2433530000 2.7007670000
OS 7.2495610000 2.7007670000
OS 7.2556500000 2.7019780000
OS 7.2613800000 2.7043520000
OS 7.2665660000 2.7078150000
OS 7.2691920000 2.7086390000
OS 7.8766360000 2.7086410000
OS 7.8792780000 2.7078660000
OS 7.8809870000 2.7059790000
OS 7.8835450000 2.7009610000
OS 7.8885210000 2.6941120000
OS 7.8945060000 2.6881270000
OS 7.9013480000 2.6831560000
OS 7.9088890000 2.6793130000
OS 7.9169360000 2.6766980000
OS 7.9252970000 2.6753730000
OS 7.9455700000 2.6753730000
OS 7.9539270000 2.6766970000
OS 7.9619730000 2.6793110000
OS 7.9695150000 2.6831530000
OS 7.9763600000 2.6881260000
OS 7.9823450000 2.6941110000
OS 7.9873160000 2.7009530000
OS 7.9911590000 2.7084940000
OS 7.9937740000 2.7165400000
OS 7.9950990000 2.7248970000
OS 7.9950990000 2.7333640000
OS 7.9937750000 2.7417210000
OS 7.9911620000 2.7497640000
OS 7.9873220000 2.7573050000
OS 7.9823460000 2.7641540000
OS 7.9763610000 2.7701390000
OS 7.9694200000 2.7751810000
OS 7.9677400000 2.7773590000
OS 7.9677380000 2.7773640000
OS 7.9675040000 2.7800970000
OS 7.9675050000 2.7801030000
OS 7.9687840000 2.7825310000
OS 7.9694170000 2.7830810000
OS 7.9763600000 2.7881260000
OS 7.9823450000 2.7941110000
OS 7.9873160000 2.8009530000
OS 7.9908620000 2.8079120000
OS 7.9927530000 2.8099150000
OS 7.9927580000 2.8099180000
OS 7.9954220000 2.8105770000
OS 7.9980220000 2.8096930000
OS 7.9986670000 2.8091530000
OS 8.0016330000 2.8061860000
OS 8.0064770000 2.8029490000
OS 8.0118480000 2.8007240000
OS 8.0175630000 2.7995860000
OS 8.0233830000 2.7995860000
OS 8.0290920000 2.8007210000
OS 8.0344640000 2.8029460000
OS 8.0393070000 2.8061810000
OS 8.0434240000 2.8102980000
OS 8.0466560000 2.8151350000
OS 8.0488820000 2.8205080000
OS 8.0500200000 2.8262210000
OS 8.0500200000 2.8320430000
OS 8.0488850000 2.8377510000
OS 8.0466590000 2.8431240000
OS 8.0434250000 2.8479670000
OS 8.0393080000 2.8520840000
OS 8.0344690000 2.8553170000
OS 8.0342660000 2.8554250000
OS 8.0342610000 2.8554340000
OS 8.0342760000 2.8554660000
OS 8.0342750000 2.8554850000
OS 8.0323660000 2.8570290000
OS 8.0314950000 2.8596400000
OS 8.0321760000 2.8623040000
OS 8.0329180000 2.8632620000
OS 8.0609380000 2.8912820000
OS 8.0633520000 2.8925990000
OS 8.0633580000 2.8926000000
OS 8.0660920000 2.8924030000
OS 8.0682950000 2.8907570000
OS 8.0692580000 2.8881840000
OS 8.0692720000 2.8878300000
OS 8.0692720000 2.3976440000
OS 8.0684960000 2.3949990000
OS 8.0678420000 2.3941890000
OS 7.9773220000 2.3036680000
OS 7.9749070000 2.3023490000
OS 7.9749010000 2.3023480000
OS 7.9721620000 2.3025450000
OS 7.9709980000 2.3031690000
OS 7.9694200000 2.3043150000
OS 7.9677400000 2.3064930000
OS 7.9677380000 2.3064980000
OS 7.9675040000 2.3092310000
OS 7.9675050000 2.3092370000
OS 7.9687840000 2.3116650000
OS 7.9694170000 2.3122150000
OS 7.9763600000 2.3172600000
OS 7.9823450000 2.3232450000
OS 7.9873160000 2.3300860000
OS 7.9911590000 2.3376280000
OS 7.9937740000 2.3456740000
OS 7.9950990000 2.3540310000
OS 7.9950990000 2.3624980000
OS 7.9937750000 2.3708550000
OS 7.9911620000 2.3788980000
OS 7.9873220000 2.3864390000
OS 7.9823460000 2.3932880000
OS 7.9786080000 2.3970260000
OS 7.9772910000 2.3994380000
OS 7.9772900000 2.3994440000
OS 7.9774870000 2.4021800000
OS 7.9791350000 2.4043850000
OS 7.9803550000 2.4050520000
OS 7.9849200000 2.4067550000
OS 7.9894540000 2.4101460000
OS 7.9928460000 2.4146760000
OS 7.9948260000 2.4199820000
OS 7.9950790000 2.4223250000
OS 7.9950780000 2.4484090000
OS 7.9950650000 2.4484220000
OS 7.9529540000 2.4484240000
OS 7.9529470000 2.4484270000
OS 7.9529440000 2.4484350000
OS 7.9541420000 2.4505130000
OS 7.9555110000 2.4556180000
OS 7.9555120000 2.4609100000
OS 7.9541460000 2.4660120000
OS 7.9529470000 2.4680930000
OS 7.9529460000 2.4681000000
OS 7.9529520000 2.4681070000
OS 7.9950570000 2.4681090000
OS 7.9950720000 2.4681160000
OS 7.9950770000 2.4681220000
OS 7.9950790000 2.4942040000
OS 7.9948280000 2.4965440000
OS 7.9928510000 2.5018480000
OS 7.9894600000 2.5063810000
OS 7.9849280000 2.5097750000
OS 7.9796260000 2.5117530000
OS 7.9772780000 2.5120070000
OS 7.9452910000 2.5120060000
OS 7.9452780000 2.5119930000
OS 7.9452760000 2.4757870000
OS 7.9452730000 2.4757800000
OS 7.9452650000 2.4757770000
OS 7.9431880000 2.4769750000
OS 7.9380810000 2.4783450000
OS 7.9327910000 2.4783460000
OS 7.9276860000 2.4769780000
OS 7.9256070000 2.4757800000
OS 7.9256000000 2.4757790000
OS 7.9255930000 2.4757850000
OS 7.9255910000 2.5119850000
OS 7.9255840000 2.5120000000
OS 7.9255780000 2.5120050000
OS 7.8935910000 2.5120070000
OS 7.8912490000 2.5117550000
OS 7.8859470000 2.5097790000
OS 7.8814130000 2.5063880000
OS 7.8780200000 2.5018560000
OS 7.8760410000 2.4965510000
OS 7.8757880000 2.4942090000
OS 7.8757890000 2.4681240000
OS 7.8758020000 2.4681110000
OS 7.9179130000 2.4681090000
OS 7.9179200000 2.4681060000
OS 7.9179230000 2.4680980000
OS 7.9167240000 2.4660190000
OS 7.9153560000 2.4609150000
OS 7.9153550000 2.4556230000
OS 7.9167210000 2.4505220000
OS 7.9179200000 2.4484400000
OS 7.9179210000 2.4484330000
OS 7.9179150000 2.4484260000
OS 7.8758100000 2.4484240000
OS 7.8757950000 2.4484170000
OS 7.8757900000 2.4484110000
OS 7.8757880000 2.4223300000
OS 7.8760390000 2.4199890000
OS 7.8780160000 2.4146860000
OS 7.8814070000 2.4101520000
OS 7.8859390000 2.4067590000
OS 7.8905080000 2.4050540000
OS 7.8927120000 2.4034040000
OS 7.8936760000 2.4008250000
OS 7.8930930000 2.3981420000
OS 7.8922590000 2.3970260000
OS 7.8885210000 2.3932880000
OS 7.8860100000 2.3898290000
OS 7.8838320000 2.3881500000
OS 7.8820570000 2.3878140000
OS 7.5957150000 2.3878140000
OS 7.5896270000 2.3866030000
OS 7.5838950000 2.3842290000
OS 7.5787290000 2.3807780000
OS 7.5743380000 2.3763870000
OS 7.5708910000 2.3712270000
OS 7.5685180000 2.3654970000
OS 7.5673040000 2.3594040000
OS 7.5673040000 2.3531940000
OS 7.5685150000 2.3471060000
OS 7.5708880000 2.3413750000
OS 7.5743380000 2.3362090000
OS 7.5787290000 2.3318180000
OS 7.5838910000 2.3283700000
OS 7.5896210000 2.3259970000
OS 7.5957150000 2.3247830000
OS 7.8849590000 2.3247830000
OS 7.8876030000 2.3240070000
OS 7.8884140000 2.3233530000
OS 7.8945030000 2.3172640000
OS 7.9014470000 2.3122180000
OS 7.9031270000 2.3100400000
OS 7.9031290000 2.3100350000
OS 7.9033630000 2.3073020000
OS 7.9033620000 2.3072960000
OS 7.9020830000 2.3048670000
OS 7.9014490000 2.3043170000
OS 7.8945060000 2.2992720000
OS 7.8885240000 2.2932910000
OS 7.8835480000 2.2864430000
OS 7.8797070000 2.2789030000
OS 7.8770930000 2.2708590000
OS 7.8757680000 2.2625030000
OS 7.8757680000 2.2540360000
OS 7.8770920000 2.2456790000
OS 7.8797050000 2.2376350000
OS 7.8835450000 2.2300940000
OS 7.8885210000 2.2232460000
OS 7.8945060000 2.2172610000
OS 7.9014470000 2.2122180000
OS 7.9031270000 2.2100400000
OS 7.9031290000 2.2100350000
OS 7.9033630000 2.2073020000
OS 7.9033620000 2.2072960000
OS 7.9020830000 2.2048670000
OS 7.9014490000 2.2043170000
OS 7.8945060000 2.1992720000
OS 7.8885240000 2.1932910000
OS 7.8840070000 2.1870730000
OS 7.8818300000 2.1853940000
OS 7.8800550000 2.1850580000
OS 7.2692860000 2.1850580000
OS 7.2666470000 2.1858320000
OS 7.2613870000 2.1893450000
OS 7.2556560000 2.1917180000
OS 7.2495610000 2.1929320000
OS 7.2433530000 2.1929320000
OS 7.2372650000 2.1917210000
OS 7.2315330000 2.1893470000
OS 7.2263670000 2.1858960000
OS 7.2219800000 2.1815100000
OS 7.2199860000 2.1785260000
OS 7.2178770000 2.1767640000
OS 7.2151470000 2.1764190000
OE
OB 7.49925800 2.51966400 H
OS 7.50546700 2.51966400
OS 7.51155500 2.52087600
OS 7.51728600 2.52324900
OS 7.52247200 2.52671300
OS 7.52509800 2.52753700
OS 7.61732700 2.52753800
OS 7.61996900 2.52676400
OS 7.62004500 2.52671600
OS 7.62522800 2.52325200
OS 7.63095900 2.52087900
OS 7.63705400 2.51966400
OS 7.64326200 2.51966400
OS 7.64935100 2.52087600
OS 7.65508100 2.52324900
OS 7.66024700 2.52669900
OS 7.66463800 2.53109000
OS 7.66808600 2.53625000
OS 7.67046000 2.54198100
OS 7.67167400 2.54807400
OS 7.67167400 2.55428400
OS 7.67046300 2.56037300
OS 7.66808900 2.56610300
OS 7.66463900 2.57126900
OS 7.66024800 2.57566000
OS 7.65508700 2.57910900
OS 7.64935700 2.58148200
OS 7.64326200 2.58269600
OS 7.63705400 2.58269600
OS 7.63096500 2.58148500
OS 7.62523400 2.57911100
OS 7.62004900 2.57564800
OS 7.61742300 2.57482400
OS 7.52519400 2.57482200
OS 7.52255300 2.57559600
OS 7.51729200 2.57910900
OS 7.51156200 2.58148200
OS 7.50546700 2.58269600
OS 7.49925900 2.58269600
OS 7.49317000 2.58148500
OS 7.48743900 2.57911100
OS 7.48227300 2.57566000
OS 7.47788200 2.57126900
OS 7.47443400 2.56610900
OS 7.47206100 2.56037900
OS 7.47084700 2.55428600
OS 7.47084700 2.54807600
OS 7.47205800 2.54198800
OS 7.47443200 2.53625700
OS 7.47788200 2.53109100
OS 7.48226800 2.52670400
OS 7.48743400 2.52325100
OS 7.49316400 2.52087900
OS 7.49925800 2.51966400
OE
OB 7.42051800 2.32675100 H
OS 7.42672700 2.32675100
OS 7.43281500 2.32796200
OS 7.43854600 2.33033600
OS 7.44371200 2.33378600
OS 7.44809800 2.33817300
OS 7.45155000 2.34333600
OS 7.45392400 2.34906800
OS 7.45513800 2.35516100
OS 7.45513800 2.36137100
OS 7.45392700 2.36746000
OS 7.45155400 2.37319000
OS 7.44810300 2.37835600
OS 7.44371700 2.38274300
OS 7.43855200 2.38619600
OS 7.43282100 2.38856800
OS 7.42672700 2.38978300
OS 7.42051800 2.38978300
OS 7.41443000 2.38857100
OS 7.40869800 2.38619800
OS 7.40353200 2.38274700
OS 7.39914600 2.37836000
OS 7.39569400 2.37319500
OS 7.39332100 2.36746500
OS 7.39210700 2.36137300
OS 7.39210700 2.35516300
OS 7.39331800 2.34907400
OS 7.39569100 2.34334400
OS 7.39914200 2.33817800
OS 7.40352800 2.33379100
OS 7.40869400 2.33033800
OS 7.41442400 2.32796500
OS 7.42051800 2.32675100
OE
SE
S P 0
OB 4.7561460000 2.4208690000 I
OS 4.7537770000 2.4194630000
OS 4.7525710000 2.4193100000
OS 4.6421300000 2.4193100000
OS 4.6394940000 2.4200840000
OS 4.6386780000 2.4207410000
OS 4.5559640000 2.5034540000
OS 4.5546450000 2.5058690000
OS 4.5548400000 2.5086130000
OS 4.5564900000 2.5108170000
OS 4.5590620000 2.5117770000
OS 4.5594140000 2.5117900000
OS 4.6775950000 2.5117900000
OS 4.6802310000 2.5110160000
OS 4.6810470000 2.5103600000
OS 4.7529660000 2.4384430000
OS 4.7542870000 2.4360220000
OS 4.7555240000 2.4298210000
OS 4.7570800000 2.4260630000
OS 4.7573740000 2.4233290000
OS 4.7561460000 2.4208690000
OE
SE
S P 0
OB 4.9032960000 2.4631350000 I
OS 4.9011890000 2.4626570000
OS 4.8086530000 2.4626570000
OS 4.8060130000 2.4634320000
OS 4.8059400000 2.4634790000
OS 4.8007560000 2.4669440000
OS 4.7950200000 2.4693190000
OS 4.7889040000 2.4705360000
OS 4.7864670000 2.4718110000
OS 4.7039260000 2.5543500000
OS 4.6985350000 2.5574630000
OS 4.6925220000 2.5590740000
OS 2.7700830000 2.5590740000
OS 2.7674440000 2.5598490000
OS 2.7666310000 2.5605040000
OS 2.7615700000 2.5655650000
OS 2.7602520000 2.5679790000
OS 2.7604480000 2.5707230000
OS 2.7620960000 2.5729250000
OS 2.7646740000 2.5738860000
OS 2.7673610000 2.5733020000
OS 2.7674630000 2.5732450000
OS 2.7688280000 2.5724570000
OS 2.7748410000 2.5708450000
OS 4.8220570000 2.5708460000
OS 4.8246960000 2.5700710000
OS 4.8299540000 2.5665580000
OS 4.8356900000 2.5641830000
OS 4.8417780000 2.5629720000
OS 4.8479860000 2.5629710000
OS 4.8540750000 2.5641830000
OS 4.8544570000 2.5643410000
OS 4.8571910000 2.5646350000
OS 4.8596510000 2.5634040000
OS 4.8597770000 2.5632820000
OS 4.9013110000 2.5217480000
OS 4.9026300000 2.5193340000
OS 4.9024330000 2.5165900000
OS 4.9019180000 2.5155840000
OS 4.9009050000 2.5140670000
OS 4.8979360000 2.5068980000
OS 4.8964220000 2.4992880000
OS 4.8964220000 2.4915290000
OS 4.8979350000 2.4839190000
OS 4.9009050000 2.4767510000
OS 4.9052480000 2.4702510000
OS 4.9060700000 2.4676260000
OS 4.9053420000 2.4649730000
OS 4.9032960000 2.4631350000
OE
SE
S P 0
OB 5.6796740000 2.4631350000 I
OS 5.6775670000 2.4626570000
OS 5.5143680000 2.4626570000
OS 5.5117290000 2.4634320000
OS 5.5099270000 2.4655100000
OS 5.5095360000 2.4682330000
OS 5.5106790000 2.4707350000
OS 5.5116560000 2.4715980000
OS 5.5145790000 2.4735510000
OS 5.5189690000 2.4779400000
OS 5.5224180000 2.4831020000
OS 5.5247930000 2.4888380000
OS 5.5260040000 2.4949270000
OS 5.5260040000 2.5011350000
OS 5.5247930000 2.5072230000
OS 5.5247240000 2.5074530000
OS 5.5248320000 2.5074860000
OS 5.5245870000 2.5097380000
OS 5.5258150000 2.5121990000
OS 5.5281790000 2.5136060000
OS 5.5293920000 2.5137590000
OS 5.6698490000 2.5137590000
OS 5.6710880000 2.5133950000
OS 5.6723400000 2.5130760000
OS 5.6724020000 2.5130090000
OS 5.6724880000 2.5129840000
OS 5.6733340000 2.5120080000
OS 5.6742140000 2.5110620000
OS 5.6742310000 2.5109730000
OS 5.6742900000 2.5109050000
OS 5.6744730000 2.5096270000
OS 5.6747030000 2.5083550000
OS 5.6746730000 2.5082380000
OS 5.6746810000 2.5081820000
OS 5.6743590000 2.5070090000
OS 5.6743130000 2.5068980000
OS 5.6728000000 2.4992880000
OS 5.6728000000 2.4915290000
OS 5.6743130000 2.4839190000
OS 5.6772830000 2.4767510000
OS 5.6816260000 2.4702510000
OS 5.6824480000 2.4676260000
OS 5.6817200000 2.4649730000
OS 5.6796740000 2.4631350000
OE
SE
